Dist Code,Year,State Code,State Name,Dist Name,TOTAL AREA (1000 ha),FOREST AREA (1000 ha),BARREN AND UNCULTIVABLE LAND AREA (1000 ha),LAND PUT TO NONAGRICULTURAL USE AREA (1000 ha),CULTIVABLE WASTE LAND AREA (1000 ha),PERMANENT PASTURES AREA (1000 ha),OTHER FALLOW AREA (1000 ha),CURRENT FALLOW AREA (1000 ha),NET CROPPED AREA (1000 ha),GROSS CROPPED AREA (1000 ha),CROPING INTENSITY (Percent)
1,2016,14,Chhattisgarh,Durg,232.0,1.075122824480637,4.81,35.55,12.94,19.02,8.94,4.63,146.04,186.59,127.77
1,2017,14,Chhattisgarh,Durg,232.0,0.8617025151208306,4.06,36.15,12.75,19.69,8.95,4.73,145.6,180.89,124.24
2,2016,14,Chhattisgarh,Bastar,392.09,83.82,19.98,26.33,40.08,27.39,11.81,12.96,169.72,175.59,103.46
2,2017,14,Chhattisgarh,Bastar,388.39,85.04,18.98,26.57,38.85,25.0,11.81,12.53,169.2,175.87,103.94
3,2016,14,Chhattisgarh,Raipur,291.44,2.94,0.36,47.61,22.61,34.67,15.28,6.01,161.85,214.45,132.5
3,2017,14,Chhattisgarh,Raipur,291.44,2.94,0.33,47.66,22.59,35.28,14.98,6.26,161.3,195.37,121.12
4,2016,14,Chhattisgarh,Bilaspur,581.85,218.68,9.06,27.54,21.15,48.24,12.35,21.53,223.24,267.98,120.04
4,2017,14,Chhattisgarh,Bilaspur,581.85,218.73,9.06,30.79,16.02,48.48,13.34,22.08,223.29,251.08,112.45
5,2016,14,Chhattisgarh,Raigarh,652.77,207.68,14.34,57.52,5.33,64.34,20.72,15.51,267.33,299.87,112.17
5,2017,14,Chhattisgarh,Raigarh,652.77,207.68,14.34,57.52,5.41,64.7,20.69,29.64,252.79,279.92,110.73
6,2016,14,Chhattisgarh,Surguja,501.98,240.17,5.12,25.35,20.230338993740848,46.18,10.0,20.57,154.59,182.71,118.19
6,2017,14,Chhattisgarh,Surguja,501.98,239.64,5.13,25.66,20.230338993740848,46.37,10.81,18.73,155.64,178.6,114.75
7,2016,6,Madhya Pradesh,Jabalpur,519.76,77.65,36.92,40.49,23.29,40.04,16.75,12.03,272.45,450.64,165.4
7,2017,6,Madhya Pradesh,Jabalpur,519.76,77.64,36.96,38.41,28.68,39.97,16.87,12.18,268.9,464.66,172.8
8,2016,6,Madhya Pradesh,Balaghat,924.5,505.08,9.47,48.09,19.23,31.01,19.04,13.15,278.7,344.65,123.66
8,2017,6,Madhya Pradesh,Balaghat,924.5,505.08,9.48,48.18,21.09,31.01,16.67,15.03,277.22,334.84,120.78
9,2016,6,Madhya Pradesh,Chhindwara,1184.92,477.39,20.55,50.47,31.47,53.87,22.96,19.65,508.47,714.83,140.58
9,2017,6,Madhya Pradesh,Chhindwara,1184.92,477.39,20.82,57.23,28.49,53.7,23.84,18.87,504.5,733.79,145.45
10,2016,6,Madhya Pradesh,Narsinghpur,513.65,136.18,1.02,26.13,8.97,23.82,4.27,2.65,310.45,484.04,155.92
10,2017,6,Madhya Pradesh,Narsinghpur,513.65,136.18,1.02,26.19,10.76,23.82,3.76,2.62,309.12,480.99,155.6
11,2016,6,Madhya Pradesh,Seoni,875.4,328.54,11.83,49.74,32.71,20.47,19.7,18.48,393.91,571.08,144.98
11,2017,6,Madhya Pradesh,Seoni,875.4,328.55,11.83,49.84,34.82,20.5,19.14,23.9,386.81,594.53,153.7
12,2016,6,Madhya Pradesh,Mandla,965.56,590.27,10.74,47.42,23.56,20.08,27.49,25.89,220.04,316.51,143.84
12,2017,6,Madhya Pradesh,Mandla,965.56,593.2,10.74,44.82,25.24,20.22,27.67,27.46,216.15,320.02,148.05
13,2016,6,Madhya Pradesh,Sagar,1022.76,297.93,12.61,58.69,11.52,76.36,10.71,9.12,545.2,923.55,169.4
13,2017,6,Madhya Pradesh,Sagar,1022.76,297.93,12.61,58.69,9.1,73.7,10.07,7.64,552.42,960.09,173.8
14,2016,6,Madhya Pradesh,Damoh,728.58,267.12,59.12,32.38,9.42,35.03,3.59,2.8,319.1,585.08,183.35
14,2017,6,Madhya Pradesh,Damoh,728.58,267.12,59.12,32.38,9.43,35.03,3.48,2.62,319.37,560.64,175.55
15,2016,6,Madhya Pradesh,Tikamgarh,504.0,69.38,43.2,49.15,22.96,18.39,9.82,14.53,276.52,481.03,173.96
15,2017,6,Madhya Pradesh,Tikamgarh,504.0,69.38,51.91,40.65,16.89,28.16,9.71,29.36,257.9,379.46,147.13
16,2016,6,Madhya Pradesh,Chhatarpur,863.04,214.03,0.99,47.9,33.82,75.68,22.02,61.81,406.58,633.12,155.72
16,2017,6,Madhya Pradesh,Chhatarpur,863.04,214.21,0.94,47.98,35.44,77.37,22.47,64.64,399.8,634.02,158.58
17,2016,6,Madhya Pradesh,Panna,702.92,300.72,23.1,45.29,43.88,12.91,7.92,20.51,248.33,373.27,150.31
17,2017,6,Madhya Pradesh,Panna,702.92,306.84,20.57,45.39,5.83,47.3,7.26,37.78,231.95,412.21,177.72
18,2016,6,Madhya Pradesh,Rewa,628.75,85.41,33.63,62.73,5.59,26.32,26.89,27.69,358.44,518.57,144.67
18,2017,6,Madhya Pradesh,Rewa,628.75,85.41,33.72,64.44,5.62,25.74,25.43,27.81,357.99,516.28,144.22
19,2016,6,Madhya Pradesh,Sidhi,471.92,195.12,3.97,38.21,31.29,6.42,13.03,17.4,166.49,229.4,137.79
19,2017,6,Madhya Pradesh,Sidhi,471.92,195.12,3.97,38.26,30.9,7.54,12.97,17.18,165.98,232.78,140.25
20,2016,6,Madhya Pradesh,Satna,742.43,203.74,15.45,70.82,43.55,22.37,14.34,16.6,351.75,526.47,149.67
20,2017,6,Madhya Pradesh,Satna,742.43,203.74,16.59,43.49,68.67,19.43,16.35,20.7,349.56,611.04,174.8
21,2016,6,Madhya Pradesh,Shahdol,561.01,227.89,8.5,51.68,40.48,7.55,25.4,22.48,176.36,214.07,121.38
21,2017,6,Madhya Pradesh,Shahdol,561.01,227.89,8.5,52.5,40.35,7.78,26.1,21.29,175.93,213.09,121.12
22,2016,6,Madhya Pradesh,Gwalior,456.45,111.05,48.73,34.06,23.9,13.54,13.95,5.18,205.97,276.34,134.17
22,2017,6,Madhya Pradesh,Gwalior,456.45,111.05,47.74,33.06,25.08,15.03,21.84,8.77,193.8,259.14,133.72
23,2016,6,Madhya Pradesh,Shivpuri,984.09,330.57,37.43,63.8,55.96,24.51,12.7,6.69,448.84,691.03,153.96
23,2017,6,Madhya Pradesh,Shivpuri,984.09,330.57,37.07,62.15,45.7,24.4,10.13,7.96,462.44,775.37,167.67
24,2016,6,Madhya Pradesh,Guna,630.77,101.38,62.7,34.9,60.9,30.34,1.14,0.49,338.91,574.98,169.66
24,2017,6,Madhya Pradesh,Guna,630.77,106.66,62.77,35.79,50.77,30.19,1.19,1.83,341.54,642.39,188.09
25,2016,6,Madhya Pradesh,Datia,307.17,29.44,16.12,18.48,10.61,6.07,6.88,7.34,208.25,289.97,139.24
25,2017,6,Madhya Pradesh,Datia,307.17,29.44,16.12,18.26,10.38,6.07,6.37,6.4,210.14,324.29,154.32
26,2016,6,Madhya Pradesh,Morena,501.69,51.42,89.2,41.19,20.9,18.86,5.65,4.04,270.43,396.82,146.74
26,2017,6,Madhya Pradesh,Morena,501.69,51.42,89.34,41.02,21.6,19.02,5.34,4.1,269.85,423.58,156.97
27,2016,6,Madhya Pradesh,Bhind,445.2,8.81,22.22,38.43,11.58,16.23,4.53,3.5,339.39,410.99,121.1
27,2017,6,Madhya Pradesh,Bhind,445.2,8.81,22.49,38.59,12.01,16.56,4.52,4.51,337.19,406.25,120.48
28,2016,6,Madhya Pradesh,Indore,383.1,52.21,11.4,39.55,1.99,18.41,3.74,1.31,254.42,470.12,184.78
28,2017,6,Madhya Pradesh,Indore,383.1,52.21,11.4,40.05,2.49,19.02,4.47,2.75,250.64,493.22,196.78
29,2016,6,Madhya Pradesh,Ratlam,486.01,34.34,40.11,30.3,15.96,27.48,0.87,0.46,336.37,557.24,165.66
29,2017,6,Madhya Pradesh,Ratlam,486.01,34.34,40.16,30.4,15.07,26.37,0.88,0.96,337.7,581.36,172.15
30,2016,6,Madhya Pradesh,Ujjain,609.87,3.15,5.7,59.09,6.11,29.84,1.72,2.3,501.84,924.17,184.16
30,2017,6,Madhya Pradesh,Ujjain,609.87,3.15,5.69,59.36,5.9,26.69,2.09,1.67,505.17,961.57,190.35
31,2016,6,Madhya Pradesh,Mandsaur,551.81,40.59,44.17,80.46,14.64,13.2,1.12,0.88,356.7,620.44,173.94
31,2017,6,Madhya Pradesh,Mandsaur,551.81,40.59,44.18,79.68,15.55,12.91,1.13,0.73,356.98,635.89,178.13
32,2016,6,Madhya Pradesh,Dewas,701.31,206.43,11.34,38.54,2.07,37.55,0.39,0.26,404.71,752.63,185.97
32,2017,6,Madhya Pradesh,Dewas,701.31,206.43,11.97,38.37,2.08,36.04,0.72,0.37,405.31,768.8,189.68
33,2016,6,Madhya Pradesh,Dhar,819.54,119.96,75.88,60.12,12.39,45.99,3.45,1.51,500.2,831.96,166.33
33,2017,6,Madhya Pradesh,Dhar,819.54,119.96,75.88,59.89,14.97,43.86,3.7,1.72,499.52,848.98,169.96
34,2016,6,Madhya Pradesh,Jhabua,293.06,10.92,34.68,32.63,18.54,4.31,1.6,1.5,188.88,246.74,130.63
34,2017,6,Madhya Pradesh,Jhabua,293.06,10.86,34.74,32.62,18.17,4.17,1.08,1.13,190.28,264.4,138.95
35,2016,6,Madhya Pradesh,Khargone,818.66,246.87,35.39,47.39,20.37,57.54,8.21,2.64,400.22,585.82,146.37
35,2017,6,Madhya Pradesh,Khargone,818.66,246.87,33.91,48.48,17.29,56.09,7.23,3.23,405.54,692.27,170.7
36,2016,6,Madhya Pradesh,Khandwa,775.62,305.32,7.38,88.79,6.948772683077706,55.69,8.58,4.26,305.56,457.81,149.83
36,2017,6,Madhya Pradesh,Khandwa,775.62,305.32,7.38,88.79,0.0,54.99,8.0,4.04,307.06,492.35,160.34
37,2016,6,Madhya Pradesh,Sehore,656.37,172.6,9.59,43.1,5.39,27.76,1.35,0.74,395.82,767.63,193.93
37,2017,6,Madhya Pradesh,Sehore,656.37,172.59,9.58,42.72,5.18,27.4,1.17,0.56,397.16,775.72,195.32
38,2016,6,Madhya Pradesh,Raisen,848.75,333.67,3.56,40.75,7.95,26.31,2.03,1.15,433.22,695.79,160.61
38,2017,6,Madhya Pradesh,Raisen,848.75,333.67,3.56,40.75,7.09,26.27,2.16,2.03,433.12,722.95,166.92
39,2016,6,Madhya Pradesh,Vidisha,730.2,109.62,7.68,42.59,3.59,28.04,2.15,3.86,532.5,971.94,182.52
39,2017,6,Madhya Pradesh,Vidisha,730.2,109.62,7.68,43.08,3.35,29.1,2.67,1.71,532.79,1004.51,188.54
40,2016,6,Madhya Pradesh,Betul,1007.8,397.39,24.54,47.0,39.66,28.8,21.67,30.66,416.97,599.57,143.79
40,2017,6,Madhya Pradesh,Betul,1007.8,394.79,24.22,52.0,38.88,28.47,24.75,16.07,427.97,632.41,147.77
41,2016,6,Madhya Pradesh,Rajgarh,616.3,17.64,29.02,47.51,26.33,50.52,2.99,0.34,441.72,799.6,181.02
41,2017,6,Madhya Pradesh,Rajgarh,616.3,17.64,29.02,48.04,26.32,50.31,2.41,1.02,441.3,808.36,183.18
42,2016,6,Madhya Pradesh,Shajapur,346.04,100.86084437890429,9.52,30.24,7.82,17.17,0.18,0.28,280.75,504.53,179.71
42,2017,6,Madhya Pradesh,Shajapur,346.04,0.0,7.58,32.76,6.65,16.81,0.13,0.24,281.73,512.74,182.0
43,2016,6,Madhya Pradesh,Hoshangabad,668.69,256.13,2.37,44.08,16.64,25.3,5.74,3.47,314.94,628.03,199.41
43,2017,6,Madhya Pradesh,Hoshangabad,668.69,256.13,2.43,44.74,13.38,25.37,4.39,3.28,318.95,687.72,215.62
44,2016,1,Andhra Pradesh,Srikakulam,583.7,68.64,48.41,102.29,0.6,0.94,14.75,39.83,300.8,408.36,135.76
44,2017,1,Andhra Pradesh,Srikakulam,583.7,68.64,48.41,102.54,0.61,0.94,15.18,33.71,306.21,450.06,146.98
45,2016,1,Andhra Pradesh,Visakhapatnam,1116.1,441.17,130.41,109.89,9.82,2.7,41.26,68.03,280.03,335.52,119.82
45,2017,1,Andhra Pradesh,Visakhapatnam,1116.1,441.17,130.4,111.08,9.88,2.7,40.31,67.51,280.86,339.76,120.97
46,2016,1,Andhra Pradesh,East Godavari,1280.53,466.49,83.18,159.4,15.85,21.79,49.35,55.97,423.08,682.57,161.33
46,2017,1,Andhra Pradesh,East Godavari,1280.53,466.49,83.18,159.43,15.81,21.79,50.26,50.92,427.24,666.04,155.89
47,2016,1,Andhra Pradesh,West Godavari,850.67,132.9,40.16,129.35,16.19,12.01,22.46,30.32,459.74,687.42,149.52
47,2017,1,Andhra Pradesh,West Godavari,850.67,132.9,40.16,131.86,15.68,12.01,21.33,33.54,455.64,696.59,152.88
48,2016,1,Andhra Pradesh,Krishna,872.7,76.19,36.76,155.24,22.64,10.66,30.66,64.49,467.29,624.32,133.6
48,2017,1,Andhra Pradesh,Krishna,872.7,76.19,36.76,155.28,21.55,10.64,49.87,37.18,476.46,649.05,136.22
49,2016,1,Andhra Pradesh,Guntur,1139.1,161.94,31.61,178.36,26.68,16.45,41.44,102.77,555.67,703.75,126.65
49,2017,1,Andhra Pradesh,Guntur,1139.1,161.94,31.61,178.15,24.59,14.25,37.6,71.56,595.22,769.89,129.35
50,2016,1,Andhra Pradesh,S.P.S.Nellore,1307.6,271.9,81.81,313.49,73.88,34.25,76.16,148.22,300.36,358.2,119.26
50,2017,1,Andhra Pradesh,S.P.S.Nellore,1307.6,271.9,81.81,313.56,80.95,34.2,111.95,57.9,347.81,360.58,103.67
51,2016,1,Andhra Pradesh,Kurnool,1765.8,340.67,127.31,143.37,46.04,3.18,70.32,156.38,876.84,975.2,111.22
51,2017,1,Andhra Pradesh,Kurnool,1765.8,340.67,127.31,143.95,45.72,3.18,77.73,174.49,851.07,952.91,111.97
52,2016,1,Andhra Pradesh,Anantapur,1913.0,196.98,165.95,150.14,48.53,5.85,86.5,355.59,894.05,919.51,102.85
52,2017,1,Andhra Pradesh,Anantapur,1913.0,196.98,164.8,150.82,45.43,5.82,113.5,432.17,794.25,842.17,106.03
53,2016,1,Andhra Pradesh,Kadapa YSR,1535.9,500.96,221.83,182.14,44.72,8.94,91.29,140.78,338.44,375.05,110.82
53,2017,1,Andhra Pradesh,Kadapa YSR,1535.9,500.96,221.83,182.14,44.7,8.8,97.05,137.93,335.8,371.03,110.49
54,2016,1,Andhra Pradesh,Chittoor,1515.1,452.02,152.68,159.13,46.29,33.54,127.85,153.9,359.13,404.22,112.56
54,2017,1,Andhra Pradesh,Chittoor,1515.1,452.02,152.68,160.49,46.55,33.62,123.74,153.53,361.92,420.58,116.21
55,2016,20,Telangana,Hyderabad,19.25,0.14,27.72597024606415,19.11,20.230338993740848,16.479833968248293,19.490427763081968,1.2966534073295737,83.81744220590386,164.27778399309557,158.94419782724816
55,2017,20,Telangana,Hyderabad,19.25,0.14,0.0,19.11,0.0,0.0,0.0,0.0,0.0,0.0,0.0
56,2016,20,Telangana,Nizamabad,418.11,86.63,23.73,62.84,2.98,8.81,25.78,17.79,185.55,340.76,183.65
56,2017,20,Telangana,Nizamabad,418.11,86.63,23.73,62.84,2.98,8.81,18.98,10.99,199.14,307.14,154.23
57,2016,20,Telangana,Medak,277.15,58.19,17.9,16.45,5.77,6.71,24.03,29.57,117.16,149.74,127.81
57,2017,20,Telangana,Medak,277.15,58.19,17.9,16.45,5.77,6.71,24.03,52.46,94.27,131.04,139.0
58,2016,20,Telangana,Mahabubnagar,512.94,36.53,29.89,24.69,3.76,8.61,32.36,93.58,281.88,304.75,108.11
58,2017,20,Telangana,Mahabubnagar,512.94,36.53,29.89,24.69,3.76,8.61,32.36,67.85,307.62,335.42,109.04
59,2016,20,Telangana,Nalgonda,722.3,65.03,61.53,60.49,11.47,17.47,57.49,86.05,359.29,420.37,117.0
59,2017,20,Telangana,Nalgonda,722.3,65.03,61.53,60.49,11.47,17.47,57.49,71.29,374.04,444.02,118.71
60,2016,20,Telangana,Warangal,214.45,14.25,10.0,14.67,1.72,5.3,7.44,26.22,131.33,187.26,142.59
60,2017,20,Telangana,Warangal,214.45,14.25,10.0,14.67,1.72,5.3,7.44,12.03,145.52,193.35,132.87
61,2016,20,Telangana,Khammam,448.12,61.51,23.8,53.84,2.99,21.81,7.09,46.39,229.55,266.08,115.91
61,2017,20,Telangana,Khammam,448.12,61.51,23.8,53.84,2.99,21.81,7.09,35.8,240.15,312.22,130.01
62,2016,20,Telangana,Karimnagar,214.03,0.32,9.67,23.32,2.47,6.82,9.61,52.88,106.71,188.97,177.09
62,2017,20,Telangana,Karimnagar,214.03,0.32,9.67,21.76,2.47,6.82,9.61,47.45,113.71,179.91,158.22
63,2016,20,Telangana,Adilabad,397.13,172.47,8.58,6.44,3.8,4.39,0.5,0.42,200.36,211.27,105.45
63,2017,20,Telangana,Adilabad,397.13,172.47,8.58,6.44,3.8,4.39,0.5,2.29,198.49,218.6,110.13
65,2016,5,Karnataka,Kolar,374.97,20.62,28.87,45.88,6.4,39.42,6.24,54.02,166.52,177.06,106.33
65,2017,5,Karnataka,Kolar,374.97,20.62,28.87,46.57,6.4,39.42,6.44,54.06,165.59,173.39,104.71
66,2016,5,Karnataka,Tumkur,1064.76,45.18,67.54,90.06,62.64,76.45,23.71,209.82,468.32,538.52,114.99
66,2017,5,Karnataka,Tumkur,1064.76,45.18,67.54,90.11,62.64,76.45,23.61,211.4,466.79,541.66,116.04
67,2016,5,Karnataka,Mysore,676.38,62.85,45.02,75.28,21.41,46.81,48.06,76.09,295.0,368.52,124.92
67,2017,5,Karnataka,Mysore,676.38,62.85,45.02,75.28,21.41,46.81,20.5,25.11,373.55,487.06,130.39
68,2016,5,Karnataka,Mandya,498.24,24.77,21.52,63.49,41.96,32.05,61.23,87.78,161.82,200.14,123.68
68,2017,5,Karnataka,Mandya,498.24,24.77,21.52,64.76,41.96,32.05,46.22,66.91,196.43,256.66,130.66
69,2016,5,Karnataka,Hassan,662.6,58.78,30.37,79.95,14.14,32.94,54.69,72.98,311.8,364.07,116.76
69,2017,5,Karnataka,Hassan,662.6,58.78,30.37,80.51,14.14,32.94,47.79,45.76,345.36,421.06,121.92
70,2016,5,Karnataka,Shimoge,847.78,276.86,13.31,88.71,16.31,163.46,24.62,9.94,227.71,246.18,108.11
70,2017,5,Karnataka,Shimoge,847.78,276.86,13.31,88.71,16.31,163.46,25.56,10.5,226.21,251.28,111.08
71,2016,5,Karnataka,Chickmagalur,722.08,202.03,28.32,43.62,19.32,88.59,6.4,23.64,290.39,329.22,113.37
71,2017,5,Karnataka,Chickmagalur,722.08,202.03,28.32,43.62,19.32,88.59,14.23,23.64,282.56,337.4,119.41
72,2016,5,Karnataka,Chitradurga,770.7,73.72,25.4,55.45,21.61,88.74,23.11,77.82,393.54,467.02,118.67
72,2017,5,Karnataka,Chitradurga,770.7,73.72,25.4,55.45,21.61,88.74,49.23,67.88,377.36,442.89,117.37
73,2016,5,Karnataka,Bellary,813.2,97.02,53.48,110.29,19.86,5.47,59.99,75.35,388.14,432.32,111.38
73,2017,5,Karnataka,Bellary,813.2,97.02,53.48,110.29,19.86,5.47,29.73,76.65,417.1,508.29,121.86
74,2016,5,Karnataka,Dharwad,427.33,35.24,3.99,24.61,2.67,3.57,6.98,17.52,332.57,488.27,146.82
74,2017,5,Karnataka,Dharwad,427.33,35.24,3.99,24.74,2.67,3.57,6.98,43.22,306.75,443.72,144.65
75,2016,5,Karnataka,Belgaum,1344.38,190.42,44.34,70.79,11.47,24.88,48.51,126.88,824.01,1039.39,126.14
75,2017,5,Karnataka,Belgaum,1344.38,190.42,44.34,70.79,11.47,24.88,52.89,182.24,764.26,1007.83,131.87
76,2016,5,Karnataka,Bijapur,1053.47,1.98,29.06,36.29,5.5,9.58,5.69,73.66,890.41,958.71,107.67
76,2017,5,Karnataka,Bijapur,1053.47,1.98,29.06,36.31,5.5,9.58,6.27,73.07,890.39,968.12,108.73
77,2016,5,Karnataka,Bidar,541.77,27.71,19.13,22.77,19.38,13.96,16.41,27.87,383.6,483.73,126.1
77,2017,5,Karnataka,Bidar,541.77,27.71,19.13,23.45,19.38,13.96,25.46,36.57,365.18,451.74,123.7
78,2016,5,Karnataka,Raichur,835.84,18.17,20.08,22.48,10.71,19.82,87.96,185.84,457.1,579.31,126.74
78,2017,5,Karnataka,Raichur,835.84,18.17,20.08,22.49,10.71,19.82,118.15,183.3,429.44,505.16,117.63
79,2016,5,Karnataka,Gulbarga,1094.12,35.32,35.11,40.77,9.42,25.86,47.54,57.31,841.67,1031.22,122.52
79,2017,5,Karnataka,Gulbarga,1094.12,35.32,35.11,41.37,9.42,25.86,32.18,40.57,873.17,1072.95,122.88
80,2016,5,Karnataka,Dakshina Kannada,477.38,128.48,58.78,70.59,24.19,12.7,5.9,7.22,145.19,158.76,109.35
80,2017,5,Karnataka,Dakshina Kannada,477.38,128.48,58.78,70.8,24.15,12.67,5.03,6.34,146.84,157.95,107.57
81,2016,5,Karnataka,Uttara Kannada,1024.68,813.6,16.14,34.67,6.45,16.63,14.39,7.14,110.86,121.06,109.2
81,2017,5,Karnataka,Uttara Kannada,1024.68,813.6,16.2,34.71,6.45,16.63,14.22,6.93,111.15,122.41,110.13
82,2016,5,Karnataka,Kodagu,410.78,134.6,31.01,24.3,9.08,13.88,3.6,8.53,165.56,189.29,114.33
82,2017,5,Karnataka,Kodagu,410.78,134.6,31.01,24.3,9.08,13.88,3.9,8.92,164.88,188.61,114.39
83,2016,11,Tamil Nadu,Kancheepuram,443.21,23.86,10.95,151.82,11.46,18.27,72.05,47.56,95.54,109.93,115.06
83,2017,11,Tamil Nadu,Kancheepuram,443.21,23.86,10.95,151.85,11.46,18.25,67.04,42.38,105.45,124.59,118.15
84,2016,11,Tamil Nadu,South Arcot Cuddalore,367.78,1.42,14.62,58.94,6.03,0.6,28.31,30.43,213.55,313.23,146.68
84,2017,11,Tamil Nadu,South Arcot Cuddalore,367.78,1.42,14.62,58.94,6.03,0.6,30.51,29.21,213.09,316.89,148.71
85,2016,11,Tamil Nadu,North Arcot Vellore,592.02,162.29,20.44,80.74,5.65,3.92,83.02,77.6,155.41,185.02,119.05
85,2017,11,Tamil Nadu,North Arcot Vellore,592.02,162.29,20.44,80.74,5.65,3.92,86.0,77.46,152.55,186.28,122.11
86,2016,11,Tamil Nadu,Salem,520.53,125.68,38.2,64.05,6.21,4.2,15.83,71.32,192.14,231.89,120.69
86,2017,11,Tamil Nadu,Salem,520.53,125.68,38.2,64.37,6.21,4.2,19.74,54.46,204.78,282.31,137.86
87,2016,11,Tamil Nadu,Coimbatore,472.32,111.87,4.8,76.71,8.16,0.08,63.34,38.78,165.27,169.1,102.32
87,2017,11,Tamil Nadu,Coimbatore,472.32,111.87,4.8,76.75,8.15,0.08,62.85,39.98,164.52,170.2,103.46
88,2016,11,Tamil Nadu,Tiruchirapalli Trichy,440.38,36.77,12.6,85.25,10.84,0.67,108.05,63.66,119.44,127.38,106.65
88,2017,11,Tamil Nadu,Tiruchirapalli Trichy,440.38,36.77,12.6,85.29,10.84,0.67,111.86,29.17,150.55,162.25,107.77
89,2016,11,Tamil Nadu,Thanjavur,339.66,3.39,2.15,81.75,12.1,1.2,33.79,33.81,165.71,239.45,144.5
89,2017,11,Tamil Nadu,Thanjavur,339.66,3.39,2.15,81.75,12.1,1.2,35.73,18.29,179.29,270.84,151.06
90,2016,11,Tamil Nadu,Madurai,374.17,48.47,13.03,75.6,14.27,0.23,92.39,39.41,88.07,89.25,101.34
90,2017,11,Tamil Nadu,Madurai,374.17,48.47,13.06,75.6,14.06,0.23,104.83,12.77,102.64,104.57,101.88
91,2016,11,Tamil Nadu,Ramananthapuram,408.96,4.49,4.53,87.05,3.44,0.15,46.81,59.15,172.46,172.46,100.0
91,2017,11,Tamil Nadu,Ramananthapuram,408.96,4.49,4.46,86.65,3.41,0.15,45.8,54.75,178.07,178.07,100.0
92,2016,11,Tamil Nadu,Thirunelveli,675.85,127.76,30.03,103.18,34.72,5.16,168.99,62.06,135.42,141.08,104.18
92,2017,11,Tamil Nadu,Thirunelveli,675.85,127.76,30.03,103.18,34.47,5.16,176.65,31.68,158.27,165.57,104.61
93,2016,11,Tamil Nadu,The Nilgiris,254.49,142.58,3.4,9.98,1.44,5.08,8.19,4.79,75.27,75.31,100.05
93,2017,11,Tamil Nadu,The Nilgiris,254.49,142.58,3.4,9.98,1.44,5.08,9.5,4.85,73.35,73.41,100.07
94,2016,11,Tamil Nadu,Kanyakumari,167.2,54.16,4.0,29.45,0.26,0.1,2.5,1.5,74.71,80.99,108.41
94,2017,11,Tamil Nadu,Kanyakumari,167.2,54.16,4.0,29.47,0.26,0.1,3.25,2.24,73.24,77.31,105.56
96,2016,7,Maharashtra,Thane,933.7,396.2,57.6,94.5,34.9,60.6,19.0,0.0,245.9,251.4,102.24
96,2017,7,Maharashtra,Thane,933.7,396.2,57.6,94.5,34.9,60.6,19.0,9.4,246.0,251.5,102.24
97,2016,7,Maharashtra,Raigarh,686.8,147.5,133.9,59.0,38.0,40.3,45.9,14.5,185.1,212.1,114.59
97,2017,7,Maharashtra,Raigarh,686.8,146.8,130.6,58.8,37.4,40.1,45.9,13.8,190.9,217.4,113.88
98,2016,7,Maharashtra,Ratnagiri,816.4,5.4,226.7,14.6,130.9,13.7,136.6,27.5,254.5,263.2,103.42
98,2017,7,Maharashtra,Ratnagiri,816.4,5.4,227.9,14.5,132.4,13.7,136.6,27.5,251.7,260.4,103.46
99,2016,7,Maharashtra,Nasik,1563.4,311.4,169.9,42.4,19.3,22.4,29.6,93.5,872.8,1011.0,115.83
99,2017,7,Maharashtra,Nasik,1563.4,311.3,170.4,43.2,19.5,22.6,29.0,95.2,870.3,1015.0,116.63
100,2016,7,Maharashtra,Dhule,733.0,196.0,53.2,23.5,1.9,18.3,9.7,12.9,416.3,531.1,127.58
100,2017,7,Maharashtra,Dhule,733.0,195.7,53.2,24.0,1.9,18.3,9.9,13.3,415.6,535.5,128.85
101,2016,7,Maharashtra,Jalgaon,1163.9,155.9,80.4,16.2,6.3,38.7,4.9,9.4,849.3,1240.7,146.09
101,2017,7,Maharashtra,Jalgaon,1163.9,155.9,80.4,16.2,6.3,38.7,4.9,9.4,849.2,1215.4,143.12
102,2016,7,Maharashtra,Ahmednagar,1702.0,166.2,129.8,18.4,20.1,36.3,111.0,170.4,1046.4,1454.5,139.0
102,2017,7,Maharashtra,Ahmednagar,1702.0,166.2,128.6,18.5,20.0,36.4,112.7,132.0,1084.4,1523.4,140.48
103,2016,7,Maharashtra,Pune,1562.0,156.7,228.9,267.8,43.6,171.9,24.8,53.2,600.5,877.2,146.08
103,2017,7,Maharashtra,Pune,1562.0,159.0,231.3,270.6,43.8,178.5,24.1,52.2,587.9,872.1,148.34
104,2016,7,Maharashtra,Satara,1058.0,142.9,123.2,33.6,41.5,74.1,68.6,26.8,539.5,667.3,123.69
104,2017,7,Maharashtra,Satara,1058.0,142.9,123.3,33.9,41.4,73.6,69.8,27.6,537.5,667.0,124.09
105,2016,7,Maharashtra,Sangli,861.0,43.4,36.8,49.8,14.4,15.3,56.1,38.0,591.0,765.2,129.48
105,2017,7,Maharashtra,Sangli,861.0,43.4,36.8,49.8,14.4,15.3,55.8,37.2,592.1,791.2,133.63
106,2016,7,Maharashtra,Solapur,1487.8,35.3,62.5,15.8,39.8,45.7,120.2,116.6,1044.9,1229.1,117.63
106,2017,7,Maharashtra,Solapur,1487.8,35.3,72.5,16.0,38.7,45.9,119.6,111.1,1041.6,1244.4,119.47
107,2016,7,Maharashtra,Kolhapur,776.6,146.9,43.5,37.8,36.8,41.6,19.1,10.3,433.6,596.3,137.52
107,2017,7,Maharashtra,Kolhapur,776.6,146.9,43.5,38.0,36.9,41.5,19.0,10.0,434.0,609.2,140.37
108,2016,7,Maharashtra,Aurangabad,1007.6,68.2,20.5,61.3,13.5,50.9,65.8,56.2,663.8,1161.2,174.93
108,2017,7,Maharashtra,Aurangabad,1007.6,78.9,19.7,59.2,12.8,30.4,65.4,56.2,677.3,1199.4,177.09
109,2016,7,Maharashtra,Parbhani,631.1,6.4,8.1,28.8,23.3,13.1,28.6,37.7,483.9,957.6,197.89
109,2017,7,Maharashtra,Parbhani,631.1,6.4,8.1,28.8,23.3,13.1,28.6,37.7,483.9,957.6,197.89
110,2016,7,Maharashtra,Bid,1068.6,22.7,23.5,60.4,36.4,30.0,43.9,92.8,757.6,1022.4,134.95
110,2017,7,Maharashtra,Bid,1068.6,22.7,23.5,60.4,36.4,30.0,43.9,92.8,757.6,1022.3,134.94
111,2016,7,Maharashtra,Nanded,1033.1,82.7,19.7,48.0,35.0,28.0,18.8,67.4,727.4,980.8,134.84
111,2017,7,Maharashtra,Nanded,1033.1,82.7,19.6,48.5,35.0,28.0,19.3,67.8,725.3,963.8,132.88
112,2016,7,Maharashtra,Osmanabad,748.5,4.4,7.0,21.1,51.3,18.0,119.5,108.6,416.4,815.2,195.77
112,2017,7,Maharashtra,Osmanabad,748.5,4.4,7.1,21.3,51.0,17.9,119.9,100.6,424.2,832.9,196.35
113,2016,7,Maharashtra,Buldhana,967.1,91.7,47.7,55.9,26.4,38.0,25.6,24.0,656.1,946.7,144.29
113,2017,7,Maharashtra,Buldhana,967.1,91.7,48.0,59.8,26.3,38.0,25.2,24.0,652.2,907.5,139.14
114,2016,7,Maharashtra,Akola,542.9,30.1,11.2,35.0,3.1,16.5,5.4,10.4,430.0,688.8,160.19
114,2017,7,Maharashtra,Akola,542.9,30.1,11.2,35.6,3.0,16.5,5.3,10.4,429.6,697.5,162.36
115,2016,7,Maharashtra,Amarawati,1221.7,309.9,19.6,44.9,9.2,33.2,14.4,33.4,751.0,983.8,131.0
115,2017,7,Maharashtra,Amarawati,1221.7,309.9,19.6,44.9,9.2,33.2,14.4,33.4,749.3,982.1,131.07
116,2016,7,Maharashtra,Yeotmal,1351.9,237.4,39.7,61.7,22.8,60.5,25.8,37.8,854.7,992.6,116.13
116,2017,7,Maharashtra,Yeotmal,1351.9,237.4,39.7,61.7,22.8,60.5,25.8,37.8,854.7,992.6,116.13
117,2016,7,Maharashtra,Wardha,628.9,61.8,10.5,48.0,16.4,63.9,20.4,53.3,345.2,446.8,129.43
117,2017,7,Maharashtra,Wardha,628.9,61.8,10.6,48.0,16.5,64.4,20.4,53.5,344.1,447.8,130.14
118,2016,7,Maharashtra,Nagpur,986.4,155.2,33.3,99.7,33.9,55.5,21.3,19.8,560.0,658.8,117.64
118,2017,7,Maharashtra,Nagpur,986.4,155.0,33.3,99.7,33.7,55.9,21.3,20.9,558.7,655.5,117.33
119,2016,7,Maharashtra,Bhandara,342.0,61.8,4.6,39.6,11.5,33.7,1.1,4.1,177.6,254.9,143.52
119,2017,7,Maharashtra,Bhandara,342.0,61.8,4.5,39.6,11.6,33.7,1.1,5.7,175.8,250.2,142.32
120,2016,7,Maharashtra,Chandrapur,1091.8,386.2,25.1,98.2,37.4,52.1,11.3,13.1,458.5,537.2,117.16
120,2017,7,Maharashtra,Chandrapur,1091.8,388.1,25.0,97.9,36.8,52.1,11.4,14.8,455.8,524.7,115.12
121,2016,3,Gujarat,Ahmedabad,717.0,13.3,47.5,97.4,34.3,28.1,2.3,6.7,479.4,631.1,131.64
121,2017,3,Gujarat,Ahmedabad,717.0,13.3,39.2,97.4,32.9,28.1,2.3,8.4,487.4,669.6,137.38
122,2016,3,Gujarat,Amreli,729.5,41.9,18.3,49.9,14.7,51.3,0.3,14.7,538.0,598.0,111.15
122,2017,3,Gujarat,Amreli,729.5,41.9,18.3,49.9,16.5,51.3,0.3,12.7,538.2,582.6,108.25
123,2016,3,Gujarat,Banaskantha,1077.0,160.6,31.0,69.5,8.5,60.8,0.0,54.9,691.7,1278.6,184.85
123,2017,3,Gujarat,Banaskantha,1077.0,160.6,31.4,69.5,8.2,60.8,0.0,54.9,691.6,1278.5,184.86
124,2016,3,Gujarat,Bharuch,652.4,28.3,15.1,82.4,31.7,14.3,4.6,23.9,318.8,320.6,100.56
124,2017,3,Gujarat,Bharuch,652.4,28.3,15.1,82.4,35.0,14.3,4.8,24.3,314.9,321.5,102.1
125,2016,3,Gujarat,Vadodara,431.2,13.9,12.3,48.1,5.3,16.2,0.6,1.6,309.0,324.5,105.02
125,2017,3,Gujarat,Vadodara,431.2,15.1,15.0,48.1,5.8,15.9,0.4,2.5,304.7,327.8,107.58
126,2016,3,Gujarat,Bhavnagar,833.4,30.5,13.4,57.1,50.4,42.4,2.1,26.5,454.3,532.6,117.24
126,2017,3,Gujarat,Bhavnagar,833.4,30.5,13.4,57.1,50.8,43.0,2.3,24.8,454.7,530.2,116.6
127,2016,3,Gujarat,Valsad,303.4,90.0,5.4,19.3,1.8,2.4,0.8,13.2,163.1,179.6,110.12
127,2017,3,Gujarat,Valsad,303.4,90.0,3.7,24.0,2.2,2.2,1.0,8.8,164.3,190.1,115.7
128,2016,3,Gujarat,Dangs,177.6,101.7,2.6,15.3,2.1,0.6,0.0,0.0,55.3,93.6,169.26
128,2017,3,Gujarat,Dangs,177.6,101.7,2.6,15.3,0.7,0.7,0.0,0.1,56.5,82.8,146.55
129,2016,3,Gujarat,Jamnagar,844.1,47.0,52.9,36.8,36.0,51.6,0.4,4.1,369.2,411.0,111.32
129,2017,3,Gujarat,Jamnagar,844.1,47.1,52.0,41.6,35.4,51.6,0.1,4.0,366.2,389.6,106.39
130,2016,3,Gujarat,Junagadh,549.6,70.6,8.8,37.5,4.6,42.1,0.7,31.4,353.9,517.4,146.2
130,2017,3,Gujarat,Junagadh,549.6,76.6,7.3,37.6,5.6,42.4,0.6,20.8,358.7,515.0,143.57
131,2016,3,Gujarat,Kheda,366.7,6.0,7.4,27.6,2.5,10.3,2.2,1.7,286.3,430.3,150.3
131,2017,3,Gujarat,Kheda,366.7,4.0,7.4,32.4,2.8,10.3,1.4,2.2,283.5,452.2,159.51
132,2016,3,Gujarat,Kutch,4565.2,531.5,1459.8,80.8,1523.9,80.8,1.5,125.4,733.9,805.4,109.74
132,2017,3,Gujarat,Kutch,4565.2,531.6,1459.8,80.8,1524.0,80.8,1.4,125.7,733.5,809.4,110.35
133,2016,3,Gujarat,Mehsana,441.4,8.9,3.2,51.2,2.1,21.1,0.5,5.5,348.8,525.3,150.6
133,2017,3,Gujarat,Mehsana,441.4,8.9,3.2,51.2,2.7,21.1,0.6,5.6,348.1,517.6,148.69
134,2016,3,Gujarat,Panchmahal,328.1,74.2,6.7,41.0,11.9,11.2,0.0,7.9,175.2,257.0,146.69
134,2017,3,Gujarat,Panchmahal,328.1,74.2,6.5,41.0,12.0,11.2,0.0,7.0,176.2,228.6,129.74
135,2016,3,Gujarat,Rajkot,775.0,25.7,47.3,79.4,16.8,55.7,0.6,14.3,535.1,577.7,107.96
135,2017,3,Gujarat,Rajkot,775.0,25.7,47.3,79.4,16.4,55.7,0.6,13.6,536.3,654.5,122.04
136,2016,3,Gujarat,Sabarkantha,423.3,63.7,17.3,32.2,7.9,19.0,0.0,7.3,275.9,358.6,129.97
136,2017,3,Gujarat,Sabarkantha,423.3,69.4,17.0,32.2,7.8,19.0,0.0,6.3,271.6,373.6,137.56
137,2016,3,Gujarat,Surat,441.8,55.1,9.0,53.9,16.4,18.2,0.0,31.4,248.7,284.6,114.44
137,2017,3,Gujarat,Surat,441.8,55.8,9.0,50.7,16.3,18.1,0.0,31.5,251.3,290.1,115.44
138,2016,3,Gujarat,Surendranagar,927.1,48.4,87.3,54.9,50.6,38.1,3.0,20.7,620.8,778.2,125.35
138,2017,3,Gujarat,Surendranagar,927.1,48.4,87.2,54.9,49.2,38.1,3.5,21.5,621.0,755.7,121.69
139,2016,10,Rajasthan,Ajmer,842.99,57.79,82.96,53.65,64.4,78.36,33.49,21.75,450.29,717.93,159.44
139,2017,10,Rajasthan,Ajmer,842.99,57.79,83.02,53.56,67.34,78.52,35.86,27.22,438.7,583.26,132.95
140,2016,10,Rajasthan,Alwar,783.28,84.93,78.35,49.26,7.85,23.84,29.09,17.4,492.38,870.68,176.83
140,2017,10,Rajasthan,Alwar,783.28,84.94,78.42,49.38,8.29,23.83,32.04,19.98,486.26,847.27,174.24
141,2016,10,Rajasthan,Banswara,453.59,91.29,51.0,11.33,24.44,11.41,31.17,3.87,228.66,343.12,150.06
141,2017,10,Rajasthan,Banswara,453.59,91.3,51.05,11.34,24.33,11.37,32.23,3.96,227.62,341.74,150.14
142,2016,10,Rajasthan,Barmer,2817.42,33.33,124.49,80.3,176.04,202.97,318.5,209.62,1671.04,1893.14,113.29
142,2017,10,Rajasthan,Barmer,2817.42,33.39,123.42,80.43,194.28,202.99,294.09,212.91,1674.38,1909.39,114.04
143,2016,10,Rajasthan,Bharatpur,506.73,33.65,21.52,30.14,2.54,7.54,11.14,7.57,392.55,606.31,154.45
143,2017,10,Rajasthan,Bharatpur,506.71,33.65,21.52,30.13,2.51,7.54,11.35,9.04,390.87,597.15,152.77
144,2016,10,Rajasthan,Bhilwara,1050.89,75.5,143.26,68.7,111.19,120.94,54.07,33.84,443.31,677.44,152.81
144,2017,10,Rajasthan,Bhilwara,1050.89,75.5,143.23,68.66,111.67,120.99,61.71,43.07,426.0,610.93,143.41
145,2016,10,Rajasthan,Bikaner,3041.75,103.78,20.62,274.81,584.37,49.41,196.85,176.05,1635.84,2026.12,123.86
145,2017,10,Rajasthan,Bikaner,3041.75,104.28,17.39,277.38,564.64,49.94,222.05,248.49,1557.35,1967.14,126.31
146,2016,10,Rajasthan,Bundi,581.94,142.34,47.82,41.43,25.35,23.62,25.32,7.99,267.93,495.95,185.1
146,2017,10,Rajasthan,Bundi,581.94,142.95,46.79,41.21,25.76,23.66,25.0,10.01,266.4,482.46,181.1
147,2016,10,Rajasthan,Chittorgarh,750.77,121.76,60.87,56.14,78.83,73.85,20.6,11.88,326.45,576.37,176.56
147,2017,10,Rajasthan,Chittorgarh,750.77,121.76,60.87,56.08,79.97,73.84,21.47,13.14,323.16,572.15,177.05
148,2016,10,Rajasthan,Churu,1385.91,6.52,0.62,66.72,19.03,37.2,45.25,59.33,1151.22,1470.91,127.77
148,2017,10,Rajasthan,Churu,1385.91,6.52,0.62,66.74,21.3,37.15,53.04,66.71,1133.81,1353.23,119.35
149,2016,10,Rajasthan,Dungarpur,385.67,64.48,67.38,23.02,22.03,34.54,30.91,7.86,134.52,195.93,145.65
149,2017,10,Rajasthan,Dungarpur,385.67,64.48,67.15,23.02,21.56,34.54,33.54,6.1,134.36,196.19,146.02
150,2016,10,Rajasthan,Ganganagar,1093.29,60.54,1.92,71.45,18.47,0.14,91.66,76.08,770.13,1206.86,156.71
150,2017,10,Rajasthan,Ganganagar,1093.29,60.53,1.92,71.62,18.9,0.14,90.78,97.7,748.93,1219.92,162.89
151,2016,10,Rajasthan,Jaipur,1105.52,82.81,63.44,84.09,41.01,73.65,57.43,46.2,656.22,1036.4,157.93
151,2017,10,Rajasthan,Jaipur,1114.06,82.81,60.64,96.3,43.8,73.68,65.06,61.52,629.43,901.63,143.25
152,2016,10,Rajasthan,Jaisalmer,3839.15,27.42,372.81,203.75,2130.16,84.63,128.47,62.45,828.69,1084.08,130.82
152,2017,10,Rajasthan,Jaisalmer,3839.15,27.42,372.71,204.07,2123.68,87.64,115.14,67.94,840.04,1120.47,133.38
153,2016,10,Rajasthan,Jalore,1056.61,23.64,78.11,44.84,21.95,47.37,98.88,73.79,668.03,948.52,141.99
153,2017,10,Rajasthan,Jalore,1056.61,23.64,78.11,44.86,21.74,47.37,98.8,73.24,668.84,943.31,141.04
154,2016,10,Rajasthan,Jhalawar,632.24,127.26,33.27,29.4,31.09,47.36,12.54,4.71,337.99,642.81,190.19
154,2017,10,Rajasthan,Jhalawar,632.24,127.37,33.8,29.1,30.5,46.81,12.85,5.56,336.33,636.4,189.22
155,2016,10,Rajasthan,Jhunjhunu,591.54,40.05,15.71,22.22,5.92,39.25,36.82,31.07,400.48,627.52,156.69
155,2017,10,Rajasthan,Jhunjhunu,591.54,40.05,15.71,22.29,5.91,39.24,41.92,35.53,390.86,607.55,155.44
156,2016,10,Rajasthan,Jodhpur,2256.41,8.4,143.47,78.79,8.99,124.67,266.15,229.96,1395.97,1787.73,128.06
156,2017,10,Rajasthan,Jodhpur,2256.41,8.4,143.47,79.1,5.08,124.67,234.73,255.72,1405.23,1770.72,126.01
157,2016,10,Rajasthan,Kota,518.35,127.2,29.11,33.97,21.54,13.79,13.73,6.34,272.1,513.68,188.78
157,2017,10,Rajasthan,Kota,518.35,127.09,29.76,33.02,22.15,13.7,15.26,8.47,268.31,507.43,189.12
158,2016,10,Rajasthan,Nagaur,1774.94,18.75,55.03,103.72,10.88,70.87,103.75,154.64,1257.14,1650.7,131.31
158,2017,10,Rajasthan,Nagaur,1774.94,18.74,55.06,103.99,10.32,71.09,105.44,155.59,1254.61,1512.85,120.58
159,2016,10,Rajasthan,Pali,1233.08,86.81,138.77,59.4,43.25,91.31,105.65,64.0,643.51,894.42,138.99
159,2017,10,Rajasthan,Pali,1233.08,86.8,138.77,59.43,41.39,91.31,101.51,59.83,653.69,839.77,128.47
160,2016,10,Rajasthan,Swami Madhopur,497.15,82.8,32.07,31.13,10.29,26.27,12.26,10.62,289.43,426.33,147.3
160,2017,10,Rajasthan,Swami Madhopur,497.15,82.89,32.07,31.21,10.58,26.45,16.1,46.38,249.04,381.62,153.24
161,2016,10,Rajasthan,Sikar,774.24,61.11,18.48,36.9,10.76,39.94,49.25,49.55,508.18,716.36,140.97
161,2017,10,Rajasthan,Sikar,774.24,61.09,18.48,37.17,12.92,39.89,52.23,48.08,504.35,686.22,136.06
162,2016,10,Rajasthan,Sirohi,517.95,155.49,74.47,25.72,9.26,33.26,30.88,24.95,163.92,226.56,138.21
162,2017,10,Rajasthan,Sirohi,517.95,155.73,74.1,25.86,8.61,33.26,27.55,22.98,169.84,226.98,133.64
163,2016,10,Rajasthan,Tonk,717.96,27.75,26.95,50.48,39.17,40.73,25.24,23.41,484.0,703.19,145.29
163,2017,10,Rajasthan,Tonk,717.96,27.75,27.39,49.94,40.49,40.52,27.28,40.5,463.85,671.49,144.76
164,2016,10,Rajasthan,Udaipur,1388.26,397.7,316.44,155.54,121.53,82.31,58.69,10.4,245.15,354.54,144.62
164,2017,10,Rajasthan,Udaipur,1388.26,397.7,316.44,155.54,121.07,82.31,64.46,14.5,235.74,347.03,147.21
165,2016,9,Punjab,Gurdaspur,257.1,6.16,1.63,19.04,20.230338993740848,5.117913397739065,5.719122437954795,21.72,208.55,412.51,197.8
165,2017,9,Punjab,Gurdaspur,257.1,5.64,1.63,21.16,0.0,0.0,0.0,20.46,208.2,410.28,197.06
166,2016,9,Punjab,Amritsar,263.57,2.53,0.14,41.38,0.26,5.1725603265472415,0.693391684345432,0.08,219.18,410.69,187.38
166,2017,9,Punjab,Amritsar,263.57,2.53,0.14,41.39,0.26,0.0,0.0,0.07,219.18,415.94,189.77
167,2016,9,Punjab,Kapurthala,166.54,1.47,0.01,31.36,0.33,1.4644099663024814,0.3736677081387718,0.42,132.95,274.69,206.61
167,2017,9,Punjab,Kapurthala,166.54,1.47,0.01,31.37,0.32,0.0,0.0,0.25,133.13,265.8,199.65
168,2016,9,Punjab,Jalandhar,266.22,5.6,27.72597024606415,13.07,20.230338993740848,8.94433039799134,4.232223612058704,11.014842775352975,247.56,411.8,166.34
168,2017,9,Punjab,Jalandhar,266.22,5.6,0.0,13.93,0.0,0.0,0.0,0.0,246.69,410.48,166.4
169,2016,9,Punjab,Hoshiarpur,339.27,105.41,0.94,17.81,0.16,0.97,4.41,4.34,204.49,337.03,164.81
169,2017,9,Punjab,Hoshiarpur,339.27,105.41,0.94,17.85,0.16,0.97,4.41,4.91,203.87,337.28,165.44
170,2016,9,Punjab,Roopnagar,139.12,30.57,5.51,17.6,0.78,2.21,0.07,1.17,80.98,138.53,171.07
170,2017,9,Punjab,Roopnagar,139.12,30.57,5.51,17.61,0.78,2.4,0.03,0.92,81.18,147.91,182.2
171,2016,9,Punjab,Ludhiana,368.31,10.02,27.72597024606415,59.4,20.230338993740848,8.646769819983437,3.236205513630292,7.766446063383185,298.89,600.44,200.89
171,2017,9,Punjab,Ludhiana,368.31,10.02,0.0,59.4,0.0,0.0,0.0,0.47,298.42,554.87,185.94
172,2016,9,Punjab,Ferozpur,238.66,9.59,1.79,8.82,20.230338993740848,7.512546462700801,19.490427763081968,4.0000016620677386,218.47,402.67,184.31
172,2017,9,Punjab,Ferozpur,238.66,9.57,1.79,8.84,0.0,0.0,0.0,0.07,218.4,414.78,189.92
173,2016,9,Punjab,Faridkot,146.88,2.0,27.72597024606415,17.46,20.230338993740848,4.869451095793758,0.484315148179423,0.25,127.16,242.6,190.78
173,2017,9,Punjab,Faridkot,146.88,2.0,0.0,17.46,0.0,0.0,0.0,0.24,127.17,242.06,190.34
174,2016,9,Punjab,Bhatinda,336.73,5.86,0.29,36.9,20.230338993740848,8.950935771456074,2.0508030681105147,7.97661985885912,293.67,549.3,187.05
174,2017,9,Punjab,Bhatinda,336.73,5.86,0.18,37.26,0.0,0.0,0.0,0.0,293.42,558.86,190.46
175,2016,9,Punjab,Sangrur,361.45,1.01,0.22,43.45,0.03,0.13,19.490427763081968,3.23,313.16,622.74,198.86
175,2017,9,Punjab,Sangrur,361.45,1.01,0.22,43.49,0.03,0.0,0.0,1.67,315.03,627.13,199.07
176,2016,9,Punjab,Patiala,322.3,12.41,3.93,39.33,0.3159164807611319,0.01,0.12,5.67,256.64,512.79,199.81
176,2017,9,Punjab,Patiala,322.3,12.41,3.92,39.31,0.0,0.01,0.0,5.93,258.16,510.94,197.92
177,2016,4,Haryana,Hissar,405.0,1.0,0.0,42.0,0.0,0.0,6.0,22.0,334.0,646.0,193.41
177,2017,4,Haryana,Hissar,404.0,1.0,0.0,42.0,0.0,0.0,6.0,21.0,334.0,645.0,193.11
178,2016,4,Haryana,Sirsa,427.0,1.0,0.0,18.0,0.0,0.0,5.0,13.0,391.0,728.0,186.19
178,2017,4,Haryana,Sirsa,427.0,1.0,0.0,18.0,0.0,0.0,5.0,13.0,391.0,743.0,190.03
179,2016,4,Haryana,Bhiwani,465.0,2.0,21.0,27.0,0.0,0.0,0.0,12.0,399.0,743.0,186.22
179,2017,4,Haryana,Bhiwani,329.0,2.0,0.0,11.0,0.0,0.0,0.0,6.0,309.0,514.0,166.34
180,2016,4,Haryana,Gurgaon,120.0,3.0,32.0,0.0,23.0,1.0,0.0,0.0,60.0,101.0,168.33
180,2017,4,Haryana,Gurgaon,120.0,3.0,32.0,0.0,23.0,1.0,0.0,0.0,60.0,109.0,181.67
181,2016,4,Haryana,Jind,278.0,1.0,28.0,0.0,0.0,1.0,1.0,0.0,248.0,445.0,179.44
181,2017,4,Haryana,Jind,278.0,1.0,29.0,0.0,0.0,0.0,1.0,0.0,248.0,473.0,190.73
182,2016,4,Haryana,Mahendragarh,194.0,0.0,0.0,25.0,1.0,0.0,13.0,2.0,153.0,293.0,191.5
182,2017,4,Haryana,Mahendragarh,194.0,2.0,8.0,30.0,0.0,0.0,0.0,2.0,152.0,285.0,187.5
183,2016,4,Haryana,Ambala,154.0,1.0,0.0,40.0,0.0,2.0,3.0,0.0,108.0,204.0,188.89
183,2017,4,Haryana,Ambala,154.0,1.0,0.0,40.0,0.0,2.0,3.0,0.0,108.0,208.0,192.59
184,2016,4,Haryana,Karnal,246.0,1.0,0.0,11.0,1.0,8.0,4.0,9.0,210.0,413.0,196.67
184,2017,4,Haryana,Karnal,246.0,1.0,11.0,13.0,1.0,8.0,0.0,9.0,201.0,390.0,194.03
185,2016,4,Haryana,Kurukshetra,168.0,1.0,0.0,22.0,0.0,0.0,0.0,0.0,145.0,266.0,183.45
185,2017,4,Haryana,Kurukshetra,168.0,1.0,0.0,21.0,1.0,0.0,0.0,0.0,146.0,279.0,191.1
186,2016,4,Haryana,Rohtak,167.0,0.0,17.0,4.0,0.0,0.0,5.0,4.0,137.0,227.0,165.69
186,2017,4,Haryana,Rohtak,167.0,0.0,5.0,4.0,16.0,0.0,0.0,4.0,137.0,242.0,176.64
187,2016,4,Haryana,Sonepat,213.0,1.0,0.0,48.0,0.0,3.0,7.0,0.0,152.0,300.0,197.37
187,2017,4,Haryana,Sonepat,213.0,0.0,7.0,49.0,1.0,3.0,0.0,0.0,152.0,296.0,194.74
188,2016,4,Haryana,Faridabad,72.0,0.0,2.0,38.0,0.0,0.0,0.0,1.0,32.0,59.0,184.38
188,2017,4,Haryana,Faridabad,72.0,0.0,1.0,38.0,0.0,0.0,0.0,1.0,32.0,61.0,190.63
189,2016,12,Uttar Pradesh,Saharanpur,363.79,33.26,0.28,51.89,0.48,0.17,3.4,4.43,268.65,438.41,163.19
189,2017,12,Uttar Pradesh,Saharanpur,363.79,33.26,0.28,52.17,0.42,0.2,3.18,4.37,268.69,322.07,119.87
190,2016,12,Uttar Pradesh,Muzaffarnagar,293.82,24.05,2.13,40.99,1.27,0.11,1.85,5.89,215.6,322.24,149.46
190,2017,12,Uttar Pradesh,Muzaffarnagar,293.81,24.06,2.13,41.14,1.43,0.08,2.44,4.96,215.62,303.34,140.68
191,2016,12,Uttar Pradesh,Meerut,273.01,21.31,3.2,44.35,2.82,0.37,1.75,2.63,196.42,302.31,153.91
191,2017,12,Uttar Pradesh,Meerut,273.0,21.31,3.3,44.45,1.61,0.3,2.49,3.05,196.42,537.1,273.45
192,2016,12,Uttar Pradesh,Buland Shahar,364.97,8.45,4.7,43.95,3.31,0.92,1.22,2.98,299.19,534.69,178.71
192,2017,12,Uttar Pradesh,Buland Shahar,364.97,8.45,4.69,43.98,3.31,1.02,0.91,3.27,299.11,75.8,25.34
193,2016,12,Uttar Pradesh,Ghaziabad,92.66,1.82,1.23,29.52,2.42,0.03,1.88,4.36,51.25,77.9,152.0
193,2017,12,Uttar Pradesh,Ghaziabad,92.66,1.82,1.23,29.65,2.17,0.01,2.58,4.1,50.96,75.8,1487.46
194,2016,12,Uttar Pradesh,Aligarh,371.26,2.58,5.71,41.36,6.6,1.73,4.52,2.94,305.63,565.68,185.09
194,2017,12,Uttar Pradesh,Aligarh,371.26,2.58,5.71,41.53,5.28,1.87,4.45,4.36,305.18,406.56,133.22
195,2016,12,Uttar Pradesh,Mathura,330.33,1.82,3.44,41.42,5.25,1.33,2.7,6.23,267.29,406.23,151.98
195,2017,12,Uttar Pradesh,Mathura,330.33,1.82,3.48,41.59,7.13,1.33,2.73,4.67,266.64,427.49,160.33
196,2016,12,Uttar Pradesh,Agra,398.97,35.73,3.75,46.98,2.95,0.9,10.99,28.57,259.32,434.64,167.61
196,2017,12,Uttar Pradesh,Agra,398.97,35.73,3.75,47.19,2.95,1.04,4.67,34.59,259.3,327.75,126.4
197,2016,12,Uttar Pradesh,Mainpuri,272.72,1.78,14.7,34.41,4.15,1.35,8.86,8.85,197.31,327.47,165.97
197,2017,12,Uttar Pradesh,Mainpuri,272.72,1.78,14.7,34.48,3.83,1.21,8.62,8.97,198.19,331.85,167.44
198,2016,12,Uttar Pradesh,Etah,244.07,1.03,1.58,24.63,9.17,0.35,3.49,5.49,198.12,332.52,167.84
198,2017,12,Uttar Pradesh,Etah,244.07,1.03,1.56,24.7,9.06,0.58,3.43,5.66,197.87,540.17,273.0
199,2016,12,Uttar Pradesh,Bareilly,406.92,0.35,7.47,56.67,1.28,0.33,3.04,8.63,326.53,539.58,165.25
199,2017,12,Uttar Pradesh,Bareilly,406.92,0.35,7.47,56.89,1.28,0.28,3.44,8.05,326.53,540.17,165.43
200,2016,12,Uttar Pradesh,Budaun,426.77,6.9,5.08,51.69,2.0,0.32,2.95,6.57,347.11,631.57,181.95
200,2017,12,Uttar Pradesh,Budaun,426.77,6.9,5.07,51.8,1.85,0.28,3.45,6.15,347.11,642.53,185.11
201,2016,12,Uttar Pradesh,Moradabad,223.92,0.06,2.03,33.59,0.79,0.1,4.88,7.54,173.09,311.68,180.07
201,2017,12,Uttar Pradesh,Moradabad,223.92,0.06,2.03,33.76,0.61,0.05,4.83,7.52,173.22,313.02,180.71
202,2016,12,Uttar Pradesh,Shahjahanpur,437.47,10.5,6.59,41.95,2.28,1.05,3.25,4.6,364.61,606.91,166.45
202,2017,12,Uttar Pradesh,Shahjahanpur,437.47,10.5,5.33,42.1,2.23,1.05,3.18,6.0,364.61,607.01,166.48
203,2016,12,Uttar Pradesh,Pilibhit,378.38,80.04,5.51,44.71,2.81,0.26,1.2,7.09,233.21,411.51,176.45
203,2017,12,Uttar Pradesh,Pilibhit,378.38,84.08,5.5,45.01,2.81,0.24,4.25,4.03,228.93,402.84,175.97
204,2016,12,Uttar Pradesh,Rampur,235.73,6.61,4.73,30.7,0.39,0.0,0.32,4.02,187.42,354.26,189.02
204,2017,12,Uttar Pradesh,Rampur,235.73,6.61,4.72,30.86,0.37,0.0,1.09,3.08,187.49,355.84,189.79
205,2016,12,Uttar Pradesh,Bijnor,464.55,54.45,3.07,65.98,2.28,0.48,0.21,2.89,333.93,417.68,125.08
205,2017,12,Uttar Pradesh,Bijnor,464.55,54.45,3.05,66.15,2.2,0.5,0.25,2.67,334.12,416.61,124.69
206,2016,12,Uttar Pradesh,Farrukhabad,219.91,0.26,6.27,30.81,3.03,0.6,1.25,2.63,173.5,228.64,131.78
206,2017,12,Uttar Pradesh,Farrukhabad,219.91,0.26,6.25,30.89,3.03,0.68,1.25,2.51,173.47,228.35,131.64
207,2016,12,Uttar Pradesh,Etawah,240.27,30.15,6.82,27.49,10.06,0.53,6.37,9.32,148.56,295.64,199.0
207,2017,12,Uttar Pradesh,Etawah,240.27,30.15,6.82,27.6,10.05,0.54,6.78,8.89,148.47,256.46,172.73
209,2016,12,Uttar Pradesh,Fatehpur,422.13,7.6,10.01,54.48,11.24,2.8,16.56,25.5,288.48,427.71,148.26
209,2017,12,Uttar Pradesh,Fatehpur,422.13,7.59,10.01,54.55,11.2,3.01,20.02,20.78,288.1,427.24,148.29
210,2016,12,Uttar Pradesh,Allahabad,557.07,21.48,14.95,94.55,11.35,1.64,19.6,35.71,352.16,572.39,162.54
210,2017,12,Uttar Pradesh,Allahabad,557.07,21.48,14.95,94.69,11.34,1.64,20.73,33.91,352.69,573.5,162.61
211,2016,12,Uttar Pradesh,Jhansi,501.33,34.4,32.02,49.11,16.93,0.67,14.3,40.72,311.85,487.57,156.35
211,2017,12,Uttar Pradesh,Jhansi,501.33,34.4,32.01,49.25,16.93,0.72,15.87,38.97,311.83,487.66,156.38
212,2016,12,Uttar Pradesh,Lalitpur,509.79,76.16,14.18,43.22,44.32,2.9,10.94,22.03,295.42,495.07,167.58
212,2017,12,Uttar Pradesh,Lalitpur,509.79,76.16,14.18,43.35,34.57,3.14,11.97,29.33,296.48,501.61,169.19
213,2016,12,Uttar Pradesh,Jalaun,454.43,28.18,8.54,41.0,1.63,0.15,5.44,23.18,344.37,487.7,141.62
213,2017,12,Uttar Pradesh,Jalaun,454.43,28.18,8.54,41.15,1.63,0.1,5.93,22.09,344.62,480.55,139.44
214,2016,12,Uttar Pradesh,Hamirpur,390.87,24.02,8.08,33.88,6.21,0.46,4.91,23.38,289.25,381.87,132.02
214,2017,12,Uttar Pradesh,Hamirpur,390.87,24.08,8.08,33.99,6.25,0.46,7.68,21.72,287.47,391.2,136.08
215,2016,12,Uttar Pradesh,Banda,438.95,5.19,10.2,44.21,10.12,0.5,5.56,16.79,345.48,477.15,138.11
215,2017,12,Uttar Pradesh,Banda,438.95,5.19,11.23,44.31,10.12,0.46,7.54,14.52,344.66,474.75,137.74
216,2016,12,Uttar Pradesh,Varanasi,152.68,0.05,1.91,33.38,2.85,0.02,6.01,4.76,100.91,164.66,163.18
216,2017,12,Uttar Pradesh,Varanasi,152.68,0.05,1.9,33.59,2.54,0.02,6.36,4.77,100.85,164.48,163.09
217,2016,12,Uttar Pradesh,Mirzpur,452.51,109.33,8.16,57.8,9.93,0.49,13.18,29.31,208.87,334.65,160.22
217,2017,12,Uttar Pradesh,Mirzpur,452.51,109.45,8.12,57.93,9.9,0.46,14.05,26.22,210.85,331.23,157.09
218,2016,12,Uttar Pradesh,Jaunpur,399.71,0.43,6.84,50.38,8.78,1.33,23.67,26.46,276.23,499.47,180.82
218,2017,12,Uttar Pradesh,Jaunpur,399.71,0.43,6.84,50.52,10.0,1.43,24.89,26.53,276.22,499.48,180.83
219,2016,12,Uttar Pradesh,Ghazipur,333.21,0.11,2.95,50.98,3.09,0.63,4.86,8.35,258.88,442.29,170.85
219,2017,12,Uttar Pradesh,Ghazipur,333.21,0.11,2.95,51.12,3.35,0.63,2.5,9.2,258.88,445.44,172.06
220,2016,12,Uttar Pradesh,Ballia,299.27,0.08,4.35,47.59,1.15,0.09,4.81,19.84,216.86,354.6,163.52
220,2017,12,Uttar Pradesh,Ballia,299.26,0.08,4.32,47.71,1.18,0.09,10.12,13.13,216.84,353.84,163.18
221,2016,12,Uttar Pradesh,Gorakhpur,335.22,5.84,4.3,49.29,5.21,0.21,11.41,18.17,238.04,402.09,168.92
221,2017,12,Uttar Pradesh,Gorakhpur,335.22,5.84,4.3,49.48,6.13,0.31,13.08,14.69,238.03,388.77,163.33
222,2016,12,Uttar Pradesh,Deoria,249.38,0.26,1.65,34.53,1.85,0.07,3.82,7.32,196.53,329.26,167.54
222,2017,12,Uttar Pradesh,Deoria,249.38,0.26,1.61,34.71,2.0,0.09,7.46,4.84,196.53,329.27,167.54
223,2016,12,Uttar Pradesh,Basti,277.04,4.37,3.61,41.95,4.14,0.52,8.33,9.88,198.55,339.26,170.87
223,2017,12,Uttar Pradesh,Basti,277.04,4.37,3.6,42.11,4.13,0.52,5.28,12.36,198.51,339.32,170.93
224,2016,12,Uttar Pradesh,Azamgarh,424.06,0.11,6.72,62.91,6.37,1.34,15.45,38.99,286.28,506.05,176.77
224,2017,12,Uttar Pradesh,Azamgarh,424.06,0.11,6.69,63.15,6.37,1.4,18.88,35.98,285.98,506.01,176.94
225,2016,12,Uttar Pradesh,Lucknow,251.6,12.0,6.35,58.78,4.81,3.08,17.92,12.35,134.34,205.49,152.96
225,2017,12,Uttar Pradesh,Lucknow,251.6,12.0,6.34,59.21,4.81,3.1,17.88,12.31,133.88,198.97,148.62
226,2016,12,Uttar Pradesh,Unnao,460.22,16.98,11.42,56.72,10.43,3.47,20.14,23.5,314.84,503.26,159.85
226,2017,12,Uttar Pradesh,Unnao,460.22,16.98,11.4,57.08,10.63,3.51,19.07,24.5,314.83,507.61,161.23
227,2016,12,Uttar Pradesh,Rae - Bareily,392.05,4.8,13.53,41.33,16.3,3.35,32.2,47.06,224.4,369.35,164.59
227,2017,12,Uttar Pradesh,Rae - Bareily,392.05,4.81,13.5,41.61,16.33,3.25,35.18,44.01,224.17,371.48,165.71
228,2016,12,Uttar Pradesh,Sitapur,573.89,5.77,5.62,67.26,6.13,0.68,13.19,30.14,440.55,670.94,152.3
228,2017,12,Uttar Pradesh,Sitapur,573.89,5.77,5.62,67.49,6.95,0.71,12.29,29.41,440.69,672.18,152.53
229,2016,12,Uttar Pradesh,Hardoi,598.88,12.27,14.15,55.86,10.01,4.6,18.68,51.29,421.97,676.32,160.28
229,2017,12,Uttar Pradesh,Hardoi,598.88,12.27,14.15,56.08,10.62,4.6,20.28,48.9,421.69,675.88,160.28
230,2016,12,Uttar Pradesh,Kheri,772.79,165.49,3.51,90.69,2.76,0.89,2.03,18.58,485.58,709.04,146.02
230,2017,12,Uttar Pradesh,Kheri,772.79,165.49,3.49,90.81,5.34,0.93,8.19,15.2,478.13,707.55,147.98
231,2016,12,Uttar Pradesh,Faizabad,260.27,3.3,3.55,40.85,4.45,2.03,7.5,11.46,179.73,291.16,162.0
231,2017,12,Uttar Pradesh,Faizabad,260.27,3.3,3.55,41.02,4.61,1.79,8.58,11.28,179.72,291.33,162.1
232,2016,12,Uttar Pradesh,Gonda,401.04,12.35,3.38,57.33,5.02,1.23,13.64,19.21,281.51,442.68,157.25
232,2017,12,Uttar Pradesh,Gonda,401.04,12.35,3.38,57.48,5.68,1.25,11.68,19.84,281.49,442.66,157.25
233,2016,12,Uttar Pradesh,Bahraich,486.06,68.48,3.28,58.7,2.18,0.64,8.39,6.11,332.54,559.69,168.31
233,2017,12,Uttar Pradesh,Bahraich,486.06,68.48,3.28,58.8,2.14,0.64,6.14,7.31,333.39,561.19,168.33
234,2016,12,Uttar Pradesh,Sultanpur,265.88,0.64,7.85,41.35,6.9,1.09,12.12,15.54,178.37,292.24,163.84
234,2017,12,Uttar Pradesh,Sultanpur,265.88,0.64,7.92,41.53,7.89,1.18,11.8,14.49,178.52,292.2,163.68
235,2016,12,Uttar Pradesh,Pratapgarh,361.63,0.57,9.03,71.39,5.57,0.52,3.81,27.11,228.51,370.38,162.08
235,2017,12,Uttar Pradesh,Pratapgarh,361.63,0.57,9.01,71.52,4.7,0.52,3.89,32.05,228.97,372.35,162.62
236,2016,12,Uttar Pradesh,Barabanki,388.59,5.97,3.61,61.19,7.79,1.57,12.91,23.5,264.19,539.39,204.17
236,2017,12,Uttar Pradesh,Barabanki,388.59,5.97,3.61,61.33,8.07,1.54,12.4,23.6,264.48,539.87,204.12
237,2016,16,Uttarakhand,Nainital,408.01,298.24,0.96,10.48,25.77,0.31,3.21,1.99,45.78,70.77,154.59
237,2017,16,Uttarakhand,Nainital,408.01,298.24,0.78,11.05,25.32,0.25,2.82,4.17,43.46,69.3,159.46
238,2016,16,Uttarakhand,Almorah,464.94,236.18,24.05,12.38,38.23,29.21,6.55,2.87,76.89,112.35,146.12
238,2017,16,Uttarakhand,Almorah,464.94,236.18,24.43,12.64,41.23,27.65,6.57,3.23,73.41,105.98,144.37
239,2016,16,Uttarakhand,Pithorgarh,746.73,540.15,20.81,11.47,35.2,45.98,5.89,3.07,41.59,70.08,168.5
239,2017,16,Uttarakhand,Pithorgarh,746.73,540.15,21.24,11.5,36.53,45.14,5.92,4.06,40.41,68.88,170.45
240,2016,16,Uttarakhand,Chamoli,851.76,506.1,72.22,60.94,11.02,27.12,1.03,0.25,33.32,49.19,147.63
240,2017,16,Uttarakhand,Chamoli,852.38,506.1,90.81,16.66,11.57,47.76,1.03,0.7,33.44,49.21,147.16
241,2016,16,Uttarakhand,Uttar Kashi,812.69,721.66,40.4,5.94,2.42,4.55,2.51,0.83,29.93,41.1,137.32
241,2017,16,Uttarakhand,Uttar Kashi,812.69,721.66,40.95,5.98,2.41,4.35,1.8,0.56,30.6,42.28,138.17
242,2016,16,Uttarakhand,Tehri Garhwal,485.52,321.56,5.88,7.09,74.08,0.22,8.86,10.31,52.99,78.92,148.93
242,2017,16,Uttarakhand,Tehri Garhwal,485.52,321.56,5.79,7.14,74.17,0.03,8.95,11.42,51.63,76.99,149.12
243,2016,16,Uttarakhand,Garhwal,669.06,385.09,34.12,17.23,42.89,33.95,26.97,17.49,57.57,83.72,145.42
243,2017,16,Uttarakhand,Garhwal,669.06,385.09,36.64,17.26,43.55,32.37,26.5,23.79,49.73,71.27,143.31
244,2016,16,Uttarakhand,Dehradun,363.37,201.83,2.43,22.91,54.18,9.74,12.83,6.23,39.32,57.32,145.78
244,2017,16,Uttarakhand,Dehradun,363.37,201.83,2.01,23.11,55.01,9.12,12.93,8.73,36.66,55.35,150.98
501,2016,14,Chhattisgarh,Rajnandgaon,802.25,258.61,17.38,52.04,20.64,54.62,21.26,20.03,357.57,493.73,138.08
501,2017,14,Chhattisgarh,Rajnandgaon,802.25,259.1,17.05,51.77,17.57,53.94,17.04,16.56,369.09,494.47,133.97
502,2016,6,Madhya Pradesh,Bhopal,277.88,43.66,3.95,34.47,5.64,33.49,4.22,0.74,151.68,229.65,151.4
502,2017,6,Madhya Pradesh,Bhopal,277.88,44.11,3.95,34.02,5.64,32.46,3.68,0.81,153.18,294.69,192.38
503,2016,1,Andhra Pradesh,Vizianagaram,653.9,119.3,73.0,81.53,4.27,5.23,25.99,59.71,274.32,381.58,139.1
503,2017,1,Andhra Pradesh,Vizianagaram,653.9,119.3,72.98,81.63,4.27,5.23,33.55,53.6,272.8,371.53,136.19
504,2016,1,Andhra Pradesh,Prakasam,1762.6,459.3,152.78,183.94,58.04,55.54,182.07,120.0,547.29,562.36,102.75
504,2017,1,Andhra Pradesh,Prakasam,1762.6,459.3,152.78,184.46,57.99,55.54,168.12,138.49,542.31,554.51,102.25
506,2016,11,Tamil Nadu,Dharmapuri,449.78,164.18,15.8,51.87,2.76,6.21,11.05,65.58,129.43,161.68,124.92
506,2017,11,Tamil Nadu,Dharmapuri,449.78,164.18,15.8,51.88,2.73,6.21,9.8,52.85,143.46,199.78,139.26
507,2016,11,Tamil Nadu,Periyar(Erode),572.26,227.51,6.27,53.42,3.07,0.1,97.16,49.51,134.3,137.63,102.48
507,2017,11,Tamil Nadu,Periyar(Erode),572.26,227.51,6.27,53.42,3.07,0.1,124.07,13.08,143.81,150.69,104.78
508,2016,11,Tamil Nadu,Pudukkottai,466.33,23.54,9.86,137.16,9.67,3.47,132.87,12.54,116.94,119.61,102.28
508,2017,11,Tamil Nadu,Pudukkottai,466.33,23.54,9.86,137.18,9.67,3.47,123.4,12.25,127.87,132.35,103.51
509,2016,11,Tamil Nadu,Dindigul Anna,626.66,138.92,36.21,67.23,5.61,6.95,116.88,44.03,203.02,206.45,101.69
509,2017,11,Tamil Nadu,Dindigul Anna,626.66,138.92,36.21,67.23,5.61,6.95,122.69,22.41,218.93,221.83,101.33
510,2016,11,Tamil Nadu,Virudhunagar Kamarajar,424.32,26.47,4.53,70.51,9.54,0.8,170.8,20.44,118.65,120.94,101.93
510,2017,11,Tamil Nadu,Virudhunagar Kamarajar,424.32,26.47,4.53,70.51,9.4,0.8,177.78,10.54,121.81,123.79,101.62
512,2016,11,Tamil Nadu,Sivagangai Pasumpon,418.9,16.53,4.7,122.6,18.24,1.37,133.52,19.48,96.1,96.11,100.01
512,2017,11,Tamil Nadu,Sivagangai Pasumpon,418.9,16.53,4.7,122.61,17.95,1.37,137.32,7.72,104.62,104.62,100.0
513,2016,11,Tamil Nadu,Chidambanar Toothukudi,470.72,11.01,19.88,76.48,42.31,5.13,64.22,16.41,199.14,200.37,100.62
513,2017,11,Tamil Nadu,Chidambanar Toothukudi,470.72,11.01,19.85,76.51,40.81,5.13,66.38,11.41,204.06,204.83,100.38
514,2016,7,Maharashtra,Jalna,772.6,4.9,7.4,19.8,16.6,25.0,21.2,94.4,572.4,875.5,152.95
514,2017,7,Maharashtra,Jalna,772.6,4.9,7.4,19.8,16.6,25.0,21.2,94.4,572.4,875.5,152.95
515,2016,7,Maharashtra,Latur,715.7,1.8,18.8,24.8,37.1,21.3,44.0,44.1,503.1,726.6,144.42
515,2017,7,Maharashtra,Latur,715.7,1.8,19.6,25.3,37.5,21.5,49.7,44.3,518.3,715.9,138.12
516,2016,7,Maharashtra,Gadchiroli,1491.6,1098.4,14.7,71.8,21.4,52.7,7.8,46.9,174.6,219.2,125.54
516,2017,7,Maharashtra,Gadchiroli,1491.6,1098.4,14.7,71.8,21.4,52.7,7.8,46.7,174.9,219.6,125.56
517,2016,7,Maharashtra,Sindhudurg,504.0,33.1,99.8,20.5,66.1,2.0,102.2,14.4,140.5,159.2,113.31
517,2017,7,Maharashtra,Sindhudurg,504.0,33.1,99.8,20.5,66.1,2.0,102.2,14.4,140.5,159.2,113.31
518,2016,3,Gujarat,Gandhinagar,216.3,2.0,0.9,24.3,5.5,9.8,0.0,8.6,159.2,244.2,153.39
518,2017,3,Gujarat,Gandhinagar,216.3,2.1,1.1,24.3,5.6,11.4,0.0,5.7,160.2,248.4,155.06
519,2016,10,Rajasthan,Dholpur,300.91,27.18,57.86,16.9,9.38,17.82,10.36,7.12,154.08,230.36,149.51
519,2017,10,Rajasthan,Dholpur,300.91,27.18,57.86,16.91,9.47,17.82,10.72,9.05,151.71,225.87,148.88
520,2016,20,Telangana,Rangareddy,501.41,29.02,23.23,75.69,5.59,16.94,88.16,89.71,169.51,185.94,109.69
520,2017,20,Telangana,Rangareddy,501.41,29.02,23.23,71.44,5.59,16.94,90.86,68.09,192.69,211.48,109.75
521,2016,11,Tamil Nadu,Thiruvannamalai,631.21,152.81,20.59,96.5,8.37,2.93,25.21,145.37,177.3,220.85,124.56
521,2017,11,Tamil Nadu,Thiruvannamalai,631.21,152.81,20.59,96.5,8.37,2.93,24.1,115.12,208.64,314.82,150.89
523,2016,4,Haryana,Yamunanagar,172.0,14.0,0.0,45.0,0.0,2.0,2.0,0.0,109.0,209.0,191.74
523,2017,4,Haryana,Yamunanagar,172.0,14.0,2.0,45.0,0.0,2.0,0.0,0.0,109.0,211.0,193.58
524,2016,4,Haryana,Kaithal,228.0,3.0,0.0,22.0,0.0,0.0,1.0,0.0,203.0,380.0,187.19
524,2017,4,Haryana,Kaithal,228.0,2.0,1.0,32.0,0.0,0.0,0.0,0.0,193.0,383.0,198.45
525,2016,4,Haryana,Panipat,130.0,1.0,1.0,19.0,1.0,5.0,1.0,9.0,94.0,184.0,195.74
525,2017,4,Haryana,Panipat,130.0,1.0,1.0,19.0,0.0,5.0,0.0,8.0,95.0,187.0,196.84
526,2016,4,Haryana,Rewari,151.0,2.0,3.0,14.0,0.0,0.0,4.0,1.0,126.0,199.0,157.94
526,2017,4,Haryana,Rewari,151.0,2.0,5.0,14.0,0.0,1.0,3.0,1.0,126.0,198.0,157.14
527,2016,16,Uttarakhand,Haridwar,232.8,72.43,3.4,30.48,1.22,0.06,3.88,5.61,114.16,162.11,142.0
527,2017,16,Uttarakhand,Haridwar,244.51,84.14,3.31,30.72,1.62,0.07,3.91,4.35,114.12,160.08,140.27
528,2016,12,Uttar Pradesh,Firozabad,241.18,8.66,6.39,28.98,3.74,0.62,7.6,7.75,176.93,314.73,177.88
528,2017,12,Uttar Pradesh,Firozabad,241.18,8.66,6.38,29.11,4.35,0.84,6.61,7.53,176.82,306.28,173.21
529,2016,12,Uttar Pradesh,Sonbhadra,680.96,325.72,13.03,59.99,10.53,0.22,8.31,36.47,191.56,290.08,151.43
529,2017,12,Uttar Pradesh,Sonbhadra,680.96,325.72,13.01,60.11,12.54,0.19,4.8,36.7,192.5,291.04,151.19
530,2016,12,Uttar Pradesh,Mau,171.62,0.57,1.8,26.44,2.44,0.19,4.55,11.4,120.68,198.53,164.51
530,2017,12,Uttar Pradesh,Mau,171.62,0.57,1.78,26.59,2.44,0.19,2.57,13.27,120.65,198.34,164.39
531,2016,12,Uttar Pradesh,Mahrajgani,290.55,50.27,1.11,33.66,0.55,0.16,1.46,3.95,199.17,369.06,185.3
531,2017,12,Uttar Pradesh,Mahrajgani,290.55,50.27,1.08,33.8,0.66,0.15,1.75,3.18,199.17,369.06,185.3
532,2016,12,Uttar Pradesh,Sidharthnagar,297.81,3.71,2.25,38.89,2.44,0.79,4.33,13.63,228.27,385.31,168.8
532,2017,12,Uttar Pradesh,Sidharthnagar,297.81,3.71,2.23,38.95,2.84,0.9,3.13,13.05,228.27,382.89,167.74
533,2016,12,Uttar Pradesh,Mahoba,327.43,16.14,7.66,39.3,9.3,0.58,4.23,35.7,213.83,280.48,131.17
533,2017,12,Uttar Pradesh,Mahoba,327.43,16.86,7.66,39.41,6.07,0.59,4.76,45.09,206.64,270.62,130.96
536,2016,10,Rajasthan,Baran,699.46,217.9,36.27,28.67,12.12,33.92,13.31,9.06,347.99,663.29,190.61
536,2017,10,Rajasthan,Baran,699.46,218.0,36.29,28.46,11.55,33.92,14.19,11.22,345.59,647.03,187.22
537,2016,10,Rajasthan,Dausa,341.43,26.36,17.19,19.95,5.3,25.54,9.85,9.2,227.82,377.39,165.65
537,2017,10,Rajasthan,Dausa,341.43,26.39,16.99,20.07,5.54,25.57,11.51,13.44,221.71,347.0,156.51
538,2016,10,Rajasthan,Rajsamand,452.73,26.25,103.48,24.26,116.63,55.23,27.45,3.25,96.13,141.93,147.64
538,2017,10,Rajasthan,Rajsamand,452.73,26.25,103.48,24.27,116.61,55.23,28.19,2.55,96.16,141.62,147.28
539,2016,10,Rajasthan,Hanumangarh,970.38,18.82,0.49,57.58,2.42,4.62,16.31,26.08,844.06,1291.65,153.03
539,2017,10,Rajasthan,Hanumangarh,970.38,18.82,0.49,57.64,2.36,4.62,17.48,29.16,839.8,1262.87,150.38
542,2016,11,Tamil Nadu,Nagapattinam,271.58,4.63,33.42,47.76,2.0,0.85,19.68,7.83,149.15,244.41,163.87
542,2017,11,Tamil Nadu,Nagapattinam,271.58,4.63,33.42,47.76,2.0,0.83,21.34,7.66,147.74,257.88,174.55
543,2016,11,Tamil Nadu,Villupuram,722.2,71.7,56.65,136.12,9.58,4.17,15.64,113.79,308.34,385.44,125.0
543,2017,11,Tamil Nadu,Villupuram,722.2,71.7,56.65,136.12,9.55,4.17,15.63,80.86,341.31,462.74,135.57
545,2016,9,Punjab,Mansa,213.9,1.57,0.17,11.44,20.230338993740848,5.375649718784512,2.0385668938789063,11.94,188.79,365.42,193.56
545,2017,9,Punjab,Mansa,213.9,1.57,0.17,11.45,0.0,0.0,0.0,16.25,184.47,365.76,198.28
546,2016,9,Punjab,Fatehgarh Sahib,114.78,1.06,0.24,11.44,20.230338993740848,0.01,1.104852183802171,4.080948060794071,102.03,191.1,187.3
546,2017,9,Punjab,Fatehgarh Sahib,114.78,1.06,0.24,11.44,0.0,0.01,0.0,0.0,102.03,186.23,182.52
547,2016,12,Uttar Pradesh,Kanpur Nagar,301.33,5.62,13.53,46.49,8.13,3.67,7.02,23.09,191.18,263.78,137.97
547,2017,12,Uttar Pradesh,Kanpur Nagar,301.33,5.62,13.53,46.69,9.98,3.82,3.8,24.31,190.98,263.48,137.96
548,2016,12,Uttar Pradesh,Kanpur Dehat,314.98,5.8,14.98,31.97,3.92,0.37,8.99,28.22,218.09,326.37,149.65
548,2017,12,Uttar Pradesh,Kanpur Dehat,314.98,5.8,14.98,32.22,3.96,0.37,9.28,28.18,218.51,315.59,144.43
549,2016,5,Karnataka,Bangalore(Rural),229.52,11.32,11.12,46.42,3.9,3.88,13.75,21.4,104.3,107.56,103.13
549,2017,5,Karnataka,Bangalore(Rural),229.52,11.32,11.12,46.94,3.9,3.88,17.33,21.14,100.46,103.29,102.82
550,2016,5,Karnataka,Bangalore(Urban),217.41,5.06,4.91,125.14,3.89,5.67,6.73,23.94,34.43,37.17,107.96
550,2017,5,Karnataka,Bangalore(Urban),217.41,5.06,4.91,125.31,3.89,5.67,6.73,25.11,33.09,36.28,109.64
601,2016,17,Assam,Cachar,378.6,138.41,5.43,42.75,16.8,8.83,2.42,1.99,140.3,193.03,137.58
601,2017,17,Assam,Cachar,378.6,138.41,7.14,49.41,18.93,8.83,3.66,2.81,127.13,193.15,151.93
602,2016,17,Assam,Darrang,158.5,7.93,14.21,19.3,3.56,5.7,3.33,7.22,92.0,120.97,131.49
602,2017,17,Assam,Darrang,158.5,7.93,14.21,19.3,3.51,5.7,3.33,6.48,92.8,121.7,131.14
603,2016,17,Assam,Dibrugarh,338.1,21.79,17.13,116.06,8.73,4.83,5.31,5.1,147.02,160.52,109.18
603,2017,17,Assam,Dibrugarh,338.1,21.79,23.21,102.11,11.07,5.07,4.68,4.52,152.61,165.26,108.29
604,2016,17,Assam,Goalpara,182.4,36.46,28.69,26.82,7.46,2.79,0.5,0.23,72.45,128.1,176.81
604,2017,17,Assam,Goalpara,182.4,36.46,28.69,26.93,7.46,2.79,0.42,0.21,72.45,129.7,179.02
605,2016,17,Assam,Kamrup,318.85,87.42,14.32,51.24,14.58,12.58,8.06,7.3,105.21,171.68,163.18
605,2017,17,Assam,Kamrup,318.85,87.42,18.59,49.07,16.12,13.96,7.83,8.35,99.65,160.18,160.74
606,2016,17,Assam,Karbi Anglong,1043.4,320.84,460.23,134.85,138.83882470872663,21.720300204877013,6.69686827189901,5.4315606680354165,127.48,219.71,172.35
606,2017,17,Assam,Karbi Anglong,1043.4,320.84,460.23,134.85,0.0,0.0,0.0,0.0,127.48,221.9,174.07
607,2016,17,Assam,Lakhimpur,227.7,31.06,0.03,70.48,7.67,3.13,6.97,7.41,93.23,179.22,192.23
607,2017,17,Assam,Lakhimpur,227.7,31.06,0.03,69.23,8.72,3.22,6.93,7.51,94.73,194.86,205.7
608,2016,17,Assam,North Cachar Hil,488.8,67.28,379.3,0.787422215996898,100.84112943207478,10.723914008857525,19.490427763081968,24.69851253395468,42.22,54.71,129.58
608,2017,17,Assam,North Cachar Hil,488.8,67.28,379.3,0.0,0.0,0.0,0.0,0.0,42.22,54.46,128.99
609,2016,17,Assam,Nagaon,397.3,77.58,17.32,46.57,13.32,13.65,6.0,5.85,205.13,340.33,165.91
609,2017,17,Assam,Nagaon,397.3,77.58,17.43,45.01,14.61,12.68,6.78,6.06,205.13,351.51,171.36
610,2016,17,Assam,Sibsagar,266.8,30.47,13.25,36.03,6.56,20.48,5.33,7.64,132.55,156.8,118.29
610,2017,17,Assam,Sibsagar,266.8,30.47,13.21,35.71,6.16,20.47,6.22,12.33,127.74,153.15,119.89
615,2016,17,Assam,Barpeta,228.2,9.52859036108001,13.25,36.34,6.73,10.16,5.35,10.3,136.65,208.11,152.29
615,2017,17,Assam,Barpeta,228.2,0.0,12.77,39.06,6.51,10.16,5.24,9.61,135.68,208.42,153.61
616,2016,17,Assam,Dhubri,217.6,29.16,13.43,64.78,3.45,2.18,5.49,9.8,86.28,166.13,192.55
616,2017,17,Assam,Dhubri,217.6,29.16,13.45,64.52,3.45,2.18,5.48,9.8,86.54,164.29,189.84
617,2016,17,Assam,Golaghat,350.2,157.64,6.24,15.27,7.81,6.87,3.87,5.24,143.32,198.58,138.56
617,2017,17,Assam,Golaghat,350.2,157.64,6.24,15.27,7.81,6.87,3.87,5.24,143.32,186.02,129.79
618,2016,17,Assam,Jorhat,285.1,25.25,7.77,69.22,6.37,4.53,8.5,13.26,136.5,154.61,113.27
618,2017,17,Assam,Jorhat,285.1,25.25,7.77,69.22,7.23,4.57,4.84,7.66,144.85,162.98,112.52
619,2016,17,Assam,Karimganj,180.9,48.12,8.85,33.35,1.74,3.66,1.65,3.02,73.15,86.71,118.54
619,2017,17,Assam,Karimganj,180.9,48.12,8.55,39.49,1.74,3.66,1.65,4.79,65.53,73.16,111.64
620,2016,17,Assam,Kokrajhar,329.6,173.47,3.45,18.37,2.26,5.55,1.88,1.6,116.84,173.87,148.81
620,2017,17,Assam,Kokrajhar,329.6,173.47,19.3,14.98,2.79,15.07,1.87,1.04,98.46,157.78,160.25
621,2016,17,Assam,Nalbari,104.64,0.4301838032480383,7.45,18.73,1.41,3.81,3.48,0.17,68.85,115.11,167.19
621,2017,17,Assam,Nalbari,104.64,0.0,7.45,18.73,1.41,3.81,3.48,0.17,68.85,117.92,171.27
622,2016,17,Assam,Sonitpur,520.4,162.98,21.35,150.99,0.23,9.83,1.97,2.84,163.71,268.71,164.14
622,2017,17,Assam,Sonitpur,520.4,162.98,21.35,150.99,0.23,9.83,1.97,2.84,163.71,265.09,161.93
626,2016,18,Himachal Pradesh,Bilashpur,111.78,13.8,3.34,17.18,5.43,39.58,0.96,1.54,29.82,55.51,186.15
626,2017,18,Himachal Pradesh,Bilashpur,626.0,111.78,13.8,3.34,17.18,5.43,39.58,0.96,1.53,29.82,1942.35
627,2016,18,Himachal Pradesh,Chamba,692.42,272.01,4.85,13.65,6.63,350.88,0.63,1.78,41.86,69.78,166.7
627,2017,18,Himachal Pradesh,Chamba,627.0,692.42,272.01,4.85,13.47,6.89,350.88,0.63,2.84,40.71,1431.43
628,2016,18,Himachal Pradesh,Hamirpur,110.22,18.23,13.85,12.47,12.1,11.45,1.94,5.33,34.84,69.04,198.16
628,2017,18,Himachal Pradesh,Hamirpur,628.0,110.22,18.23,13.85,12.47,12.1,11.45,1.94,5.72,34.45,601.83
629,2016,18,Himachal Pradesh,Kangra,577.68,231.52,19.76,75.08,27.19,84.37,1.38,14.11,116.8,239.92,205.41
629,2017,18,Himachal Pradesh,Kangra,629.0,577.68,231.18,15.4,75.21,23.76,89.75,2.44,21.7,108.83,501.48
630,2016,18,Himachal Pradesh,Kinnaur,624.2,38.59,130.84,121.86,3.18,319.57,0.12,1.55,8.26,10.63,128.69
630,2017,18,Himachal Pradesh,Kinnaur,630.0,624.2,38.7,130.86,125.76,3.06,315.66,0.13,1.8,8.01,444.62
631,2016,18,Himachal Pradesh,Kullu,65.48,1.63,2.73,7.12,2.21,7.08,0.45,4.16,36.47,55.55,152.32
631,2017,18,Himachal Pradesh,Kullu,631.0,65.47,1.63,2.73,7.05,2.17,7.08,0.56,3.46,37.18,1074.2
632,2016,18,Himachal Pradesh,Lahul & Spiti,911.2,137.38,541.31,16.86,0.57,211.44,0.0,0.13,3.4,4.24,124.71
632,2017,18,Himachal Pradesh,Lahul & Spiti,632.0,911.2,137.38,541.31,16.86,0.57,211.24,0.0,0.19,3.5,1823.44
633,2016,18,Himachal Pradesh,Solan,180.95,20.22,11.24,13.53,12.94,79.32,2.8,3.93,35.91,55.56,154.72
633,2017,18,Himachal Pradesh,Solan,633.0,180.98,20.24,12.31,12.93,14.55,76.54,2.55,4.96,35.98,725.05
634,2016,18,Himachal Pradesh,Mandi,398.89,178.81,2.85,22.16,5.41,94.64,1.65,2.41,90.81,161.89,178.27
634,2017,18,Himachal Pradesh,Mandi,634.0,397.57,179.32,2.19,23.75,5.73,90.99,1.21,2.42,91.87,3788.29
635,2016,18,Himachal Pradesh,Shimla,525.33,150.35,12.15,18.72,10.74,235.76,7.16,12.29,70.52,86.88,123.2
635,2017,18,Himachal Pradesh,Shimla,635.0,525.33,150.37,12.09,19.02,10.72,235.26,6.52,11.84,71.95,607.73
636,2016,18,Himachal Pradesh,Sirmaur,224.76,48.22,6.41,12.97,13.8,57.51,2.01,5.48,40.07,74.89,186.9
636,2017,18,Himachal Pradesh,Sirmaur,636.0,224.76,48.14,6.47,12.8,16.72,57.48,1.95,5.13,39.26,764.84
637,2016,18,Himachal Pradesh,Una,154.85,14.63,29.67,20.81,21.53,16.36,2.25,3.07,38.81,75.35,194.15
637,2017,18,Himachal Pradesh,Una,637.0,154.92,12.9,31.54,22.37,17.98,14.68,1.64,3.23,41.26,1277.31
651,2016,19,Kerala,Alappuzha,141.01,0.0,0.01,24.32,13.91,0.0,1.9,3.41,84.59,102.62,121.31
651,2017,19,Kerala,Alappuzha,141.01,0.0,0.01,25.15,14.92,0.0,2.45,1.82,83.73,110.12,131.52
652,2016,19,Kerala,Kannur,297.11,48.73,1.25,37.51,6.41,0.0,3.92,4.07,187.93,221.37,117.79
652,2017,19,Kerala,Kannur,297.11,48.73,1.29,38.92,6.47,0.0,3.3,3.72,187.5,220.11,117.39
653,2016,19,Kerala,Eranakulam,305.83,70.62,0.4,44.33,13.46,0.0,8.03,8.9,148.36,166.09,111.95
653,2017,19,Kerala,Eranakulam,305.83,70.62,0.35,45.26,15.04,0.0,6.59,8.0,148.29,164.6,111.0
654,2016,19,Kerala,Idukki,436.33,198.41,1.44,14.32,2.2,0.0,1.16,1.48,205.54,270.36,131.54
654,2017,19,Kerala,Idukki,436.33,198.41,1.4,14.35,2.12,0.0,1.12,1.67,205.47,271.97,132.36
655,2016,19,Kerala,Kottayam,220.44,8.14,1.08,28.69,7.26,0.0,2.87,5.02,160.62,204.34,127.22
655,2017,19,Kerala,Kottayam,220.44,8.14,1.02,29.03,6.43,0.0,2.34,4.18,162.57,207.09,127.39
656,2016,19,Kerala,Kozhikode,234.64,41.39,0.6,33.45,2.86,0.0,0.96,1.94,147.73,198.39,134.29
656,2017,19,Kerala,Kozhikode,234.64,41.39,0.58,32.98,2.28,0.0,0.96,1.88,148.48,191.34,128.87
657,2016,19,Kerala,Malappuram,355.45,103.42,0.84,51.68,6.05,0.0,5.57,8.08,173.18,237.86,137.35
657,2017,19,Kerala,Malappuram,355.45,103.42,0.86,52.88,5.75,0.0,5.88,6.3,173.76,241.92,139.23
658,2016,19,Kerala,Palakkad,447.58,136.26,2.0,50.66,23.28,0.0,16.16,13.89,188.9,278.46,147.41
658,2017,19,Kerala,Palakkad,447.58,136.26,1.54,46.94,18.49,0.0,12.82,8.37,206.84,271.49,131.26
659,2016,19,Kerala,Kollam,248.79,81.44,0.09,28.7,2.71,0.0,1.91,3.39,122.88,147.94,120.39
659,2017,19,Kerala,Kollam,248.79,81.44,0.08,27.93,2.88,0.0,1.76,2.44,124.54,141.58,113.68
660,2016,19,Kerala,Thrissur,302.92,103.62,0.09,39.03,10.17,0.0,6.03,9.81,128.47,170.98,133.09
660,2017,19,Kerala,Thrissur,302.92,103.62,0.07,39.65,9.18,0.0,6.05,8.34,130.31,171.4,131.53
661,2016,19,Kerala,Thiruvananthapuram,218.78,49.86,0.15,33.03,0.4,0.0,0.7,2.88,129.0,158.98,123.24
661,2017,19,Kerala,Thiruvananthapuram,218.78,49.86,0.17,32.21,0.47,0.0,0.85,2.86,129.6,156.08,120.43
662,2016,19,Kerala,Kasaragod,199.17,5.63,3.56,26.16,9.42,0.0,2.45,2.44,144.87,155.79,107.54
662,2017,19,Kerala,Kasaragod,199.17,5.63,3.27,26.73,8.96,0.0,2.06,1.88,146.0,157.91,108.16
663,2016,19,Kerala,Pathanamthitta,265.28,155.21,0.17,18.27,2.15,0.0,2.69,3.78,80.5,103.97,129.16
663,2017,19,Kerala,Pathanamthitta,265.28,155.21,0.16,19.29,2.42,0.0,2.03,3.64,79.92,105.43,131.92
664,2016,19,Kerala,Wayanad,212.97,78.79,0.09,11.79,1.1,0.0,1.2,2.92,112.91,166.88,147.8
664,2017,19,Kerala,Wayanad,212.97,78.79,0.1,11.72,1.1,0.0,1.25,2.44,113.41,168.66,148.72
701,2016,8,Orissa,Balasore,381.0,33.0,10.0,33.0,9.0,16.0,5.0,52.0,198.0,306.0,154.55
701,2017,8,Orissa,Balasore,381.0,33.0,10.0,33.0,9.0,16.0,5.0,59.0,191.0,299.0,156.54
702,2016,8,Orissa,Bolangir,657.0,154.0,23.0,53.0,18.0,46.0,13.0,34.0,312.0,475.0,152.24
702,2017,8,Orissa,Bolangir,657.0,154.0,23.0,53.0,18.0,46.0,13.0,39.0,307.0,432.0,140.72
703,2016,8,Orissa,Cuttack,393.0,79.0,10.0,83.0,10.0,11.0,1.0,34.0,154.0,264.0,171.43
703,2017,8,Orissa,Cuttack,393.0,79.0,10.0,83.0,10.0,11.0,1.0,72.0,116.0,257.0,221.55
704,2016,8,Orissa,Dhenkanal,445.0,174.0,5.0,42.0,4.0,8.0,20.0,33.0,153.0,241.0,157.52
704,2017,8,Orissa,Dhenkanal,445.0,174.0,5.0,42.0,4.0,8.0,20.0,75.0,111.0,229.0,206.31
705,2016,8,Orissa,Ganjam,821.0,315.0,20.0,21.0,11.0,20.0,6.0,3.0,403.0,598.0,148.39
705,2017,8,Orissa,Ganjam,821.0,315.0,20.0,21.0,11.0,20.0,6.0,81.0,325.0,549.0,168.92
706,2016,8,Orissa,Kalahandi,792.0,254.0,57.0,35.0,21.0,23.0,16.0,16.0,362.0,603.0,166.57
706,2017,8,Orissa,Kalahandi,792.0,254.0,57.0,35.0,21.0,23.0,16.0,37.0,341.0,556.0,163.05
707,2016,8,Orissa,Keonjhar,830.0,310.0,93.0,77.0,26.0,20.0,0.0,25.0,273.0,407.0,149.08
707,2017,8,Orissa,Keonjhar,830.0,310.0,93.0,77.0,26.0,20.0,0.0,10.0,288.0,400.0,138.89
708,2016,8,Orissa,Koraput,881.0,188.0,210.0,54.0,44.0,45.0,19.0,12.0,292.0,378.0,129.45
708,2017,8,Orissa,Koraput,881.0,188.0,210.0,54.0,44.0,45.0,19.0,48.0,256.0,379.0,148.05
709,2016,8,Orissa,Mayurbhanja,1042.0,439.0,16.0,58.0,10.0,28.0,13.0,45.0,392.0,476.0,121.43
709,2017,8,Orissa,Mayurbhanja,1042.0,439.0,16.0,58.0,10.0,28.0,13.0,50.0,387.0,507.0,131.01
710,2016,8,Orissa,Phulbani(Kandhamal),802.0,571.0,30.0,9.0,14.0,10.0,6.0,8.0,120.0,179.0,149.17
710,2017,8,Orissa,Phulbani(Kandhamal),802.0,571.0,30.0,9.0,14.0,10.0,6.0,21.0,107.0,165.0,154.21
711,2016,8,Orissa,Puri,348.0,14.0,8.0,115.0,3.0,9.0,1.0,50.0,139.0,228.0,164.03
711,2017,8,Orissa,Puri,348.0,14.0,8.0,115.0,3.0,9.0,1.0,98.0,91.0,217.0,238.46
712,2016,8,Orissa,Sambalpur,666.0,363.0,18.0,38.0,19.0,13.0,17.0,8.0,186.0,287.0,154.3
712,2017,8,Orissa,Sambalpur,666.0,363.0,18.0,38.0,19.0,13.0,17.0,2.0,192.0,268.0,139.58
713,2016,8,Orissa,Sundargarh,971.0,496.0,66.0,29.0,16.0,26.0,0.0,25.0,288.0,389.0,135.07
713,2017,8,Orissa,Sundargarh,971.0,496.0,66.0,29.0,16.0,26.0,0.0,28.0,285.0,373.0,130.88
714,2016,8,Orissa,Bhadrak,250.0,10.0,1.0,33.0,11.0,11.0,5.0,13.0,163.0,208.0,127.61
714,2017,8,Orissa,Bhadrak,250.0,10.0,1.0,33.0,11.0,11.0,5.0,2.0,174.0,217.0,124.71
716,2016,8,Orissa,Jagatsinghapur,167.0,13.0,13.0,13.0,6.0,7.0,7.0,16.0,88.0,186.0,211.36
716,2017,8,Orissa,Jagatsinghapur,167.0,13.0,13.0,13.0,6.0,7.0,7.0,21.0,83.0,183.0,220.48
717,2016,8,Orissa,Jajapur,290.0,72.0,5.0,51.0,4.0,4.0,5.0,13.0,132.0,235.0,178.03
717,2017,8,Orissa,Jajapur,290.0,72.0,5.0,51.0,4.0,4.0,5.0,22.0,123.0,223.0,181.3
718,2016,8,Orissa,Kendrapara,264.0,25.0,5.0,49.0,6.0,8.0,14.0,25.0,127.0,241.0,189.76
718,2017,8,Orissa,Kendrapara,264.0,25.0,5.0,49.0,6.0,8.0,14.0,20.0,132.0,235.0,178.03
719,2016,8,Orissa,Angul,638.0,272.0,7.0,48.0,19.0,36.0,17.0,24.0,192.0,300.0,156.25
719,2017,8,Orissa,Angul,638.0,272.0,7.0,48.0,19.0,36.0,17.0,19.0,197.0,309.0,156.85
720,2016,8,Orissa,Gajapati,433.0,247.0,68.0,12.0,4.0,12.0,6.0,2.0,74.0,140.0,189.19
720,2017,8,Orissa,Gajapati,433.0,247.0,68.0,12.0,4.0,12.0,6.0,0.0,76.0,135.0,177.63
721,2016,8,Orissa,Nuapada,385.0,185.0,2.0,3.0,2.0,2.0,1.0,0.0,189.0,276.0,146.03
721,2017,8,Orissa,Nuapada,385.0,185.0,2.0,3.0,2.0,2.0,1.0,0.0,189.0,275.0,145.5
722,2016,8,Orissa,Malkangiri,579.0,335.0,38.0,23.0,4.0,21.0,15.0,2.0,140.0,212.0,151.43
722,2017,8,Orissa,Malkangiri,579.0,335.0,38.0,23.0,4.0,21.0,15.0,0.0,142.0,217.0,152.82
723,2016,8,Orissa,Nawarangpur,529.0,246.0,9.0,44.0,15.0,8.0,8.0,3.0,183.0,286.0,156.28
723,2017,8,Orissa,Nawarangpur,529.0,246.0,9.0,44.0,15.0,8.0,8.0,0.0,186.0,275.0,147.85
724,2016,8,Orissa,Rayagada,707.0,281.0,38.0,124.0,22.0,26.0,5.0,21.0,172.0,253.0,147.09
724,2017,8,Orissa,Rayagada,707.0,281.0,38.0,124.0,22.0,26.0,5.0,19.0,174.0,243.0,139.66
725,2016,8,Orissa,Khurda,281.0,62.0,15.0,46.0,8.0,5.0,6.0,9.0,120.0,189.0,157.5
725,2017,8,Orissa,Khurda,281.0,62.0,15.0,46.0,8.0,5.0,6.0,28.0,101.0,184.0,182.18
726,2016,8,Orissa,Nayagarh,389.0,208.0,6.0,25.0,5.0,4.0,1.0,6.0,128.0,221.0,172.66
726,2017,8,Orissa,Nayagarh,389.0,208.0,6.0,25.0,5.0,4.0,1.0,15.0,119.0,227.0,190.76
728,2016,8,Orissa,Boudh,310.0,128.0,12.0,21.0,20.0,17.0,4.0,5.0,84.0,129.0,153.57
728,2017,8,Orissa,Boudh,310.0,128.0,12.0,21.0,20.0,17.0,4.0,3.0,86.0,138.0,160.47
729,2016,8,Orissa,Bargarh,584.0,122.0,20.0,47.0,15.0,20.0,6.0,25.0,324.0,425.0,131.17
729,2017,8,Orissa,Bargarh,584.0,122.0,20.0,47.0,15.0,20.0,6.0,25.0,324.0,448.0,138.27
730,2016,8,Orissa,Deogarh,294.0,156.0,6.0,51.0,6.0,5.0,2.0,5.0,62.0,102.0,164.52
730,2017,8,Orissa,Deogarh,294.0,156.0,6.0,51.0,6.0,5.0,2.0,0.0,67.0,113.0,168.66
731,2016,8,Orissa,Jharsuguda,208.0,20.0,17.0,39.0,15.0,20.0,3.0,13.0,75.0,84.0,112.0
731,2017,8,Orissa,Jharsuguda,208.0,20.0,17.0,39.0,15.0,20.0,3.0,28.0,60.0,87.0,145.0
732,2016,8,Orissa,Sonepur,234.0,41.0,12.0,22.0,8.0,13.0,7.0,1.0,127.0,222.0,174.8
732,2017,8,Orissa,Sonepur,234.0,41.0,12.0,22.0,8.0,13.0,7.0,2.0,126.0,222.0,176.19
801,2016,13,West Bengal,24 - Paraganas South,948.71,426.3,0.37,147.29,0.01,0.08,0.2,9.16,360.3,530.68,147.29
801,2017,13,West Bengal,24 - Paraganas South,948.71,426.3,0.3,149.64,0.01,0.06,0.26,9.25,358.44,562.99,157.07
802,2016,13,West Bengal,24 - Paraganas North,386.52,0.09,0.03,131.54,0.04,0.0,0.0,19.11,231.0,489.14,211.75
802,2017,13,West Bengal,24 - Paraganas North,386.52,0.09,0.01,133.15,0.06,0.0,0.0,18.3,230.94,476.32,206.25
803,2016,13,West Bengal,Nadia,390.66,1.23,0.31,89.98,0.37,0.07,0.01,2.45,293.39,678.5,231.26
803,2017,13,West Bengal,Nadia,390.66,1.23,0.29,90.17,0.3,0.06,0.02,1.88,293.57,670.87,228.52
804,2016,13,West Bengal,Murshidabad,532.5,0.77,1.31,128.95,0.23,0.06,0.01,0.78,398.22,983.08,246.87
804,2017,13,West Bengal,Murshidabad,532.5,0.77,1.3,128.45,0.24,0.03,0.01,0.6,398.34,941.0,236.23
805,2016,13,West Bengal,Burdwan,698.76,22.79,0.29,216.53,1.53,0.01,0.16,1.34,455.3,738.26,162.15
805,2017,13,West Bengal,Burdwan,537.3,14.54,0.1,120.99,0.25,0.01,0.08,0.39,400.04,733.94,183.47
806,2016,13,West Bengal,Birbhum,451.12,15.85,0.03,103.58,1.05,0.13,0.71,2.02,327.03,578.72,176.96
806,2017,13,West Bengal,Birbhum,451.12,15.85,0.03,104.02,1.06,0.15,0.75,1.58,326.53,616.73,188.87
807,2016,13,West Bengal,Bankura,688.0,148.93,1.66,164.44,1.62,0.12,0.66,31.17,338.33,520.85,153.95
807,2017,13,West Bengal,Bankura,688.0,148.93,1.5,163.15,1.97,0.13,0.5,31.0,339.87,535.01,157.42
810,2016,13,West Bengal,Hooghly,313.38,0.29,0.04,99.3,0.46,0.06,0.0,0.74,210.85,512.64,243.13
810,2017,13,West Bengal,Hooghly,313.38,0.29,0.03,99.4,0.44,0.05,0.0,0.52,210.89,522.26,247.65
811,2016,13,West Bengal,Howrah,138.68,0.0,0.0,51.13,0.08,0.0,0.15,3.38,82.44,165.51,200.76
811,2017,13,West Bengal,Howrah,138.68,0.0,0.0,52.2,0.08,0.0,0.2,2.64,82.22,162.1,197.15
812,2016,13,West Bengal,Jalpaiguri,339.5,64.39,0.44,64.71,0.2,0.0,0.0,3.82,203.7,360.03,176.75
812,2017,13,West Bengal,Jalpaiguri,339.5,64.39,0.5,65.21,0.02,0.01,0.0,2.8,203.77,334.42,164.12
813,2016,13,West Bengal,Darjeeling,325.47,124.58,2.62,41.64,1.37,0.51,2.34,12.06,137.45,202.25,147.14
813,2017,13,West Bengal,Darjeeling,220.11,67.66,0.74,25.55,0.5,0.05,0.77,8.01,115.27,153.4,133.08
814,2016,13,West Bengal,Malda,370.86,1.68,0.2734880202572505,83.56,0.06,1.6186320920281556,0.33,45.9,236.66,465.55,196.72
814,2017,13,West Bengal,Malda,370.86,1.68,0.0,84.84,0.09,0.0,0.06,48.8,233.68,470.66,201.41
815,2016,13,West Bengal,Kalimpong,495.2547590361511,100.15693293238732,27.469007328498318,45.91524735130524,19.29845310275758,16.39424005634292,19.288192843404904,24.66877272739708,236.6986186743286,344.9852893955081,160.38695573614285
815,2017,13,West Bengal,Kalimpong,105.36,56.91,1.52,17.71,0.55,0.3,0.79,2.81,23.26,54.27,233.32
816,2016,13,West Bengal,Cooch Behar,331.57,4.26,2.2245887216066382,64.14,0.18,0.01,2.862869398738038,0.8,256.13,509.46,198.91
816,2017,13,West Bengal,Cooch Behar,331.57,4.26,0.0,63.8,0.18,0.0,0.0,0.9,256.93,539.3,209.9
817,2016,13,West Bengal,Purulia,625.65,75.05,1.48,112.13,5.05,0.78,4.07,113.11,309.25,355.5,114.96
817,2017,13,West Bengal,Purulia,625.65,75.05,1.1,109.54,5.11,0.73,3.08,112.84,313.61,367.51,117.19
819,2016,13,West Bengal,Uttar Dinajpur,312.47,0.58,0.02,35.24,0.18,6.836017349228406,0.02,0.32,274.38,508.16,185.2
819,2017,13,West Bengal,Uttar Dinajpur,312.47,0.58,0.03,35.74,0.17,0.0,0.01,0.2,273.84,527.71,192.71
820,2016,13,West Bengal,Dakshin Dinajpur,221.91,0.93,0.02,32.12,0.15,4.199386108555637,0.08,0.05,188.12,305.24,162.26
820,2017,13,West Bengal,Dakshin Dinajpur,221.91,0.93,0.01,32.74,0.02,0.01,0.07,0.06,187.49,409.39,218.35
821,2016,13,West Bengal,Kolkata,495.2547590361511,100.15693293238732,27.469007328498318,45.91524735130524,19.29845310275758,16.39424005634292,19.288192843404904,24.66877272739708,236.6986186743286,344.9852893955081,160.38695573614285
821,2017,13,West Bengal,Kolkata,495.2547590361511,100.15693293238732,27.469007328498318,45.91524735130524,19.29845310275758,16.39424005634292,19.288192843404904,24.66877272739708,236.6986186743286,344.9852893955081,160.38695573614285
823,2016,13,West Bengal,East Midnapore Purba Midnapore,396.59,0.9,0.1,105.58,0.01,0.02,0.02,0.75,287.62,525.53,182.72
823,2017,13,West Bengal,East Midnapore Purba Midnapore,396.59,0.9,0.58,105.81,0.03,0.05,0.02,0.9,286.6,516.22,180.12
824,2016,13,West Bengal,West Midnapore,928.58,171.94,0.77,163.86,2.12,0.54,0.87,63.57,520.25,1004.58,193.1
824,2017,13,West Bengal,West Midnapore,622.76,82.11,0.71,121.17,1.92,0.47,0.52,29.36,383.88,851.45,221.8
902,2016,2,Bihar,Muzaffarpur,315.35,15.832005776630346,5.27,63.43,0.3,0.02,1.33,24.9,202.61,299.71,147.92
902,2017,2,Bihar,Muzaffarpur,315.35,0.0,5.27,63.44,0.29,0.02,1.33,24.9,202.6,299.6,147.88
903,2016,2,Bihar,Darbhanga,254.08,9.301458677911995,1.3,61.05,0.13,0.14,2.13,25.01,151.87,178.25,117.37
903,2017,2,Bihar,Darbhanga,254.08,0.0,1.3,61.06,0.13,0.14,2.12,29.4,147.48,171.92,116.57
904,2016,2,Bihar,Saharsa,164.56,2.5746749623832983,10.79,29.34,0.4,1.12,3.71,16.16,98.63,184.82,187.39
904,2017,2,Bihar,Saharsa,164.56,0.0,10.79,29.25,0.36,1.12,3.71,28.2,86.71,169.32,195.27
905,2016,2,Bihar,Purnea,313.88,0.11,12.33,46.55,1.11,0.04,4.64,51.02,189.17,238.96,126.32
905,2017,2,Bihar,Purnea,313.88,0.11,12.33,46.55,1.11,0.04,4.64,65.2,174.98,194.8,111.33
906,2016,2,Bihar,Saran,264.89,100.86084437890429,17.92,32.49,0.15,0.14,3.62,30.5,171.45,215.86,125.9
906,2017,2,Bihar,Saran,264.89,0.0,17.92,32.5,0.15,0.14,3.62,45.51,156.44,191.75,122.57
907,2016,2,Bihar,Patna,317.24,0.06,12.37,80.22,0.72,0.1,1.52,63.47,157.74,200.06,126.83
907,2017,2,Bihar,Patna,317.24,0.06,12.37,80.23,0.71,0.1,1.52,45.5,175.71,218.93,124.6
908,2016,2,Bihar,Mungair,139.79,28.52,11.44,32.01,0.92,0.18,1.86,22.12,42.13,48.45,115.0
908,2017,2,Bihar,Mungair,139.79,28.52,11.44,32.01,0.92,0.18,1.86,21.86,42.39,48.71,114.91
909,2016,2,Bihar,Bhagalpur,254.3,0.08,22.4,71.02,2.25,0.61,4.87,19.34,126.98,155.02,122.08
909,2017,2,Bihar,Bhagalpur,254.3,0.08,22.4,71.0,2.25,0.61,4.87,23.34,123.0,149.29,121.37
910,2016,15,Jharkhand,Santhal Paragana Dumka,377.52,48.87,25.72,32.28,22.5,18.16,46.0,122.31,55.72,84.91,152.39
910,2017,15,Jharkhand,Santhal Paragana Dumka,377.52,48.87,25.72,32.28,22.5,18.16,46.19,122.31,55.52,85.36,153.75
912,2016,2,Bihar,Gaya,493.77,77.84,27.54,73.27,3.24,2.05,11.25,110.88,183.79,214.92,116.94
912,2017,2,Bihar,Gaya,493.77,77.84,27.54,73.17,3.24,2.05,11.24,111.88,182.9,212.87,116.39
913,2016,15,Jharkhand,Hazaribagh,431.32,203.67,19.73,24.35,7.57,4.66,57.09,57.36,52.26,62.58,119.75
913,2017,15,Jharkhand,Hazaribagh,431.31,203.67,19.55,24.27,7.57,4.67,59.98,52.87,53.94,64.04,118.72
914,2016,15,Jharkhand,Dhanbad,204.16,18.93,31.1,48.16,11.38,0.48,50.26,33.43,8.28,11.52,139.13
914,2017,15,Jharkhand,Dhanbad,204.16,18.93,29.12,48.41,14.26,5.91,43.16,30.25,10.13,12.54,123.86
915,2016,15,Jharkhand,Palamau,460.43,169.82,25.6,23.15,7.79,3.15,0.0,89.59,141.33,180.09,127.43
915,2017,15,Jharkhand,Palamau,460.43,169.82,25.6,27.75,7.79,3.17,11.41,89.3,124.31,150.13,120.77
916,2016,15,Jharkhand,Ranchi,497.31,99.58,26.28,31.37,28.72,1.37,6.61,100.92,199.05,252.45,126.83
916,2017,15,Jharkhand,Ranchi,497.31,99.58,25.77,32.05,28.09,1.37,92.21,99.86,115.05,265.07,230.39
918,2016,2,Bihar,Nalanda,232.73,4.64,1.16,45.49,0.19,0.0,0.13,0.3,179.52,258.46,143.97
918,2017,2,Bihar,Nalanda,232.73,4.64,1.16,45.42,0.19,0.0,0.12,6.26,173.64,252.2,145.24
919,2016,2,Bihar,Nawada,248.73,63.78,11.24,35.79,1.09,0.86,2.62,12.35,120.3,137.93,114.66
919,2017,2,Bihar,Nawada,248.73,63.78,11.24,35.71,1.09,0.85,2.61,12.85,119.88,137.37,114.59
920,2016,2,Bihar,Aurangabad,330.01,18.76,16.41,59.67,1.8,0.54,1.12,25.71,205.34,287.06,139.8
920,2017,2,Bihar,Aurangabad,330.01,18.76,16.41,59.68,1.8,0.54,1.11,25.42,205.62,287.35,139.75
921,2016,2,Bihar,Bhojpur,237.34,100.86084437890429,6.7,34.68,0.59,0.06,2.35,19.53,171.36,182.72,106.63
921,2017,2,Bihar,Bhojpur,237.34,0.0,6.7,34.69,0.59,0.06,2.34,4.53,186.36,199.26,106.92
922,2016,2,Bihar,Rohtas,390.72,66.72,16.83,53.98,1.08,0.09,0.7,1.38,247.02,352.68,142.77
922,2017,2,Bihar,Rohtas,390.72,66.72,16.83,53.99,1.08,0.09,0.69,3.28,245.1,349.79,142.71
923,2016,2,Bihar,Siwan,224.41,4.8454360821091935,8.74,33.31,0.68,0.15,1.41,9.22,161.95,224.17,138.42
923,2017,2,Bihar,Siwan,224.41,0.0,8.74,33.3,0.68,0.15,1.41,6.82,164.35,226.07,137.55
924,2016,2,Bihar,Gopalganj,203.77,3.1933010058210307,5.52,33.87,1.38,0.19,2.32,13.73,139.28,207.21,148.77
924,2017,2,Bihar,Gopalganj,203.77,0.0,5.52,33.86,1.38,0.19,2.32,13.55,139.48,207.39,148.69
925,2016,2,Bihar,Champaran(East),431.72,0.12,8.08,76.91,0.24,0.42,2.93,33.15,282.69,412.05,145.76
925,2017,2,Bihar,Champaran(East),431.72,0.12,8.08,76.93,0.24,0.42,2.92,32.35,283.47,412.85,145.64
926,2016,2,Bihar,Champaran(West),484.35,91.75,2.92,95.19,1.22,1.12,2.2,35.6,247.86,399.85,161.32
926,2017,2,Bihar,Champaran(West),484.35,91.75,2.92,95.21,1.22,1.12,2.19,41.61,241.84,391.15,161.74
927,2016,2,Bihar,Vaishali,201.45,11.385894302658642,24.1,38.33,0.13,0.32,0.26,7.66,120.85,177.67,147.02
927,2017,2,Bihar,Vaishali,201.45,0.0,24.1,38.26,0.13,0.32,0.26,4.68,123.91,181.48,146.46
928,2016,2,Bihar,Sitamarhi,221.89,19.6741734866931,1.75,63.68,0.11,1.34,0.47,14.07,126.51,231.46,182.96
928,2017,2,Bihar,Sitamarhi,221.89,0.0,1.75,63.68,0.11,1.34,0.47,12.95,127.62,232.78,182.4
929,2016,2,Bihar,Madhubani,353.5,38.1937898577526,2.24,86.94,0.49,1.26,2.89,2.52,233.22,341.92,146.61
929,2017,2,Bihar,Madhubani,353.5,0.0,2.24,86.92,0.49,1.26,2.89,3.16,232.6,340.09,146.21
930,2016,2,Bihar,Samastipur,262.39,31.604977851179292,3.81,63.74,20.230338993740848,0.06,0.89,26.12,159.47,286.36,179.57
930,2017,2,Bihar,Samastipur,262.39,0.0,3.81,63.73,0.0,0.06,0.88,9.87,175.73,307.83,175.17
931,2016,2,Bihar,Begusarai,187.83,5.918322881853129,17.96,41.89,0.04,0.01,0.8,10.2,113.12,168.77,149.2
931,2017,2,Bihar,Begusarai,187.83,0.0,17.96,41.89,0.03,0.01,0.8,15.74,107.59,157.71,146.58
932,2016,2,Bihar,Katihar,291.35,1.79,22.11,58.46,0.63,0.12,5.88,7.23,184.01,267.99,145.64
932,2017,2,Bihar,Katihar,291.35,1.79,22.11,58.48,0.62,0.12,5.88,57.19,134.03,201.32,150.21
933,2016,15,Jharkhand,Giridih,493.25,158.53,39.54,33.88,21.32,14.23,53.38,121.63,41.0,143.46,349.9
933,2017,15,Jharkhand,Giridih,493.25,158.53,39.53,33.88,21.32,14.23,53.38,71.63,91.0,132.44,145.54
934,2016,2,Bihar,Jehanabad,94.04,0.64,3.27,15.26,0.14,0.08,0.2,31.07,42.66,78.91,184.97
934,2017,2,Bihar,Jehanabad,94.04,0.64,3.27,15.27,0.13,0.07,0.2,32.02,41.71,77.32,185.38
935,2016,2,Bihar,Madhepura,179.59,27.973974543003308,3.92,31.89,20.230338993740848,0.04,0.99,12.39,123.19,181.75,147.54
935,2017,2,Bihar,Madhepura,179.59,0.0,3.92,31.9,0.0,0.04,0.98,8.4,127.18,187.92,147.76
936,2016,2,Bihar,Khagaria,149.34,4.29155643086734,13.59,31.2,0.61,0.21,2.15,3.88,94.59,135.14,142.87
936,2017,2,Bihar,Khagaria,149.34,0.0,13.59,31.2,0.61,0.21,2.15,9.92,88.56,126.23,142.54
937,2016,15,Jharkhand,Godda,231.84,23.67,24.33,3.74,1.67,1.16,50.03,53.63,72.31,85.9,118.79
937,2017,15,Jharkhand,Godda,231.84,23.67,17.61,24.67,9.17,6.26,22.74,69.0,50.27,60.62,120.57
938,2016,15,Jharkhand,Sahebganj,198.78,28.32,11.31,19.69,6.57,0.46,36.57,44.7,48.1,48.62,101.08
938,2017,15,Jharkhand,Sahebganj,198.78,28.32,21.5,15.82,5.06,2.62,44.91,43.05,35.16,42.37,120.52
940,2016,15,Jharkhand,Devghar Deogarh,243.7,19.4,15.35,20.83,19.46,10.54,48.42,59.72,47.72,48.24,101.09
940,2017,15,Jharkhand,Devghar Deogarh,243.69,19.4,15.41,21.24,19.42,10.28,58.48,46.65,48.82,52.76,108.06
941,2016,15,Jharkhand,Lohardagga,153.62,44.36,10.94,14.18,7.96,0.03,17.57,17.52,36.88,50.9,138.02
941,2017,15,Jharkhand,Lohardagga,153.62,44.35,10.97,16.3,9.65,0.03,18.43,21.53,27.81,48.32,173.75
942,2016,15,Jharkhand,Gumla,534.32,135.34,36.28,24.42,31.67,2.06,78.53,88.75,131.21,288.19,219.64
942,2017,15,Jharkhand,Gumla,534.32,135.34,37.04,26.6,30.93,3.78,54.11,50.2,182.07,258.95,142.23
943,2016,15,Jharkhand,Singhbhum East,556.7,124.85,49.07,142.81,40.35,2.74,45.07,85.48,61.09,62.37,102.1
943,2017,15,Jharkhand,Singhbhum East,556.7,124.85,50.45,144.58,45.57,3.19,32.63,59.12,88.47,100.04,113.07
944,2016,15,Jharkhand,Singhbhum West,567.77,142.34,56.83,47.61,38.22,6.81,82.69,98.08,86.03,117.55,136.64
944,2017,15,Jharkhand,Singhbhum West,567.77,142.34,56.83,47.61,38.22,6.86,83.38,98.05,85.03,132.26,155.54
945,2016,2,Bihar,Araria,271.71,0.84,5.01,52.86,0.54,0.21,3.46,73.21,116.43,238.0,204.41
945,2017,2,Bihar,Araria,271.71,0.84,5.01,52.87,0.54,0.21,3.45,51.19,138.44,264.88,191.33
946,2016,2,Bihar,Kishanganj,189.08,0.35,11.2,35.9,1.16,0.4,2.99,30.89,100.96,143.11,141.75
946,2017,2,Bihar,Kishanganj,189.08,0.35,11.2,35.9,1.16,0.4,2.99,30.14,101.7,143.86,141.46
947,2016,2,Bihar,Buxar,167.0,100.86084437890429,2.18,17.54,0.64,0.02,0.56,0.57,144.72,203.02,140.28
947,2017,2,Bihar,Buxar,167.0,0.0,2.18,17.55,0.61,0.02,0.56,3.57,141.73,198.6,140.13
948,2016,2,Bihar,Bhabhua Kaimur,342.45,113.04,19.26,35.16,1.85,0.12,0.09,24.49,147.68,219.52,148.65
948,2017,2,Bihar,Bhabhua Kaimur,342.45,113.04,19.26,35.26,1.84,0.12,0.09,34.59,137.49,202.92,147.59
949,2016,2,Bihar,Banka,305.62,46.31,42.96,42.9,7.88,1.05,11.13,22.71,123.22,160.16,129.98
949,2017,2,Bihar,Banka,305.62,46.31,42.96,42.87,7.88,1.05,11.13,25.61,120.36,154.63,128.47
950,2016,2,Bihar,Jamui,305.29,92.86,28.57,44.56,10.28,1.64,15.98,33.55,75.72,141.95,187.47
950,2017,2,Bihar,Jamui,305.29,92.86,28.57,44.55,10.28,1.64,15.98,38.54,70.74,126.17,178.36
951,2016,2,Bihar,Supaul,238.6,17.2222708252034,20.23,52.1,1.43,0.24,9.41,4.78,147.29,243.27,165.16
951,2017,2,Bihar,Supaul,238.6,0.0,20.23,52.1,1.43,0.24,9.41,1.72,150.35,252.29,167.8
952,2016,15,Jharkhand,Chatra,382.05,216.91,18.27,14.52,4.57,1.13,44.03,48.67,32.06,39.17,122.18
952,2017,15,Jharkhand,Chatra,382.05,216.91,21.5,15.82,5.06,2.62,45.91,43.05,28.83,34.68,120.3
953,2016,15,Jharkhand,Bokaro,288.99,74.18,37.22,31.46,11.25,4.86,50.68,44.8,29.39,41.19,140.15
953,2017,15,Jharkhand,Bokaro,288.99,74.18,36.33,31.75,10.12,4.86,51.29,47.81,27.31,34.23,125.38
954,2016,15,Jharkhand,Gadva Garhwa,428.83,191.16,26.84,22.99,9.73,2.96,61.46,44.2,66.43,91.38,137.56
954,2017,15,Jharkhand,Gadva Garhwa,428.83,191.16,25.99,21.36,9.71,2.96,64.34,38.04,71.65,88.7,123.79
955,2016,15,Jharkhand,Khodrama Koderma,157.0,59.35,8.27,9.78,3.55,2.0,22.5,37.11,13.44,13.77,102.46
955,2017,15,Jharkhand,Khodrama Koderma,157.0,59.35,8.88,10.28,3.56,2.08,34.1,29.04,8.83,14.1,159.7
956,2016,2,Bihar,Lakhisarai,128.6,13.45,7.01,15.32,0.69,0.05,6.26,34.28,51.12,71.34,139.55
956,2017,2,Bihar,Lakhisarai,128.6,13.45,7.01,15.26,0.69,0.05,6.25,29.26,56.21,77.29,137.5
957,2016,15,Jharkhand,Pakund Pakur,180.56,14.68,10.89,15.98,9.57,6.9,33.13,36.77,48.75,59.42,121.89
957,2017,15,Jharkhand,Pakund Pakur,180.56,14.68,10.89,15.92,10.49,6.91,32.7,40.17,44.9,94.94,211.44
958,2016,2,Bihar,Sheikapura,62.08,100.86084437890429,1.02,10.65,0.22,16.479833968248293,1.61,5.28,43.0,54.71,127.23
958,2017,2,Bihar,Sheikapura,62.08,0.0,1.02,10.65,0.22,0.0,1.6,1.26,47.01,60.65,129.02
960,2016,2,Bihar,Sheohar,43.48,0.3312578212755497,0.41,11.41,0.02,16.479833968248293,0.82,4.01,23.14,45.4,196.2
960,2017,2,Bihar,Sheohar,43.48,0.0,0.41,11.41,0.02,0.0,0.81,3.78,23.37,45.63,195.25
961,2016,2,Bihar,Arwal,62.63,100.86084437890429,2.18,10.57,0.08,0.14,1.55,4.77,42.4,65.73,155.02
961,2017,2,Bihar,Arwal,62.63,0.0,2.18,10.58,0.08,0.13,1.55,3.47,43.7,64.98,148.7
962,2016,15,Jharkhand,Jamtara,180.7,14.04,9.22,22.75,14.38,14.24,39.39,13.3,51.43,61.93,120.42
962,2017,15,Jharkhand,Jamtara,180.7,14.04,9.21,16.93,14.38,14.24,39.35,16.13,54.47,65.26,119.81
963,2016,15,Jharkhand,Latehar,383.49,195.02,25.51,14.13,14.19,1.34,42.95,60.44,27.06,59.39,219.48
963,2017,15,Jharkhand,Latehar,383.49,195.02,24.76,14.95,14.38,1.48,47.95,47.88,33.8,63.7,188.44
964,2016,15,Jharkhand,Sariakela Kharsawan,237.23,64.97,16.48,21.56,11.09,3.44,19.22,41.47,55.82,59.73,107.0
964,2017,15,Jharkhand,Sariakela Kharsawan,237.23,64.97,16.48,21.56,12.32,3.44,28.27,34.55,52.03,53.24,102.33
965,2016,15,Jharkhand,Simdega,379.43,103.67,21.74,19.54,15.18,2.75,64.47,58.35,81.69,84.73,103.72
965,2017,15,Jharkhand,Simdega,379.43,103.67,21.74,19.54,15.18,2.75,72.05,56.62,75.83,83.76,110.46
999,2016,11,Tamil Nadu,Chennai,17.1,0.3,27.72597024606415,16.8,20.230338993740848,16.479833968248293,19.490427763081968,0.9529537139066893,83.39372867995664,163.53924679104847,158.4141837853604
999,2017,11,Tamil Nadu,Chennai,17.1,0.3,27.72597024606415,16.8,20.230338993740848,16.479833968248293,19.490427763081968,0.9529537139066893,83.39372867995664,163.53924679104847,158.4141837853604
1001,2016,3,Gujarat,Anand,277.7,0.0,21.4,40.6,8.3,13.6,1.1,5.9,186.8,391.9,209.8
1001,2017,3,Gujarat,Anand,277.7,0.0,21.4,40.8,8.3,13.6,1.9,7.9,183.8,384.1,208.98
1002,2016,3,Gujarat,Dahod,364.2,93.7,11.1,20.5,4.3,8.4,0.4,2.0,223.7,350.8,156.82
1002,2017,3,Gujarat,Dahod,364.2,93.7,11.1,20.5,4.3,8.5,0.4,2.0,223.6,377.9,169.01
1003,2016,3,Gujarat,Narmada,281.5,106.8,8.3,32.1,4.8,8.1,4.6,3.0,113.8,127.1,111.69
1003,2017,3,Gujarat,Narmada,281.5,106.9,8.3,32.1,5.4,8.1,4.6,3.0,113.0,125.3,110.88
1004,2016,3,Gujarat,Navsari,221.1,31.7,11.2,34.8,2.8,14.2,0.0,17.7,108.2,132.3,122.27
1004,2017,3,Gujarat,Navsari,221.1,31.7,11.4,34.8,4.0,14.1,0.0,17.8,106.8,114.2,106.93
1005,2016,3,Gujarat,Patan,577.1,55.7,15.6,53.6,9.2,31.7,0.0,56.3,354.9,505.4,142.41
1005,2017,3,Gujarat,Patan,577.1,55.7,15.6,53.5,6.6,30.7,0.0,54.5,360.4,543.9,150.92
1006,2016,3,Gujarat,Porbandar,231.2,29.6,18.6,25.2,4.7,25.5,0.0,17.0,110.6,187.1,169.17
1006,2017,3,Gujarat,Porbandar,231.2,29.6,18.6,25.2,4.7,25.5,0.0,16.7,110.9,203.0,183.05
1007,2016,4,Haryana,Fatehabad,249.0,4.0,2.0,20.0,0.0,0.0,1.0,0.0,221.0,431.0,195.02
1007,2017,4,Haryana,Fatehabad,249.0,0.0,1.0,25.0,0.0,0.0,2.0,0.0,221.0,432.0,195.48
1008,2016,4,Haryana,Jhajjar,191.0,0.0,15.0,8.0,0.0,0.0,7.0,10.0,151.0,205.0,135.76
1008,2017,4,Haryana,Jhajjar,191.0,0.0,9.0,0.0,0.0,0.0,16.0,25.0,141.0,248.0,175.89
1009,2016,4,Haryana,Panchkula,57.0,1.0,7.0,11.0,9.0,0.0,1.0,5.0,22.0,39.0,177.27
1009,2017,4,Haryana,Panchkula,57.0,1.0,1.0,10.0,7.0,0.0,9.0,5.0,22.0,43.0,195.45
1010,2016,5,Karnataka,Bagalkote,658.88,81.13,24.81,29.85,2.04,3.43,9.93,38.58,468.84,604.73,128.98
1010,2017,5,Karnataka,Bagalkote,658.88,81.13,24.81,29.85,2.04,3.43,14.95,34.4,467.99,609.72,130.28
1011,2016,5,Karnataka,Chamaraja Nagar,569.9,275.61,21.43,24.63,7.64,22.75,11.86,69.54,131.7,151.46,115.0
1011,2017,5,Karnataka,Chamaraja Nagar,569.9,275.61,21.43,24.63,7.64,22.75,9.86,49.26,153.99,193.66,125.76
1012,2016,5,Karnataka,Davanagere,597.6,89.92,19.63,39.89,8.53,19.54,4.83,26.56,383.77,405.14,105.57
1012,2017,5,Karnataka,Davanagere,597.6,89.92,19.63,40.08,8.43,19.54,4.33,67.97,343.19,417.16,121.55
1013,2016,5,Karnataka,Gadag,465.72,32.61,12.02,11.37,1.01,2.6,3.04,26.26,376.54,572.2,151.96
1013,2017,5,Karnataka,Gadag,465.72,32.61,12.02,11.37,1.01,2.6,3.04,28.55,374.24,505.84,135.16
1014,2016,5,Karnataka,Haveri,485.16,47.45,5.79,33.43,2.99,12.21,7.93,18.49,354.57,423.12,119.33
1014,2017,5,Karnataka,Haveri,485.16,47.45,5.79,33.48,2.99,12.21,8.77,14.93,357.24,413.77,115.82
1015,2016,5,Karnataka,Koppal,552.5,29.45,23.64,49.63,2.57,17.84,38.03,30.81,360.32,418.33,116.1
1015,2017,5,Karnataka,Koppal,552.5,29.45,23.64,49.64,2.57,17.84,19.61,18.94,390.6,484.78,124.11
1016,2016,5,Karnataka,Udupi,356.45,100.1,11.6,42.28,36.93,10.63,9.74,3.41,97.45,107.83,110.65
1016,2017,5,Karnataka,Udupi,356.45,100.1,11.6,42.39,36.7,10.62,10.46,2.81,97.83,108.34,110.74
1017,2016,9,Punjab,S.B.S Nagar,126.62,16.42,27.72597024606415,10.21,20.230338993740848,4.268701805265373,1.36,2.37,96.26,186.29,193.53
1017,2017,9,Punjab,S.B.S Nagar,126.62,16.42,0.0,10.21,0.0,0.0,1.36,2.37,96.26,177.77,184.68
1018,2016,9,Punjab,Shri Mukatsar Sahib,263.93,1.77,4.34,15.1,1.83,1.9324677597660624,19.490427763081968,12.78,228.12,452.62,198.41
1018,2017,9,Punjab,Shri Mukatsar Sahib,263.93,1.77,4.34,15.1,1.83,0.0,0.0,15.16,225.74,452.36,200.39
1019,2016,9,Punjab,Moga,223.41,2.58,0.95,24.72,20.230338993740848,6.145272604929556,19.490427763081968,1.9,193.27,383.62,198.49
1019,2017,9,Punjab,Moga,223.41,2.15,0.95,24.76,0.0,0.0,0.0,1.65,193.9,386.43,199.29
1020,2016,10,Rajasthan,Karoli,504.3,172.71,48.79,24.05,11.19,30.67,9.82,7.45,199.47,332.22,166.55
1020,2017,10,Rajasthan,Karoli,504.3,173.59,48.05,23.57,11.4,30.66,10.67,19.53,186.64,303.69,162.71
1022,2016,11,Tamil Nadu,Karur,289.56,6.19,2.79,37.63,65.13,10.8,72.3,45.54,46.84,47.46,101.32
1022,2017,11,Tamil Nadu,Karur,289.56,6.19,2.79,37.66,65.13,10.8,66.13,23.09,75.43,77.78,103.11
1023,2016,11,Tamil Nadu,Namakkal,336.72,43.91,24.54,38.76,4.76,6.67,11.69,60.69,141.93,162.03,114.16
1023,2017,11,Tamil Nadu,Namakkal,336.72,43.91,24.54,38.76,4.78,6.66,14.08,52.27,148.0,202.85,137.06
1024,2016,11,Tamil Nadu,Perambular,175.74,16.28,2.79,28.55,4.33,0.15,8.81,17.49,96.14,98.38,102.33
1024,2017,11,Tamil Nadu,Perambular,175.74,16.28,2.79,28.54,4.17,0.15,7.78,15.22,99.65,106.09,106.46
1025,2016,11,Tamil Nadu,Theni,324.23,134.81,12.22,24.62,2.82,0.31,25.77,12.91,109.36,115.48,105.6
1025,2017,11,Tamil Nadu,Theni,324.23,134.81,12.23,24.62,2.62,0.32,26.35,12.38,109.51,114.59,104.63
1026,2016,11,Tamil Nadu,Tiruvarur,209.71,2.45,0.11,37.32,1.2,0.79,8.57,2.26,154.91,282.41,182.31
1026,2017,11,Tamil Nadu,Tiruvarur,209.71,2.45,0.11,37.32,1.19,0.79,7.12,2.44,156.22,293.75,188.05
1027,2016,11,Tamil Nadu,Thiruvallur,342.24,19.74,13.57,109.99,6.93,8.14,45.09,33.04,99.33,147.6,148.6
1027,2017,11,Tamil Nadu,Thiruvallur,342.24,19.74,13.57,109.99,6.93,8.14,53.62,27.72,96.09,151.08,157.23
1028,2016,12,Uttar Pradesh,Ambedkar Nagar,236.2,0.33,3.32,41.97,4.05,0.66,2.42,5.84,173.7,291.19,167.64
1028,2017,12,Uttar Pradesh,Ambedkar Nagar,236.2,0.33,3.32,42.09,4.47,0.59,2.61,6.82,173.69,291.42,167.78
1029,2016,12,Uttar Pradesh,Kushi Nagar Padrauna,291.47,0.82,2.81,52.99,2.28,0.31,5.05,6.37,216.81,340.12,156.87
1029,2017,12,Uttar Pradesh,Kushi Nagar Padrauna,291.47,0.82,2.79,53.09,2.28,0.35,3.35,7.62,216.81,340.12,156.88
1030,2016,16,Uttarakhand,Udham Singh Nagar,281.81,93.84,1.18,33.35,3.36,0.05,4.74,6.9,137.27,258.33,188.19
1030,2017,16,Uttarakhand,Udham Singh Nagar,281.81,93.84,1.05,34.68,2.69,0.11,4.78,6.32,137.72,260.53,189.17
1031,2016,12,Uttar Pradesh,Auraiya,206.13,10.28,6.54,22.45,4.34,1.3,6.37,8.76,145.11,254.62,175.47
1031,2017,12,Uttar Pradesh,Auraiya,206.13,10.28,6.54,22.53,4.5,1.31,10.2,5.85,143.94,250.6,174.1
1032,2016,16,Uttarakhand,Bageshwar,207.9,110.16,6.5,4.74,10.93,21.44,1.56,0.46,24.0,39.93,166.38
1032,2017,16,Uttarakhand,Bageshwar,207.9,110.16,6.7,4.88,11.29,20.74,0.84,0.05,24.41,42.6,174.52
1033,2016,12,Uttar Pradesh,Bagpat,134.98,1.63,1.85,19.08,2.49,0.1,0.79,1.58,107.35,174.42,162.48
1033,2017,12,Uttar Pradesh,Bagpat,134.98,1.63,1.84,19.11,2.43,0.1,0.69,1.52,107.53,174.27,162.06
1034,2016,12,Uttar Pradesh,Balrampur,324.7,58.8,3.58,35.19,2.08,0.27,0.21,3.17,216.22,360.81,166.87
1034,2017,12,Uttar Pradesh,Balrampur,324.7,58.8,3.58,35.31,2.16,0.31,0.65,2.04,216.24,361.23,167.05
1035,2016,16,Uttarakhand,Champavat,233.23,132.34,7.49,4.56,15.97,16.65,10.03,5.64,17.15,26.85,156.56
1035,2017,16,Uttarakhand,Champavat,233.23,132.34,7.38,4.61,15.72,17.73,10.22,5.76,16.89,25.79,152.69
1036,2016,12,Uttar Pradesh,Chandauli,253.37,77.4,2.28,28.59,1.04,0.02,3.3,11.88,127.81,233.54,182.72
1036,2017,12,Uttar Pradesh,Chandauli,253.37,77.4,2.26,28.71,1.04,0.02,4.46,10.6,127.77,233.49,182.74
1037,2016,12,Uttar Pradesh,Chitrakoot,338.9,59.77,19.99,31.79,13.05,0.04,5.65,28.05,158.43,182.88,115.43
1037,2017,12,Uttar Pradesh,Chitrakoot,338.9,59.77,19.15,31.92,13.05,0.05,8.2,28.09,156.53,182.33,116.48
1038,2016,12,Uttar Pradesh,G.B.Nagar,125.42,1.87,1.89,41.28,1.74,0.5,8.07,16.95,52.89,102.2,193.23
1038,2017,12,Uttar Pradesh,G.B.Nagar,125.42,1.87,1.89,46.52,1.75,0.43,9.15,10.65,52.89,101.87,192.6
1039,2016,12,Uttar Pradesh,Hathras,180.16,1.8,2.01,20.81,1.15,1.02,2.34,1.56,149.23,255.64,171.31
1039,2017,12,Uttar Pradesh,Hathras,180.16,1.8,2.0,20.86,1.11,0.95,1.65,2.23,149.29,255.38,171.06
1040,2016,12,Uttar Pradesh,Amroha J.B.Fulenagar,216.88,21.0,0.41,19.39,0.17,0.19,0.21,0.32,175.09,280.14,160.0
1040,2017,12,Uttar Pradesh,Amroha J.B.Fulenagar,216.88,21.0,0.4,19.57,0.14,0.16,0.1,0.13,175.27,280.95,160.3
1041,2016,12,Uttar Pradesh,Kannauj,208.97,19.05,4.18,22.73,1.69,2.1,1.42,2.17,154.93,263.96,170.37
1041,2017,12,Uttar Pradesh,Kannauj,208.97,19.07,4.15,22.95,1.65,2.04,0.7,2.77,154.94,264.23,170.54
1042,2016,12,Uttar Pradesh,Kushambi,185.5,0.2,8.09,24.48,3.41,0.51,6.07,15.71,123.38,201.52,163.33
1042,2017,12,Uttar Pradesh,Kushambi,185.5,0.2,8.03,24.59,3.4,0.53,7.73,13.49,123.86,202.26,163.29
1043,2016,16,Uttarakhand,Rudraprayag,234.8,180.37,8.65,5.28,2.61,2.78,0.07,0.23,20.6,31.13,151.12
1043,2017,16,Uttarakhand,Rudraprayag,234.8,180.37,8.43,5.61,2.62,2.5,0.06,0.15,20.67,31.26,151.23
1044,2016,12,Uttar Pradesh,Santh Ravi Das Nagar Bhadoi,103.1,0.08,1.91,18.85,0.25,0.29,2.9,10.55,67.73,99.91,147.51
1044,2017,12,Uttar Pradesh,Santh Ravi Das Nagar Bhadoi,103.1,0.08,1.91,19.0,0.78,0.29,4.05,8.67,67.77,101.99,150.49
1045,2016,12,Uttar Pradesh,Santh Kabir Nagar,174.81,4.36,1.7,30.58,1.55,0.11,7.14,13.63,114.04,213.87,187.54
1045,2017,12,Uttar Pradesh,Santh Kabir Nagar,174.81,4.36,1.7,30.61,2.17,0.11,7.43,11.23,113.99,211.12,185.21
1046,2016,12,Uttar Pradesh,Shravasti,192.89,34.35,0.14,24.78,0.13,0.03,2.17,8.73,122.42,195.77,159.92
1046,2017,12,Uttar Pradesh,Shravasti,192.89,34.36,0.15,24.89,0.16,0.02,3.49,7.23,122.42,191.29,156.25
1047,2016,17,Assam,Bongaigaon,109.3,14.03,3.54,14.82,3.02,6.19,3.73,2.29,59.43,93.6,157.5
1047,2017,17,Assam,Bongaigaon,109.3,14.03,3.28,14.75,3.24,5.37,3.73,2.29,59.95,88.87,148.24
1048,2016,17,Assam,Dhemaji,323.7,59.36,49.47,87.51,17.06,15.81,3.89,1.56,70.93,117.76,166.02
1048,2017,17,Assam,Dhemaji,323.7,59.36,49.47,87.51,17.06,15.81,3.89,1.56,70.93,111.97,157.86
1049,2016,17,Assam,Hailakandi,132.7,59.01,4.67,10.07,2.92,1.64,0.99,0.99,48.22,72.32,149.98
1049,2017,17,Assam,Hailakandi,132.7,59.01,4.67,10.07,2.92,1.64,0.99,0.99,48.22,69.08,143.26
1050,2016,17,Assam,Marigaon,155.1,6.61,3.57,50.6,0.66,4.28,0.9,4.09,73.55,130.53,177.47
1050,2017,17,Assam,Marigaon,155.1,6.61,4.48,43.83,6.34,4.28,0.9,4.09,73.55,128.66,174.93
1051,2016,17,Assam,Tinsukia,379.0,126.47,51.39,33.76,3.68,5.64,8.99,4.25,130.71,149.33,114.25
1051,2017,17,Assam,Tinsukia,379.0,126.47,51.39,33.76,3.68,5.64,8.99,4.25,130.71,143.35,109.67
1055,2016,14,Chhattisgarh,Dantewara,341.05,147.28,27.35,13.37,24.98,5.1,12.12,11.14,99.71,101.12,101.41
1055,2017,14,Chhattisgarh,Dantewara,341.05,147.34,27.36,11.91,27.39,4.58,12.41,12.26,97.81,99.01,101.23
1056,2016,14,Chhattisgarh,Dhamtari,408.19,206.26,1.88,30.18,2.34,20.85,1.55,1.57,143.55,226.41,157.72
1056,2017,14,Chhattisgarh,Dhamtari,408.19,204.5,1.93,32.03,2.97,18.84,1.92,1.94,144.08,210.08,145.81
1057,2016,6,Madhya Pradesh,Dindori,358.94,25.42,11.1,28.12,17.08,13.27,28.42,34.75,200.76,289.52,144.21
1057,2017,6,Madhya Pradesh,Dindori,358.94,25.42,11.1,28.25,17.41,13.45,32.4,40.99,189.9,274.8,144.71
1058,2016,6,Madhya Pradesh,Harda,330.58,103.44,3.45,22.62,5.09,8.86,0.27,0.1,186.67,366.42,196.29
1058,2017,6,Madhya Pradesh,Harda,330.58,103.44,3.37,22.6,4.66,8.15,0.52,0.29,187.48,369.96,197.33
1059,2016,14,Chhattisgarh,Janjgir,446.67,89.33,2.36,37.39,10.93,37.95,6.88,4.88,256.87,275.85,107.39
1059,2017,14,Chhattisgarh,Janjgir,446.67,89.08,2.36,37.39,10.53,37.99,5.08,6.88,257.26,269.34,104.7
1060,2016,6,Madhya Pradesh,Barwani,529.85,183.07,73.49,28.45,6.96,4.35,2.28,1.66,229.59,299.02,130.24
1060,2017,6,Madhya Pradesh,Barwani,529.85,183.07,73.53,28.46,6.88,4.99,3.19,0.74,228.99,308.29,134.63
1061,2016,6,Madhya Pradesh,Katni,493.09,97.12,37.15,38.1,29.15,39.8,19.8,16.13,215.81,310.8,144.02
1061,2017,6,Madhya Pradesh,Katni,493.09,100.03,58.86,13.52,29.05,39.8,18.09,13.65,220.08,338.16,153.65
1062,2016,6,Madhya Pradesh,Neemuch,393.56,94.41,39.83,48.94,16.57,9.37,0.62,0.44,183.38,311.66,169.95
1062,2017,6,Madhya Pradesh,Neemuch,393.56,94.41,40.01,48.88,16.76,9.44,0.84,0.74,182.47,320.96,175.9
1063,2016,6,Madhya Pradesh,Sheopur Kalan,666.65,292.88,85.11,39.63,38.69,37.12,2.67,1.37,169.18,277.95,164.29
1063,2017,6,Madhya Pradesh,Sheopur Kalan,666.65,292.88,85.03,39.63,38.69,37.12,2.85,3.22,167.23,261.94,156.63
1064,2016,6,Madhya Pradesh,Umaria,450.33,236.71,8.81,34.72,17.19,16.7,18.33,16.91,100.75,138.4,137.37
1064,2017,6,Madhya Pradesh,Umaria,450.33,236.71,8.81,35.14,15.47,18.02,17.73,18.17,100.07,141.54,141.44
1065,2016,14,Chhattisgarh,Koriya,597.77,399.03,12.84,22.87,20.230338993740848,32.25,12.1,20.69,98.0,109.59,111.83
1065,2017,14,Chhattisgarh,Koriya,597.77,397.5,12.63,24.09,20.230338993740848,33.41,12.81,20.27,97.06,107.81,111.08
1066,2016,14,Chhattisgarh,Jashpur,645.74,229.94,52.84,25.21,9.3,41.47,17.68,24.79,244.52,257.37,105.26
1066,2017,14,Chhattisgarh,Jashpur,645.74,229.96,52.97,25.21,9.27,41.72,18.7,22.63,245.29,257.05,104.79
1067,2016,14,Chhattisgarh,Korba,714.54,472.07,36.45,21.22,16.81,21.63,9.57,7.58,129.16,137.33,106.33
1067,2017,14,Chhattisgarh,Korba,714.54,473.01,30.77,26.08,16.97,21.95,9.42,8.61,127.7,134.59,105.39
1068,2016,14,Chhattisgarh,Kawardha,444.71,189.45,9.97,16.03,5.03,28.92,4.91,5.27,185.06,272.7,147.36
1068,2017,14,Chhattisgarh,Kawardha,444.7,189.43,9.97,16.78,5.44,27.23,4.89,5.34,185.62,266.85,143.76
1069,2016,14,Chhattisgarh,Mahasmund,496.3,141.31,6.29,37.34,5.29,29.33,4.89,3.55,268.27,306.19,114.14
1069,2017,14,Chhattisgarh,Mahasmund,496.3,140.89,7.24,36.33,5.16,29.72,4.95,3.66,268.19,302.44,112.77
1070,2016,14,Chhattisgarh,Kanker,643.27,278.59,19.05,30.93,16.13,63.02,11.94,13.71,209.91,226.34,107.83
1070,2017,14,Chhattisgarh,Kanker,643.27,278.08,19.05,31.07,16.54,64.2,11.67,14.54,208.13,223.72,107.49
1071,2016,6,Madhya Pradesh,Anuppur,374.67,76.45,25.56,36.46,19.51,6.94,25.59,30.86,152.84,190.68,124.76
1071,2017,6,Madhya Pradesh,Anuppur,374.67,76.45,25.61,36.82,19.53,6.94,25.38,30.16,153.32,190.26,124.09
1072,2016,7,Maharashtra,Gondia,585.9,207.5,13.2,53.4,16.5,96.5,5.4,10.3,181.7,246.8,135.83
1072,2017,7,Maharashtra,Gondia,585.9,207.4,13.2,53.4,16.6,96.7,4.6,10.6,181.8,233.8,128.6
1073,2016,7,Maharashtra,Hingoli,466.1,31.6,8.4,10.6,11.3,17.9,14.5,42.2,329.2,576.2,175.03
1073,2017,7,Maharashtra,Hingoli,466.1,26.9,5.9,10.1,11.6,15.1,13.8,43.8,338.7,595.1,175.7
1074,2016,7,Maharashtra,Nandurbar,705.0,357.0,28.2,9.3,2.8,34.4,6.0,0.9,265.9,341.1,128.28
1074,2017,7,Maharashtra,Nandurbar,705.0,373.4,33.1,9.5,2.9,33.2,6.0,0.9,245.2,320.4,130.67
1075,2016,7,Maharashtra,Washim,513.1,36.5,7.6,27.7,5.3,29.0,9.0,16.6,381.0,533.9,140.13
1075,2017,7,Maharashtra,Washim,513.1,36.5,7.6,27.7,5.3,29.0,8.9,16.2,381.4,513.1,134.53
1076,2016,7,Maharashtra,Mumbai sub,38.0,1.5,7.3,28.6,0.0,0.6,0.0,0.0,0.0,0.0,0.0
1076,2017,7,Maharashtra,Mumbai sub,38.0,1.5,7.3,28.6,0.0,0.6,0.0,0.0,0.0,0.0,0.0
1077,2016,11,Tamil Nadu,Ariyalur,193.4,0.74,8.52,32.42,3.62,1.29,20.03,14.69,89.57,101.7,113.54
1077,2017,11,Tamil Nadu,Ariyalur,193.4,0.74,8.52,32.43,3.62,1.28,21.65,11.94,93.55,108.29,115.77
1080,2016,11,Tamil Nadu,Krishnagiri,514.33,203.96,23.94,42.01,4.33,7.86,18.85,45.48,159.56,180.06,112.85
1080,2017,11,Tamil Nadu,Krishnagiri,514.33,203.96,23.94,42.01,4.32,7.86,18.46,40.12,165.31,211.02,127.65
1081,2016,6,Madhya Pradesh,Ashoknagar,467.39,53.91,36.95,29.75,21.1,13.23,2.2,1.9,308.32,517.38,167.81
1081,2017,6,Madhya Pradesh,Ashoknagar,467.39,53.91,36.73,28.87,22.8,13.31,2.21,2.77,306.75,567.4,184.97
1082,2016,6,Madhya Pradesh,Burhanpur,342.74,202.01,6.11,16.55,1.17,10.81,1.7,1.32,103.08,130.67,126.77
1082,2017,6,Madhya Pradesh,Burhanpur,342.74,202.01,6.11,16.79,1.17,11.03,2.2,0.94,102.5,134.2,130.93
2001,2016,3,Gujarat,Tapi,324.9,83.8,7.6,50.1,13.5,9.9,1.9,4.9,142.2,180.7,127.07
2001,2017,3,Gujarat,Tapi,324.9,85.4,8.0,50.1,6.2,9.9,1.3,3.9,149.1,179.3,120.25
2002,2016,4,Haryana,Mewat,148.0,0.0,0.0,10.0,0.0,1.0,25.0,9.0,103.0,184.0,178.64
2002,2017,4,Haryana,Mewat,148.0,0.0,0.0,9.0,0.0,1.0,25.0,3.0,110.0,185.0,168.18
2003,2016,4,Haryana,Palwal,136.0,3.0,0.0,12.0,0.0,1.0,5.0,13.0,101.0,196.0,194.06
2003,2017,4,Haryana,Palwal,136.0,3.0,0.0,12.0,0.0,1.0,5.0,13.0,101.0,193.0,191.09
2004,2016,5,Karnataka,Ramanagaram,355.91,69.95,24.34,27.97,1.18,24.66,26.26,26.63,150.97,162.32,107.52
2004,2017,5,Karnataka,Ramanagaram,355.91,69.95,24.34,27.98,1.18,24.66,19.35,23.53,160.97,172.32,107.05
2005,2016,5,Karnataka,Chikkaballapur,404.5,49.7,34.3,32.74,4.74,55.55,10.31,7.96,202.7,213.4,105.28
2005,2017,5,Karnataka,Chikkaballapur,404.5,49.7,34.3,32.74,4.74,55.55,12.0,9.66,199.32,221.89,111.32
2006,2016,6,Madhya Pradesh,Alirajpur,382.66,121.26,48.91,26.62,8.43,3.61,2.91,2.24,168.69,209.85,124.4
2006,2017,6,Madhya Pradesh,Alirajpur,382.66,121.42,49.24,26.57,9.14,3.89,2.21,2.55,167.64,205.69,122.7
2007,2016,6,Madhya Pradesh,Singrauli,567.72,239.82,13.39,51.43,41.01,13.02,17.14,23.55,168.36,229.18,136.12
2007,2017,6,Madhya Pradesh,Singrauli,567.72,239.82,13.4,51.12,41.32,13.47,16.97,23.55,168.07,229.38,136.48
2009,2016,9,Punjab,Taran Taran,241.45,5.18,0.27,18.35,20.230338993740848,8.075130387753656,19.490427763081968,0.04,217.6,393.24,180.72
2009,2017,9,Punjab,Taran Taran,241.45,5.18,0.27,18.36,0.0,0.0,0.0,0.03,217.6,399.24,183.47
2010,2016,9,Punjab,Barnala,140.97,1.23,0.37,6.13,8.27,16.479833968248293,19.490427763081968,0.02,124.34,245.55,197.48
2010,2017,9,Punjab,Barnala,140.97,1.19,0.37,6.16,8.54,0.0,0.0,0.02,123.35,243.94,197.76
2011,2016,9,Punjab,S.A.S Nagar,120.94,15.48,9.73,15.22,0.2,1.15,0.09,1.09,77.46,105.96,136.79
2011,2017,9,Punjab,S.A.S Nagar,120.94,15.33,9.73,15.77,0.2,1.15,0.09,0.78,77.37,99.23,128.25
2012,2016,10,Rajasthan,Pratapgarh,411.74,120.94,28.0,10.65,34.11,22.54,8.18,3.16,184.07,305.4,165.92
2012,2017,10,Rajasthan,Pratapgarh,411.74,120.91,27.97,10.68,35.2,22.53,8.04,2.79,183.53,306.63,167.07
2013,2016,12,Uttar Pradesh,Kasganj Khansi Ram Nagar,195.6,2.06,2.58,27.3,10.18,0.23,4.6,4.68,143.49,270.75,188.69
2013,2017,12,Uttar Pradesh,Kasganj Khansi Ram Nagar,195.6,2.06,2.55,27.39,10.26,0.24,4.42,4.7,143.56,270.96,188.75
2014,2016,14,Chhattisgarh,Bijapur,655.3,494.72,6.49,18.75,43.71,9.02,8.25,9.46,64.89,64.93,100.06
2014,2017,14,Chhattisgarh,Bijapur,655.3,493.92,6.49,18.78,44.02,9.02,8.17,9.45,65.44,65.49,100.06
2015,2016,14,Chhattisgarh,Narayanpur,692.27,638.69,1.65,3.3,7.46,3.39,2.62,3.63,31.52,31.84,101.02
2015,2017,14,Chhattisgarh,Narayanpur,692.27,638.77,1.65,3.28,7.47,3.33,2.48,3.53,31.74,32.04,100.95
2017,2016,17,Assam,Udalguri,201.2,22.0,14.54,31.18,3.63,5.3,0.11,0.04,115.9,158.1,136.41
2017,2017,17,Assam,Udalguri,201.2,22.0,14.53,31.17,3.63,5.31,0.11,0.04,115.91,157.43,135.82
2018,2016,17,Assam,Baksa,246.26,48.54,12.84,73.39,1.45,10.09,2.59,1.6,86.09,141.99,164.93
2018,2017,17,Assam,Baksa,246.26,48.54,12.84,73.39,1.45,10.09,2.59,1.6,86.09,142.08,165.04
2019,2016,17,Assam,Chirang,192.3,71.25,15.12,21.81,1.96,1.68,0.4,0.58,77.28,86.98,112.55
2019,2017,17,Assam,Chirang,192.3,71.25,11.92,35.77,3.55,2.28,2.66,1.4,59.59,86.67,145.44
2020,2016,11,Tamil Nadu,Thiruppur,519.56,48.17,2.55,69.06,3.9,0.12,126.11,103.7,164.04,164.94,100.55
2020,2017,11,Tamil Nadu,Thiruppur,519.56,48.17,2.55,69.09,3.9,0.12,141.73,75.36,176.74,178.5,101.0
2023,2016,15,Jharkhand,Khunti,261.09,45.54,20.84,17.2,11.88,1.91,50.97,48.79,60.89,75.87,124.6
2023,2017,15,Jharkhand,Khunti,261.09,45.53,20.84,17.18,11.82,2.77,50.22,52.22,57.34,68.61,119.66
2024,2016,15,Jharkhand,Ramgadh,140.0,42.28,15.99,13.27,1.75,2.78,21.63,32.19,3.35,21.6,644.78
2024,2017,15,Jharkhand,Ramgadh,140.0,42.28,12.73,15.7,1.58,2.36,17.1,26.15,21.21,26.74,126.07
2025,2016,5,Karnataka,Yadagiri,516.09,33.77,27.95,31.17,2.39,11.76,4.81,68.28,335.23,402.9,120.19
2025,2017,5,Karnataka,Yadagiri,516.09,33.77,27.95,32.73,2.39,11.76,31.72,61.62,313.42,388.44,123.94
2026,2016,12,Uttar Pradesh,Amethi C.S.M.Nagar,238.2,2.11,7.18,33.79,5.91,2.0,14.65,16.55,148.24,239.85,161.8
2026,2017,12,Uttar Pradesh,Amethi C.S.M.Nagar,238.2,2.11,7.55,33.92,5.77,2.09,16.1,17.83,145.21,240.44,165.58
2027,2016,7,Maharashtra,Mumbai City,495.2547590361511,100.15693293238732,27.469007328498318,45.91524735130524,19.29845310275758,16.39424005634292,19.288192843404904,24.66877272739708,236.6986186743286,344.9852893955081,160.38695573614285
2027,2017,7,Maharashtra,Mumbai City,495.2547590361511,100.15693293238732,27.469007328498318,45.91524735130524,19.29845310275758,16.39424005634292,19.288192843404904,24.66877272739708,236.6986186743286,344.9852893955081,160.38695573614285
2028,2016,17,Assam,Kamrup(Metro),87.15,29.59,4.41,18.95,0.45,0.55,0.57,0.41,28.86,39.97,138.5
2028,2017,17,Assam,Kamrup(Metro),87.15,29.59,4.38,19.19,0.45,0.55,0.56,0.43,28.71,35.88,124.97
2030,2016,9,Punjab,Pathankot,93.56,15.36,2.27,12.98,1.68,0.04,4.043336013049727,11.14,47.97,91.76,191.29
2030,2017,9,Punjab,Pathankot,93.56,15.35,2.27,12.98,0.0,0.04,0.0,12.59,47.64,93.01,195.24
2031,2016,12,Uttar Pradesh,Sambhal,245.33,0.23,0.08,36.79,1.05,0.39,2.56,8.3,192.68,373.29,193.74
2031,2017,12,Uttar Pradesh,Sambhal,245.33,0.23,0.08,36.93,1.03,0.39,4.8,6.13,192.59,373.02,193.69
2032,2016,12,Uttar Pradesh,Shamli,127.68,5.48,0.1,15.49,0.05,0.31,0.06,0.1,106.01,169.76,160.14
2032,2017,12,Uttar Pradesh,Shamli,127.68,5.3,0.1,15.51,0.05,0.31,0.16,0.15,106.01,169.71,160.09
2033,2016,12,Uttar Pradesh,Hapur,114.28,0.85,1.48,18.97,0.89,0.05,1.59,3.35,87.02,144.73,166.32
2033,2017,12,Uttar Pradesh,Hapur,114.28,0.85,1.48,19.15,0.86,0.06,1.66,2.62,87.51,142.96,163.37
2034,2016,14,Chhattisgarh,Balod,352.7,97.79,4.91,32.55,9.98,20.04,6.45,3.39,177.52,247.87,139.63
2034,2017,14,Chhattisgarh,Balod,352.7,97.83,4.93,32.55,11.2,20.14,6.56,2.45,176.98,242.73,137.15
2035,2016,14,Chhattisgarh,Baloda Bazar,467.7,132.9,5.7,31.12,13.64,32.94,11.28,5.47,234.63,275.8,117.55
2035,2017,14,Chhattisgarh,Baloda Bazar,467.7,132.9,5.7,31.52,13.66,33.17,11.45,10.09,229.18,254.29,110.96
2036,2016,14,Chhattisgarh,Balrampur,601.63,294.7,1.64,29.13,20.230338993740848,84.42,12.74,22.63,156.28,179.71,114.99
2036,2017,14,Chhattisgarh,Balrampur,601.63,294.7,1.64,29.62,20.230338993740848,85.77,13.07,21.87,154.86,177.33,114.51
2037,2016,14,Chhattisgarh,Bemetra,285.48,100.86084437890429,0.01,24.2,5.63,23.16,3.9,2.88,225.69,346.13,153.37
2037,2017,14,Chhattisgarh,Bemetra,285.48,100.86084437890429,0.01,24.15,5.82,23.25,3.99,3.19,225.05,345.44,153.49
2038,2016,14,Chhattisgarh,Gariaband,585.49,386.45,3.65,22.96,4.95,27.78,4.57,2.54,132.57,153.55,115.83
2038,2017,14,Chhattisgarh,Gariaband,585.49,386.09,3.65,22.96,3.74,27.86,2.69,1.52,136.95,157.65,115.11
2039,2016,14,Chhattisgarh,Kondagaon,605.07,405.32,16.21,11.36,13.75,11.76,4.38,5.28,137.01,143.84,104.99
2039,2017,14,Chhattisgarh,Kondagaon,605.07,404.32,16.21,11.99,13.93,11.81,4.1,4.92,137.8,144.56,104.91
2040,2016,14,Chhattisgarh,Mungli,275.04,113.04,0.23,12.16,0.14,17.63,2.02,1.19,128.61,212.6,165.31
2040,2017,14,Chhattisgarh,Mungli,275.04,113.04,0.23,8.4,3.74,17.64,1.84,1.78,128.36,213.63,166.43
2041,2016,14,Chhattisgarh,Sukma,576.7,352.46,10.89,14.6,49.52,28.77,9.04,6.94,104.48,105.55,101.02
2041,2017,14,Chhattisgarh,Sukma,580.4,353.18,11.79,14.62,53.91,24.82,8.91,8.05,105.08,105.91,100.78
2042,2016,14,Chhattisgarh,Surajpur,499.83,236.04,1.2,28.86,20.230338993740848,52.92,9.99,15.2,155.62,177.78,114.24
2042,2017,14,Chhattisgarh,Surajpur,499.83,236.04,1.2,29.82,20.230338993740848,53.15,9.3,16.32,154.01,174.09,113.04
2043,2016,9,Punjab,Fazilka,287.04,2.16,9.85,22.41,20.230338993740848,8.00316700171265,19.490427763081968,5.189143873171272,252.62,473.02,187.25
2043,2017,9,Punjab,Fazilka,287.04,1.0,9.85,22.41,0.0,0.0,0.0,1.38,252.4,478.7,189.66
2044,2016,17,Assam,Biswanath,495.2547590361511,100.15693293238732,27.469007328498318,45.91524735130524,19.29845310275758,16.39424005634292,19.288192843404904,24.66877272739708,236.6986186743286,344.9852893955081,160.38695573614285
2044,2017,17,Assam,Biswanath,495.2547590361511,100.15693293238732,27.469007328498318,45.91524735130524,19.29845310275758,16.39424005634292,19.288192843404904,24.66877272739708,236.6986186743286,344.9852893955081,160.38695573614285
2045,2016,17,Assam,Charaideo,495.2547590361511,100.15693293238732,27.469007328498318,45.91524735130524,19.29845310275758,16.39424005634292,19.288192843404904,24.66877272739708,236.6986186743286,344.9852893955081,160.38695573614285
2045,2017,17,Assam,Charaideo,495.2547590361511,100.15693293238732,27.469007328498318,45.91524735130524,19.29845310275758,16.39424005634292,19.288192843404904,24.66877272739708,236.6986186743286,344.9852893955081,160.38695573614285
2046,2016,17,Assam,Hojai,495.2547590361511,100.15693293238732,27.469007328498318,45.91524735130524,19.29845310275758,16.39424005634292,19.288192843404904,24.66877272739708,236.6986186743286,344.9852893955081,160.38695573614285
2046,2017,17,Assam,Hojai,495.2547590361511,100.15693293238732,27.469007328498318,45.91524735130524,19.29845310275758,16.39424005634292,19.288192843404904,24.66877272739708,236.6986186743286,344.9852893955081,160.38695573614285
2047,2016,17,Assam,Majuli,495.2547590361511,100.15693293238732,27.469007328498318,45.91524735130524,19.29845310275758,16.39424005634292,19.288192843404904,24.66877272739708,236.6986186743286,344.9852893955081,160.38695573614285
2047,2017,17,Assam,Majuli,495.2547590361511,100.15693293238732,27.469007328498318,45.91524735130524,19.29845310275758,16.39424005634292,19.288192843404904,24.66877272739708,236.6986186743286,344.9852893955081,160.38695573614285
2048,2016,17,Assam,South Salmara - Mankachar,495.2547590361511,100.15693293238732,27.469007328498318,45.91524735130524,19.29845310275758,16.39424005634292,19.288192843404904,24.66877272739708,236.6986186743286,344.9852893955081,160.38695573614285
2048,2017,17,Assam,South Salmara - Mankachar,495.2547590361511,100.15693293238732,27.469007328498318,45.91524735130524,19.29845310275758,16.39424005634292,19.288192843404904,24.66877272739708,236.6986186743286,344.9852893955081,160.38695573614285
2049,2016,17,Assam,West Karbi Anglong,495.2547590361511,100.15693293238732,27.469007328498318,45.91524735130524,19.29845310275758,16.39424005634292,19.288192843404904,24.66877272739708,236.6986186743286,344.9852893955081,160.38695573614285
2049,2017,17,Assam,West Karbi Anglong,495.2547590361511,100.15693293238732,27.469007328498318,45.91524735130524,19.29845310275758,16.39424005634292,19.288192843404904,24.66877272739708,236.6986186743286,344.9852893955081,160.38695573614285
2050,2016,3,Gujarat,Aravalli,321.7,50.2,8.4,17.5,9.0,15.8,1.8,7.2,204.4,327.3,160.13
2050,2017,3,Gujarat,Aravalli,321.7,50.2,10.9,17.9,8.8,15.8,1.5,6.5,202.7,325.8,160.73
2051,2016,3,Gujarat,Botad,256.4,5.2,8.1,10.2,2.8,11.5,0.0,7.7,202.4,207.9,102.72
2051,2017,3,Gujarat,Botad,256.4,5.1,9.0,10.2,2.4,13.0,0.8,7.6,199.7,207.8,104.06
2052,2016,3,Gujarat,Chhota Udaipur,348.2,69.5,8.1,33.3,7.7,9.9,0.3,11.3,208.1,257.5,123.74
2052,2017,3,Gujarat,Chhota Udaipur,348.2,69.5,10.7,33.3,7.6,9.9,0.2,10.4,206.6,225.1,108.95
2053,2016,3,Gujarat,Devbhoomi Dwarka,477.1,26.3,49.6,37.5,15.0,28.4,0.0,17.0,224.8,235.1,104.58
2053,2017,3,Gujarat,Devbhoomi Dwarka,477.1,26.3,49.6,37.5,15.0,28.4,0.1,12.1,229.6,274.0,119.34
2054,2016,3,Gujarat,Gir Somnath,375.4,34.6,28.1,22.5,4.5,13.0,2.8,5.1,218.3,319.5,146.36
2054,2017,3,Gujarat,Gir Somnath,375.4,34.6,28.1,22.5,4.9,13.1,2.8,5.9,217.0,328.8,151.52
2055,2016,3,Gujarat,Mahi Sagar,250.8,65.4,11.3,13.1,6.5,7.4,1.9,21.6,123.5,182.7,147.94
2055,2017,3,Gujarat,Mahi Sagar,250.8,65.4,10.3,15.1,6.5,7.5,1.9,21.5,122.4,184.3,150.57
2056,2016,3,Gujarat,Morbi,495.0,42.3,19.7,38.6,9.5,30.3,0.4,10.9,343.3,386.2,112.5
2056,2017,3,Gujarat,Morbi,495.0,42.3,19.7,38.6,8.6,30.3,0.5,8.0,347.0,416.8,120.12
2057,2016,4,Haryana,Charkhi Dadri,495.2547590361511,100.15693293238732,27.469007328498318,45.91524735130524,19.29845310275758,16.39424005634292,19.288192843404904,24.66877272739708,236.6986186743286,344.9852893955081,160.38695573614285
2057,2017,4,Haryana,Charkhi Dadri,137.0,0.0,4.0,13.0,0.0,0.0,0.0,0.0,120.0,224.0,186.67
2058,2016,6,Madhya Pradesh,Agar Malwa,272.58,6.14,29.92,25.22,9.12,21.77,0.67,0.23,179.5,292.43,162.91
2058,2017,6,Madhya Pradesh,Agar Malwa,272.58,6.14,29.94,25.23,9.13,18.84,0.0,0.0,183.28,314.1,171.38
2059,2016,7,Maharashtra,Palghar,495.2547590361511,100.15693293238732,27.469007328498318,45.91524735130524,19.29845310275758,16.39424005634292,19.288192843404904,24.66877272739708,236.6986186743286,344.9852893955081,160.38695573614285
2059,2017,7,Maharashtra,Palghar,495.2547590361511,100.15693293238732,27.469007328498318,45.91524735130524,19.29845310275758,16.39424005634292,19.288192843404904,24.66877272739708,236.6986186743286,344.9852893955081,160.38695573614285
2060,2016,13,West Bengal,Alipurduar,283.2,114.61,0.14,28.65,0.19,6.795455314780403,0.02,2.28,135.34,184.58,136.38
2060,2017,13,West Bengal,Alipurduar,283.2,114.61,0.14,29.05,0.17,0.01,0.02,2.02,135.27,241.66,178.65
2061,2016,13,West Bengal,Jhargram,495.2547590361511,100.15693293238732,27.469007328498318,45.91524735130524,19.29845310275758,16.39424005634292,19.288192843404904,24.66877272739708,236.6986186743286,344.9852893955081,160.38695573614285
2061,2017,13,West Bengal,Jhargram,305.82,89.83,0.02,44.15,0.08,0.12,0.22,32.15,137.87,197.67,143.37
2063,2016,13,West Bengal,Paschim Bardhaman,495.2547590361511,100.15693293238732,27.469007328498318,45.91524735130524,19.29845310275758,16.39424005634292,19.288192843404904,24.66877272739708,236.6986186743286,344.9852893955081,160.38695573614285
2063,2017,13,West Bengal,Paschim Bardhaman,161.46,8.25,0.05,96.76,0.38,0.01,0.11,0.8,55.04,60.16,109.3
2101,2016,20,Telangana,Kumurambheem Asifabad,449.13,244.54,16.92,7.55,3.2,4.49,22.62,16.3,130.16,144.17,110.76
2101,2017,20,Telangana,Kumurambheem Asifabad,449.13,244.54,16.92,7.55,3.2,4.49,22.62,31.52,114.94,123.53,107.47
2102,2016,20,Telangana,Macherial,390.8,176.41,13.51,17.49,6.89,4.56,41.27,33.64,93.12,111.22,119.44
2102,2017,20,Telangana,Macherial,390.8,176.41,13.51,16.24,6.89,4.56,41.27,29.28,98.74,118.87,120.39
2103,2016,20,Telangana,Nirmal,373.14,121.66,10.21,19.27,12.87,14.12,7.91,1.87,180.29,205.55,114.01
2103,2017,20,Telangana,Nirmal,373.14,121.66,10.21,19.27,12.87,14.12,7.91,34.95,147.21,202.32,137.44
2104,2016,20,Telangana,Jagityal,285.66,55.93,21.03,15.77,7.57,12.77,2.29,9.11,158.1,208.56,131.92
2104,2017,20,Telangana,Jagityal,285.66,55.93,21.03,15.77,7.57,12.77,2.29,7.67,159.55,184.62,115.71
2105,2016,20,Telangana,Peddapally,218.43,33.88,18.05,22.87,3.49,6.8,10.08,32.32,88.99,147.55,165.81
2105,2017,20,Telangana,Peddapally,218.43,33.88,18.05,22.87,3.49,6.8,10.08,20.52,100.79,137.32,136.24
2106,2016,20,Telangana,Rajanna Siricilla,189.65,38.26,16.6,17.86,7.51,8.19,11.83,4.27,82.19,110.94,134.98
2106,2017,20,Telangana,Rajanna Siricilla,189.65,38.26,16.6,17.86,7.51,8.19,11.83,8.41,78.04,102.72,131.62
2107,2016,20,Telangana,Bhadradri,701.57,433.45,44.06,49.89,8.46,15.28,6.38,2.59,126.5,145.02,114.64
2107,2017,20,Telangana,Bhadradri,701.57,433.45,44.06,49.89,8.46,15.28,3.48,2.59,129.4,145.16,112.18
2108,2016,20,Telangana,Jogulamba,258.35,0.75,12.93,25.36,2.31,5.03,18.24,23.27,169.82,187.81,110.59
2108,2017,20,Telangana,Jogulamba,258.35,0.75,12.93,25.36,2.31,5.03,18.24,21.41,171.67,179.41,104.51
2109,2016,20,Telangana,Nagarkurnool,639.6,249.67,24.88,15.94,10.61,4.26,31.03,59.4,239.04,283.41,118.56
2109,2017,20,Telangana,Nagarkurnool,639.6,249.67,24.88,15.94,10.61,4.26,31.03,52.42,246.03,298.96,121.51
2110,2016,20,Telangana,Wanaparthy,217.0,11.59,18.32,13.32,3.03,2.3,26.03,27.87,114.44,134.68,117.69
2110,2017,20,Telangana,Wanaparthy,217.0,11.59,18.32,13.32,3.03,2.3,26.03,25.11,117.2,144.58,123.36
2111,2016,20,Telangana,Sangareddy,445.11,20.96,15.29,36.76,8.03,3.37,28.57,58.31,272.99,287.02,105.14
2111,2017,20,Telangana,Sangareddy,445.11,20.96,15.29,33.52,8.03,3.37,28.57,62.37,272.17,293.45,107.82
2112,2016,20,Telangana,Siddipet,363.9,25.75,20.19,18.86,6.61,11.83,31.61,41.01,204.21,280.26,137.24
2112,2017,20,Telangana,Siddipet,363.9,25.75,20.19,16.73,6.61,11.83,31.61,25.9,221.45,267.82,120.94
2113,2016,20,Telangana,Suryapet,357.87,12.54,32.65,42.59,7.28,15.35,24.66,47.23,173.71,249.79,143.8
2113,2017,20,Telangana,Suryapet,357.87,12.54,32.65,42.59,7.28,15.35,24.66,32.74,188.2,258.86,137.55
2114,2016,20,Telangana,Yadadri Bhuvanagiri,342.64,11.82,26.26,24.87,13.03,30.66,37.67,70.96,125.3,160.38,128.0
2114,2017,20,Telangana,Yadadri Bhuvanagiri,342.64,11.82,26.26,22.35,13.03,30.66,37.67,55.9,142.87,190.39,133.26
2115,2016,20,Telangana,Kamareddy,370.81,88.3,18.83,33.16,2.77,5.63,28.23,28.32,158.16,244.02,154.29
2115,2017,20,Telangana,Kamareddy,370.81,88.3,18.83,33.16,2.77,5.63,28.23,29.72,156.77,245.0,156.28
2116,2016,20,Telangana,Malkaigiri,107.9,8.3,7.86,36.62,9.14,9.33,11.57,14.57,9.71,12.29,126.57
2116,2017,20,Telangana,Malkaigiri,107.9,8.3,7.86,33.88,9.14,9.33,11.57,16.29,10.73,14.89,138.77
2117,2016,20,Telangana,Vikarabad,361.18,44.55,16.22,17.54,6.12,9.08,20.77,53.74,191.9,202.04,105.28
2117,2017,20,Telangana,Vikarabad,361.18,44.55,16.22,17.54,6.12,9.08,20.77,42.78,202.86,210.04,103.54
2118,2016,20,Telangana,Jayashankar Bhuppaly,711.18,449.81,28.74,31.27,8.33,11.44,15.69,2.51,145.83,181.92,124.75
2118,2017,20,Telangana,Jayashankar Bhuppaly,711.18,449.81,28.74,31.27,8.33,11.44,15.69,8.32,140.02,177.73,126.93
2119,2016,20,Telangana,Janagaon,211.57,2.78,11.13,11.57,6.47,13.2,20.82,14.21,124.98,159.79,127.85
2119,2017,20,Telangana,Janagaon,211.57,2.78,11.13,11.57,6.47,13.2,20.82,10.6,128.59,160.58,124.88
2120,2016,20,Telangana,Warangal Urban,129.39,3.04,11.9,17.29,5.58,6.7,8.12,13.79,60.83,97.96,161.04
2120,2017,20,Telangana,Warangal Urban,129.39,3.04,11.9,17.29,5.58,6.7,8.12,10.49,64.14,98.65,153.8
2121,2016,20,Telangana,Mahabubabad,357.95,139.54,13.57,17.85,2.42,7.98,10.67,17.22,142.67,160.46,112.47
2121,2017,20,Telangana,Mahabubabad,357.95,139.54,13.57,17.85,2.42,7.98,10.67,19.16,140.72,170.85,121.41
2122,2016,20,Telangana,Narayanpet,495.2547590361511,100.15693293238732,27.469007328498318,45.91524735130524,19.29845310275758,16.39424005634292,19.288192843404904,24.66877272739708,236.6986186743286,344.9852893955081,160.38695573614285
2122,2017,20,Telangana,Narayanpet,495.2547590361511,100.15693293238732,27.469007328498318,45.91524735130524,19.29845310275758,16.39424005634292,19.288192843404904,24.66877272739708,236.6986186743286,344.9852893955081,160.38695573614285
2123,2016,20,Telangana,Mulugu,495.2547590361511,100.15693293238732,27.469007328498318,45.91524735130524,19.29845310275758,16.39424005634292,19.288192843404904,24.66877272739708,236.6986186743286,344.9852893955081,160.38695573614285
2123,2017,20,Telangana,Mulugu,495.2547590361511,100.15693293238732,27.469007328498318,45.91524735130524,19.29845310275758,16.39424005634292,19.288192843404904,24.66877272739708,236.6986186743286,344.9852893955081,160.38695573614285
2124,2016,11,Tamil Nadu,Tenkasi,495.2547590361511,100.15693293238732,27.469007328498318,45.91524735130524,19.29845310275758,16.39424005634292,19.288192843404904,24.66877272739708,236.6986186743286,344.9852893955081,160.38695573614285
2124,2017,11,Tamil Nadu,Tenkasi,495.2547590361511,100.15693293238732,27.469007328498318,45.91524735130524,19.29845310275758,16.39424005634292,19.288192843404904,24.66877272739708,236.6986186743286,344.9852893955081,160.38695573614285
2125,2016,11,Tamil Nadu,Kallakurichi,495.2547590361511,100.15693293238732,27.469007328498318,45.91524735130524,19.29845310275758,16.39424005634292,19.288192843404904,24.66877272739708,236.6986186743286,344.9852893955081,160.38695573614285
2125,2017,11,Tamil Nadu,Kallakurichi,495.2547590361511,100.15693293238732,27.469007328498318,45.91524735130524,19.29845310275758,16.39424005634292,19.288192843404904,24.66877272739708,236.6986186743286,344.9852893955081,160.38695573614285
2126,2016,11,Tamil Nadu,Tirupattur,495.2547590361511,100.15693293238732,27.469007328498318,45.91524735130524,19.29845310275758,16.39424005634292,19.288192843404904,24.66877272739708,236.6986186743286,344.9852893955081,160.38695573614285
2126,2017,11,Tamil Nadu,Tirupattur,495.2547590361511,100.15693293238732,27.469007328498318,45.91524735130524,19.29845310275758,16.39424005634292,19.288192843404904,24.66877272739708,236.6986186743286,344.9852893955081,160.38695573614285
2127,2016,11,Tamil Nadu,Ranipet,495.2547590361511,100.15693293238732,27.469007328498318,45.91524735130524,19.29845310275758,16.39424005634292,19.288192843404904,24.66877272739708,236.6986186743286,344.9852893955081,160.38695573614285
2127,2017,11,Tamil Nadu,Ranipet,495.2547590361511,100.15693293238732,27.469007328498318,45.91524735130524,19.29845310275758,16.39424005634292,19.288192843404904,24.66877272739708,236.6986186743286,344.9852893955081,160.38695573614285
2128,2016,11,Tamil Nadu,Chengalpattu,495.2547590361511,100.15693293238732,27.469007328498318,45.91524735130524,19.29845310275758,16.39424005634292,19.288192843404904,24.66877272739708,236.6986186743286,344.9852893955081,160.38695573614285
2128,2017,11,Tamil Nadu,Chengalpattu,495.2547590361511,100.15693293238732,27.469007328498318,45.91524735130524,19.29845310275758,16.39424005634292,19.288192843404904,24.66877272739708,236.6986186743286,344.9852893955081,160.38695573614285
2129,2016,11,Tamil Nadu,Mayiladuthurai,495.2547590361511,100.15693293238732,27.469007328498318,45.91524735130524,19.29845310275758,16.39424005634292,19.288192843404904,24.66877272739708,236.6986186743286,344.9852893955081,160.38695573614285
2129,2017,11,Tamil Nadu,Mayiladuthurai,495.2547590361511,100.15693293238732,27.469007328498318,45.91524735130524,19.29845310275758,16.39424005634292,19.288192843404904,24.66877272739708,236.6986186743286,344.9852893955081,160.38695573614285
2130,2016,14,Chhattisgarh,Gaurela-Pendra-Marwahi?,495.2547590361511,100.15693293238732,27.469007328498318,45.91524735130524,19.29845310275758,16.39424005634292,19.288192843404904,24.66877272739708,236.6986186743286,344.9852893955081,160.38695573614285
2130,2017,14,Chhattisgarh,Gaurela-Pendra-Marwahi?,495.25475903615103,100.15693293238732,27.46900732849829,45.915247351305254,19.298453102757524,16.394240056342905,19.288192843404897,24.66877272739708,236.6986186743286,344.9852893955081,160.38695573614282
2131,2016,6,Madhya Pradesh,Niwari,495.2547590361508,100.15693293238704,27.46900732849826,45.915247351305226,19.29845310275758,16.394240056342905,19.28819284340488,24.66877272739708,236.6986186743286,344.9852893955082,160.38695573614282
2131,2017,6,Madhya Pradesh,Niwari,495.2547590361512,100.1569329323872,27.469007328498318,45.91524735130526,19.298453102757588,16.394240056342912,19.2881928434049,24.6687727273971,236.6986186743287,344.9852893955083,160.38695573614282
