Dist Code,Year,State Code,State Name,Dist Name,CANALS AREA (1000 ha),TANKS AREA (1000 ha),TUBE WELLS AREA (1000 ha),OTHER WELLS AREA (1000 ha),TOTAL WELLS AREA (1000 ha),OTHER SOURCES AREA (1000 ha),NET AREA (1000 ha),GROSS AREA (1000 ha)
1,2016,14,Chhattisgarh,Durg,56.09,1.54,30.9,0.59,31.49,4.99,94.11,117.5
1,2017,14,Chhattisgarh,Durg,29.5342440366242,4.292357329302385,70.09719010583348,21.319096667277794,90.46250039392788,7.218734108339382,128.84419895288067,182.92553705810496
2,2016,14,Chhattisgarh,Bastar,1.17,0.45,2.63,0.15,2.78,2.56,6.96,6.96
2,2017,14,Chhattisgarh,Bastar,29.5342440366242,4.292357329302385,70.09719010583348,21.319096667277794,90.46250039392788,7.218734108339382,128.84419895288067,182.92553705810496
3,2016,14,Chhattisgarh,Raipur,113.31,3.18,20.41,0.33,20.74,2.34,139.57,158.92
3,2017,14,Chhattisgarh,Raipur,29.5342440366242,4.292357329302385,70.09719010583348,21.319096667277794,90.46250039392788,7.218734108339382,128.84419895288067,182.92553705810496
4,2016,14,Chhattisgarh,Bilaspur,55.49,2.55,21.73,2.36,24.09,0.01,82.13,100.66
4,2017,14,Chhattisgarh,Bilaspur,29.5342440366242,4.292357329302385,70.09719010583348,21.319096667277794,90.46250039392788,7.218734108339382,128.84419895288067,182.92553705810496
5,2016,14,Chhattisgarh,Raigarh,18.63,4.72,32.31,0.77,33.09,7.2,63.64,71.96
5,2017,14,Chhattisgarh,Raigarh,29.5342440366242,4.292357329302385,70.09719010583348,21.319096667277794,90.46250039392788,7.218734108339382,128.84419895288067,182.92553705810496
6,2016,14,Chhattisgarh,Surguja,6.88,0.36,0.39,0.85,1.23,7.88,16.36,17.58
6,2017,14,Chhattisgarh,Surguja,29.5342440366242,4.292357329302385,70.09719010583348,21.319096667277794,90.46250039392788,7.218734108339382,128.84419895288067,182.92553705810496
7,2016,6,Madhya Pradesh,Jabalpur,47.01,0.78,97.24,30.9,128.14,23.38,199.3,244.52
7,2017,6,Madhya Pradesh,Jabalpur,56.58,0.78,117.92,38.45,156.37,24.55,238.28,283.54
8,2016,6,Madhya Pradesh,Balaghat,86.46,19.8,7.39,26.25,33.64,12.32,152.21,176.91
8,2017,6,Madhya Pradesh,Balaghat,79.97,22.9,6.61,22.66,29.27,12.51,144.64,170.66
9,2016,6,Madhya Pradesh,Chhindwara,17.08,4.7,48.41,142.79,191.2,7.49,220.47,220.47
9,2017,6,Madhya Pradesh,Chhindwara,25.44,4.71,50.36,155.35,205.71,9.48,245.35,245.35
10,2016,6,Madhya Pradesh,Narsinghpur,8.88,0.01,234.39,36.96,271.35,19.25,299.48,299.83
10,2017,6,Madhya Pradesh,Narsinghpur,8.88,0.01,230.11,36.96,267.07,19.25,295.21,297.24
11,2016,6,Madhya Pradesh,Seoni,87.19,11.54,24.82,54.63,79.45,21.81,199.98,199.98
11,2017,6,Madhya Pradesh,Seoni,96.88,9.96,28.6,52.44,81.04,22.12,210.0,210.0
12,2016,6,Madhya Pradesh,Mandla,21.56,3.69,70.1554591583509,16.27,16.27,9.86,51.38,51.38
12,2017,6,Madhya Pradesh,Mandla,27.86,3.75,0.7,15.8,16.5,7.48,55.58,55.58
13,2016,6,Madhya Pradesh,Sagar,13.46,8.73,78.94,178.55,257.49,70.72,350.39,350.39
13,2017,6,Madhya Pradesh,Sagar,13.48,18.73,74.91,210.9,285.81,75.99,394.01,394.01
14,2016,6,Madhya Pradesh,Damoh,24.77,11.73,46.99,55.2,102.19,61.74,200.43,200.43
14,2017,6,Madhya Pradesh,Damoh,25.2,14.19,47.63,58.02,105.65,59.01,204.04,204.04
15,2016,6,Madhya Pradesh,Tikamgarh,2.3,11.67,28.71,122.69,151.39,42.2,207.56,266.66
15,2017,6,Madhya Pradesh,Tikamgarh,12.97,12.97,33.09,69.15,102.24,11.38,139.57,158.51
16,2016,6,Madhya Pradesh,Chhatarpur,25.03,7.3,46.52,161.23,207.75,24.74,264.81,264.81
16,2017,6,Madhya Pradesh,Chhatarpur,19.53,10.9,76.07,146.3,222.37,14.01,266.82,266.82
17,2016,6,Madhya Pradesh,Panna,11.34,2.04,18.14,19.89,38.03,75.92,127.32,127.32
17,2017,6,Madhya Pradesh,Panna,7.14,7.14,28.54,14.27,42.81,85.63,142.71,142.71
18,2016,6,Madhya Pradesh,Rewa,51.19,0.84,52.12,11.2,63.32,11.94,127.3,173.11
18,2017,6,Madhya Pradesh,Rewa,57.81,0.93,57.58,12.5,70.08,13.02,141.83,200.43
19,2016,6,Madhya Pradesh,Sidhi,23.59,0.92,17.79,11.33,29.12,6.71,60.33,72.71
19,2017,6,Madhya Pradesh,Sidhi,23.97,1.35,17.79,11.99,29.78,5.22,60.32,79.87
20,2016,6,Madhya Pradesh,Satna,7.59,0.58,152.89,29.7,182.59,14.89,205.64,205.64
20,2017,6,Madhya Pradesh,Satna,27.16,2.67,169.58,29.56,199.13,11.5,240.46,240.46
21,2016,6,Madhya Pradesh,Shahdol,6.37,1.05,8.73,6.44,15.17,9.63,32.22,32.22
21,2017,6,Madhya Pradesh,Shahdol,5.63,0.97,8.8,6.07,14.87,10.49,31.96,31.96
22,2016,6,Madhya Pradesh,Gwalior,77.43,0.38,53.75,2.86,56.61,4.93,139.36,197.83
22,2017,6,Madhya Pradesh,Gwalior,55.36,0.37,50.56,8.65,59.22,2.64,117.58,154.7
23,2016,6,Madhya Pradesh,Shivpuri,64.63,8.72,84.28,93.0,177.27,19.9,270.51,288.11
23,2017,6,Madhya Pradesh,Shivpuri,66.56,8.26,101.19,96.02,197.21,22.44,294.47,306.74
24,2016,6,Madhya Pradesh,Guna,18.33,2.09,129.36,62.33,191.69,38.73,250.84,251.13
24,2017,6,Madhya Pradesh,Guna,7.17,1.5,181.43,65.95,247.38,47.04,303.08,303.37
25,2016,6,Madhya Pradesh,Datia,128.62,4.32838797440955,38.93,24.58,63.51,0.96,193.08,208.75
25,2017,6,Madhya Pradesh,Datia,143.65,0.0,26.5,25.09,51.59,0.0,195.24,213.37
26,2016,6,Madhya Pradesh,Morena,94.35,4.32838797440955,83.94,31.89,115.83,7.34,217.51,225.58
26,2017,6,Madhya Pradesh,Morena,98.56,0.0,100.03,37.03,137.06,2.37,237.98,243.96
27,2016,6,Madhya Pradesh,Bhind,84.32,1.27,85.13,46.45,131.58,0.74,217.91,224.15
27,2017,6,Madhya Pradesh,Bhind,76.64,1.27,99.06,40.5,139.55,0.82,218.28,223.71
28,2016,6,Madhya Pradesh,Indore,2.08,2.49,188.0,12.16,200.16,9.3,214.03,214.03
28,2017,6,Madhya Pradesh,Indore,0.47,5.55,190.2,13.81,204.01,15.07,225.1,225.17
29,2016,6,Madhya Pradesh,Ratlam,5.86,7.54,92.72,85.65,178.37,24.17,215.94,216.13
29,2017,6,Madhya Pradesh,Ratlam,6.6,11.34,104.6,90.05,194.65,28.75,241.34,241.42
30,2016,6,Madhya Pradesh,Ujjain,6.72,6.68,289.78,71.13,360.91,23.17,397.48,397.48
30,2017,6,Madhya Pradesh,Ujjain,5.81,6.5,343.96,53.94,397.9,20.47,430.68,430.68
31,2016,6,Madhya Pradesh,Mandsaur,6.12,2.99,20.99,222.05,243.03,10.83,262.97,263.8
31,2017,6,Madhya Pradesh,Mandsaur,6.35,3.46,19.86,223.66,243.51,22.55,275.88,277.28
32,2016,6,Madhya Pradesh,Dewas,6.15,14.14,164.02,118.73,282.75,18.48,321.52,321.75
32,2017,6,Madhya Pradesh,Dewas,13.52,15.85,205.48,139.97,345.46,19.45,394.27,394.33
33,2016,6,Madhya Pradesh,Dhar,36.3,29.32,178.39,102.78,281.16,45.05,391.83,414.56
33,2017,6,Madhya Pradesh,Dhar,32.15,32.8,191.91,109.03,300.94,67.39,433.27,433.27
34,2016,6,Madhya Pradesh,Jhabua,15.71,13.95,3.06,15.87,18.93,15.75,64.34,64.85
34,2017,6,Madhya Pradesh,Jhabua,16.92,16.21,3.18,18.72,21.89,24.9,79.92,80.89
35,2016,6,Madhya Pradesh,Khargone,72.53,5.28,33.75,84.63,118.38,26.71,222.9,390.29
35,2017,6,Madhya Pradesh,Khargone,92.05,5.56,33.75,84.63,118.38,26.71,242.7,493.5
36,2016,6,Madhya Pradesh,Khandwa,36.69,3.21,31.51,109.1,140.61,22.75,203.25,203.25
36,2017,6,Madhya Pradesh,Khandwa,20.72,2.25,41.58,126.13,167.71,25.85,216.52,216.52
37,2016,6,Madhya Pradesh,Sehore,67.66,26.38,115.72,92.3,208.02,39.49,341.55,405.02
37,2017,6,Madhya Pradesh,Sehore,106.41,0.0,106.62,93.94,200.56,39.0,345.96,414.97
38,2016,6,Madhya Pradesh,Raisen,121.99,5.16,215.78,27.37,243.15,52.17,422.47,422.47
38,2017,6,Madhya Pradesh,Raisen,122.46,5.25,238.4,38.88,277.28,46.65,451.64,451.64
39,2016,6,Madhya Pradesh,Vidisha,85.07,23.55,144.36,99.93,244.29,73.37,426.28,426.28
39,2017,6,Madhya Pradesh,Vidisha,95.74,15.11,100.67,73.52,174.19,171.89,456.92,456.92
40,2016,6,Madhya Pradesh,Betul,34.32,7.46,37.22,92.16,129.38,22.01,193.17,193.17
40,2017,6,Madhya Pradesh,Betul,28.08,0.0,47.55,105.82,153.37,22.1,203.55,203.55
41,2016,6,Madhya Pradesh,Rajgarh,4.74,12.92,65.98,249.84,315.82,22.33,355.8,355.8
41,2017,6,Madhya Pradesh,Rajgarh,5.46,13.72,67.43,254.74,322.16,24.29,365.64,365.64
42,2016,6,Madhya Pradesh,Shajapur,2.22,5.34,55.07,73.95,129.02,76.54,213.12,213.12
42,2017,6,Madhya Pradesh,Shajapur,2.31,5.85,103.95,89.66,193.62,14.39,216.17,216.17
43,2016,6,Madhya Pradesh,Hoshangabad,167.27,1.95,84.33,43.13,127.46,15.28,311.95,464.25
43,2017,6,Madhya Pradesh,Hoshangabad,139.58,2.36,122.57,75.73,198.29,18.76,358.99,498.7
44,2016,1,Andhra Pradesh,Srikakulam,111.99,57.38,6.36,5.36,11.72,5.14,186.22,209.02
44,2017,1,Andhra Pradesh,Srikakulam,121.37,54.54,4.09,3.94,8.03,6.29,190.23,235.97
45,2016,1,Andhra Pradesh,Visakhapatnam,44.66,26.32,19.98,6.47,26.45,24.67,122.1,145.52
45,2017,1,Andhra Pradesh,Visakhapatnam,45.87,25.13,18.87,4.92,23.79,24.39,119.18,150.22
46,2016,1,Andhra Pradesh,East Godavari,190.14,16.27,65.89,0.04,65.92,4.08,276.42,480.02
46,2017,1,Andhra Pradesh,East Godavari,179.49,17.49,68.05,0.09,68.14,15.32,280.44,483.62
47,2016,1,Andhra Pradesh,West Godavari,161.02,11.72,175.98,0.0014790795361143694,175.98,6.94,355.66,619.01
47,2017,1,Andhra Pradesh,West Godavari,156.63,14.05,174.94,0.0,174.95,7.78,353.41,621.3
48,2016,1,Andhra Pradesh,Krishna,176.99,14.7,65.34,7.28,72.61,8.34,272.65,320.4
48,2017,1,Andhra Pradesh,Krishna,186.85,20.95,72.65,4.77,77.42,8.42,293.65,359.91
49,2016,1,Andhra Pradesh,Guntur,243.47,3.77,86.87,10.61,97.47,17.15,361.88,414.14
49,2017,1,Andhra Pradesh,Guntur,199.0,3.43,112.41,14.86,127.26,14.44,344.14,465.17
50,2016,1,Andhra Pradesh,S.P.S.Nellore,99.88,9.5,84.84,4.07,88.91,1.49,199.78,265.72
50,2017,1,Andhra Pradesh,S.P.S.Nellore,118.37,45.49,81.54,3.28,84.82,4.08,252.76,276.0
51,2016,1,Andhra Pradesh,Kurnool,95.41,9.89,82.42,15.77,98.18,20.0,223.48,284.31
51,2017,1,Andhra Pradesh,Kurnool,70.09,8.86,80.57,11.45,92.01,16.7,187.66,245.25
52,2016,1,Andhra Pradesh,Anantapur,9.13,0.93,121.16,0.26,121.42,0.67,132.14,157.59
52,2017,1,Andhra Pradesh,Anantapur,11.0,3.18,121.24,0.2,121.45,0.87,136.49,174.09
53,2016,1,Andhra Pradesh,Kadapa YSR,17.97,1.35,123.6,1.76,125.36,1.38,146.06,164.69
53,2017,1,Andhra Pradesh,Kadapa YSR,16.83,3.59,133.44,1.9,135.34,1.22,156.98,179.54
54,2016,1,Andhra Pradesh,Chittoor,0.7,8.14,122.59,14.06,136.65,7.565415671177098,145.49,188.01
54,2017,1,Andhra Pradesh,Chittoor,1.02,21.74,121.96,12.25,134.21,0.06,157.03,208.98
55,2016,20,Telangana,Hyderabad,29.5342440366242,4.292357329302385,70.09719010583348,21.319096667277794,90.46250039392788,7.218734108339382,128.84419895288067,182.92553705810496
55,2017,20,Telangana,Hyderabad,29.5342440366242,4.292357329302385,70.09719010583348,21.319096667277794,90.46250039392788,7.218734108339382,128.84419895288067,182.92553705810496
56,2016,20,Telangana,Nizamabad,18.34,7.02,128.85,0.7,129.56,3.88,158.79,284.15
56,2017,20,Telangana,Nizamabad,43.72,2.86,120.2,0.01,120.21,3.6,170.38,267.73
57,2016,20,Telangana,Medak,2.3,10.57,49.03,0.0038794669641859514,49.03,2.55,64.44,95.93
57,2017,20,Telangana,Medak,8.73,7.71,37.67,0.0,37.67,2.31,56.42,92.52
58,2016,20,Telangana,Mahabubnagar,1.76,0.72,56.52,21.515840402072968,56.52,1.09,60.09,82.54
58,2017,20,Telangana,Mahabubnagar,1.51,2.01,63.05,0.0,63.05,1.31,67.89,93.16
59,2016,20,Telangana,Nalgonda,32.03,4.5,92.8,3.93,96.73,4.5,137.76,188.59
59,2017,20,Telangana,Nalgonda,30.84,9.25,92.04,2.38,94.41,10.91,145.4,198.87
60,2016,20,Telangana,Warangal,5.45,10.84,21.45,55.98,77.43,1.02,94.74,150.4
60,2017,20,Telangana,Warangal,5.59,15.04,20.18,66.51,86.68,0.99,108.3,155.54
61,2016,20,Telangana,Khammam,19.33,14.22,48.95,27.11,76.06,2.44,112.05,133.33
61,2017,20,Telangana,Khammam,32.81,24.04,43.99,28.27,72.26,2.57,131.67,177.94
62,2016,20,Telangana,Karimnagar,32.24,3.6,6.46,64.53,70.99,0.39,107.22,145.71
62,2017,20,Telangana,Karimnagar,27.68,4.03,4.66,70.11,74.78,0.16,106.65,141.68
63,2016,20,Telangana,Adilabad,0.1,0.17,11.93,0.12,12.05,0.73,13.06,22.58
63,2017,20,Telangana,Adilabad,4.49,1.2,42.73,0.57,43.3,1.23,50.22,50.22
65,2016,5,Karnataka,Kolar,2.7348382115860996,4.346984025954237,19.72,4.604656850557175,19.72,5.781885965646835,19.72,30.26
65,2017,5,Karnataka,Kolar,0.0,0.0,14.75,0.0,14.75,0.0,14.75,22.56
66,2016,5,Karnataka,Tumkur,4.1,5.38,146.07,0.75,146.83,7.565415671177098,156.3,173.51
66,2017,5,Karnataka,Tumkur,0.0,5.33,145.98,0.73,146.7,0.0,152.03,170.78
67,2016,5,Karnataka,Mysore,75.81,6.18,14.05,6.31,20.36,0.22,102.56,115.56
67,2017,5,Karnataka,Mysore,76.64,5.93,15.3,6.08,21.38,1.05,105.0,121.18
68,2016,5,Karnataka,Mandya,51.28,14.92,21.81,4.73,26.55,1.77,94.52,112.25
68,2017,5,Karnataka,Mandya,55.2,23.92,20.89,7.34,28.23,2.52,109.87,121.72
69,2016,5,Karnataka,Hassan,4.5,17.89,25.81,0.58,26.39,4.57,53.35,63.25
69,2017,5,Karnataka,Hassan,3.75,17.41,28.81,0.5,29.31,3.94,54.4,64.6
70,2016,5,Karnataka,Shimoge,42.43,48.57,31.61,6.11,37.72,7.81,136.53,153.99
70,2017,5,Karnataka,Shimoge,35.47,49.47,31.91,6.47,38.38,8.84,132.17,155.7
71,2016,5,Karnataka,Chickmagalur,4.82,5.76,30.25,0.16,30.41,16.54,57.53,66.4
71,2017,5,Karnataka,Chickmagalur,4.98,3.95,32.52,0.15,32.67,14.68,56.28,57.13
72,2016,5,Karnataka,Chitradurga,0.82,4.264781279015333,99.01,4.638105864729429,99.01,8.693161548743852,99.83,108.87
72,2017,5,Karnataka,Chitradurga,0.0,0.0,99.97,0.0,99.97,0.0,99.97,116.42
73,2016,5,Karnataka,Bellary,82.66,1.1,85.82,6.91,92.72,38.55,215.03,239.0
73,2017,5,Karnataka,Bellary,101.74,1.14,66.9,2.93,69.82,40.34,213.03,256.37
74,2016,5,Karnataka,Dharwad,12.23,4.340672290579585,18.42,4.498720531514023,18.42,8.227007355561284,30.65,42.73
74,2017,5,Karnataka,Dharwad,12.77,0.0,26.21,0.0,26.21,8.61,47.59,54.87
75,2016,5,Karnataka,Belgaum,58.2,0.31,139.18,131.69,270.87,108.22,437.6,531.59
75,2017,5,Karnataka,Belgaum,59.79,0.31,117.38,114.33,231.72,86.48,378.29,469.71
76,2016,5,Karnataka,Bijapur,104.31,4.32838797440955,91.94,49.25,141.19,5.19,250.69,286.43
76,2017,5,Karnataka,Bijapur,125.63,0.95,102.03,32.95,134.98,5.32,266.87,306.76
77,2016,5,Karnataka,Bidar,0.66,0.37,21.57,11.87,33.44,0.24,34.71,38.58
77,2017,5,Karnataka,Bidar,0.67,0.22,18.67,9.54,28.21,0.16,29.27,34.71
78,2016,5,Karnataka,Raichur,150.92,0.21,8.25,14.14,22.39,6.37,179.9,200.55
78,2017,5,Karnataka,Raichur,151.95,0.01,10.61,5.32,15.93,11.07,178.96,207.17
79,2016,5,Karnataka,Gulbarga,18.24,1.02,46.5,11.84,58.35,14.53,92.13,105.31
79,2017,5,Karnataka,Gulbarga,27.24,1.41,57.33,14.87,72.19,18.49,119.33,133.89
80,2016,5,Karnataka,Dakshina Kannada,30.762978766607297,3.4360029191025507,18.22,36.66,54.89,17.63,72.52,75.14
80,2017,5,Karnataka,Dakshina Kannada,0.0,0.0,19.87,38.17,58.03,18.47,76.51,78.98
81,2016,5,Karnataka,Uttara Kannada,0.028583087860759804,6.03,8.64,9.37,18.0,14.35,38.38,40.21
81,2017,5,Karnataka,Uttara Kannada,0.0,6.66,9.69,9.45,19.13,14.8,40.59,42.51
82,2016,5,Karnataka,Kodagu,1.12,0.08,0.08,0.0035384072788944843,0.08,0.11,1.38,1.51
82,2017,5,Karnataka,Kodagu,1.86,0.17,0.06,0.0,0.06,0.1,2.19,2.4
83,2016,11,Tamil Nadu,Kancheepuram,0.1,44.11,10.87,27.36,38.23,7.565415671177098,82.43,96.59
83,2017,11,Tamil Nadu,Kancheepuram,29.5342440366242,4.292357329302385,70.09719010583348,21.319096667277794,90.46250039392788,7.218734108339382,128.84419895288067,182.92553705810496
84,2016,11,Tamil Nadu,South Arcot Cuddalore,35.11,2.37,91.57,8.16,99.73,0.53,137.74,185.93
84,2017,11,Tamil Nadu,South Arcot Cuddalore,29.5342440366242,4.292357329302385,70.09719010583348,21.319096667277794,90.46250039392788,7.218734108339382,128.84419895288067,182.92553705810496
85,2016,11,Tamil Nadu,North Arcot Vellore,30.762978766607297,1.38,14.85,61.97,76.82,7.459491728628868,78.2,98.2
85,2017,11,Tamil Nadu,North Arcot Vellore,29.5342440366242,4.292357329302385,70.09719010583348,21.319096667277794,90.46250039392788,7.218734108339382,128.84419895288067,182.92553705810496
86,2016,11,Tamil Nadu,Salem,0.11,2.2197945681953772,12.71,62.7,75.41,7.565415671177098,75.52,84.73
86,2017,11,Tamil Nadu,Salem,29.5342440366242,4.292357329302385,70.09719010583348,21.319096667277794,90.46250039392788,7.218734108339382,128.84419895288067,182.92553705810496
87,2016,11,Tamil Nadu,Coimbatore,14.4,0.17,32.47,67.38,99.85,7.565415671177098,114.42,115.52
87,2017,11,Tamil Nadu,Coimbatore,29.5342440366242,4.292357329302385,70.09719010583348,21.319096667277794,90.46250039392788,7.218734108339382,128.84419895288067,182.92553705810496
88,2016,11,Tamil Nadu,Tiruchirapalli Trichy,15.27,0.99,9.28,28.01,37.29,0.009328962320103606,53.56,59.4
88,2017,11,Tamil Nadu,Tiruchirapalli Trichy,29.5342440366242,4.292357329302385,70.09719010583348,21.319096667277794,90.46250039392788,7.218734108339382,128.84419895288067,182.92553705810496
89,2016,11,Tamil Nadu,Thanjavur,112.52,2.598808295654033,42.38,0.14,42.51,7.565415671177098,155.04,214.79
89,2017,11,Tamil Nadu,Thanjavur,29.5342440366242,4.292357329302385,70.09719010583348,21.319096667277794,90.46250039392788,7.218734108339382,128.84419895288067,182.92553705810496
90,2016,11,Tamil Nadu,Madurai,0.02,2.82,2.13,39.11,41.23,0.02704917286614883,44.07,45.15
90,2017,11,Tamil Nadu,Madurai,29.5342440366242,4.292357329302385,70.09719010583348,21.319096667277794,90.46250039392788,7.218734108339382,128.84419895288067,182.92553705810496
91,2016,11,Tamil Nadu,Ramananthapuram,30.762978766607297,50.54,1.31,12.08,13.38,7.167956305021613,63.92,63.92
91,2017,11,Tamil Nadu,Ramananthapuram,29.5342440366242,4.292357329302385,70.09719010583348,21.319096667277794,90.46250039392788,7.218734108339382,128.84419895288067,182.92553705810496
92,2016,11,Tamil Nadu,Thirunelveli,14.11,20.09,1.6,40.46,42.06,7.565415671177098,76.26,81.67
92,2017,11,Tamil Nadu,Thirunelveli,29.5342440366242,4.292357329302385,70.09719010583348,21.319096667277794,90.46250039392788,7.218734108339382,128.84419895288067,182.92553705810496
93,2016,11,Tamil Nadu,The Nilgiris,0.5733592482412586,55.084315068710254,21.92340783166322,1.03,1.03,5.58353772343775,1.03,1.07
93,2017,11,Tamil Nadu,The Nilgiris,29.5342440366242,4.292357329302385,70.09719010583348,21.319096667277794,90.46250039392788,7.218734108339382,128.84419895288067,182.92553705810496
94,2016,11,Tamil Nadu,Kanyakumari,8.83,11.25,3.7,3.42,7.12,0.008947328270224486,27.21,32.87
94,2017,11,Tamil Nadu,Kanyakumari,29.5342440366242,4.292357329302385,70.09719010583348,21.319096667277794,90.46250039392788,7.218734108339382,128.84419895288067,182.92553705810496
96,2016,7,Maharashtra,Thane,29.5342440366242,4.292357329302385,70.09719010583348,21.319096667277794,90.46250039392788,7.218734108339382,128.84419895288067,182.92553705810496
96,2017,7,Maharashtra,Thane,29.5342440366242,4.292357329302385,70.09719010583348,21.319096667277794,90.46250039392788,7.218734108339382,128.84419895288067,182.92553705810496
97,2016,7,Maharashtra,Raigarh,29.5342440366242,4.292357329302385,70.09719010583348,21.319096667277794,90.46250039392788,7.218734108339382,128.84419895288067,182.92553705810496
97,2017,7,Maharashtra,Raigarh,29.5342440366242,4.292357329302385,70.09719010583348,21.319096667277794,90.46250039392788,7.218734108339382,128.84419895288067,182.92553705810496
98,2016,7,Maharashtra,Ratnagiri,29.5342440366242,4.292357329302385,70.09719010583348,21.319096667277794,90.46250039392788,7.218734108339382,128.84419895288067,182.92553705810496
98,2017,7,Maharashtra,Ratnagiri,29.5342440366242,4.292357329302385,70.09719010583348,21.319096667277794,90.46250039392788,7.218734108339382,128.84419895288067,182.92553705810496
99,2016,7,Maharashtra,Nasik,29.5342440366242,4.292357329302385,70.09719010583348,21.319096667277794,90.46250039392788,7.218734108339382,128.84419895288067,182.92553705810496
99,2017,7,Maharashtra,Nasik,29.5342440366242,4.292357329302385,70.09719010583348,21.319096667277794,90.46250039392788,7.218734108339382,128.84419895288067,182.92553705810496
100,2016,7,Maharashtra,Dhule,29.5342440366242,4.292357329302385,70.09719010583348,21.319096667277794,90.46250039392788,7.218734108339382,128.84419895288067,182.92553705810496
100,2017,7,Maharashtra,Dhule,29.5342440366242,4.292357329302385,70.09719010583348,21.319096667277794,90.46250039392788,7.218734108339382,128.84419895288067,182.92553705810496
101,2016,7,Maharashtra,Jalgaon,29.5342440366242,4.292357329302385,70.09719010583348,21.319096667277794,90.46250039392788,7.218734108339382,128.84419895288067,182.92553705810496
101,2017,7,Maharashtra,Jalgaon,29.5342440366242,4.292357329302385,70.09719010583348,21.319096667277794,90.46250039392788,7.218734108339382,128.84419895288067,182.92553705810496
102,2016,7,Maharashtra,Ahmednagar,29.5342440366242,4.292357329302385,70.09719010583348,21.319096667277794,90.46250039392788,7.218734108339382,128.84419895288067,182.92553705810496
102,2017,7,Maharashtra,Ahmednagar,29.5342440366242,4.292357329302385,70.09719010583348,21.319096667277794,90.46250039392788,7.218734108339382,128.84419895288067,182.92553705810496
103,2016,7,Maharashtra,Pune,29.5342440366242,4.292357329302385,70.09719010583348,21.319096667277794,90.46250039392788,7.218734108339382,128.84419895288067,182.92553705810496
103,2017,7,Maharashtra,Pune,29.5342440366242,4.292357329302385,70.09719010583348,21.319096667277794,90.46250039392788,7.218734108339382,128.84419895288067,182.92553705810496
104,2016,7,Maharashtra,Satara,29.5342440366242,4.292357329302385,70.09719010583348,21.319096667277794,90.46250039392788,7.218734108339382,128.84419895288067,182.92553705810496
104,2017,7,Maharashtra,Satara,29.5342440366242,4.292357329302385,70.09719010583348,21.319096667277794,90.46250039392788,7.218734108339382,128.84419895288067,182.92553705810496
105,2016,7,Maharashtra,Sangli,29.5342440366242,4.292357329302385,70.09719010583348,21.319096667277794,90.46250039392788,7.218734108339382,128.84419895288067,182.92553705810496
105,2017,7,Maharashtra,Sangli,29.5342440366242,4.292357329302385,70.09719010583348,21.319096667277794,90.46250039392788,7.218734108339382,128.84419895288067,182.92553705810496
106,2016,7,Maharashtra,Solapur,29.5342440366242,4.292357329302385,70.09719010583348,21.319096667277794,90.46250039392788,7.218734108339382,128.84419895288067,182.92553705810496
106,2017,7,Maharashtra,Solapur,29.5342440366242,4.292357329302385,70.09719010583348,21.319096667277794,90.46250039392788,7.218734108339382,128.84419895288067,182.92553705810496
107,2016,7,Maharashtra,Kolhapur,29.5342440366242,4.292357329302385,70.09719010583348,21.319096667277794,90.46250039392788,7.218734108339382,128.84419895288067,182.92553705810496
107,2017,7,Maharashtra,Kolhapur,29.5342440366242,4.292357329302385,70.09719010583348,21.319096667277794,90.46250039392788,7.218734108339382,128.84419895288067,182.92553705810496
108,2016,7,Maharashtra,Aurangabad,29.5342440366242,4.292357329302385,70.09719010583348,21.319096667277794,90.46250039392788,7.218734108339382,128.84419895288067,182.92553705810496
108,2017,7,Maharashtra,Aurangabad,29.5342440366242,4.292357329302385,70.09719010583348,21.319096667277794,90.46250039392788,7.218734108339382,128.84419895288067,182.92553705810496
109,2016,7,Maharashtra,Parbhani,29.5342440366242,4.292357329302385,70.09719010583348,21.319096667277794,90.46250039392788,7.218734108339382,128.84419895288067,182.92553705810496
109,2017,7,Maharashtra,Parbhani,29.5342440366242,4.292357329302385,70.09719010583348,21.319096667277794,90.46250039392788,7.218734108339382,128.84419895288067,182.92553705810496
110,2016,7,Maharashtra,Bid,29.5342440366242,4.292357329302385,70.09719010583348,21.319096667277794,90.46250039392788,7.218734108339382,128.84419895288067,182.92553705810496
110,2017,7,Maharashtra,Bid,29.5342440366242,4.292357329302385,70.09719010583348,21.319096667277794,90.46250039392788,7.218734108339382,128.84419895288067,182.92553705810496
111,2016,7,Maharashtra,Nanded,29.5342440366242,4.292357329302385,70.09719010583348,21.319096667277794,90.46250039392788,7.218734108339382,128.84419895288067,182.92553705810496
111,2017,7,Maharashtra,Nanded,29.5342440366242,4.292357329302385,70.09719010583348,21.319096667277794,90.46250039392788,7.218734108339382,128.84419895288067,182.92553705810496
112,2016,7,Maharashtra,Osmanabad,29.5342440366242,4.292357329302385,70.09719010583348,21.319096667277794,90.46250039392788,7.218734108339382,128.84419895288067,182.92553705810496
112,2017,7,Maharashtra,Osmanabad,29.5342440366242,4.292357329302385,70.09719010583348,21.319096667277794,90.46250039392788,7.218734108339382,128.84419895288067,182.92553705810496
113,2016,7,Maharashtra,Buldhana,29.5342440366242,4.292357329302385,70.09719010583348,21.319096667277794,90.46250039392788,7.218734108339382,128.84419895288067,182.92553705810496
113,2017,7,Maharashtra,Buldhana,29.5342440366242,4.292357329302385,70.09719010583348,21.319096667277794,90.46250039392788,7.218734108339382,128.84419895288067,182.92553705810496
114,2016,7,Maharashtra,Akola,29.5342440366242,4.292357329302385,70.09719010583348,21.319096667277794,90.46250039392788,7.218734108339382,128.84419895288067,182.92553705810496
114,2017,7,Maharashtra,Akola,29.5342440366242,4.292357329302385,70.09719010583348,21.319096667277794,90.46250039392788,7.218734108339382,128.84419895288067,182.92553705810496
115,2016,7,Maharashtra,Amarawati,29.5342440366242,4.292357329302385,70.09719010583348,21.319096667277794,90.46250039392788,7.218734108339382,128.84419895288067,182.92553705810496
115,2017,7,Maharashtra,Amarawati,29.5342440366242,4.292357329302385,70.09719010583348,21.319096667277794,90.46250039392788,7.218734108339382,128.84419895288067,182.92553705810496
116,2016,7,Maharashtra,Yeotmal,29.5342440366242,4.292357329302385,70.09719010583348,21.319096667277794,90.46250039392788,7.218734108339382,128.84419895288067,182.92553705810496
116,2017,7,Maharashtra,Yeotmal,29.5342440366242,4.292357329302385,70.09719010583348,21.319096667277794,90.46250039392788,7.218734108339382,128.84419895288067,182.92553705810496
117,2016,7,Maharashtra,Wardha,29.5342440366242,4.292357329302385,70.09719010583348,21.319096667277794,90.46250039392788,7.218734108339382,128.84419895288067,182.92553705810496
117,2017,7,Maharashtra,Wardha,29.5342440366242,4.292357329302385,70.09719010583348,21.319096667277794,90.46250039392788,7.218734108339382,128.84419895288067,182.92553705810496
118,2016,7,Maharashtra,Nagpur,29.5342440366242,4.292357329302385,70.09719010583348,21.319096667277794,90.46250039392788,7.218734108339382,128.84419895288067,182.92553705810496
118,2017,7,Maharashtra,Nagpur,29.5342440366242,4.292357329302385,70.09719010583348,21.319096667277794,90.46250039392788,7.218734108339382,128.84419895288067,182.92553705810496
119,2016,7,Maharashtra,Bhandara,29.5342440366242,4.292357329302385,70.09719010583348,21.319096667277794,90.46250039392788,7.218734108339382,128.84419895288067,182.92553705810496
119,2017,7,Maharashtra,Bhandara,29.5342440366242,4.292357329302385,70.09719010583348,21.319096667277794,90.46250039392788,7.218734108339382,128.84419895288067,182.92553705810496
120,2016,7,Maharashtra,Chandrapur,29.5342440366242,4.292357329302385,70.09719010583348,21.319096667277794,90.46250039392788,7.218734108339382,128.84419895288067,182.92553705810496
120,2017,7,Maharashtra,Chandrapur,29.5342440366242,4.292357329302385,70.09719010583348,21.319096667277794,90.46250039392788,7.218734108339382,128.84419895288067,182.92553705810496
121,2016,3,Gujarat,Ahmedabad,65.0,23.4,61.6,28.0,89.6,37.2,215.1,374.7
121,2017,3,Gujarat,Ahmedabad,72.2,20.1,56.0,27.7,83.7,39.6,215.7,375.3
122,2016,3,Gujarat,Amreli,38.6,0.1,32.7,137.0,169.7,29.3,237.7,240.5
122,2017,3,Gujarat,Amreli,13.2,1.4,116.8,91.0,207.8,1.0,223.4,243.5
123,2016,3,Gujarat,Banaskantha,22.8,0.5,277.7,19.5,297.2,0.0,320.5,860.2
123,2017,3,Gujarat,Banaskantha,35.2,0.8,281.1,46.3,327.4,0.0,363.5,868.7
124,2016,3,Gujarat,Bharuch,48.6,2.8,17.1,13.6,30.7,4.0,86.1,131.9
124,2017,3,Gujarat,Bharuch,60.8,2.4,14.3,11.0,25.3,2.4,90.9,159.7
125,2016,3,Gujarat,Vadodara,63.5,15.9,84.2,23.9,108.1,24.6,212.1,231.2
125,2017,3,Gujarat,Vadodara,74.9,19.1,89.1,21.6,110.7,21.5,226.3,275.5
126,2016,3,Gujarat,Bhavnagar,67.8,3.1,0.0,83.7,83.7,4.4,159.0,209.1
126,2017,3,Gujarat,Bhavnagar,55.4,2.0,0.0,94.0,94.0,8.0,159.5,215.1
127,2016,3,Gujarat,Valsad,20.7,13.5,3.5,14.6,18.1,14.0,66.4,75.6
127,2017,3,Gujarat,Valsad,16.5,11.3,3.5,17.9,21.4,27.6,76.8,121.7
128,2016,3,Gujarat,Dangs,0.0,6.3,0.0,0.0,0.0,6.5,12.8,22.6
128,2017,3,Gujarat,Dangs,0.0,5.2,0.0,0.0,0.0,7.7,12.9,25.0
129,2016,3,Gujarat,Jamnagar,14.7,5.2,24.5,128.3,152.8,58.1,230.7,261.8
129,2017,3,Gujarat,Jamnagar,31.2,5.8,45.7,120.1,165.8,24.3,227.1,263.2
130,2016,3,Gujarat,Junagadh,1.4,0.0,48.7,101.9,150.6,46.9,198.9,274.0
130,2017,3,Gujarat,Junagadh,11.6,0.0,2.5,119.7,122.2,55.6,189.4,275.9
131,2016,3,Gujarat,Kheda,66.0,16.7,77.1,48.0,125.1,4.8,212.7,366.6
131,2017,3,Gujarat,Kheda,70.2,13.7,76.0,43.8,119.8,3.5,207.2,367.7
132,2016,3,Gujarat,Kutch,27.1,15.1,116.7,8.8,125.5,22.2,189.9,272.5
132,2017,3,Gujarat,Kutch,38.1,12.6,93.5,35.3,128.8,11.3,190.8,276.2
133,2016,3,Gujarat,Mehsana,39.8,10.8,201.0,3.7,204.7,6.8,262.1,388.1
133,2017,3,Gujarat,Mehsana,34.0,5.6,201.9,7.4,209.3,6.7,255.7,388.2
134,2016,3,Gujarat,Panchmahal,34.0,11.5,4.0,17.3,21.3,1.7,68.5,107.8
134,2017,3,Gujarat,Panchmahal,40.3,6.1,1.8,14.6,16.4,0.9,63.7,97.8
135,2016,3,Gujarat,Rajkot,19.4,22.5,87.9,87.9,175.8,25.4,243.1,304.3
135,2017,3,Gujarat,Rajkot,20.5,37.4,107.8,70.8,178.6,33.1,269.6,369.6
136,2016,3,Gujarat,Sabarkantha,18.7,3.3,22.7,106.6,129.3,14.4,165.7,264.9
136,2017,3,Gujarat,Sabarkantha,20.2,1.4,45.0,86.0,131.0,13.3,165.8,267.2
137,2016,3,Gujarat,Surat,100.3,12.7,26.8,17.1,43.9,10.3,167.3,216.1
137,2017,3,Gujarat,Surat,90.0,14.1,36.0,13.4,49.4,3.9,157.3,218.1
138,2016,3,Gujarat,Surendranagar,59.2,10.2,142.0,55.2,197.2,19.0,285.7,441.0
138,2017,3,Gujarat,Surendranagar,63.4,12.9,135.6,70.1,205.7,4.3,286.3,442.7
139,2016,10,Rajasthan,Ajmer,3.7,8.01,4.93,100.23,105.16,18.61,135.49,157.32
139,2017,10,Rajasthan,Ajmer,2.31,1.99,5.84,83.71,89.55,9.15,103.0,123.87
140,2016,10,Rajasthan,Alwar,0.02,4.32838797440955,347.87,106.58,454.45,0.034561713889067924,454.47,511.01
140,2017,10,Rajasthan,Alwar,0.02,0.0,392.02,51.64,443.66,0.0,443.68,508.82
141,2016,10,Rajasthan,Banswara,64.33,4.42,3.88,16.16,20.04,20.28,109.07,109.92
141,2017,10,Rajasthan,Banswara,65.1,4.55,3.87,16.05,19.92,19.83,109.4,109.89
142,2016,10,Rajasthan,Barmer,25.22,4.32838797440955,69.56,165.07,234.63,0.03,259.88,382.66
142,2017,10,Rajasthan,Barmer,0.0,0.0,74.17,182.37,256.55,2.33,258.88,387.84
143,2016,10,Rajasthan,Bharatpur,2.48,1.0074242230628787,345.82,0.39,346.21,7.565415671177098,348.7,363.65
143,2017,10,Rajasthan,Bharatpur,1.75,0.0,343.16,5.37,348.53,0.0,350.28,359.01
144,2016,10,Rajasthan,Bhilwara,21.5,10.24,27.44,175.16,202.6,2.79,237.13,265.71
144,2017,10,Rajasthan,Bhilwara,17.19,3.13,22.21,144.95,167.16,1.96,189.44,224.98
145,2016,10,Rajasthan,Bikaner,202.4,3.7134751070768406,246.94,5.36,252.3,7.565415671177098,454.7,782.82
145,2017,10,Rajasthan,Bikaner,238.09,0.0,277.4,5.56,282.96,0.0,521.04,864.74
146,2016,10,Rajasthan,Bundi,125.33,0.43,75.84,46.19,122.03,4.46,252.24,301.15
146,2017,10,Rajasthan,Bundi,120.28,2.97,77.07,27.75,104.82,2.35,230.42,281.99
147,2016,10,Rajasthan,Chittorgarh,12.12,2.96,123.44,113.01,236.45,1.64,253.17,267.53
147,2017,10,Rajasthan,Chittorgarh,11.78,1.88,121.3,107.53,228.83,7.7,250.19,266.99
148,2016,10,Rajasthan,Churu,13.14,2.7177153924303585,125.39,24.29,149.68,7.565415671177098,162.83,234.59
148,2017,10,Rajasthan,Churu,15.38,0.0,135.16,20.33,155.49,0.0,170.87,271.28
149,2016,10,Rajasthan,Dungarpur,7.85,2.19,6.95,28.53,35.48,2.85,48.37,49.44
149,2017,10,Rajasthan,Dungarpur,8.34,2.12,7.05,29.64,36.69,1.82,48.97,49.82
150,2016,10,Rajasthan,Ganganagar,616.39,2.9138928145624394,6.09,0.61,6.7,7.565415671177098,623.08,1052.79
150,2017,10,Rajasthan,Ganganagar,620.17,0.0,10.82,0.0,10.82,0.0,630.99,1097.27
151,2016,10,Rajasthan,Jaipur,1.51,0.00014911406597128973,247.7,64.93,312.63,3.56,317.7,376.64
151,2017,10,Rajasthan,Jaipur,0.3,0.0,230.65,49.9,280.55,0.9,281.75,341.47
152,2016,10,Rajasthan,Jaisalmer,52.83,0.01,77.78,1.93,79.71,0.03,132.57,384.89
152,2017,10,Rajasthan,Jaisalmer,42.85,0.02,87.01,1.4,88.41,0.01,131.29,407.66
153,2016,10,Rajasthan,Jalore,90.84,0.025006638318723518,159.09,97.95,257.03,1.34,349.21,403.63
153,2017,10,Rajasthan,Jalore,16.93,0.0,161.22,155.0,316.22,0.08,333.24,379.87
154,2016,10,Rajasthan,Jhalawar,15.32,0.56,49.2,231.52,280.72,3.69,300.29,324.64
154,2017,10,Rajasthan,Jhalawar,13.5,0.71,50.38,225.66,276.04,4.15,294.41,317.47
155,2016,10,Rajasthan,Jhunjhunu,30.762978766607297,2.111147721578755,65.44,159.67,225.11,9.304713680013172,225.11,241.38
155,2017,10,Rajasthan,Jhunjhunu,0.0,0.0,65.16,156.25,221.41,0.0,221.41,244.84
156,2016,10,Rajasthan,Jodhpur,1.57,0.0013892353957434267,439.35,4.38,443.73,1.57,446.87,751.18
156,2017,10,Rajasthan,Jodhpur,0.0,0.0,456.95,5.03,461.98,0.88,462.87,792.15
157,2016,10,Rajasthan,Kota,130.22,0.05,91.6,36.55,128.15,2.05,260.46,285.07
157,2017,10,Rajasthan,Kota,130.87,0.01,83.88,35.03,118.91,1.72,251.51,274.11
158,2016,10,Rajasthan,Nagaur,30.762978766607297,3.715261798842244,196.21,64.55,260.76,0.09,260.85,361.4
158,2017,10,Rajasthan,Nagaur,0.0,0.0,217.73,58.13,275.86,0.15,276.01,381.44
159,2016,10,Rajasthan,Pali,18.03,28.63,26.7,108.88,135.58,0.25,182.49,194.75
159,2017,10,Rajasthan,Pali,19.14,26.18,30.42,112.02,142.44,0.02,187.78,202.36
160,2016,10,Rajasthan,Swami Madhopur,11.47,4.35,103.88,110.76,214.64,33.48,263.94,269.06
160,2017,10,Rajasthan,Swami Madhopur,0.03,0.76,103.72,79.35,183.07,9.31,193.17,197.49
161,2016,10,Rajasthan,Sikar,30.762978766607297,3.684125174085745,208.88,14.16,223.04,7.852722251268935,223.04,266.84
161,2017,10,Rajasthan,Sikar,0.0,0.0,201.81,13.01,214.81,0.0,214.81,264.12
162,2016,10,Rajasthan,Sirohi,4.81,2.87,6.45,84.97,91.42,7.565415671177098,99.1,131.72
162,2017,10,Rajasthan,Sirohi,5.41,0.95,5.05,65.95,71.0,0.01,77.37,101.14
163,2016,10,Rajasthan,Tonk,83.93,3.97,25.04,199.5,224.53,49.95,362.39,366.2
163,2017,10,Rajasthan,Tonk,67.5,1.25,17.0,178.81,195.81,37.52,302.08,305.49
164,2016,10,Rajasthan,Udaipur,3.7,11.19,15.38,71.78,87.16,1.19,103.24,106.25
164,2017,10,Rajasthan,Udaipur,3.65,10.97,15.44,71.8,87.24,0.68,102.54,105.35
165,2016,9,Punjab,Gurdaspur,20.85,4.155961347485226,187.7,4.045922092367309,187.7,7.146683889114363,208.55,401.21
165,2017,9,Punjab,Gurdaspur,20.85,0.0,187.35,0.0,187.35,0.0,208.2,390.84
166,2016,9,Punjab,Amritsar,19.36,4.144079249966689,199.82,4.070564210319407,199.82,7.227539544386352,219.18,410.69
166,2017,9,Punjab,Amritsar,19.36,0.0,199.82,0.0,199.82,0.0,219.18,415.94
167,2016,9,Punjab,Kapurthala,0.07,4.246079439859438,132.88,4.111347610815191,132.88,7.239605102467656,132.95,274.69
167,2017,9,Punjab,Kapurthala,0.06,0.0,133.06,0.0,133.06,0.0,133.13,265.8
168,2016,9,Punjab,Jalandhar,2.545639701115661,4.1048384693613915,247.56,4.353145874012046,247.56,5.511349686103492,247.56,411.79
168,2017,9,Punjab,Jalandhar,0.0,0.0,246.69,0.0,246.69,0.0,246.69,410.48
169,2016,9,Punjab,Hoshiarpur,4.71,4.158207029733541,199.78,4.324023098144725,199.78,7.922206948585219,204.49,330.3
169,2017,9,Punjab,Hoshiarpur,6.07,0.0,197.8,0.0,197.8,0.0,203.87,316.15
170,2016,9,Punjab,Roopnagar,2.06,4.289845340209618,78.92,4.492245868338937,78.92,8.260249693272634,80.98,114.8
170,2017,9,Punjab,Roopnagar,2.03,0.0,79.15,0.0,79.15,0.0,81.18,123.09
171,2016,9,Punjab,Ludhiana,2.552666780067412,4.06513501386595,298.89,3.842881004662619,298.89,4.1179412843015575,298.89,600.44
171,2017,9,Punjab,Ludhiana,0.0,0.0,298.42,0.0,298.42,0.0,298.42,554.87
172,2016,9,Punjab,Ferozpur,62.67,4.124051613405749,155.8,4.132406969108377,155.8,7.419317737050753,218.47,402.67
172,2017,9,Punjab,Ferozpur,49.31,0.0,169.09,0.0,169.09,0.0,218.4,414.78
173,2016,9,Punjab,Faridkot,56.71,4.223086837425834,70.45,4.257284772913938,70.45,7.669048260338108,127.16,242.6
173,2017,9,Punjab,Faridkot,56.67,0.0,70.5,0.0,70.5,0.0,127.17,242.06
174,2016,9,Punjab,Bhatinda,220.17,3.9747514542738944,73.51,4.07839002712868,73.51,7.403947593016281,293.67,547.94
174,2017,9,Punjab,Bhatinda,238.63,0.0,54.79,0.0,54.79,0.0,293.42,557.7
175,2016,9,Punjab,Sangrur,73.69,4.029662404840247,237.53,3.753382549895665,237.53,6.454403985746715,311.22,622.74
175,2017,9,Punjab,Sangrur,80.84,0.0,234.19,0.0,234.19,0.0,315.03,627.13
176,2016,9,Punjab,Patiala,1.45,4.118303473949249,255.0,3.8435311735022886,255.0,6.6193391776244175,256.45,512.36
176,2017,9,Punjab,Patiala,0.53,0.0,256.26,0.0,256.26,0.0,256.79,509.27
177,2016,4,Haryana,Hissar,206.0,3.9736024962841956,98.0,3.955611048442382,98.0,7.072310817619104,304.0,588.0
177,2017,4,Haryana,Hissar,206.0,3.975491793084439,96.0,3.9650849682606157,96.0,7.096893877019325,302.0,583.0
178,2016,4,Haryana,Sirsa,287.0,3.853332429319517,94.0,3.9663639944493987,94.0,7.220940056823717,381.0,709.0
178,2017,4,Haryana,Sirsa,269.0,3.8625982045245113,113.0,3.8888105091824237,113.0,6.995357788677516,382.0,725.0
179,2016,4,Haryana,Bhiwani,86.0,3.997552633984549,216.0,4.867664015529488,216.0,9.600893794606712,302.0,361.0
179,2017,4,Haryana,Bhiwani,60.0,4.034820715495494,223.0,4.714574331365373,223.0,9.136269046354663,283.0,364.0
180,2016,4,Haryana,Gurgaon,2.703463349489155,4.304795118105234,60.0,4.54124750045661,60.0,5.6784079296373795,60.0,102.0
180,2017,4,Haryana,Gurgaon,0.0,4.317336472913476,60.0,4.387079947645056,60.0,7.938736869521043,60.0,108.0
181,2016,4,Haryana,Jind,178.0,4.05313161417555,58.0,4.182249332599785,58.0,7.626681784780216,236.0,435.0
181,2017,4,Haryana,Jind,178.0,4.045012302764087,68.0,4.094840621499163,68.0,7.3905182712242725,246.0,469.0
182,2016,4,Haryana,Mahendragarh,1.0,4.297249538764001,79.0,4.315293470431051,79.0,7.758234085471847,80.0,153.0
182,2017,4,Haryana,Mahendragarh,1.0,4.2853100383398814,90.0,4.309899208774777,90.0,7.755150178084299,91.0,170.0
183,2016,4,Haryana,Ambala,3.0,4.273342023562629,99.0,4.279229745483807,99.0,7.6813917278396024,102.0,193.0
183,2017,4,Haryana,Ambala,3.0,4.273931878047231,99.0,4.2614345845908055,99.0,7.631059187148671,102.0,197.0
184,2016,4,Haryana,Karnal,64.0,4.150685130451615,135.0,3.958628585096779,135.0,6.906790932611407,199.0,414.0
184,2017,4,Haryana,Karnal,64.0,4.144519388637628,137.0,4.0781695817527925,137.0,7.2471187932206,201.0,390.0
185,2016,4,Haryana,Kurukshetra,4.0,4.2271779993847876,141.0,4.229732501945737,141.0,7.589386248283481,145.0,266.0
185,2017,4,Haryana,Kurukshetra,4.0,4.233034948819148,138.0,4.152743182096419,138.0,7.36830656634256,142.0,279.0
186,2016,4,Haryana,Rohtak,75.0,4.208971716085694,53.0,4.41619335771502,53.0,8.12689296321141,128.0,211.0
186,2017,4,Haryana,Rohtak,75.0,4.212202050613849,52.0,4.351974069163784,52.0,7.9441458977341375,127.0,224.0
187,2016,4,Haryana,Sonepat,24.0,4.215031493365126,127.0,4.135407915521203,127.0,7.3373833187667605,151.0,299.0
187,2017,4,Haryana,Sonepat,24.0,4.213275795048583,128.0,4.155139301839977,128.0,7.394299032516776,152.0,296.0
188,2016,4,Haryana,Faridabad,2.728195833044424,4.337439491907611,29.0,4.584694700994113,29.0,5.742320167872882,29.0,48.0
188,2017,4,Haryana,Faridabad,0.0,4.347178291405269,32.0,4.4173926499659775,32.0,7.993487592151474,32.0,61.0
189,2016,12,Uttar Pradesh,Saharanpur,30.45,0.0,228.36,0.32,228.69,0.0,259.14,417.23
189,2017,12,Uttar Pradesh,Saharanpur,30.97,0.0,227.9,0.32,228.22,0.0,259.19,417.23
190,2016,12,Uttar Pradesh,Muzaffarnagar,55.44,0.0,157.84,0.35,158.19,0.0,213.63,319.42
190,2017,12,Uttar Pradesh,Muzaffarnagar,55.44,0.0,159.75,0.35,160.1,0.0,215.54,321.99
191,2016,12,Uttar Pradesh,Meerut,29.35,0.0,167.06,0.0,167.06,0.0,196.41,302.31
191,2017,12,Uttar Pradesh,Meerut,29.27,0.0,167.14,0.0,167.14,0.0,196.41,303.33
192,2016,12,Uttar Pradesh,Buland Shahar,20.03,0.0,270.0,9.08,279.09,0.07,299.19,534.69
192,2017,12,Uttar Pradesh,Buland Shahar,15.06,0.0,274.59,9.33,283.92,0.0,298.98,536.97
193,2016,12,Uttar Pradesh,Ghaziabad,6.16,0.0,45.08,0.0,45.08,0.0,51.23,77.88
193,2017,12,Uttar Pradesh,Ghaziabad,5.41,0.0,45.48,0.05,45.53,0.0,50.94,75.78
194,2016,12,Uttar Pradesh,Aligarh,23.06,0.0,280.09,0.28,280.37,0.0,303.43,485.3
194,2017,12,Uttar Pradesh,Aligarh,22.72,0.0,281.27,0.05,281.32,0.0,304.04,486.05
195,2016,12,Uttar Pradesh,Mathura,101.47,0.0,165.53,0.0,165.53,0.0,266.99,335.7
195,2017,12,Uttar Pradesh,Mathura,101.93,0.0,164.47,0.0,164.48,0.0,266.41,336.44
196,2016,12,Uttar Pradesh,Agra,19.03,0.02,224.5,0.51,225.0,0.02,244.07,288.06
196,2017,12,Uttar Pradesh,Agra,19.43,0.02,224.47,0.11,224.58,0.02,244.05,281.61
197,2016,12,Uttar Pradesh,Mainpuri,49.9,0.0,129.37,17.91,147.28,0.0,197.19,327.35
197,2017,12,Uttar Pradesh,Mainpuri,50.3,0.0,129.85,17.91,147.76,0.0,198.07,327.62
198,2016,12,Uttar Pradesh,Etah,10.66,0.0,161.85,20.8,182.65,2.02,195.33,309.38
198,2017,12,Uttar Pradesh,Etah,9.09,0.05,161.18,20.16,181.34,2.65,193.13,307.99
199,2016,12,Uttar Pradesh,Bareilly,13.14,0.13,115.64,171.5,287.14,8.5,308.9,503.26
199,2017,12,Uttar Pradesh,Bareilly,13.13,0.13,115.64,167.77,283.41,12.23,308.9,503.76
200,2016,12,Uttar Pradesh,Budaun,0.01,0.01,196.45,109.96,306.42,15.54,321.97,465.64
200,2017,12,Uttar Pradesh,Budaun,0.01,0.01,196.51,109.92,306.43,15.54,321.98,468.66
201,2016,12,Uttar Pradesh,Moradabad,1.44,0.21,109.56,55.78,165.34,1.08,168.07,292.65
201,2017,12,Uttar Pradesh,Moradabad,1.44,0.21,109.83,55.8,165.63,0.91,168.19,293.92
202,2016,12,Uttar Pradesh,Shahjahanpur,1.69,0.01,225.93,107.45,333.38,9.63,344.72,566.26
202,2017,12,Uttar Pradesh,Shahjahanpur,1.69,0.01,226.36,107.45,333.81,9.2,344.71,566.3
203,2016,12,Uttar Pradesh,Pilibhit,23.56,0.01,188.37,17.7,206.07,0.01,229.66,402.41
203,2017,12,Uttar Pradesh,Pilibhit,22.87,0.01,184.48,18.28,202.76,0.01,225.65,394.1
204,2016,12,Uttar Pradesh,Rampur,0.09,0.0,106.29,76.91,183.19,0.5,183.79,340.86
204,2017,12,Uttar Pradesh,Rampur,0.09,0.0,106.35,76.91,183.26,0.5,183.86,342.38
205,2016,12,Uttar Pradesh,Bijnor,8.9,0.05,246.15,70.85,316.99,0.66,326.6,402.31
205,2017,12,Uttar Pradesh,Bijnor,8.63,0.05,247.69,69.65,317.33,0.91,326.92,402.38
206,2016,12,Uttar Pradesh,Farrukhabad,0.55,0.0,147.75,20.69,168.44,0.0,169.0,214.56
206,2017,12,Uttar Pradesh,Farrukhabad,0.55,0.0,147.58,20.87,168.45,0.0,169.0,214.3
207,2016,12,Uttar Pradesh,Etawah,57.13,0.02,78.39,0.0,78.39,0.0,135.54,207.27
207,2017,12,Uttar Pradesh,Etawah,57.94,0.02,77.42,0.08,77.5,0.0,135.46,206.77
209,2016,12,Uttar Pradesh,Fatehpur,39.27,0.11,176.67,0.22,176.89,0.05,216.32,318.41
209,2017,12,Uttar Pradesh,Fatehpur,39.4,0.11,177.07,0.22,177.29,0.26,217.06,319.76
210,2016,12,Uttar Pradesh,Allahabad,148.7,2.33,149.16,8.0,157.16,0.74,308.94,509.5
210,2017,12,Uttar Pradesh,Allahabad,148.72,2.33,150.29,7.98,158.27,0.24,309.56,510.67
211,2016,12,Uttar Pradesh,Jhansi,92.41,8.05,32.47,92.42,124.89,0.04,225.39,234.46
211,2017,12,Uttar Pradesh,Jhansi,87.87,14.33,32.78,90.34,123.13,0.05,225.37,234.57
212,2016,12,Uttar Pradesh,Lalitpur,55.1,17.15,77.71,61.63,139.34,12.83,224.43,225.96
212,2017,12,Uttar Pradesh,Lalitpur,56.49,17.88,78.6,61.79,140.39,13.61,228.37,229.94
213,2016,12,Uttar Pradesh,Jalaun,149.01,1.3,92.04,19.69,111.74,0.07,262.11,278.33
213,2017,12,Uttar Pradesh,Jalaun,149.19,1.36,93.89,17.53,111.42,0.13,262.11,269.53
214,2016,12,Uttar Pradesh,Hamirpur,30.98,4.91,136.47,16.23,152.71,0.02,188.61,192.32
214,2017,12,Uttar Pradesh,Hamirpur,21.63,3.72,154.35,14.84,169.19,0.03,194.57,199.71
215,2016,12,Uttar Pradesh,Banda,70.09,1.37,104.51,11.72,116.22,0.58,188.27,267.6
215,2017,12,Uttar Pradesh,Banda,57.96,1.71,135.79,7.04,142.84,0.82,203.33,274.14
216,2016,12,Uttar Pradesh,Varanasi,9.82,0.0,79.23,1.24,80.47,0.02,90.3,138.46
216,2017,12,Uttar Pradesh,Varanasi,9.82,0.0,79.19,1.23,80.43,0.02,90.26,138.25
217,2016,12,Uttar Pradesh,Mirzpur,79.52,7.66,49.17,7.06,56.23,7.57,150.97,242.32
217,2017,12,Uttar Pradesh,Mirzpur,82.02,7.84,47.55,8.14,55.69,7.34,152.89,240.68
218,2016,12,Uttar Pradesh,Jaunpur,55.01,0.01,185.0,0.86,185.85,0.03,240.89,410.79
218,2017,12,Uttar Pradesh,Jaunpur,55.01,0.07,184.97,0.82,185.78,0.03,240.89,410.82
219,2016,12,Uttar Pradesh,Ghazipur,46.42,0.0,181.34,0.76,182.1,0.02,228.53,391.63
219,2017,12,Uttar Pradesh,Ghazipur,46.42,0.0,181.34,0.76,182.1,0.02,228.53,393.5
220,2016,12,Uttar Pradesh,Ballia,21.29,0.01,155.47,1.53,156.99,0.0,178.3,285.98
220,2017,12,Uttar Pradesh,Ballia,21.29,0.01,155.45,1.52,156.98,0.0,178.28,285.91
221,2016,12,Uttar Pradesh,Gorakhpur,2.57,0.94,194.17,7.06,201.24,0.43,205.18,286.01
221,2017,12,Uttar Pradesh,Gorakhpur,2.17,0.95,194.59,7.06,201.65,0.43,205.21,270.39
222,2016,12,Uttar Pradesh,Deoria,6.77,0.0,170.78,9.08,179.86,0.0,186.62,303.15
222,2017,12,Uttar Pradesh,Deoria,6.77,0.0,170.4,9.41,179.81,0.05,186.62,303.15
223,2016,12,Uttar Pradesh,Basti,0.0,0.0,181.74,4.65,186.39,0.1,186.49,323.42
223,2017,12,Uttar Pradesh,Basti,0.0,0.07,181.76,4.61,186.37,0.1,186.54,323.85
224,2016,12,Uttar Pradesh,Azamgarh,37.33,0.01,240.48,0.0,240.48,0.01,277.83,487.38
224,2017,12,Uttar Pradesh,Azamgarh,36.7,0.01,238.55,2.38,240.93,0.01,277.65,488.05
225,2016,12,Uttar Pradesh,Lucknow,19.35,0.0,107.8,0.0,107.8,0.0,127.15,187.96
225,2017,12,Uttar Pradesh,Lucknow,19.75,0.0,103.66,0.0,103.66,0.0,123.42,185.06
226,2016,12,Uttar Pradesh,Unnao,59.51,0.09,233.7,1.69,235.39,0.0,294.99,411.48
226,2017,12,Uttar Pradesh,Unnao,59.49,0.09,232.07,3.09,235.16,0.06,294.81,415.45
227,2016,12,Uttar Pradesh,Rae - Bareily,79.62,0.0,123.77,0.0,123.77,0.02,203.41,329.57
227,2017,12,Uttar Pradesh,Rae - Bareily,79.47,0.0,123.71,0.0,123.71,0.03,203.2,331.39
228,2016,12,Uttar Pradesh,Sitapur,9.53,0.09,376.45,13.66,390.11,0.05,399.77,590.9
228,2017,12,Uttar Pradesh,Sitapur,9.54,0.2,377.88,12.16,390.05,0.04,399.83,592.17
229,2016,12,Uttar Pradesh,Hardoi,36.25,0.04,339.59,0.0,339.59,0.0,375.88,554.59
229,2017,12,Uttar Pradesh,Hardoi,36.4,0.03,338.75,0.16,338.91,0.01,375.35,553.78
230,2016,12,Uttar Pradesh,Kheri,16.6,0.0,442.07,0.0,442.07,0.0,458.68,648.4
230,2017,12,Uttar Pradesh,Kheri,14.43,0.0,430.51,0.05,430.57,0.62,445.62,655.85
231,2016,12,Uttar Pradesh,Faizabad,19.6,0.0,142.87,3.14,146.01,0.4,166.02,269.63
231,2017,12,Uttar Pradesh,Faizabad,19.6,0.0,143.15,2.73,145.89,0.53,166.02,269.76
232,2016,12,Uttar Pradesh,Gonda,0.32,0.0,247.86,1.88,249.74,0.12,250.18,390.29
232,2017,12,Uttar Pradesh,Gonda,0.21,0.14,247.21,2.2,249.41,0.41,250.18,390.28
233,2016,12,Uttar Pradesh,Bahraich,4.72,1.31,133.6,74.57,208.17,5.89,220.09,290.0
233,2017,12,Uttar Pradesh,Bahraich,4.72,1.53,133.8,74.84,208.63,5.89,220.78,290.49
234,2016,12,Uttar Pradesh,Sultanpur,22.03,0.0,130.22,1.04,131.26,0.0,153.29,250.22
234,2017,12,Uttar Pradesh,Sultanpur,21.98,0.0,130.54,1.04,131.58,0.0,153.56,250.35
235,2016,12,Uttar Pradesh,Pratapgarh,66.19,0.0,141.54,0.16,141.7,0.0,207.89,338.21
235,2017,12,Uttar Pradesh,Pratapgarh,66.15,0.0,142.1,0.16,142.26,0.0,208.41,339.97
236,2016,12,Uttar Pradesh,Barabanki,56.03,0.06,172.06,19.38,191.45,0.07,247.6,502.63
236,2017,12,Uttar Pradesh,Barabanki,55.52,0.04,172.95,19.24,192.19,0.01,247.76,503.02
237,2016,16,Uttarakhand,Nainital,15.61,4.32838797440955,10.14,0.79,10.93,0.68,27.22,36.64
237,2017,16,Uttarakhand,Nainital,15.29,0.0,9.08,1.07,10.15,0.0,25.45,37.0
238,2016,16,Uttarakhand,Almorah,1.89,3.9796863371333115,46.16061313431563,18.802561819233365,46.790006647553646,3.78,5.67,8.71
238,2017,16,Uttarakhand,Almorah,1.93,0.0,0.0,0.0,0.0,3.2,5.12,9.97
239,2016,16,Uttarakhand,Pithorgarh,0.11,3.982833666992913,46.151849147909466,18.807362840804906,46.78627066514203,3.99,4.1,6.09
239,2017,16,Uttarakhand,Pithorgarh,0.03,0.0,0.0,0.0,0.0,3.22,3.25,4.81
240,2016,16,Uttarakhand,Chamoli,0.31,3.976886022313608,46.166532544890146,18.835965278752017,46.822319507679204,1.17,1.49,2.85
240,2017,16,Uttarakhand,Chamoli,0.4,0.0,0.0,0.0,0.0,1.11,1.51,2.34
241,2016,16,Uttarakhand,Uttar Kashi,3.15,3.974268173473655,46.18771009597928,18.790350623415343,46.8023698554546,1.97,5.12,9.12
241,2017,16,Uttarakhand,Uttar Kashi,4.09,0.0,0.0,0.0,0.0,1.39,5.48,9.11
242,2016,16,Uttarakhand,Tehri Garhwal,0.38,3.990433214466059,46.22166702277162,18.62148620737141,46.69883141126894,7.53,7.91,14.83
242,2017,16,Uttarakhand,Tehri Garhwal,1.4,0.0,0.0,0.0,0.0,5.57,6.96,13.12
243,2016,16,Uttarakhand,Garhwal,2.49,4.4360405990402985,0.86,1.5880261571283825,0.86,2.66,6.01,9.48
243,2017,16,Uttarakhand,Garhwal,2.09,0.0,0.78,0.0,0.78,1.99,4.86,9.22
244,2016,16,Uttarakhand,Dehradun,14.35,0.027789962792995837,2.8,1.79,4.58,2.04,20.97,29.34
244,2017,16,Uttarakhand,Dehradun,15.0,0.0,2.69,0.07,2.77,1.51,19.28,28.96
501,2016,14,Chhattisgarh,Rajnandgaon,42.42,2.66,42.41,2.07,44.49,3.03,92.58,134.45
501,2017,14,Chhattisgarh,Rajnandgaon,29.5342440366242,4.292357329302385,70.09719010583348,21.319096667277794,90.46250039392788,7.218734108339382,128.84419895288067,182.92553705810496
502,2016,6,Madhya Pradesh,Bhopal,9.14,3.88,38.34,33.85,72.18,20.62,105.82,105.82
502,2017,6,Madhya Pradesh,Bhopal,12.84,3.54,60.15,32.27,92.41,29.81,138.61,138.61
503,2016,1,Andhra Pradesh,Vizianagaram,41.5,73.42,30.73,8.77,39.51,2.4,156.83,189.4
503,2017,1,Andhra Pradesh,Vizianagaram,43.03,75.65,26.84,5.43,32.26,3.36,154.3,191.12
504,2016,1,Andhra Pradesh,Prakasam,32.23,2.57,100.39,1.78,102.17,3.16,140.14,144.46
504,2017,1,Andhra Pradesh,Prakasam,37.52,2.09,93.65,0.73,94.37,2.78,136.76,138.95
506,2016,11,Tamil Nadu,Dharmapuri,0.39,0.65,0.74,47.46,48.2,7.565415671177098,49.23,63.69
506,2017,11,Tamil Nadu,Dharmapuri,29.5342440366242,4.292357329302385,70.09719010583348,21.319096667277794,90.46250039392788,7.218734108339382,128.84419895288067,182.92553705810496
507,2016,11,Tamil Nadu,Periyar(Erode),16.95,0.01,25.28,45.38,70.66,7.565415671177098,87.62,90.75
507,2017,11,Tamil Nadu,Periyar(Erode),29.5342440366242,4.292357329302385,70.09719010583348,21.319096667277794,90.46250039392788,7.218734108339382,128.84419895288067,182.92553705810496
508,2016,11,Tamil Nadu,Pudukkottai,4.05,46.01,34.98,8.38,43.36,7.565415671177098,93.41,95.73
508,2017,11,Tamil Nadu,Pudukkottai,29.5342440366242,4.292357329302385,70.09719010583348,21.319096667277794,90.46250039392788,7.218734108339382,128.84419895288067,182.92553705810496
509,2016,11,Tamil Nadu,Dindigul Anna,0.009457878327268077,0.01,3.53,69.33,72.86,0.9,73.78,74.59
509,2017,11,Tamil Nadu,Dindigul Anna,29.5342440366242,4.292357329302385,70.09719010583348,21.319096667277794,90.46250039392788,7.218734108339382,128.84419895288067,182.92553705810496
510,2016,11,Tamil Nadu,Virudhunagar Kamarajar,30.762978766607297,13.59,0.14,26.06,26.2,7.122802239177907,39.8,41.58
510,2017,11,Tamil Nadu,Virudhunagar Kamarajar,29.5342440366242,4.292357329302385,70.09719010583348,21.319096667277794,90.46250039392788,7.218734108339382,128.84419895288067,182.92553705810496
512,2016,11,Tamil Nadu,Sivagangai Pasumpon,30.762978766607297,50.51,2.94,13.56,16.5,7.202402153210838,67.01,67.02
512,2017,11,Tamil Nadu,Sivagangai Pasumpon,29.5342440366242,4.292357329302385,70.09719010583348,21.319096667277794,90.46250039392788,7.218734108339382,128.84419895288067,182.92553705810496
513,2016,11,Tamil Nadu,Chidambanar Toothukudi,7.12,4.11,1.41,15.28,16.69,7.565415671177098,27.92,28.23
513,2017,11,Tamil Nadu,Chidambanar Toothukudi,29.5342440366242,4.292357329302385,70.09719010583348,21.319096667277794,90.46250039392788,7.218734108339382,128.84419895288067,182.92553705810496
514,2016,7,Maharashtra,Jalna,29.5342440366242,4.292357329302385,70.09719010583348,21.319096667277794,90.46250039392788,7.218734108339382,128.84419895288067,182.92553705810496
514,2017,7,Maharashtra,Jalna,29.5342440366242,4.292357329302385,70.09719010583348,21.319096667277794,90.46250039392788,7.218734108339382,128.84419895288067,182.92553705810496
515,2016,7,Maharashtra,Latur,29.5342440366242,4.292357329302385,70.09719010583348,21.319096667277794,90.46250039392788,7.218734108339382,128.84419895288067,182.92553705810496
515,2017,7,Maharashtra,Latur,29.5342440366242,4.292357329302385,70.09719010583348,21.319096667277794,90.46250039392788,7.218734108339382,128.84419895288067,182.92553705810496
516,2016,7,Maharashtra,Gadchiroli,29.5342440366242,4.292357329302385,70.09719010583348,21.319096667277794,90.46250039392788,7.218734108339382,128.84419895288067,182.92553705810496
516,2017,7,Maharashtra,Gadchiroli,29.5342440366242,4.292357329302385,70.09719010583348,21.319096667277794,90.46250039392788,7.218734108339382,128.84419895288067,182.92553705810496
517,2016,7,Maharashtra,Sindhudurg,29.5342440366242,4.292357329302385,70.09719010583348,21.319096667277794,90.46250039392788,7.218734108339382,128.84419895288067,182.92553705810496
517,2017,7,Maharashtra,Sindhudurg,29.5342440366242,4.292357329302385,70.09719010583348,21.319096667277794,90.46250039392788,7.218734108339382,128.84419895288067,182.92553705810496
518,2016,3,Gujarat,Gandhinagar,3.1,0.0,98.6,0.0,98.6,0.0,101.7,158.2
518,2017,3,Gujarat,Gandhinagar,3.4,0.0,98.7,0.0,98.7,0.2,102.3,158.3
519,2016,10,Rajasthan,Dholpur,9.24,0.08,114.77,3.63,118.4,1.12,128.85,129.57
519,2017,10,Rajasthan,Dholpur,6.52,0.01,114.91,2.75,117.66,0.71,124.9,125.88
520,2016,20,Telangana,Rangareddy,30.762978766607297,3.553558723580517,37.51,0.05,37.56,1.08,38.64,51.41
520,2017,20,Telangana,Rangareddy,0.0,0.04,43.17,0.01,43.18,0.04,43.26,59.71
521,2016,11,Tamil Nadu,Thiruvannamalai,0.05,8.27,3.31,105.68,108.99,7.565415671177098,117.31,153.55
521,2017,11,Tamil Nadu,Thiruvannamalai,29.5342440366242,4.292357329302385,70.09719010583348,21.319096667277794,90.46250039392788,7.218734108339382,128.84419895288067,182.92553705810496
523,2016,4,Haryana,Yamunanagar,2.0,4.267835853959221,106.0,4.258996796623062,106.0,7.630396685894616,108.0,206.0
523,2017,4,Haryana,Yamunanagar,1.0,4.279093888866038,99.0,4.19831032113213,99.0,7.449487815605685,100.0,208.0
524,2016,4,Haryana,Kaithal,77.0,4.13035273160815,126.0,4.269207649616181,126.0,7.794968289413894,203.0,352.0
524,2017,4,Haryana,Kaithal,77.0,4.136237411317007,125.0,4.124910137046317,125.0,7.385724790827132,202.0,383.0
525,2016,4,Haryana,Panipat,31.0,4.266933356675745,63.0,4.372561302411256,63.0,7.947928801333254,94.0,165.0
525,2017,4,Haryana,Panipat,56.0,4.257448047888852,39.0,4.29879217945977,39.0,7.750569488006497,95.0,187.0
526,2016,4,Haryana,Rewari,2.6512679107381985,4.243576383752165,116.0,4.5314390389334385,116.0,5.764692185721933,116.0,184.0
526,2017,4,Haryana,Rewari,0.0,4.248445818621329,122.0,4.404803748906499,122.0,8.057481490205042,122.0,193.0
527,2016,16,Uttarakhand,Haridwar,13.12,0.0002177203799593741,88.87,4.35,93.22,1.66,108.0,153.43
527,2017,16,Uttarakhand,Haridwar,12.02,0.0,94.2,1.13,95.33,1.99,109.34,152.19
528,2016,12,Uttar Pradesh,Firozabad,17.72,0.02,147.61,0.66,148.27,0.0,166.0,235.62
528,2017,12,Uttar Pradesh,Firozabad,18.17,0.0,147.18,0.65,147.84,0.0,166.01,225.75
529,2016,12,Uttar Pradesh,Sonbhadra,44.71,2.8,4.23,3.35,7.58,6.81,61.89,106.87
529,2017,12,Uttar Pradesh,Sonbhadra,44.21,2.8,4.71,3.33,8.04,6.85,61.9,106.9
530,2016,12,Uttar Pradesh,Mau,8.61,0.0,106.45,1.51,107.96,0.0,116.56,192.22
530,2017,12,Uttar Pradesh,Mau,8.6,0.0,106.42,1.51,107.93,0.0,116.53,192.11
531,2016,12,Uttar Pradesh,Mahrajgani,11.15,0.76,151.54,7.11,158.65,0.06,170.61,182.7
531,2017,12,Uttar Pradesh,Mahrajgani,11.15,0.76,151.54,7.11,158.65,0.06,170.62,182.72
532,2016,12,Uttar Pradesh,Sidharthnagar,7.88,9.75,157.59,4.02,161.6,0.3,179.54,208.83
532,2017,12,Uttar Pradesh,Sidharthnagar,7.88,7.95,159.33,3.98,163.31,0.4,179.54,207.97
533,2016,12,Uttar Pradesh,Mahoba,19.24,10.18,5.2,55.14,60.34,0.83,90.59,91.23
533,2017,12,Uttar Pradesh,Mahoba,9.05,5.91,3.35,57.38,60.73,0.54,76.23,78.34
536,2016,10,Rajasthan,Baran,63.5,6.33,219.33,31.4,250.74,14.71,335.27,353.61
536,2017,10,Rajasthan,Baran,62.69,2.9,208.28,31.19,239.47,10.8,315.86,331.39
537,2016,10,Rajasthan,Dausa,30.762978766607297,3.6888476428613277,141.51,22.79,164.3,1.25,165.54,167.13
537,2017,10,Rajasthan,Dausa,0.0,0.0,135.81,13.33,149.14,0.0,149.14,150.27
538,2016,10,Rajasthan,Rajsamand,0.11,5.4,1.0,37.44,38.44,0.008823633908199291,43.96,52.19
538,2017,10,Rajasthan,Rajsamand,0.0,6.32,2.82,38.4,41.22,0.0,47.54,54.43
539,2016,10,Rajasthan,Hanumangarh,426.02,3.718652632810313,8.11,4.38,12.48,7.565415671177098,438.51,799.29
539,2017,10,Rajasthan,Hanumangarh,447.16,0.0,9.19,0.32,9.51,0.0,456.67,824.18
542,2016,11,Tamil Nadu,Nagapattinam,119.36,3.7851332640371513,45.942937332074884,19.735369507305588,47.36728782945718,0.48,119.84,160.17
542,2017,11,Tamil Nadu,Nagapattinam,29.5342440366242,4.292357329302385,70.09719010583348,21.319096667277794,90.46250039392788,7.218734108339382,128.84419895288067,182.92553705810496
543,2016,11,Tamil Nadu,Villupuram,0.81,24.16,44.34,126.87,171.2,0.022503130370373547,196.17,240.48
543,2017,11,Tamil Nadu,Villupuram,29.5342440366242,4.292357329302385,70.09719010583348,21.319096667277794,90.46250039392788,7.218734108339382,128.84419895288067,182.92553705810496
545,2016,9,Punjab,Mansa,147.77,4.118395155007073,41.02,4.177430644231553,41.02,7.548489893128745,188.79,363.51
545,2017,9,Punjab,Mansa,140.09,0.0,44.38,0.0,44.38,0.0,184.47,364.59
546,2016,9,Punjab,Fatehgarh Sahib,0.03,4.274378688137626,102.0,4.285768950915692,102.0,7.698710635668383,102.03,191.1
546,2017,9,Punjab,Fatehgarh Sahib,0.03,0.0,102.0,0.0,102.0,0.0,102.03,186.23
547,2016,12,Uttar Pradesh,Kanpur Nagar,31.04,0.05,102.39,0.32,102.71,0.0,133.79,178.9
547,2017,12,Uttar Pradesh,Kanpur Nagar,31.04,0.12,102.32,0.32,102.64,0.0,133.8,179.06
548,2016,12,Uttar Pradesh,Kanpur Dehat,43.63,0.03,114.17,1.2,115.37,0.0,159.04,238.34
548,2017,12,Uttar Pradesh,Kanpur Dehat,43.56,0.03,113.88,1.92,115.8,0.0,159.39,227.46
549,2016,5,Karnataka,Bangalore(Rural),10.530390097598598,4.308338201306556,17.89,5.311741901681042,17.89,0.02,17.91,21.17
549,2017,5,Karnataka,Bangalore(Rural),0.0,0.0,17.77,0.0,17.77,0.05,17.81,20.15
550,2016,5,Karnataka,Bangalore(Urban),2.743479224119506,4.358380530889088,8.9,4.619742959419685,8.9,5.803963198803809,8.9,11.43
550,2017,5,Karnataka,Bangalore(Urban),0.0,0.0,8.42,0.0,8.42,0.0,8.42,10.31
601,2016,17,Assam,Cachar,30.762978766607297,4.317322451220793,37.21116807342916,0.03476115230184876,30.558312389728727,3.91,3.91,3.91
601,2017,17,Assam,Cachar,2.08,0.0,0.0,0.0,0.0,0.0,2.08,3.09
602,2016,17,Assam,Darrang,1.5,0.23,17.07,0.0035007806466405,17.07,0.18,18.97,18.97
602,2017,17,Assam,Darrang,2.03,0.23,0.0,17.08,17.08,0.18,19.51,19.58
603,2016,17,Assam,Dibrugarh,10.566437862015201,4.333033813026637,0.87,5.333477120693432,0.87,3.29,4.16,4.16
603,2017,17,Assam,Dibrugarh,0.88,0.0,1.0,0.0,1.0,0.0,1.88,2.23
604,2016,17,Assam,Goalpara,10.526579703022232,4.303808488024009,23.12,5.308721971784536,23.12,0.82,23.94,23.94
604,2017,17,Assam,Goalpara,0.18,0.0,0.0,22.19,22.19,0.83,23.19,23.19
605,2016,17,Assam,Kamrup,2.16,0.65,1.83,0.25,2.07,3.82,8.7,10.58
605,2017,17,Assam,Kamrup,1.54,0.61,3.32,1.98,5.3,2.31,9.75,14.79
606,2016,17,Assam,Karbi Anglong,6.3,4.450981389955461,0.11,1.5932935251313038,0.11,12.73,19.14,40.76
606,2017,17,Assam,Karbi Anglong,6.3,0.0,0.11,0.0,0.11,12.73,19.14,40.76
607,2016,17,Assam,Lakhimpur,0.46,0.81,0.43,0.01,0.44,26.75,28.44,28.45
607,2017,17,Assam,Lakhimpur,0.34,0.33,0.71,0.01,0.71,14.98,16.36,16.36
608,2016,17,Assam,North Cachar Hil,0.35,4.2089150311759465,44.035913668618115,5.433558987841591,42.79871187911833,7.565415671177098,0.35,0.35
608,2017,17,Assam,North Cachar Hil,1.03,0.0,0.0,0.0,0.0,0.0,1.03,1.03
609,2016,17,Assam,Nagaon,15.31,7.08,7.94,9.63,17.57,8.17,48.12,83.98
609,2017,17,Assam,Nagaon,24.56,6.48,2.85,1.17,4.02,13.27,48.32,76.47
610,2016,17,Assam,Sibsagar,30.762978766607297,4.366549242562208,36.94898490068653,0.15161017630106677,30.35661482265859,30.76,30.76,30.76
610,2017,17,Assam,Sibsagar,0.0,0.0,0.0,0.0,0.0,30.76,30.76,30.76
615,2016,17,Assam,Barpeta,6.08,4.5133865376162,0.5,1.6151272145395867,0.5,46.07,52.65,71.4
615,2017,17,Assam,Barpeta,6.08,0.0,0.5,0.0,0.5,46.72,53.3,73.02
616,2016,17,Assam,Dhubri,0.66,0.07,4.23,21.515840402072968,4.23,5.01,9.97,14.15
616,2017,17,Assam,Dhubri,0.68,0.08,4.29,0.0,4.29,4.97,10.02,14.45
617,2016,17,Assam,Golaghat,0.09,4.3800511663063695,0.01,4.484705764645741,0.01,8.148612383647361,0.1,0.1
617,2017,17,Assam,Golaghat,0.0,0.0,0.07,0.0,0.07,0.0,0.07,0.07
618,2016,17,Assam,Jorhat,3.85,4.424084316891694,5.62,1.5873451968085202,5.62,0.44,9.9,9.9
618,2017,17,Assam,Jorhat,0.17,0.0,0.69,0.0,0.69,0.0,0.86,0.86
619,2016,17,Assam,Karimganj,1.11,4.2076775761249845,44.029078850139456,5.4472943957047395,42.80537367340298,7.565415671177098,1.11,1.11
619,2017,17,Assam,Karimganj,2.7,0.0,0.08,0.0,0.08,0.0,2.78,2.78
620,2016,17,Assam,Kokrajhar,3.27,0.97,6.57,21.515840402072968,6.57,5.7,16.51,21.53
620,2017,17,Assam,Kokrajhar,6.15,0.0,9.45,0.0,9.45,0.46,16.06,20.07
621,2016,17,Assam,Nalbari,0.52,0.29,0.46,21.515840402072968,0.46,0.52,1.8,2.2
621,2017,17,Assam,Nalbari,1.04,0.29,10.13,0.69,10.82,11.32,23.46,49.0
622,2016,17,Assam,Sonitpur,0.54,0.08,4.36,0.06,4.42,13.88,18.91,21.11
622,2017,17,Assam,Sonitpur,0.54,0.08,4.37,0.06,4.43,13.88,18.92,21.12
626,2016,18,Himachal Pradesh,Bilashpur,0.0010306770624557426,0.0,0.66,0.01,0.67,6.15,6.82,6.82
626,2017,18,Himachal Pradesh,Bilashpur,29.5342440366242,4.292357329302385,70.09719010583348,21.319096667277794,90.46250039392788,7.218734108339382,128.84419895288067,182.92553705810496
627,2016,18,Himachal Pradesh,Chamba,30.762978766607297,4.316342925315882,37.28537098444654,21.515840402072968,30.519199953435468,3.55,3.55,6.82
627,2017,18,Himachal Pradesh,Chamba,29.5342440366242,4.292357329302385,70.09719010583348,21.319096667277794,90.46250039392788,7.218734108339382,128.84419895288067,182.92553705810496
628,2016,18,Himachal Pradesh,Hamirpur,14.725205645837763,0.02,0.02,5.274411544135348,0.02,1.7,1.73,3.49
628,2017,18,Himachal Pradesh,Hamirpur,29.5342440366242,4.292357329302385,70.09719010583348,21.319096667277794,90.46250039392788,7.218734108339382,128.84419895288067,182.92553705810496
629,2016,18,Himachal Pradesh,Kangra,0.01,0.0111010191908818,4.4,0.11,4.51,31.16,35.69,83.44
629,2017,18,Himachal Pradesh,Kangra,29.5342440366242,4.292357329302385,70.09719010583348,21.319096667277794,90.46250039392788,7.218734108339382,128.84419895288067,182.92553705810496
630,2016,18,Himachal Pradesh,Kinnaur,30.762978766607297,4.320080940019759,37.21841676968118,0.012936857674896475,30.533294128015363,5.47,5.47,6.51
630,2017,18,Himachal Pradesh,Kinnaur,29.5342440366242,4.292357329302385,70.09719010583348,21.319096667277794,90.46250039392788,7.218734108339382,128.84419895288067,182.92553705810496
631,2016,18,Himachal Pradesh,Kullu,30.762978766607297,0.05,38.27688837538553,0.7479378129463475,32.55247598384402,2.63,2.68,2.95
631,2017,18,Himachal Pradesh,Kullu,29.5342440366242,4.292357329302385,70.09719010583348,21.319096667277794,90.46250039392788,7.218734108339382,128.84419895288067,182.92553705810496
632,2016,18,Himachal Pradesh,Lahul & Spiti,30.762978766607297,4.31638741719533,37.216148089000804,0.03254167363372388,30.562143516701017,3.4,3.4,3.4
632,2017,18,Himachal Pradesh,Lahul & Spiti,29.5342440366242,4.292357329302385,70.09719010583348,21.319096667277794,90.46250039392788,7.218734108339382,128.84419895288067,182.92553705810496
633,2016,18,Himachal Pradesh,Solan,0.0,0.00017348409474360338,1.23,1.96,3.19,6.48,9.67,32.13
633,2017,18,Himachal Pradesh,Solan,29.5342440366242,4.292357329302385,70.09719010583348,21.319096667277794,90.46250039392788,7.218734108339382,128.84419895288067,182.92553705810496
634,2016,18,Himachal Pradesh,Mandi,0.08,4.002245130225383,46.30520511711644,18.381884927829436,46.58084017022979,12.61,12.69,25.63
634,2017,18,Himachal Pradesh,Mandi,29.5342440366242,4.292357329302385,70.09719010583348,21.319096667277794,90.46250039392788,7.218734108339382,128.84419895288067,182.92553705810496
635,2016,18,Himachal Pradesh,Shimla,30.762978766607297,4.314759424854207,37.243805771967736,0.004124562305784246,30.556944407850402,2.56,2.56,3.46
635,2017,18,Himachal Pradesh,Shimla,29.5342440366242,4.292357329302385,70.09719010583348,21.319096667277794,90.46250039392788,7.218734108339382,128.84419895288067,182.92553705810496
636,2016,18,Himachal Pradesh,Sirmaur,3.25,0.13,1.86,1.2,3.06,8.38,14.81,28.27
636,2017,18,Himachal Pradesh,Sirmaur,29.5342440366242,4.292357329302385,70.09719010583348,21.319096667277794,90.46250039392788,7.218734108339382,128.84419895288067,182.92553705810496
637,2016,18,Himachal Pradesh,Una,30.762978766607297,4.675037897784549,14.37,0.94,15.31,6.64679376878638,15.31,23.24
637,2017,18,Himachal Pradesh,Una,29.5342440366242,4.292357329302385,70.09719010583348,21.319096667277794,90.46250039392788,7.218734108339382,128.84419895288067,182.92553705810496
651,2016,19,Kerala,Alappuzha,4.13,0.4,7.5,0.81,8.31,26.06,38.9,35.48916436544578
651,2017,19,Kerala,Alappuzha,2.42,0.44,7.07,0.87,7.94,25.06,35.86,31.68211932394033
652,2016,19,Kerala,Kannur,1.06,1.23,0.41,8.77,9.18,3.4,14.87,18.550639611409828
652,2017,19,Kerala,Kannur,1.31,0.98,0.44,8.35,8.79,3.24,14.32,18.38421295351675
653,2016,19,Kerala,Eranakulam,6.91,2.12,0.45,6.96,7.41,5.31,21.75,27.95199921700916
653,2017,19,Kerala,Eranakulam,9.86,1.58,0.52,7.14,7.66,4.84,23.94,32.57437652945804
654,2016,19,Kerala,Idukki,1.75,19.28,5.81,7.68,13.48,7.66,42.18,40.22574909466763
654,2017,19,Kerala,Idukki,1.52,19.57,6.33,8.98,15.31,8.35,44.74,42.32437068814064
655,2016,19,Kerala,Kottayam,0.03,0.18,0.02,2.27,2.29,10.92,13.42,12.497602869822465
655,2017,19,Kerala,Kottayam,0.13,0.18,0.02,2.38,2.4,13.65,16.36,13.886350714018912
656,2016,19,Kerala,Kozhikode,0.88,0.51,0.04,2.71,2.75,0.5,4.65,10.304834043546352
656,2017,19,Kerala,Kozhikode,0.94,0.44,0.02,2.89,2.91,0.69,4.98,10.570066936259753
657,2016,19,Kerala,Malappuram,2.48,4.09,1.24,13.56,14.8,4.75,26.12,29.099597541659655
657,2017,19,Kerala,Malappuram,2.62,3.77,1.57,13.79,15.36,4.4,26.15,29.694099547777057
658,2016,19,Kerala,Palakkad,25.09,4.93,13.07,10.0,23.07,15.2,68.29,85.79415336316228
658,2017,19,Kerala,Palakkad,35.29,4.46,13.28,9.28,22.56,12.0,74.31,100.71748120108057
659,2016,19,Kerala,Kollam,1.38,0.08,0.04,2.96,2.99,0.83,5.28,11.209119287328157
659,2017,19,Kerala,Kollam,1.82,0.1,0.01,2.51,2.52,0.79,5.22,11.466647362213472
660,2016,19,Kerala,Thrissur,14.17,3.55,1.28,34.2,35.48,8.48,61.68,69.2759748174782
660,2017,19,Kerala,Thrissur,15.07,3.47,1.44,34.57,36.01,8.8,63.35,71.43790054273074
661,2016,19,Kerala,Thiruvananthapuram,3.4,0.88,0.05,2.8,2.85,0.46,7.59,14.79858887195079
661,2017,19,Kerala,Thiruvananthapuram,4.12,0.27,0.08,2.66,2.74,0.46,7.58,15.50130731237886
662,2016,19,Kerala,Kasaragod,0.24,12.33,12.11,27.45,39.56,3.75,55.87,59.8042278057278
662,2017,19,Kerala,Kasaragod,0.26,14.25,11.72,27.45,39.17,3.45,57.12,60.37471702699782
663,2016,19,Kerala,Pathanamthitta,2.83,0.03,0.0,2.24,2.24,0.09,5.18,12.537549514559311
663,2017,19,Kerala,Pathanamthitta,2.01,0.1,0.0,2.21,2.21,1.01,5.33,11.579605461989773
664,2016,19,Kerala,Wayanad,0.0,0.06,0.0,0.08,0.08,11.84,11.98,10.64139021237758
664,2017,19,Kerala,Wayanad,0.0,0.17,0.0,0.03,0.03,12.52,12.72,10.944044272273462
701,2016,8,Odisha,Balasore,21.05277486734535,4.303013676449973,63.92093166732987,15.208958510072453,77.06191430473291,6.2286288048831215,102.87,186.6
701,2017,8,Odisha,Balasore,23.063459677117564,4.300544864383818,65.3826438798127,16.579492227184677,80.14985002816414,6.438150729541085,108.89,187.13
702,2016,8,Odisha,Bolangir,15.098051363671857,4.3079970000778705,59.69253614457412,14.310469586735355,71.52022370113343,6.629317466909746,90.62,127.56
702,2017,8,Odisha,Bolangir,6.350340726918411,4.317760964226936,53.375371635151915,9.67389095219982,59.59775432728436,6.146255613424464,66.77,101.14
703,2016,8,Odisha,Cuttack,13.336072269224161,4.310696575506606,58.388477227714745,12.381673751158672,67.98445033431923,6.210547770497718,84.06,140.33
703,2017,8,Odisha,Cuttack,13.283767746798475,4.310332348261193,58.36895255067782,12.927626956083696,68.56724444373499,6.393027059860564,84.93,129.74
704,2016,8,Odisha,Dhenkanal,6.304566639924751,4.317751624217673,53.34492513220023,9.731663342166105,59.62889956807612,6.170234973608351,66.79,99.51
704,2017,8,Odisha,Dhenkanal,3.3660630189435636,4.321143513379228,51.218046735727,8.022110117781626,55.45058203998345,5.958836174314761,58.51,93.4
705,2016,8,Odisha,Ganjam,59.50731497171098,4.258674219020799,91.75210531351517,37.51537429714831,131.66647022105332,8.973907171794131,211.11,267.75
705,2017,8,Odisha,Ganjam,61.91473165366715,4.255700676238854,93.50299075021894,39.18022859999941,135.39093972919437,9.232492253456506,218.36,267.95
706,2016,8,Odisha,Kalahandi,33.30531482521614,4.288630586680847,72.79964261410285,22.663115369705682,94.85564036069805,7.215398300168821,137.97,206.15
706,2017,8,Odisha,Kalahandi,39.98911503569374,4.281480351585595,77.61296600025065,25.784874765629123,103.48528871296205,7.448492876822903,155.45,233.99
707,2016,8,Odisha,Keonjhar,19.935212670496156,4.302513654879101,63.18933205675003,16.988670252543375,78.2432792880546,6.933379856401294,104.01,140.09
707,2017,8,Odisha,Keonjhar,16.740467897415243,4.306329853116177,60.871437565659356,14.955563821023233,73.50167489318987,6.647169070184808,94.7,136.62
708,2016,8,Odisha,Koraput,9.274041827633283,4.3156124501287625,55.43858823022645,9.710186930977827,61.85706629897392,5.818705417779049,72.07,137.49
708,2017,8,Odisha,Koraput,9.698058430746585,4.314958066168623,55.75261181526125,10.180777614151076,62.715273989420396,5.921559143374558,73.66,134.3
709,2016,8,Odisha,Mayurbhanja,26.56422193279934,4.295257894181271,67.97028499162988,20.30765356085016,87.05622932102565,7.236560044213284,121.74,163.65
709,2017,8,Odisha,Mayurbhanja,28.405222770545777,4.293474024607471,69.28806351262935,20.915562512657143,89.14593012257937,7.219351718253441,126.11,175.9
710,2016,8,Odisha,Phulbani(Kandhamal),30.762978766607297,4.331897760698089,43.72758094842666,3.693790060781554,42.60704138765757,5.770040101034303,32.2,40.14
710,2017,8,Odisha,Phulbani(Kandhamal),30.762978766607297,4.335606137945634,41.43575897983694,1.7757412404319464,38.02072775314453,5.517319330402237,23.15,34.98
711,2016,8,Odisha,Puri,17.058564305289124,4.306633071000855,61.072728835327055,14.230587951624777,72.91639736174695,6.3759999869386865,93.99,153.83
711,2017,8,Odisha,Puri,11.784178686772947,4.3129374527098125,57.245812305426035,10.868582757826598,65.08201737201082,5.901722399149626,78.61,148.2
712,2016,8,Odisha,Sambalpur,6.679665831629897,4.31743005718336,53.61161034710527,9.79865651113489,59.98983373937334,6.1483539161981104,67.58,103.04
712,2017,8,Odisha,Sambalpur,7.7298004716472875,4.316309306788158,54.367747166509176,10.285513287869971,61.3415624455823,6.183806281129299,70.32,107.48
713,2016,8,Odisha,Sundargarh,8.438760128274815,4.315448257244762,54.88273345063162,10.755938236577169,62.41573986918819,6.2535404966463295,72.42,107.9
713,2017,8,Odisha,Sundargarh,12.732137603910886,4.310762769393898,57.978592994365464,12.886774787910472,68.10219818831814,6.443840231460817,83.87,123.5
714,2016,8,Odisha,Bhadrak,26.00513194465826,4.295124734055685,67.59923171591441,21.039192899614694,87.46617175152377,7.537815811728641,122.03,143.27
714,2017,8,Odisha,Bhadrak,16.829591252631474,4.305472050321166,60.968540478396925,16.032203678731204,74.7968228504328,6.98471318515083,96.76,118.17
716,2016,8,Odisha,Jagatsinghapur,6.534140085063811,4.317823380378693,53.49654959126461,9.408096001828682,59.434137068524066,6.0390425066973625,66.63,108.3
716,2017,8,Odisha,Jagatsinghapur,8.683217734552912,4.315516162835992,55.04455545547785,10.422935011037808,62.2215101485099,6.117571865801827,72.27,117.05
717,2016,8,Odisha,Jajapur,4.219614666986878,4.321241326989361,51.78908075571036,7.048468077432656,54.987984009206,5.545181087944221,58.32,121.91
717,2017,8,Odisha,Jajapur,3.8469648607337845,4.321333405917317,51.53395499083126,7.290584299717299,54.98134125149538,5.66665804799421,58.08,112.79
718,2016,8,Odisha,Kendrapara,10.063205870105989,4.313213127515789,56.07404726844999,12.189753576299708,65.28282441948228,6.528330886609289,77.86,102.39
718,2017,8,Odisha,Kendrapara,11.499334280532736,4.311979720299968,57.09519161160864,12.449282323762986,66.66817952150865,6.445536198332056,80.89,115.85
719,2016,8,Odisha,Angul,4.87420971658257,4.3196487395158005,52.299013424718254,8.565487560827364,57.21420257887944,5.959402034484774,62.17,102.61
719,2017,8,Odisha,Angul,2.3714984967999797,4.322515877982065,50.48849778819786,7.138951486132548,53.68916258150321,5.788881256296739,55.17,96.87
720,2016,8,Odisha,Gajapati,30.762978766607297,4.332616479605926,43.46460959635759,3.057182578067101,41.62013928597381,5.604274018135292,30.46,47.36
720,2017,8,Odisha,Gajapati,30.762978766607297,4.331974769185548,43.912493651060686,3.314103387627311,42.386018380330086,5.614943503170671,32.03,50.58
721,2016,8,Odisha,Nuapada,30.762978766607297,4.324274115515324,48.76450688613235,7.161222367177217,51.85948939344852,6.079848231626435,50.83,65.51
721,2017,8,Odisha,Nuapada,30.762978766607297,4.324668654110932,48.42784813277304,7.092848816123134,51.421765910516,6.112789021854403,49.86,60.75
722,2016,8,Odisha,Malkangiri,7.373203297078732,4.315946824960479,54.14306687996711,11.128866403438039,62.03260184541967,6.497693479617047,71.17,87.63
722,2017,8,Odisha,Malkangiri,7.627092200071743,4.315747832621293,54.322769098648095,11.148877020829048,62.2480180154365,6.474697049542718,71.66,90.48
723,2016,8,Odisha,Nawarangpur,30.762978766607297,4.3270634117197435,47.26181805326653,5.395311760941782,48.29021433642958,5.747244091999128,44.04,71.66
723,2017,8,Odisha,Nawarangpur,30.762978766607297,4.328509166318826,46.47527639992532,4.4912040254108145,46.4443256472389,5.579787624743225,40.52,74.5
724,2016,8,Odisha,Rayagada,30.762978766607297,4.329746298574067,45.44004026119211,4.2469817796884985,45.06074174206129,5.669926861570693,37.48,60.5
724,2017,8,Odisha,Rayagada,30.762978766607297,4.327935686168432,46.57644960680473,5.1579914256457915,47.29057698942849,5.7820846647379005,41.9,63.81
725,2016,8,Odisha,Khurda,2.2366634170317568,4.321649042999754,50.43505226916406,8.448481463553897,55.07994631550008,6.227666416784266,57.24,71.35
725,2017,8,Odisha,Khurda,30.762978766607297,4.325890639212647,47.830270642235206,6.230411273957955,49.82520974088531,5.927924269145129,46.89,66.2
726,2016,8,Odisha,Nayagarh,1.2778016054458305,4.322896977846726,49.734937959811646,7.699060050114483,53.498092499533215,6.0967818885432825,54.2,72.84
726,2017,8,Odisha,Nayagarh,0.610504182343476,4.323750584285216,49.248351614049014,7.197695952562093,52.42024468357859,6.012215887891549,52.12,73.51
728,2016,8,Odisha,Boudh,4.035252899578012,4.3197390490092165,51.729693056139126,9.269380956846984,57.380316431821385,6.284201672926563,61.91,79.19
728,2017,8,Odisha,Boudh,2.5575055327303176,4.321489064484732,50.65819358249822,8.349574195714084,55.21056831862043,6.15847544069961,57.64,77.21
729,2016,8,Odisha,Bargarh,24.542621380049653,4.299562799392882,66.42193855362865,16.455438788901763,81.13050632531804,6.2264183215131,111.32,208.11
729,2017,8,Odisha,Bargarh,29.074989612995537,4.294765639012846,69.68368937173592,18.50242894047241,86.90266570705614,6.3618919491335,123.05,228.26
730,2016,8,Odisha,Deogarh,30.762978766607297,4.3350853424288065,41.74516940216847,2.0633020948744187,38.671552525218424,5.560833194927432,24.42,35.14
730,2017,8,Odisha,Deogarh,30.762978766607297,4.334204425362264,42.421726066748974,2.325780283808947,39.68953524788606,5.5357031789465685,26.58,42.36
731,2016,8,Odisha,Jharsuguda,30.762978766607297,4.33957971342803,38.814025665819486,21.515840402072968,33.19624485207645,5.353522157049247,13.44,21.92
731,2017,8,Odisha,Jharsuguda,30.762978766607297,4.339726960672455,38.7145355173126,21.515840402072968,33.01873048102172,5.348958960278117,13.08,21.33
732,2016,8,Odisha,Sonepur,12.552675743421062,4.311480887575465,57.826636988266415,12.088747680706636,67.05618149402474,6.206805360663217,82.14,135.74
732,2017,8,Odisha,Sonepur,9.408256481024914,4.31519384067982,55.54711758380803,10.146215627778144,62.4560232209077,5.944021198401734,73.08,131.26
801,2016,13,West Bengal,24 - Paraganas South,29.5342440366242,4.292357329302385,70.09719010583348,21.319096667277794,90.46250039392788,7.218734108339382,128.84419895288067,182.92553705810496
801,2017,13,West Bengal,24 - Paraganas South,29.5342440366242,4.292357329302385,70.09719010583348,21.319096667277794,90.46250039392788,7.218734108339382,128.84419895288067,182.92553705810496
802,2016,13,West Bengal,24 - Paraganas North,29.5342440366242,4.292357329302385,70.09719010583348,21.319096667277794,90.46250039392788,7.218734108339382,128.84419895288067,182.92553705810496
802,2017,13,West Bengal,24 - Paraganas North,29.5342440366242,4.292357329302385,70.09719010583348,21.319096667277794,90.46250039392788,7.218734108339382,128.84419895288067,182.92553705810496
803,2016,13,West Bengal,Nadia,29.5342440366242,4.292357329302385,70.09719010583348,21.319096667277794,90.46250039392788,7.218734108339382,128.84419895288067,182.92553705810496
803,2017,13,West Bengal,Nadia,29.5342440366242,4.292357329302385,70.09719010583348,21.319096667277794,90.46250039392788,7.218734108339382,128.84419895288067,182.92553705810496
804,2016,13,West Bengal,Murshidabad,29.5342440366242,4.292357329302385,70.09719010583348,21.319096667277794,90.46250039392788,7.218734108339382,128.84419895288067,182.92553705810496
804,2017,13,West Bengal,Murshidabad,29.5342440366242,4.292357329302385,70.09719010583348,21.319096667277794,90.46250039392788,7.218734108339382,128.84419895288067,182.92553705810496
805,2016,13,West Bengal,Burdwan,29.5342440366242,4.292357329302385,70.09719010583348,21.319096667277794,90.46250039392788,7.218734108339382,128.84419895288067,182.92553705810496
805,2017,13,West Bengal,Burdwan,29.5342440366242,4.292357329302385,70.09719010583348,21.319096667277794,90.46250039392788,7.218734108339382,128.84419895288067,182.92553705810496
806,2016,13,West Bengal,Birbhum,29.5342440366242,4.292357329302385,70.09719010583348,21.319096667277794,90.46250039392788,7.218734108339382,128.84419895288067,182.92553705810496
806,2017,13,West Bengal,Birbhum,29.5342440366242,4.292357329302385,70.09719010583348,21.319096667277794,90.46250039392788,7.218734108339382,128.84419895288067,182.92553705810496
807,2016,13,West Bengal,Bankura,29.5342440366242,4.292357329302385,70.09719010583348,21.319096667277794,90.46250039392788,7.218734108339382,128.84419895288067,182.92553705810496
807,2017,13,West Bengal,Bankura,29.5342440366242,4.292357329302385,70.09719010583348,21.319096667277794,90.46250039392788,7.218734108339382,128.84419895288067,182.92553705810496
810,2016,13,West Bengal,Hooghly,29.5342440366242,4.292357329302385,70.09719010583348,21.319096667277794,90.46250039392788,7.218734108339382,128.84419895288067,182.92553705810496
810,2017,13,West Bengal,Hooghly,29.5342440366242,4.292357329302385,70.09719010583348,21.319096667277794,90.46250039392788,7.218734108339382,128.84419895288067,182.92553705810496
811,2016,13,West Bengal,Howrah,29.5342440366242,4.292357329302385,70.09719010583348,21.319096667277794,90.46250039392788,7.218734108339382,128.84419895288067,182.92553705810496
811,2017,13,West Bengal,Howrah,29.5342440366242,4.292357329302385,70.09719010583348,21.319096667277794,90.46250039392788,7.218734108339382,128.84419895288067,182.92553705810496
812,2016,13,West Bengal,Jalpaiguri,29.5342440366242,4.292357329302385,70.09719010583348,21.319096667277794,90.46250039392788,7.218734108339382,128.84419895288067,182.92553705810496
812,2017,13,West Bengal,Jalpaiguri,29.5342440366242,4.292357329302385,70.09719010583348,21.319096667277794,90.46250039392788,7.218734108339382,128.84419895288067,182.92553705810496
813,2016,13,West Bengal,Darjeeling,29.5342440366242,4.292357329302385,70.09719010583348,21.319096667277794,90.46250039392788,7.218734108339382,128.84419895288067,182.92553705810496
813,2017,13,West Bengal,Darjeeling,29.5342440366242,4.292357329302385,70.09719010583348,21.319096667277794,90.46250039392788,7.218734108339382,128.84419895288067,182.92553705810496
814,2016,13,West Bengal,Malda,29.5342440366242,4.292357329302385,70.09719010583348,21.319096667277794,90.46250039392788,7.218734108339382,128.84419895288067,182.92553705810496
814,2017,13,West Bengal,Malda,29.5342440366242,4.292357329302385,70.09719010583348,21.319096667277794,90.46250039392788,7.218734108339382,128.84419895288067,182.92553705810496
815,2016,13,West Bengal,Kalimpong,29.5342440366242,4.292357329302385,70.09719010583348,21.319096667277794,90.46250039392788,7.218734108339382,128.84419895288067,182.92553705810496
815,2017,13,West Bengal,Kalimpong,29.5342440366242,4.292357329302385,70.09719010583348,21.319096667277794,90.46250039392788,7.218734108339382,128.84419895288067,182.92553705810496
816,2016,13,West Bengal,Cooch Behar,29.5342440366242,4.292357329302385,70.09719010583348,21.319096667277794,90.46250039392788,7.218734108339382,128.84419895288067,182.92553705810496
816,2017,13,West Bengal,Cooch Behar,29.5342440366242,4.292357329302385,70.09719010583348,21.319096667277794,90.46250039392788,7.218734108339382,128.84419895288067,182.92553705810496
817,2016,13,West Bengal,Purulia,29.5342440366242,4.292357329302385,70.09719010583348,21.319096667277794,90.46250039392788,7.218734108339382,128.84419895288067,182.92553705810496
817,2017,13,West Bengal,Purulia,29.5342440366242,4.292357329302385,70.09719010583348,21.319096667277794,90.46250039392788,7.218734108339382,128.84419895288067,182.92553705810496
819,2016,13,West Bengal,Uttar Dinajpur,29.5342440366242,4.292357329302385,70.09719010583348,21.319096667277794,90.46250039392788,7.218734108339382,128.84419895288067,182.92553705810496
819,2017,13,West Bengal,Uttar Dinajpur,29.5342440366242,4.292357329302385,70.09719010583348,21.319096667277794,90.46250039392788,7.218734108339382,128.84419895288067,182.92553705810496
820,2016,13,West Bengal,Dakshin Dinajpur,29.5342440366242,4.292357329302385,70.09719010583348,21.319096667277794,90.46250039392788,7.218734108339382,128.84419895288067,182.92553705810496
820,2017,13,West Bengal,Dakshin Dinajpur,29.5342440366242,4.292357329302385,70.09719010583348,21.319096667277794,90.46250039392788,7.218734108339382,128.84419895288067,182.92553705810496
821,2016,13,West Bengal,Kolkata,29.5342440366242,4.292357329302385,70.09719010583348,21.319096667277794,90.46250039392788,7.218734108339382,128.84419895288067,182.92553705810496
821,2017,13,West Bengal,Kolkata,29.5342440366242,4.292357329302385,70.09719010583348,21.319096667277794,90.46250039392788,7.218734108339382,128.84419895288067,182.92553705810496
823,2016,13,West Bengal,East Midnapore Purba Midnapore,29.5342440366242,4.292357329302385,70.09719010583348,21.319096667277794,90.46250039392788,7.218734108339382,128.84419895288067,182.92553705810496
823,2017,13,West Bengal,East Midnapore Purba Midnapore,29.5342440366242,4.292357329302385,70.09719010583348,21.319096667277794,90.46250039392788,7.218734108339382,128.84419895288067,182.92553705810496
824,2016,13,West Bengal,West Midnapore,29.5342440366242,4.292357329302385,70.09719010583348,21.319096667277794,90.46250039392788,7.218734108339382,128.84419895288067,182.92553705810496
824,2017,13,West Bengal,West Midnapore,29.5342440366242,4.292357329302385,70.09719010583348,21.319096667277794,90.46250039392788,7.218734108339382,128.84419895288067,182.92553705810496
902,2016,2,Bihar,Muzaffarpur,23.94,4.330651234492686,69.08,1.55389988245172,69.08,3.9,96.91,142.32
902,2017,2,Bihar,Muzaffarpur,23.96,0.0,69.16,0.0,69.16,3.9,97.02,182.34
903,2016,2,Bihar,Darbhanga,16.012701771288604,48.87,19.96,5.730097459862172,19.96,6.35,75.19,133.55
903,2017,2,Bihar,Darbhanga,0.0,44.43,18.15,0.0,18.15,5.78,68.35,126.8
904,2016,2,Bihar,Saharsa,4.2,4.373935296262568,55.81,1.5657791827676384,55.81,2.21,62.22,116.36
904,2017,2,Bihar,Saharsa,4.15,0.0,55.14,0.0,55.14,2.18,61.47,104.43
905,2016,2,Bihar,Purnea,14.19,4.3333899110770435,79.76,1.547768700596226,79.76,2.03,95.99,186.38
905,2017,2,Bihar,Purnea,14.1,0.0,79.28,0.0,79.28,2.02,95.4,155.11
906,2016,2,Bihar,Saran,22.89,0.31,80.42,21.515840402072968,80.42,0.42,104.04,113.35
906,2017,2,Bihar,Saran,20.47,0.28,71.92,0.0,71.92,0.37,93.04,117.33
907,2016,2,Bihar,Patna,19.1,0.027364733934385654,42.44,8.49,50.92,0.71,70.73,143.36
907,2017,2,Bihar,Patna,20.89,0.0,46.45,9.28,55.73,0.79,77.41,160.58
908,2016,2,Bihar,Mungair,15.37,0.09,9.81,21.515840402072968,9.81,0.16,25.44,38.62
908,2017,2,Bihar,Mungair,15.37,0.09,9.81,0.0,9.81,0.16,25.43,38.75
909,2016,2,Bihar,Bhagalpur,4.44,4.378132699862656,47.65,1.5672755947014174,47.65,0.53,52.62,83.75
909,2017,2,Bihar,Bhagalpur,5.16,0.0,55.44,0.0,55.44,0.62,61.22,99.89
910,2016,15,Jharkhand,Santhal Paragana Dumka,0.19,1.71,0.47,1.47,1.94,2.66,6.5,7.1
910,2017,15,Jharkhand,Santhal Paragana Dumka,29.5342440366242,4.292357329302385,70.09719010583348,21.319096667277794,90.46250039392788,7.218734108339382,128.84419895288067,182.92553705810496
912,2016,2,Bihar,Gaya,33.59,0.07,70.17,21.515840402072968,70.17,1.13,104.97,188.36
912,2017,2,Bihar,Gaya,33.88,0.06,70.78,0.0,70.78,1.16,105.88,188.63
913,2016,15,Jharkhand,Hazaribagh,0.75,2.78,2.15,2.84,4.99,3.15,11.68,12.53
913,2017,15,Jharkhand,Hazaribagh,29.5342440366242,4.292357329302385,70.09719010583348,21.319096667277794,90.46250039392788,7.218734108339382,128.84419895288067,182.92553705810496
914,2016,15,Jharkhand,Dhanbad,0.0,0.18,0.03,0.26,0.29,0.23,0.7,0.81
914,2017,15,Jharkhand,Dhanbad,29.5342440366242,4.292357329302385,70.09719010583348,21.319096667277794,90.46250039392788,7.218734108339382,128.84419895288067,182.92553705810496
915,2016,15,Jharkhand,Palamau,0.0,13.18,8.76,12.58,21.34,20.37,54.89,59.03
915,2017,15,Jharkhand,Palamau,29.5342440366242,4.292357329302385,70.09719010583348,21.319096667277794,90.46250039392788,7.218734108339382,128.84419895288067,182.92553705810496
916,2016,15,Jharkhand,Ranchi,0.0,10.36,2.64,12.15,14.79,8.75,33.9,40.04
916,2017,15,Jharkhand,Ranchi,29.5342440366242,4.292357329302385,70.09719010583348,21.319096667277794,90.46250039392788,7.218734108339382,128.84419895288067,182.92553705810496
918,2016,2,Bihar,Nalanda,15.48,4.32838797440955,100.05,0.89,100.94,2.68,119.1,229.75
918,2017,2,Bihar,Nalanda,16.01,0.0,103.51,0.92,104.44,2.79,123.23,226.23
919,2016,2,Bihar,Nawada,19.69,4.359920507642217,47.5,1.5572918755050509,47.5,2.66,69.86,123.6
919,2017,2,Bihar,Nawada,21.96,0.0,52.97,0.0,52.97,2.98,77.92,125.74
920,2016,2,Bihar,Aurangabad,99.43,0.25,39.36,3.52,42.88,33.18,175.73,247.0
920,2017,2,Bihar,Aurangabad,101.12,0.25,40.03,3.57,43.61,33.74,178.72,249.17
921,2016,2,Bihar,Bhojpur,64.48,4.32838797440955,25.88,0.76,26.65,3.0,94.13,156.32
921,2017,2,Bihar,Bhojpur,69.52,0.0,27.9,0.82,28.72,3.25,101.49,181.16
922,2016,2,Bihar,Rohtas,146.16,0.007578677461561156,20.42,5.64,26.06,22.27,194.5,340.65
922,2017,2,Bihar,Rohtas,144.17,0.0,21.08,5.56,26.65,21.03,191.85,338.13
923,2016,2,Bihar,Siwan,20.41,2.29,77.67,0.0035440854574524394,77.67,2.21,102.57,116.11
923,2017,2,Bihar,Siwan,20.74,2.32,78.92,0.0,78.92,2.24,104.22,113.09
924,2016,2,Bihar,Gopalganj,38.07,4.321831270577883,49.64,1.547292796796274,49.64,0.21,87.92,106.38
924,2017,2,Bihar,Gopalganj,38.18,0.0,49.79,0.0,49.79,0.21,88.19,146.61
925,2016,2,Bihar,Champaran(East),28.25,4.304926275867851,87.58,1.5412161118496535,87.58,3.17,119.0,214.01
925,2017,2,Bihar,Champaran(East),27.94,0.0,86.61,0.0,86.61,3.13,117.68,220.14
926,2016,2,Bihar,Champaran(West),95.39,4.222512132376574,66.32,1.512362041031647,66.32,0.57,162.28,317.15
926,2017,2,Bihar,Champaran(West),94.19,0.0,65.49,0.0,65.49,0.56,160.25,315.48
927,2016,2,Bihar,Vaishali,14.656840379646184,0.21,60.56,5.246271552409205,60.56,5.41,66.18,116.38
927,2017,2,Bihar,Vaishali,0.0,0.21,60.3,0.0,60.3,5.4,65.9,122.08
928,2016,2,Bihar,Sitamarhi,14.636627631170782,2.77,95.63,5.239211645988302,95.63,1.06,99.46,192.68
928,2017,2,Bihar,Sitamarhi,0.0,2.76,95.61,0.0,95.61,1.07,99.44,196.49
929,2016,2,Bihar,Madhubani,47.06,0.19,39.21,0.00027460016337954585,39.21,0.32,86.78,143.32
929,2017,2,Bihar,Madhubani,46.57,0.19,38.8,0.0,38.8,0.32,85.88,142.34
930,2016,2,Bihar,Samastipur,10.471600334158836,4.214436816689338,107.53,5.257018065505395,107.53,0.65,108.18,192.53
930,2017,2,Bihar,Samastipur,0.0,0.0,115.91,0.0,115.91,0.7,116.61,228.75
931,2016,2,Bihar,Begusarai,14.540644561339874,0.51,96.12,5.201035831375979,96.12,0.2,96.84,123.27
931,2017,2,Bihar,Begusarai,0.0,0.49,92.66,0.0,92.66,0.2,93.35,116.74
932,2016,2,Bihar,Katihar,2.21,0.03777222625691401,66.52,0.07,66.58,0.67,69.47,182.19
932,2017,2,Bihar,Katihar,1.95,0.0,58.6,0.06,58.66,0.6,61.2,144.14
933,2016,15,Jharkhand,Giridih,0.0,12.87,0.82,7.95,8.77,4.07,25.71,28.19
933,2017,15,Jharkhand,Giridih,29.5342440366242,4.292357329302385,70.09719010583348,21.319096667277794,90.46250039392788,7.218734108339382,128.84419895288067,182.92553705810496
934,2016,2,Bihar,Jehanabad,16.58,4.38859552837299,20.73,1.5711530876414148,20.73,0.38,37.69,60.96
934,2017,2,Bihar,Jehanabad,16.42,0.0,20.53,0.0,20.53,0.38,37.34,60.47
935,2016,2,Bihar,Madhepura,8.23,4.380235985123344,42.02,1.5681691672393434,42.02,0.12,50.37,121.25
935,2017,2,Bihar,Madhepura,8.84,0.0,45.24,0.0,45.24,0.15,54.23,127.46
936,2016,2,Bihar,Khagaria,10.485773951123491,4.248629790716246,72.69,5.270710041271542,72.69,0.07,72.77,95.5
936,2017,2,Bihar,Khagaria,0.0,0.0,66.15,0.0,66.15,0.07,66.22,86.61
937,2016,15,Jharkhand,Godda,0.0,5.23,2.62,7.18,9.81,5.24,20.27,21.96
937,2017,15,Jharkhand,Godda,29.5342440366242,4.292357329302385,70.09719010583348,21.319096667277794,90.46250039392788,7.218734108339382,128.84419895288067,182.92553705810496
938,2016,15,Jharkhand,Sahebganj,0.0,0.73,1.03,0.95,1.97,0.76,3.46,3.99
938,2017,15,Jharkhand,Sahebganj,29.5342440366242,4.292357329302385,70.09719010583348,21.319096667277794,90.46250039392788,7.218734108339382,128.84419895288067,182.92553705810496
940,2016,15,Jharkhand,Devghar Deogarh,0.0,1.93,1.75,0.98,2.74,0.69,5.35,6.18
940,2017,15,Jharkhand,Devghar Deogarh,29.5342440366242,4.292357329302385,70.09719010583348,21.319096667277794,90.46250039392788,7.218734108339382,128.84419895288067,182.92553705810496
941,2016,15,Jharkhand,Lohardagga,0.38,1.84,0.39,2.47,2.86,3.82,8.9,9.53
941,2017,15,Jharkhand,Lohardagga,29.5342440366242,4.292357329302385,70.09719010583348,21.319096667277794,90.46250039392788,7.218734108339382,128.84419895288067,182.92553705810496
942,2016,15,Jharkhand,Gumla,0.16,6.27,0.19,18.32,18.51,6.72,31.66,34.32
942,2017,15,Jharkhand,Gumla,29.5342440366242,4.292357329302385,70.09719010583348,21.319096667277794,90.46250039392788,7.218734108339382,128.84419895288067,182.92553705810496
943,2016,15,Jharkhand,Singhbhum East,0.22,1.14,0.0,0.53,0.53,0.51,2.4,2.66
943,2017,15,Jharkhand,Singhbhum East,29.5342440366242,4.292357329302385,70.09719010583348,21.319096667277794,90.46250039392788,7.218734108339382,128.84419895288067,182.92553705810496
944,2016,15,Jharkhand,Singhbhum West,0.14,0.24,0.0,0.27,0.27,0.25,0.89,0.92
944,2017,15,Jharkhand,Singhbhum West,29.5342440366242,4.292357329302385,70.09719010583348,21.319096667277794,90.46250039392788,7.218734108339382,128.84419895288067,182.92553705810496
945,2016,2,Bihar,Araria,18.85,4.369589959316089,36.8,1.5644459875111032,36.8,0.07,55.72,130.05
945,2017,2,Bihar,Araria,18.71,0.0,36.53,0.0,36.53,0.07,55.31,129.43
946,2016,2,Bihar,Kishanganj,30.762978766607297,3.531406206346672,21.04,0.02,21.06,0.11,21.17,47.39
946,2017,2,Bihar,Kishanganj,0.0,0.0,21.15,0.02,21.18,0.11,21.28,47.65
947,2016,2,Bihar,Buxar,40.65,0.23,45.63,0.19,45.82,5.68,92.38,186.23
947,2017,2,Bihar,Buxar,40.87,0.23,45.87,0.19,46.06,5.72,92.88,180.17
948,2016,2,Bihar,Bhabhua Kaimur,54.67,4.310702896994664,54.26,1.5470050816718874,54.26,8.77,117.69,201.08
948,2017,2,Bihar,Bhabhua Kaimur,54.36,0.0,53.95,0.0,53.95,8.72,117.03,186.3
949,2016,2,Bihar,Banka,38.28,0.24,44.44,1.32,45.75,0.57,84.83,126.23
949,2017,2,Bihar,Banka,35.55,0.22,41.27,1.22,42.49,0.53,78.8,119.32
950,2016,2,Bihar,Jamui,16.81,4.313714957140926,36.54,4.497303881373703,36.54,8.239999549805312,53.34,76.45
950,2017,2,Bihar,Jamui,13.04,0.0,28.36,0.0,28.36,0.0,41.4,64.46
951,2016,2,Bihar,Supaul,14.37,4.369165250815742,47.68,1.5642793948292173,47.68,1.69,63.74,165.9
951,2017,2,Bihar,Supaul,14.95,0.0,49.59,0.0,49.59,1.76,66.3,171.02
952,2016,15,Jharkhand,Chatra,0.74,1.85,1.08,2.85,3.94,2.04,8.56,9.44
952,2017,15,Jharkhand,Chatra,29.5342440366242,4.292357329302385,70.09719010583348,21.319096667277794,90.46250039392788,7.218734108339382,128.84419895288067,182.92553705810496
953,2016,15,Jharkhand,Bokaro,0.0,0.58,0.08,1.35,1.43,0.48,2.5,2.69
953,2017,15,Jharkhand,Bokaro,29.5342440366242,4.292357329302385,70.09719010583348,21.319096667277794,90.46250039392788,7.218734108339382,128.84419895288067,182.92553705810496
954,2016,15,Jharkhand,Gadva Garhwa,0.0,4.72,2.38,8.15,10.54,11.22,26.47,27.95
954,2017,15,Jharkhand,Gadva Garhwa,29.5342440366242,4.292357329302385,70.09719010583348,21.319096667277794,90.46250039392788,7.218734108339382,128.84419895288067,182.92553705810496
955,2016,15,Jharkhand,Khodrama Koderma,0.0,0.44,0.65,0.41,1.06,0.53,2.02,2.47
955,2017,15,Jharkhand,Khodrama Koderma,29.5342440366242,4.292357329302385,70.09719010583348,21.319096667277794,90.46250039392788,7.218734108339382,128.84419895288067,182.92553705810496
956,2016,2,Bihar,Lakhisarai,7.09,4.400869067522761,22.52,1.579069437844101,22.52,0.1,29.7,53.53
956,2017,2,Bihar,Lakhisarai,7.52,0.0,23.91,0.0,23.91,0.1,31.53,61.61
957,2016,15,Jharkhand,Pakund Pakur,0.0,1.24,0.96,1.83,2.79,1.7,5.73,6.68
957,2017,15,Jharkhand,Pakund Pakur,29.5342440366242,4.292357329302385,70.09719010583348,21.319096667277794,90.46250039392788,7.218734108339382,128.84419895288067,182.92553705810496
958,2016,2,Bihar,Sheikapura,1.15,4.73,16.4,0.0001565424628777734,16.4,0.06,22.34,44.42
958,2017,2,Bihar,Sheikapura,1.59,6.54,22.68,0.0,22.68,0.09,30.9,53.9
960,2016,2,Bihar,Sheohar,2.7374875144589126,4.350081218425956,16.89,4.6050468363155,16.89,5.777215058536952,16.89,26.14
960,2017,2,Bihar,Sheohar,0.0,0.0,17.14,0.0,17.14,0.0,17.14,26.25
961,2016,2,Bihar,Arwal,34.11,4.377484089560349,7.27,1.5672891756073373,7.27,1.26,42.64,58.95
961,2017,2,Bihar,Arwal,34.75,0.0,7.41,0.0,7.41,1.28,43.44,58.71
962,2016,15,Jharkhand,Jamtara,0.15,1.15,0.11,1.84,1.94,0.94,4.18,4.78
962,2017,15,Jharkhand,Jamtara,29.5342440366242,4.292357329302385,70.09719010583348,21.319096667277794,90.46250039392788,7.218734108339382,128.84419895288067,182.92553705810496
963,2016,15,Jharkhand,Latehar,0.21,4.27,1.06,5.48,6.53,3.28,14.29,15.29
963,2017,15,Jharkhand,Latehar,29.5342440366242,4.292357329302385,70.09719010583348,21.319096667277794,90.46250039392788,7.218734108339382,128.84419895288067,182.92553705810496
964,2016,15,Jharkhand,Sariakela Kharsawan,0.11,0.13,0.0,0.11,0.11,0.19,0.53,0.58
964,2017,15,Jharkhand,Sariakela Kharsawan,29.5342440366242,4.292357329302385,70.09719010583348,21.319096667277794,90.46250039392788,7.218734108339382,128.84419895288067,182.92553705810496
965,2016,15,Jharkhand,Simdega,0.37,0.42,0.39,1.06,1.44,1.48,3.71,4.05
965,2017,15,Jharkhand,Simdega,29.5342440366242,4.292357329302385,70.09719010583348,21.319096667277794,90.46250039392788,7.218734108339382,128.84419895288067,182.92553705810496
999,2016,11,Tamil Nadu,Chennai,29.5342440366242,4.292357329302385,70.09719010583348,21.319096667277794,90.46250039392788,7.218734108339382,128.84419895288067,182.92553705810496
999,2017,11,Tamil Nadu,Chennai,29.5342440366242,4.292357329302385,70.09719010583348,21.319096667277794,90.46250039392788,7.218734108339382,128.84419895288067,182.92553705810496
1001,2016,3,Gujarat,Anand,87.9,9.8,42.8,23.4,66.2,25.1,189.1,361.2
1001,2017,3,Gujarat,Anand,81.5,8.8,41.6,21.1,62.7,24.0,177.0,364.3
1002,2016,3,Gujarat,Dahod,0.3,4.8,3.5,5.5,9.0,3.7,17.7,103.1
1002,2017,3,Gujarat,Dahod,0.3,4.8,5.9,5.7,11.6,4.3,20.9,105.7
1003,2016,3,Gujarat,Narmada,14.6,0.0,5.9,14.1,20.0,2.6,37.2,45.9
1003,2017,3,Gujarat,Narmada,16.1,0.1,5.3,12.4,17.7,3.4,37.3,49.2
1004,2016,3,Gujarat,Navsari,44.7,5.3,8.2,8.4,16.6,14.5,81.2,90.2
1004,2017,3,Gujarat,Navsari,47.8,2.2,13.6,7.5,21.1,11.1,82.2,91.2
1005,2016,3,Gujarat,Patan,74.2,0.6,150.9,5.4,156.3,25.7,256.8,280.2
1005,2017,3,Gujarat,Patan,57.5,0.8,143.9,10.6,154.5,33.7,246.5,283.3
1006,2016,3,Gujarat,Porbandar,0.0,0.0,0.0,24.2,24.2,11.3,35.6,65.8
1006,2017,3,Gujarat,Porbandar,0.0,0.0,0.0,31.1,31.1,7.3,38.4,78.8
1007,2016,4,Haryana,Fatehabad,61.0,4.128871796417167,157.0,4.0244320901914,157.0,7.1127167646722205,218.0,426.0
1007,2017,4,Haryana,Fatehabad,63.0,4.128105963958285,155.0,4.0214008396729675,155.0,7.104957897678751,218.0,427.0
1008,2016,4,Haryana,Jhajjar,50.0,4.2037157156464335,88.0,4.569095233251996,88.0,8.560247937432699,138.0,187.0
1008,2017,4,Haryana,Jhajjar,66.0,4.200994584400101,73.0,4.408868957610007,73.0,8.11468298418955,139.0,227.0
1009,2016,4,Haryana,Panchkula,2.7410029504892304,4.352671876914965,15.0,4.589355302809433,15.0,5.727236549162753,15.0,27.0
1009,2017,4,Haryana,Panchkula,0.0,4.366098989683617,14.0,4.444823655428088,14.0,8.051154369508083,14.0,29.0
1010,2016,5,Karnataka,Bagalkote,24.1,0.004329994581860674,120.16,4.77,124.93,96.59,245.62,275.11
1010,2017,5,Karnataka,Bagalkote,35.78,0.0,125.03,3.54,128.57,102.94,267.29,300.46
1011,2016,5,Karnataka,Chamaraja Nagar,8.79,1.65,33.57,1.6,35.17,7.565415671177098,45.6,56.26
1011,2017,5,Karnataka,Chamaraja Nagar,2.79,0.49,40.03,1.45,41.48,0.0,44.76,59.79
1012,2016,5,Karnataka,Davanagere,69.46,0.91,81.93,0.00013256537927119894,81.93,8.11,160.41,181.0
1012,2017,5,Karnataka,Davanagere,37.75,1.11,109.86,0.0,109.86,6.64,155.35,182.26
1013,2016,5,Karnataka,Gadag,43.91,0.00030455074056057185,40.23,0.43,40.66,16.15,100.72,103.63
1013,2017,5,Karnataka,Gadag,26.9,1.38,37.6,0.46,38.05,13.54,79.88,83.16
1014,2016,5,Karnataka,Haveri,0.62,4.375302928577449,76.29,1.5659444876951447,76.29,13.3,90.21,111.14
1014,2017,5,Karnataka,Haveri,0.0,0.0,82.28,0.0,82.28,12.0,94.27,115.99
1015,2016,5,Karnataka,Koppal,31.49,4.307704864853088,70.85,1.5457026085933272,70.85,0.14,102.47,114.85
1015,2017,5,Karnataka,Koppal,42.02,0.0,80.14,0.0,80.14,0.15,122.31,135.21
1016,2016,5,Karnataka,Udupi,30.762978766607297,0.49,1.41,21.8,23.22,5.27,28.97,31.69
1016,2017,5,Karnataka,Udupi,0.0,0.46,1.7,23.27,24.96,6.36,31.79,32.07
1017,2016,9,Punjab,S.B.S Nagar,2.680755519581197,4.2684723235186315,96.26,4.4335932488687,96.26,5.436697869036229,96.26,178.03
1017,2017,9,Punjab,S.B.S Nagar,0.0,0.0,96.26,0.0,96.26,0.0,96.26,171.22
1018,2016,9,Punjab,Shri Mukatsar Sahib,228.12,3.869888831646813,46.83686119316276,1.894632371182059,41.925857650126176,7.565415671177098,228.12,452.21
1018,2017,9,Punjab,Shri Mukatsar Sahib,225.74,0.0,0.0,0.0,0.0,0.0,225.74,451.94
1019,2016,9,Punjab,Moga,2.621056674117952,4.171609450190823,193.27,4.135948962181676,193.27,4.761750018566452,193.27,383.62
1019,2017,9,Punjab,Moga,0.0,0.0,193.9,0.0,193.9,0.0,193.9,386.43
1020,2016,10,Rajasthan,Karoli,1.27,6.56,120.33,18.98,139.31,12.06,159.19,159.75
1020,2017,10,Rajasthan,Karoli,0.34,1.07,114.35,13.16,127.51,2.8,131.71,132.75
1022,2016,11,Tamil Nadu,Karur,2.15,2.7984374506455243,12.78,15.09,27.87,7.565415671177098,30.03,30.6
1022,2017,11,Tamil Nadu,Karur,29.5342440366242,4.292357329302385,70.09719010583348,21.319096667277794,90.46250039392788,7.218734108339382,128.84419895288067,182.92553705810496
1023,2016,11,Tamil Nadu,Namakkal,3.98,4.32838797440955,7.21,49.23,56.44,0.52,60.94,67.11
1023,2017,11,Tamil Nadu,Namakkal,29.5342440366242,4.292357329302385,70.09719010583348,21.319096667277794,90.46250039392788,7.218734108339382,128.84419895288067,182.92553705810496
1024,2016,11,Tamil Nadu,Perambular,30.762978766607297,4.36102397205501,1.84,22.46,24.3,6.954408517248985,24.3,26.08
1024,2017,11,Tamil Nadu,Perambular,29.5342440366242,4.292357329302385,70.09719010583348,21.319096667277794,90.46250039392788,7.218734108339382,128.84419895288067,182.92553705810496
1025,2016,11,Tamil Nadu,Theni,9.6,1.29,12.09,38.78,50.87,7.565415671177098,61.76,66.57
1025,2017,11,Tamil Nadu,Theni,29.5342440366242,4.292357329302385,70.09719010583348,21.319096667277794,90.46250039392788,7.218734108339382,128.84419895288067,182.92553705810496
1026,2016,11,Tamil Nadu,Tiruvarur,149.5,3.976000652379378,44.20808745930486,5.73983325406088,43.21053727126794,7.565415671177098,149.5,219.44
1026,2017,11,Tamil Nadu,Tiruvarur,29.5342440366242,4.292357329302385,70.09719010583348,21.319096667277794,90.46250039392788,7.218734108339382,128.84419895288067,182.92553705810496
1027,2016,11,Tamil Nadu,Thiruvallur,30.762978766607297,12.61,75.41,5.36,80.77,6.7828834486501455,93.38,141.01
1027,2017,11,Tamil Nadu,Thiruvallur,29.5342440366242,4.292357329302385,70.09719010583348,21.319096667277794,90.46250039392788,7.218734108339382,128.84419895288067,182.92553705810496
1028,2016,12,Uttar Pradesh,Ambedkar Nagar,9.07,0.0,150.88,5.26,156.14,0.01,165.22,279.33
1028,2017,12,Uttar Pradesh,Ambedkar Nagar,9.07,0.0,151.64,4.5,156.15,0.01,165.22,279.49
1029,2016,12,Uttar Pradesh,Kushi Nagar Padrauna,38.59,0.01,142.09,4.5,146.59,4.07,189.26,305.13
1029,2017,12,Uttar Pradesh,Kushi Nagar Padrauna,38.58,0.11,141.91,4.58,146.5,4.06,189.25,305.12
1030,2016,16,Uttarakhand,Udham Singh Nagar,12.9,0.009302127135834226,98.55,21.71,120.26,0.17,133.34,253.75
1030,2017,16,Uttarakhand,Udham Singh Nagar,13.37,0.0,78.68,44.66,123.33,0.2,136.9,256.31
1031,2016,12,Uttar Pradesh,Auraiya,47.62,0.03,81.2,1.24,82.44,0.01,130.09,218.9
1031,2017,12,Uttar Pradesh,Auraiya,47.81,0.0,81.59,0.0,81.59,0.0,129.4,214.69
1032,2016,16,Uttarakhand,Bageshwar,3.35,3.974639560118019,46.21341230742614,18.741453874441305,46.78519066138679,2.17,5.52,10.88
1032,2017,16,Uttarakhand,Bageshwar,5.54,0.0,0.0,0.0,0.0,0.89,6.43,12.49
1033,2016,12,Uttar Pradesh,Bagpat,1.68,0.0,105.46,0.16,105.62,0.0,107.31,174.37
1033,2017,12,Uttar Pradesh,Bagpat,1.73,0.0,105.75,0.0,105.75,0.0,107.48,174.22
1034,2016,12,Uttar Pradesh,Balrampur,2.82,4.88,87.27,0.81,88.08,2.86,98.63,167.28
1034,2017,12,Uttar Pradesh,Balrampur,3.43,4.84,87.36,0.91,88.27,2.42,98.96,167.61
1035,2016,16,Uttarakhand,Champavat,0.16,4.434282331047048,1.31,1.5874134627136214,1.31,0.13,1.6,2.74
1035,2017,16,Uttarakhand,Champavat,0.18,0.0,1.19,0.0,1.19,0.26,1.62,2.9
1036,2016,12,Uttar Pradesh,Chandauli,103.59,0.9,10.08,0.09,10.16,2.42,117.07,215.45
1036,2017,12,Uttar Pradesh,Chandauli,104.52,0.45,10.09,0.0,10.09,1.97,117.04,215.41
1037,2016,12,Uttar Pradesh,Chitrakoot,4.32,0.28,77.93,1.36,79.29,0.53,84.43,93.25
1037,2017,12,Uttar Pradesh,Chitrakoot,4.53,0.28,76.83,3.72,80.55,0.68,86.04,94.59
1038,2016,12,Uttar Pradesh,G.B.Nagar,8.81,0.0,31.16,12.9,44.06,0.0,52.87,102.17
1038,2017,12,Uttar Pradesh,G.B.Nagar,8.81,0.0,32.04,12.02,44.06,0.0,52.87,101.85
1039,2016,12,Uttar Pradesh,Hathras,11.23,0.0,135.19,0.27,135.46,0.0,146.7,223.51
1039,2017,12,Uttar Pradesh,Hathras,11.23,0.0,135.26,0.27,135.53,0.0,146.76,223.42
1040,2016,12,Uttar Pradesh,Amroha J.B.Fulenagar,0.0,0.0,157.43,14.57,172.0,0.07,172.07,244.65
1040,2017,12,Uttar Pradesh,Amroha J.B.Fulenagar,0.0,0.0,157.64,14.57,172.21,0.03,172.24,245.3
1041,2016,12,Uttar Pradesh,Kannauj,5.95,0.0,135.28,5.11,140.39,0.0,146.35,244.97
1041,2017,12,Uttar Pradesh,Kannauj,6.89,0.0,134.63,4.99,139.63,0.0,146.52,245.16
1042,2016,12,Uttar Pradesh,Kushambi,12.42,0.0,83.27,0.47,83.74,0.0,96.15,157.96
1042,2017,12,Uttar Pradesh,Kushambi,12.47,0.0,84.03,0.47,84.5,0.0,96.97,159.54
1043,2016,16,Uttarakhand,Rudraprayag,2.3,3.9718620218106877,46.17304201558495,18.848909339661787,46.83794897135607,0.22,2.53,4.59
1043,2017,16,Uttarakhand,Rudraprayag,2.26,0.0,0.0,0.0,0.0,0.31,2.57,4.46
1044,2016,12,Uttar Pradesh,Santh Ravi Das Nagar Bhadoi,11.49,0.0,46.08,0.1,46.18,0.0,57.68,85.38
1044,2017,12,Uttar Pradesh,Santh Ravi Das Nagar Bhadoi,11.23,0.0,46.54,0.09,46.63,0.0,57.86,87.11
1045,2016,12,Uttar Pradesh,Santh Kabir Nagar,3.18,0.06,90.63,5.27,95.91,0.21,99.35,108.6
1045,2017,12,Uttar Pradesh,Santh Kabir Nagar,2.18,0.06,90.21,6.38,96.59,0.5,99.33,106.21
1046,2016,12,Uttar Pradesh,Shravasti,0.0,0.0,68.12,0.28,68.4,0.0,68.4,90.93
1046,2017,12,Uttar Pradesh,Shravasti,0.0,0.0,68.12,0.28,68.4,0.0,68.4,84.66
1047,2016,17,Assam,Bongaigaon,0.72,3.995237268839919,46.22711443021127,18.568550403357666,46.66261863232839,10.1,10.82,19.29
1047,2017,17,Assam,Bongaigaon,0.7,0.0,0.0,0.0,0.0,12.32,13.01,25.16
1048,2016,17,Assam,Dhemaji,0.18,4.4354730979395685,0.41,1.5878373885085044,0.41,0.28,0.87,0.87
1048,2017,17,Assam,Dhemaji,0.18,0.0,0.4,0.0,0.4,0.27,0.86,1.33
1049,2016,17,Assam,Hailakandi,1.95,4.206309862647581,44.02152457708413,5.462475635974503,42.812736709191284,7.565415671177098,1.95,1.95
1049,2017,17,Assam,Hailakandi,1.95,0.0,0.0,0.0,0.0,0.0,1.95,1.95
1050,2016,17,Assam,Marigaon,1.53,4.437022074403508,0.59,1.5883720809869508,0.59,2.3,4.42,5.51
1050,2017,17,Assam,Marigaon,1.53,0.2,0.59,0.0,0.59,2.1,4.42,5.51
1051,2016,17,Assam,Tinsukia,0.26,4.379747740554252,0.04,4.484991061094642,0.04,8.149709924295763,0.3,0.35
1051,2017,17,Assam,Tinsukia,0.27,0.0,0.16,0.0,0.16,0.0,0.43,0.43
1055,2016,14,Chhattisgarh,Dantewara,0.0009099308803744433,0.08,0.15,0.01,0.16,0.03,0.27,0.27
1055,2017,14,Chhattisgarh,Dantewara,29.5342440366242,4.292357329302385,70.09719010583348,21.319096667277794,90.46250039392788,7.218734108339382,128.84419895288067,182.92553705810496
1056,2016,14,Chhattisgarh,Dhamtari,88.5,0.29,29.23,0.38,29.61,2.15,120.54,151.65
1056,2017,14,Chhattisgarh,Dhamtari,29.5342440366242,4.292357329302385,70.09719010583348,21.319096667277794,90.46250039392788,7.218734108339382,128.84419895288067,182.92553705810496
1057,2016,6,Madhya Pradesh,Dindori,1.24,0.23,0.21,0.74,0.95,1.63,4.06,4.08
1057,2017,6,Madhya Pradesh,Dindori,1.78,0.01,0.48,0.4,0.88,1.53,4.19,4.22
1058,2016,6,Madhya Pradesh,Harda,104.19,4.32838797440955,26.63,27.35,53.98,23.32,181.49,181.49
1058,2017,6,Madhya Pradesh,Harda,105.28,0.0,26.78,28.91,55.69,22.24,183.21,183.43
1059,2016,14,Chhattisgarh,Janjgir,193.96,1.34,5.16,0.51,5.67,1.33,202.3,214.47
1059,2017,14,Chhattisgarh,Janjgir,29.5342440366242,4.292357329302385,70.09719010583348,21.319096667277794,90.46250039392788,7.218734108339382,128.84419895288067,182.92553705810496
1060,2016,6,Madhya Pradesh,Barwani,6.04,1.86,29.05,61.47,90.52,31.79,130.22,130.22
1060,2017,6,Madhya Pradesh,Barwani,5.97,2.14,37.04,60.89,97.93,35.28,141.32,141.32
1061,2016,6,Madhya Pradesh,Katni,9.98,1.5,33.3,35.39,68.69,47.24,127.4,179.31
1061,2017,6,Madhya Pradesh,Katni,11.62,1.74,42.77,41.56,84.34,54.31,152.0,211.52
1062,2016,6,Madhya Pradesh,Neemuch,7.86,2.28,29.44,85.41,114.86,2.34,127.33,127.66
1062,2017,6,Madhya Pradesh,Neemuch,6.92,2.27,33.89,85.46,119.35,4.77,133.3,133.66
1063,2016,6,Madhya Pradesh,Sheopur Kalan,55.86,0.96,65.49,14.43,79.92,10.86,147.6,176.19
1063,2017,6,Madhya Pradesh,Sheopur Kalan,54.89,0.59,60.9,9.18,70.07,9.43,134.97,161.37
1064,2016,6,Madhya Pradesh,Umaria,1.97,1.34,14.2,7.82,22.02,9.77,35.1,35.1
1064,2017,6,Madhya Pradesh,Umaria,1.72,0.38,16.51,7.08,23.59,12.79,38.47,38.47
1065,2016,14,Chhattisgarh,Koriya,3.44,0.21,0.97,0.84,1.8,1.91,7.37,8.25
1065,2017,14,Chhattisgarh,Koriya,29.5342440366242,4.292357329302385,70.09719010583348,21.319096667277794,90.46250039392788,7.218734108339382,128.84419895288067,182.92553705810496
1066,2016,14,Chhattisgarh,Jashpur,4.6,0.2,0.15,1.98,2.13,3.65,10.58,10.86
1066,2017,14,Chhattisgarh,Jashpur,29.5342440366242,4.292357329302385,70.09719010583348,21.319096667277794,90.46250039392788,7.218734108339382,128.84419895288067,182.92553705810496
1067,2016,14,Chhattisgarh,Korba,5.07,0.52,0.58,0.76,1.34,1.9,8.82,8.82
1067,2017,14,Chhattisgarh,Korba,29.5342440366242,4.292357329302385,70.09719010583348,21.319096667277794,90.46250039392788,7.218734108339382,128.84419895288067,182.92553705810496
1068,2016,14,Chhattisgarh,Kawardha,22.25,0.00988787896310761,50.69,0.26,50.95,1.78,74.99,117.85
1068,2017,14,Chhattisgarh,Kawardha,29.5342440366242,4.292357329302385,70.09719010583348,21.319096667277794,90.46250039392788,7.218734108339382,128.84419895288067,182.92553705810496
1069,2016,14,Chhattisgarh,Mahasmund,37.81,6.23,56.73,0.76,57.49,4.92,106.46,125.73
1069,2017,14,Chhattisgarh,Mahasmund,29.5342440366242,4.292357329302385,70.09719010583348,21.319096667277794,90.46250039392788,7.218734108339382,128.84419895288067,182.92553705810496
1070,2016,14,Chhattisgarh,Kanker,4.14,2.5,12.27,0.23,12.5,5.7543701283968574e-05,19.14,31.17
1070,2017,14,Chhattisgarh,Kanker,29.5342440366242,4.292357329302385,70.09719010583348,21.319096667277794,90.46250039392788,7.218734108339382,128.84419895288067,182.92553705810496
1071,2016,6,Madhya Pradesh,Anuppur,0.68,0.07,1.67,1.58,3.25,1.65,5.65,5.65
1071,2017,6,Madhya Pradesh,Anuppur,0.51,0.05,1.78,1.33,3.11,1.42,5.09,5.09
1072,2016,7,Maharashtra,Gondia,29.5342440366242,4.292357329302385,70.09719010583348,21.319096667277794,90.46250039392788,7.218734108339382,128.84419895288067,182.92553705810496
1072,2017,7,Maharashtra,Gondia,29.5342440366242,4.292357329302385,70.09719010583348,21.319096667277794,90.46250039392788,7.218734108339382,128.84419895288067,182.92553705810496
1073,2016,7,Maharashtra,Hingoli,29.5342440366242,4.292357329302385,70.09719010583348,21.319096667277794,90.46250039392788,7.218734108339382,128.84419895288067,182.92553705810496
1073,2017,7,Maharashtra,Hingoli,29.5342440366242,4.292357329302385,70.09719010583348,21.319096667277794,90.46250039392788,7.218734108339382,128.84419895288067,182.92553705810496
1074,2016,7,Maharashtra,Nandurbar,29.5342440366242,4.292357329302385,70.09719010583348,21.319096667277794,90.46250039392788,7.218734108339382,128.84419895288067,182.92553705810496
1074,2017,7,Maharashtra,Nandurbar,29.5342440366242,4.292357329302385,70.09719010583348,21.319096667277794,90.46250039392788,7.218734108339382,128.84419895288067,182.92553705810496
1075,2016,7,Maharashtra,Washim,29.5342440366242,4.292357329302385,70.09719010583348,21.319096667277794,90.46250039392788,7.218734108339382,128.84419895288067,182.92553705810496
1075,2017,7,Maharashtra,Washim,29.5342440366242,4.292357329302385,70.09719010583348,21.319096667277794,90.46250039392788,7.218734108339382,128.84419895288067,182.92553705810496
1076,2016,7,Maharashtra,Mumbai sub,29.5342440366242,4.292357329302385,70.09719010583348,21.319096667277794,90.46250039392788,7.218734108339382,128.84419895288067,182.92553705810496
1076,2017,7,Maharashtra,Mumbai sub,29.5342440366242,4.292357329302385,70.09719010583348,21.319096667277794,90.46250039392788,7.218734108339382,128.84419895288067,182.92553705810496
1077,2016,11,Tamil Nadu,Ariyalur,0.08,0.41,26.8,2.71,29.5,0.038355369842569154,30.0,37.3
1077,2017,11,Tamil Nadu,Ariyalur,29.5342440366242,4.292357329302385,70.09719010583348,21.319096667277794,90.46250039392788,7.218734108339382,128.84419895288067,182.92553705810496
1080,2016,11,Tamil Nadu,Krishnagiri,0.67,5.95,17.16,27.49,44.65,7.565415671177098,51.26,58.42
1080,2017,11,Tamil Nadu,Krishnagiri,29.5342440366242,4.292357329302385,70.09719010583348,21.319096667277794,90.46250039392788,7.218734108339382,128.84419895288067,182.92553705810496
1081,2016,6,Madhya Pradesh,Ashoknagar,10.34,7.25,118.76,34.92,153.68,51.82,223.09,223.09
1081,2017,6,Madhya Pradesh,Ashoknagar,11.65,6.69,161.5,36.64,198.14,42.21,258.69,258.69
1082,2016,6,Madhya Pradesh,Burhanpur,0.00037188221723027937,1.1,27.78,28.34,56.12,3.73,60.95,69.2
1082,2017,6,Madhya Pradesh,Burhanpur,0.87,0.37,32.69,27.8,60.49,1.24,62.97,73.92
2001,2016,3,Gujarat,Tapi,25.6,0.0,4.7,16.3,21.0,17.3,63.9,105.6
2001,2017,3,Gujarat,Tapi,36.2,0.0,6.6,15.8,22.4,5.8,64.4,106.4
2002,2016,4,Haryana,Mewat,11.0,4.302558068092354,58.0,4.390058493737367,58.0,7.961603226174552,69.0,122.0
2002,2017,4,Haryana,Mewat,14.0,4.2959348941602205,59.0,4.417724865890687,59.0,8.045504861370425,73.0,122.0
2003,2016,4,Haryana,Palwal,21.0,4.2687673539601665,78.0,4.281730136327301,78.0,7.692477487103949,99.0,191.0
2003,2017,4,Haryana,Palwal,21.0,4.268472426717844,78.0,4.290627716773802,78.0,7.717643757449415,99.0,189.0
2004,2016,5,Karnataka,Ramanagaram,0.19,0.42,30.56,21.515840402072968,30.56,0.06,31.23,35.47
2004,2017,5,Karnataka,Ramanagaram,7.4,0.36,27.97,0.0,27.97,0.06,35.79,39.17
2005,2016,5,Karnataka,Chikkaballapur,2.699143030205313,4.311508945583897,50.17,4.666141256680488,50.17,6.025080687777396,50.17,59.72
2005,2017,5,Karnataka,Chikkaballapur,0.0,0.0,49.12,0.0,49.12,0.0,49.12,59.73
2006,2016,6,Madhya Pradesh,Alirajpur,2.38,4.87,0.86,19.42,20.27,11.13,38.66,38.66
2006,2017,6,Madhya Pradesh,Alirajpur,2.11,4.2,3.05,17.12,20.16,9.16,35.63,36.24
2007,2016,6,Madhya Pradesh,Singrauli,5.67,0.93,5.82,13.16,18.97,6.73,32.31,36.56
2007,2017,6,Madhya Pradesh,Singrauli,5.43,0.71,6.51,14.25,20.76,7.22,34.12,42.22
2009,2016,9,Punjab,Taran Taran,10.58,4.147550992733892,207.03,4.132358660873269,207.03,7.3870183531976386,217.6,393.24
2009,2017,9,Punjab,Taran Taran,10.58,0.0,207.02,0.0,207.02,0.0,217.6,399.24
2010,2016,9,Punjab,Barnala,57.52,4.226855497213586,66.82,4.2267292012056465,66.82,7.579832850977673,124.34,245.55
2010,2017,9,Punjab,Barnala,56.66,0.0,66.69,0.0,66.69,0.0,123.35,243.94
2011,2016,9,Punjab,S.A.S Nagar,2.6755538124913016,4.2822280540198765,77.46,4.644490124329433,77.46,6.017569406429167,77.46,103.5
2011,2017,9,Punjab,S.A.S Nagar,0.0,0.0,77.37,0.0,77.37,0.0,77.37,99.23
2012,2016,10,Rajasthan,Pratapgarh,9.41,1.06,24.07,78.84,102.92,5.95,119.34,120.68
2012,2017,10,Rajasthan,Pratapgarh,9.25,0.37,21.92,85.34,107.26,4.87,121.75,123.13
2013,2016,12,Uttar Pradesh,Kasganj Khansi Ram Nagar,13.58,0.0,74.06,53.82,127.87,0.49,141.94,230.52
2013,2017,12,Uttar Pradesh,Kasganj Khansi Ram Nagar,13.57,0.0,74.37,53.18,127.55,0.72,141.83,230.63
2014,2016,14,Chhattisgarh,Bijapur,0.0007082066071326665,3.53,0.04,0.07,0.11,0.19,3.83,3.83
2014,2017,14,Chhattisgarh,Bijapur,29.5342440366242,4.292357329302385,70.09719010583348,21.319096667277794,90.46250039392788,7.218734108339382,128.84419895288067,182.92553705810496
2015,2016,14,Chhattisgarh,Narayanpur,0.07,0.0,0.04,0.0,0.04,0.1,0.21,0.21
2015,2017,14,Chhattisgarh,Narayanpur,29.5342440366242,4.292357329302385,70.09719010583348,21.319096667277794,90.46250039392788,7.218734108339382,128.84419895288067,182.92553705810496
2017,2016,17,Assam,Udalguri,17.3,0.12,47.06941150354416,19.297926629450632,48.87340412173356,0.13,17.55,18.79
2017,2017,17,Assam,Udalguri,17.3,0.12,0.0,0.0,0.0,0.14,17.56,17.56
2018,2016,17,Assam,Baksa,17.62,4.351585566915529,0.03,4.53111125638088,0.03,8.306431781424493,17.65,17.65
2018,2017,17,Assam,Baksa,11.07,0.0,0.04,0.0,0.04,0.0,11.11,11.11
2019,2016,17,Assam,Chirang,9.3,4.194507167589444,43.98052717603763,5.555683414968948,42.86230996930755,7.565415671177098,9.3,10.46
2019,2017,17,Assam,Chirang,8.6,0.0,0.0,0.0,0.0,0.0,8.6,8.6
2020,2016,11,Tamil Nadu,Thiruppur,11.21,0.92,14.3,75.66,89.95,0.03619957742474522,102.09,102.45
2020,2017,11,Tamil Nadu,Thiruppur,29.5342440366242,4.292357329302385,70.09719010583348,21.319096667277794,90.46250039392788,7.218734108339382,128.84419895288067,182.92553705810496
2023,2016,15,Jharkhand,Khunti,0.21,2.18,0.97,1.72,2.69,1.41,6.49,7.07
2023,2017,15,Jharkhand,Khunti,29.5342440366242,4.292357329302385,70.09719010583348,21.319096667277794,90.46250039392788,7.218734108339382,128.84419895288067,182.92553705810496
2024,2016,15,Jharkhand,Ramgadh,0.0,0.76,0.0,0.81,0.81,0.18,1.75,2.05
2024,2017,15,Jharkhand,Ramgadh,29.5342440366242,4.292357329302385,70.09719010583348,21.319096667277794,90.46250039392788,7.218734108339382,128.84419895288067,182.92553705810496
2025,2016,5,Karnataka,Yadagiri,122.57,4.97,12.04,6.69,18.73,2.3,148.57,161.12
2025,2017,5,Karnataka,Yadagiri,134.57,4.95,15.57,11.49,27.06,4.67,171.25,183.31
2026,2016,12,Uttar Pradesh,Amethi C.S.M.Nagar,56.78,0.0,75.88,0.25,76.12,0.0,132.9,213.5
2026,2017,12,Uttar Pradesh,Amethi C.S.M.Nagar,56.36,0.0,74.34,0.25,74.59,0.0,130.95,214.12
2027,2016,7,Maharashtra,Mumbai City,29.5342440366242,4.292357329302385,70.09719010583348,21.319096667277794,90.46250039392788,7.218734108339382,128.84419895288067,182.92553705810496
2027,2017,7,Maharashtra,Mumbai City,29.5342440366242,4.292357329302385,70.09719010583348,21.319096667277794,90.46250039392788,7.218734108339382,128.84419895288067,182.92553705810496
2028,2016,17,Assam,Kamrup(Metro),1.0,4.435869621085902,0.04,1.5843987827794768,0.04,0.88,1.93,2.73
2028,2017,17,Assam,Kamrup(Metro),0.8,0.04,0.19,0.02,0.21,0.08,1.12,1.73
2030,2016,9,Punjab,Pathankot,2.7021757294975757,4.314207706096491,47.97,4.657553824212043,47.97,5.995333385624739,47.97,58.53
2030,2017,9,Punjab,Pathankot,0.02,0.0,47.62,0.0,47.62,0.0,47.64,51.31
2031,2016,12,Uttar Pradesh,Sambhal,0.0,0.0,131.84,37.97,169.81,10.66,180.47,275.79
2031,2017,12,Uttar Pradesh,Sambhal,0.0,0.0,131.03,37.93,168.96,11.05,180.02,275.8
2032,2016,12,Uttar Pradesh,Shamli,6.11,0.0,99.59,0.29,99.88,0.0,105.99,169.74
2032,2017,12,Uttar Pradesh,Shamli,6.11,0.0,99.59,0.29,99.88,0.0,105.99,169.69
2033,2016,12,Uttar Pradesh,Hapur,5.6,0.0,79.25,2.16,81.41,0.0,87.01,144.73
2033,2017,12,Uttar Pradesh,Hapur,6.9,0.0,77.14,3.48,80.61,0.0,87.51,142.96
2034,2016,14,Chhattisgarh,Balod,60.05,4.85,25.82,0.28,26.1,0.33,91.33,117.69
2034,2017,14,Chhattisgarh,Balod,29.5342440366242,4.292357329302385,70.09719010583348,21.319096667277794,90.46250039392788,7.218734108339382,128.84419895288067,182.92553705810496
2035,2016,14,Chhattisgarh,Baloda Bazar,85.34,2.41,18.24,1.14,19.37,4.07,111.19,119.09
2035,2017,14,Chhattisgarh,Baloda Bazar,29.5342440366242,4.292357329302385,70.09719010583348,21.319096667277794,90.46250039392788,7.218734108339382,128.84419895288067,182.92553705810496
2036,2016,14,Chhattisgarh,Balrampur,1.32,1.2,0.17,2.71,2.88,9.01,14.4,15.08
2036,2017,14,Chhattisgarh,Balrampur,29.5342440366242,4.292357329302385,70.09719010583348,21.319096667277794,90.46250039392788,7.218734108339382,128.84419895288067,182.92553705810496
2037,2016,14,Chhattisgarh,Bemetra,12.1,1.28,69.1,0.34,69.44,1.1,83.92,147.31
2037,2017,14,Chhattisgarh,Bemetra,29.5342440366242,4.292357329302385,70.09719010583348,21.319096667277794,90.46250039392788,7.218734108339382,128.84419895288067,182.92553705810496
2038,2016,14,Chhattisgarh,Gariaband,31.85,0.45,11.03,0.66,11.69,2.17,46.15,61.69
2038,2017,14,Chhattisgarh,Gariaband,29.5342440366242,4.292357329302385,70.09719010583348,21.319096667277794,90.46250039392788,7.218734108339382,128.84419895288067,182.92553705810496
2039,2016,14,Chhattisgarh,Kondagaon,0.31,0.23,3.62,0.4,4.02,2.16,6.72,6.72
2039,2017,14,Chhattisgarh,Kondagaon,29.5342440366242,4.292357329302385,70.09719010583348,21.319096667277794,90.46250039392788,7.218734108339382,128.84419895288067,182.92553705810496
2040,2016,14,Chhattisgarh,Mungli,54.36,0.02,9.41,0.04,9.45,0.02,63.84,77.09
2040,2017,14,Chhattisgarh,Mungli,29.5342440366242,4.292357329302385,70.09719010583348,21.319096667277794,90.46250039392788,7.218734108339382,128.84419895288067,182.92553705810496
2041,2016,14,Chhattisgarh,Sukma,0.59,0.06,0.28,0.02,0.29,0.23,1.17,1.29
2041,2017,14,Chhattisgarh,Sukma,29.5342440366242,4.292357329302385,70.09719010583348,21.319096667277794,90.46250039392788,7.218734108339382,128.84419895288067,182.92553705810496
2042,2016,14,Chhattisgarh,Surajpur,1.17,0.48,0.96,2.58,3.53,12.03,17.2,18.61
2042,2017,14,Chhattisgarh,Surajpur,29.5342440366242,4.292357329302385,70.09719010583348,21.319096667277794,90.46250039392788,7.218734108339382,128.84419895288067,182.92553705810496
2043,2016,9,Punjab,Fazilka,246.52,4.005584621577805,6.1,4.168902396243201,6.1,7.635240239941274,252.62,472.77
2043,2017,9,Punjab,Fazilka,245.93,0.0,6.47,0.0,6.47,0.0,252.4,478.52
2044,2016,17,Assam,Biswanath,29.5342440366242,4.292357329302385,70.09719010583348,21.319096667277794,90.46250039392788,7.218734108339382,128.84419895288067,182.92553705810496
2044,2017,17,Assam,Biswanath,29.5342440366242,4.292357329302385,70.09719010583348,21.319096667277794,90.46250039392788,7.218734108339382,128.84419895288067,182.92553705810496
2045,2016,17,Assam,Charaideo,29.5342440366242,4.292357329302385,70.09719010583348,21.319096667277794,90.46250039392788,7.218734108339382,128.84419895288067,182.92553705810496
2045,2017,17,Assam,Charaideo,29.5342440366242,4.292357329302385,70.09719010583348,21.319096667277794,90.46250039392788,7.218734108339382,128.84419895288067,182.92553705810496
2046,2016,17,Assam,Hojai,29.5342440366242,4.292357329302385,70.09719010583348,21.319096667277794,90.46250039392788,7.218734108339382,128.84419895288067,182.92553705810496
2046,2017,17,Assam,Hojai,29.5342440366242,4.292357329302385,70.09719010583348,21.319096667277794,90.46250039392788,7.218734108339382,128.84419895288067,182.92553705810496
2047,2016,17,Assam,Majuli,29.5342440366242,4.292357329302385,70.09719010583348,21.319096667277794,90.46250039392788,7.218734108339382,128.84419895288067,182.92553705810496
2047,2017,17,Assam,Majuli,29.5342440366242,4.292357329302385,70.09719010583348,21.319096667277794,90.46250039392788,7.218734108339382,128.84419895288067,182.92553705810496
2048,2016,17,Assam,South Salmara - Mankachar,29.5342440366242,4.292357329302385,70.09719010583348,21.319096667277794,90.46250039392788,7.218734108339382,128.84419895288067,182.92553705810496
2048,2017,17,Assam,South Salmara - Mankachar,29.5342440366242,4.292357329302385,70.09719010583348,21.319096667277794,90.46250039392788,7.218734108339382,128.84419895288067,182.92553705810496
2049,2016,17,Assam,West Karbi Anglong,29.5342440366242,4.292357329302385,70.09719010583348,21.319096667277794,90.46250039392788,7.218734108339382,128.84419895288067,182.92553705810496
2049,2017,17,Assam,West Karbi Anglong,29.5342440366242,4.292357329302385,70.09719010583348,21.319096667277794,90.46250039392788,7.218734108339382,128.84419895288067,182.92553705810496
2050,2016,3,Gujarat,Aravalli,13.8,13.5,43.0,39.5,82.5,1.6,111.3,211.6
2050,2017,3,Gujarat,Aravalli,8.6,1.2,46.7,50.8,97.5,4.9,112.1,212.1
2051,2016,3,Gujarat,Botad,13.9,4.9,6.4,87.8,94.2,5.3,118.3,139.9
2051,2017,3,Gujarat,Botad,10.0,3.0,6.4,88.0,94.4,12.0,119.6,157.1
2052,2016,3,Gujarat,Chhota Udaipur,23.6,0.1,24.9,33.7,58.6,17.9,100.1,113.2
2052,2017,3,Gujarat,Chhota Udaipur,18.3,0.1,27.0,37.4,64.4,17.9,100.6,113.4
2053,2016,3,Gujarat,Devbhoomi Dwarka,12.9,0.3,20.4,20.6,41.0,0.1,54.3,66.9
2053,2017,3,Gujarat,Devbhoomi Dwarka,5.4,0.5,25.4,22.8,48.2,0.1,54.3,69.4
2054,2016,3,Gujarat,Gir Somnath,0.0,2.0,30.6,51.6,82.2,7.0,91.2,122.9
2054,2017,3,Gujarat,Gir Somnath,0.0,2.1,10.1,73.1,83.2,6.5,91.9,124.1
2055,2016,3,Gujarat,Mahi Sagar,23.6,7.5,4.6,16.8,21.4,9.5,62.2,81.5
2055,2017,3,Gujarat,Mahi Sagar,23.7,13.1,7.2,14.2,21.4,4.2,62.4,81.7
2056,2016,3,Gujarat,Morbi,79.5,4.2,8.2,53.3,61.5,1.8,147.0,207.0
2056,2017,3,Gujarat,Morbi,82.8,4.6,9.3,48.5,57.8,2.5,147.6,213.3
2057,2016,4,Haryana,Charkhi Dadri,29.5342440366242,4.292357329302385,70.09719010583348,21.319096667277794,90.46250039392788,7.218734108339382,128.84419895288067,182.92553705810496
2057,2017,4,Haryana,Charkhi Dadri,26.0,4.28847381780829,53.0,4.286588589083866,53.0,7.686122912927238,79.0,162.0
2058,2016,6,Madhya Pradesh,Agar Malwa,2.96,2.67,19.85,65.07,84.92,19.09,109.63,109.63
2058,2017,6,Madhya Pradesh,Agar Malwa,4.35,4.24,35.67,57.95,93.62,26.44,128.65,128.65
2059,2016,7,Maharashtra,Palghar,29.5342440366242,4.292357329302385,70.09719010583348,21.319096667277794,90.46250039392788,7.218734108339382,128.84419895288067,182.92553705810496
2059,2017,7,Maharashtra,Palghar,29.5342440366242,4.292357329302385,70.09719010583348,21.319096667277794,90.46250039392788,7.218734108339382,128.84419895288067,182.92553705810496
2060,2016,13,West Bengal,Alipurduar,29.5342440366242,4.292357329302385,70.09719010583348,21.319096667277794,90.46250039392788,7.218734108339382,128.84419895288067,182.92553705810496
2060,2017,13,West Bengal,Alipurduar,29.5342440366242,4.292357329302385,70.09719010583348,21.319096667277794,90.46250039392788,7.218734108339382,128.84419895288067,182.92553705810496
2061,2016,13,West Bengal,Jhargram,29.5342440366242,4.292357329302385,70.09719010583348,21.319096667277794,90.46250039392788,7.218734108339382,128.84419895288067,182.92553705810496
2061,2017,13,West Bengal,Jhargram,29.5342440366242,4.292357329302385,70.09719010583348,21.319096667277794,90.46250039392788,7.218734108339382,128.84419895288067,182.92553705810496
2063,2016,13,West Bengal,Paschim Bardhaman,29.5342440366242,4.292357329302385,70.09719010583348,21.319096667277794,90.46250039392788,7.218734108339382,128.84419895288067,182.92553705810496
2063,2017,13,West Bengal,Paschim Bardhaman,29.5342440366242,4.292357329302385,70.09719010583348,21.319096667277794,90.46250039392788,7.218734108339382,128.84419895288067,182.92553705810496
2101,2016,20,Telangana,Kumurambheem Asifabad,1.37,3.26,1.97,0.77,2.75,0.81,8.19,13.58
2101,2017,20,Telangana,Kumurambheem Asifabad,1.08,2.47,2.49,0.27,2.76,0.79,7.09,11.14
2102,2016,20,Telangana,Macherial,3.51,8.42,10.52,6.91,17.44,0.74,30.1,46.8
2102,2017,20,Telangana,Macherial,19.92,2.86,9.66,4.63,14.29,0.71,37.79,57.24
2103,2016,20,Telangana,Nirmal,5.63,7.9,46.87,11.21,58.08,0.36,71.97,89.73
2103,2017,20,Telangana,Nirmal,4.13,4.59,51.15,7.14,58.29,0.33,67.34,89.23
2104,2016,20,Telangana,Jagityal,40.36,10.68,16.52,68.61,85.13,0.01,136.18,186.64
2104,2017,20,Telangana,Jagityal,38.7,6.1,23.97,72.76,96.73,0.46,142.0,167.07
2105,2016,20,Telangana,Peddapally,26.82,6.03,2.21,58.76,60.97,0.01,93.82,131.46
2105,2017,20,Telangana,Peddapally,3.68,6.44,9.62,58.6,68.22,1.8,80.14,115.72
2106,2016,20,Telangana,Rajanna Siricilla,1.24,1.69,13.89,30.86,44.75,7.565415671177098,47.68,61.9
2106,2017,20,Telangana,Rajanna Siricilla,0.0,0.0,15.44,19.77,35.21,0.0,35.21,51.07
2107,2016,20,Telangana,Bhadradri,7.07,22.29,28.04,0.24,28.28,4.3,61.95,76.97
2107,2017,20,Telangana,Bhadradri,6.11,28.32,25.55,0.3,25.85,3.69,63.96,75.57
2108,2016,20,Telangana,Jogulamba,10.24,0.31,36.98,2.41,39.39,14.81,64.76,77.79
2108,2017,20,Telangana,Jogulamba,11.63,2.24,54.18,2.58,56.76,9.68,80.3,87.15
2109,2016,20,Telangana,Nagarkurnool,0.12,4.61,54.3,0.3,54.6,6.92,66.25,72.26
2109,2017,20,Telangana,Nagarkurnool,0.59,6.75,59.24,0.48,59.72,12.3,79.36,89.78
2110,2016,20,Telangana,Wanaparthy,19.76,7.11,26.08,3.35,29.42,10.14,66.43,81.61
2110,2017,20,Telangana,Wanaparthy,23.14,9.54,25.31,0.99,26.29,23.37,82.34,96.6
2111,2016,20,Telangana,Sangareddy,0.9,3.12,61.25,0.15,61.4,0.26,65.68,73.5
2111,2017,20,Telangana,Sangareddy,14.19,6.2,60.25,1.93,62.18,0.17,82.73,102.93
2112,2016,20,Telangana,Siddipet,0.98,0.56,59.91,15.2,75.11,0.04,76.69,111.52
2112,2017,20,Telangana,Siddipet,0.87,17.49,71.76,16.81,88.57,0.0,106.93,112.45
2113,2016,20,Telangana,Suryapet,36.92,7.42,47.79,14.62,62.41,4.99,111.74,170.29
2113,2017,20,Telangana,Suryapet,20.62,8.45,54.5,25.64,80.13,3.39,112.59,177.26
2114,2016,20,Telangana,Yadadri Bhuvanagiri,2.38,4.19,40.33,5.97,46.3,2.04,54.91,89.99
2114,2017,20,Telangana,Yadadri Bhuvanagiri,3.56,4.68,45.04,7.29,52.33,2.66,63.22,110.74
2115,2016,20,Telangana,Kamareddy,10.27,3.35,59.42,6.50699782305253e-05,59.42,1.3,74.34,112.73
2115,2017,20,Telangana,Kamareddy,9.3,4.03,56.13,0.0,56.13,1.48,70.94,126.91
2116,2016,20,Telangana,Malkaigiri,14.737147041470045,0.88,6.31,5.2751381203165195,6.31,0.88,8.07,10.59
2116,2017,20,Telangana,Malkaigiri,0.01,0.65,7.2,0.0,7.2,1.38,9.24,13.33
2117,2016,20,Telangana,Vikarabad,0.08,1.22,32.12,1.2,33.32,0.04,34.66,42.41
2117,2017,20,Telangana,Vikarabad,0.53,0.69,34.63,0.48,35.11,0.07,36.4,42.74
2118,2016,20,Telangana,Jayashankar Bhuppaly,8.42,27.01,40.0,16.99,56.98,4.78,97.18,127.42
2118,2017,20,Telangana,Jayashankar Bhuppaly,9.89,23.98,38.02,13.39,51.41,2.14,87.42,122.77
2119,2016,20,Telangana,Janagaon,30.762978766607297,7.25,36.97,15.56,52.52,6.967269992960687,59.77,79.96
2119,2017,20,Telangana,Janagaon,0.0,6.33,33.98,9.24,43.22,0.0,49.55,78.49
2120,2016,20,Telangana,Warangal Urban,0.33,4.2,8.16,30.54,38.7,7.565415671177098,43.23,80.17
2120,2017,20,Telangana,Warangal Urban,0.07,4.2,9.44,34.05,43.49,0.07,47.83,82.08
2121,2016,20,Telangana,Mahabubabad,2.28,9.83,20.23,64.61,84.84,0.99,97.94,115.73
2121,2017,20,Telangana,Mahabubabad,2.26,15.71,25.18,57.57,82.75,1.03,101.75,124.78
2122,2016,20,Telangana,Narayanpet,29.5342440366242,4.292357329302385,70.09719010583348,21.319096667277794,90.46250039392788,7.218734108339382,128.84419895288067,182.92553705810496
2122,2017,20,Telangana,Narayanpet,29.5342440366242,4.292357329302385,70.09719010583348,21.319096667277794,90.46250039392788,7.218734108339382,128.84419895288067,182.92553705810496
2123,2016,20,Telangana,Mulugu,29.5342440366242,4.292357329302385,70.09719010583348,21.319096667277794,90.46250039392788,7.218734108339382,128.84419895288067,182.92553705810496
2123,2017,20,Telangana,Mulugu,29.5342440366242,4.292357329302385,70.09719010583348,21.319096667277794,90.46250039392788,7.218734108339382,128.84419895288067,182.92553705810496
2124,2016,11,Tamil Nadu,Tenkasi,29.5342440366242,4.292357329302385,70.09719010583348,21.319096667277794,90.46250039392788,7.218734108339382,128.84419895288067,182.92553705810496
2124,2017,11,Tamil Nadu,Tenkasi,29.5342440366242,4.292357329302385,70.09719010583348,21.319096667277794,90.46250039392788,7.218734108339382,128.84419895288067,182.92553705810496
2125,2016,11,Tamil Nadu,Kallakurichi,29.5342440366242,4.292357329302385,70.09719010583348,21.319096667277794,90.46250039392788,7.218734108339382,128.84419895288067,182.92553705810496
2125,2017,11,Tamil Nadu,Kallakurichi,29.5342440366242,4.292357329302385,70.09719010583348,21.319096667277794,90.46250039392788,7.218734108339382,128.84419895288067,182.92553705810496
2126,2016,11,Tamil Nadu,Tirupattur,29.5342440366242,4.292357329302385,70.09719010583348,21.319096667277794,90.46250039392788,7.218734108339382,128.84419895288067,182.92553705810496
2126,2017,11,Tamil Nadu,Tirupattur,29.5342440366242,4.292357329302385,70.09719010583348,21.319096667277794,90.46250039392788,7.218734108339382,128.84419895288067,182.92553705810496
2127,2016,11,Tamil Nadu,Ranipet,29.5342440366242,4.292357329302385,70.09719010583348,21.319096667277794,90.46250039392788,7.218734108339382,128.84419895288067,182.92553705810496
2127,2017,11,Tamil Nadu,Ranipet,29.5342440366242,4.292357329302385,70.09719010583348,21.319096667277794,90.46250039392788,7.218734108339382,128.84419895288067,182.92553705810496
2128,2016,11,Tamil Nadu,Chengalpattu,29.5342440366242,4.292357329302385,70.09719010583348,21.319096667277794,90.46250039392788,7.218734108339382,128.84419895288067,182.92553705810496
2128,2017,11,Tamil Nadu,Chengalpattu,29.5342440366242,4.292357329302385,70.09719010583348,21.319096667277794,90.46250039392788,7.218734108339382,128.84419895288067,182.92553705810496
2129,2016,11,Tamil Nadu,Mayiladuthurai,29.5342440366242,4.292357329302385,70.09719010583348,21.319096667277794,90.46250039392788,7.218734108339382,128.84419895288067,182.92553705810496
2129,2017,11,Tamil Nadu,Mayiladuthurai,29.5342440366242,4.292357329302385,70.09719010583348,21.319096667277794,90.46250039392788,7.218734108339382,128.84419895288067,182.92553705810496
2130,2016,14,Chhattisgarh,Gaurela-Pendra-Marwahi?,29.5342440366242,4.292357329302385,70.09719010583348,21.319096667277794,90.46250039392788,7.218734108339382,128.84419895288067,182.92553705810496
2130,2017,14,Chhattisgarh,Gaurela-Pendra-Marwahi?,29.5342440366242,4.292357329302385,70.09719010583348,21.319096667277794,90.46250039392788,7.218734108339382,128.84419895288067,182.92553705810496
2131,2016,6,Madhya Pradesh,Niwari,29.5342440366242,4.292357329302385,70.09719010583348,21.319096667277794,90.46250039392788,7.218734108339382,128.84419895288067,182.92553705810496
2131,2017,6,Madhya Pradesh,Niwari,29.5342440366242,4.292357329302385,70.09719010583348,21.319096667277794,90.46250039392788,7.218734108339382,128.84419895288067,182.92553705810496
