Dist Code,Year,State Code,State Name,Dist Name,NITROGEN CONSUMPTION (tons),NITROGEN SHARE IN NPK (Percent),NITROGEN PER HA OF NCA (Kg per ha),NITROGEN PER HA OF GCA (Kg per ha),PHOSPHATE CONSUMPTION (tons),PHOSPHATE SHARE IN NPK (Percent),PHOSPHATE PER HA OF NCA (Kg per ha),PHOSPHATE PER HA OF GCA (Kg per ha),POTASH CONSUMPTION (tons),POTASH SHARE IN NPK (Percent),POTASH PER HA OF NCA (Kg per ha),POTASH PER HA OF GCA (Kg per ha),TOTAL CONSUMPTION (tons),TOTAL PER HA OF NCA (Kg per ha),TOTAL PER HA OF GCA (Kg per ha)
1,2016,14,Chhattisgarh,Durg,22973.0,55.69,157.31,123.12,13919.0,33.74,95.31,74.6,4358.0,10.56,29.84,23.36,41250.0,282.46,221.07
1,2017,14,Chhattisgarh,Durg,17463.0,59.8,119.94,96.54,8044.0,27.55,55.25,44.47,3696.0,12.66,25.38,20.43,29203.0,200.57,161.44
2,2016,14,Chhattisgarh,Bastar,5360.0,49.77,31.58,30.53,3872.0,35.95,22.81,22.05,1538.0,14.28,9.06,8.76,10770.0,63.46,61.34
2,2017,14,Chhattisgarh,Bastar,5341.0,52.68,31.57,30.37,3497.0,34.49,20.67,19.88,1301.0,12.83,7.69,7.4,10139.0,59.92,57.65
3,2016,14,Chhattisgarh,Raipur,29057.0,58.52,179.53,135.49,15881.0,31.98,98.12,74.05,4718.0,9.5,29.15,22.0,49656.0,306.8,231.55
3,2017,14,Chhattisgarh,Raipur,27146.0,60.1,168.3,138.95,14212.0,31.47,88.11,72.75,3808.0,8.43,23.61,19.49,45166.0,280.01,231.19
4,2016,14,Chhattisgarh,Bilaspur,28367.0,64.93,127.07,105.86,11869.0,27.17,53.17,44.29,3450.0,7.9,15.45,12.87,43686.0,195.7,163.02
4,2017,14,Chhattisgarh,Bilaspur,26020.0,71.0,116.53,103.63,8287.0,22.61,37.11,33.01,2342.0,6.39,10.49,9.33,36649.0,164.13,145.97
5,2016,14,Chhattisgarh,Raigarh,22619.0,53.73,84.61,75.43,14573.0,34.61,54.51,48.6,4909.0,11.66,18.36,16.37,42101.0,157.49,140.4
5,2017,14,Chhattisgarh,Raigarh,29365.0,65.58,116.16,104.91,12103.0,27.03,47.88,43.24,3306.0,7.38,13.08,11.81,44774.0,177.12,159.96
6,2016,14,Chhattisgarh,Surguja,15191.0,62.12,98.27,83.14,7226.0,29.55,46.74,39.55,2037.0,8.33,13.18,11.15,24454.0,158.19,133.84
6,2017,14,Chhattisgarh,Surguja,8048.0,55.0,51.71,45.06,4264.0,29.14,27.4,23.87,2320.0,15.86,14.91,12.99,14632.0,94.01,81.93
7,2016,6,Madhya Pradesh,Jabalpur,46706.0,72.46,171.43,103.64,16207.0,25.14,59.49,35.96,1549.0,2.4,5.69,3.44,64462.0,236.6,143.05
7,2017,6,Madhya Pradesh,Jabalpur,39041.0,65.36,145.19,84.02,18838.0,31.54,70.06,40.54,1852.0,3.1,6.89,3.99,59731.0,222.13,128.55
8,2016,6,Madhya Pradesh,Balaghat,15234.0,61.02,54.66,44.2,9370.0,37.53,33.62,27.19,361.0,1.45,1.3,1.05,24965.0,89.58,72.44
8,2017,6,Madhya Pradesh,Balaghat,18299.0,61.9,66.01,54.65,10688.0,36.15,38.55,31.92,575.0,1.95,2.07,1.72,29562.0,106.64,88.29
9,2016,6,Madhya Pradesh,Chhindwara,60800.0,71.2,119.58,85.05,19046.0,22.3,37.46,26.64,5550.0,6.5,10.92,7.76,85396.0,167.95,119.46
9,2017,6,Madhya Pradesh,Chhindwara,57518.0,68.36,114.01,78.39,20108.0,23.9,39.86,27.4,6518.0,7.75,12.92,8.88,84144.0,166.79,114.67
10,2016,6,Madhya Pradesh,Narsinghpur,19117.0,62.68,61.58,39.5,9391.0,30.79,30.25,19.4,1992.0,6.53,6.42,4.12,30500.0,98.25,63.01
10,2017,6,Madhya Pradesh,Narsinghpur,21631.0,63.44,69.98,44.97,10428.0,30.58,33.73,21.68,2037.0,5.97,6.59,4.24,34096.0,110.3,70.89
11,2016,6,Madhya Pradesh,Seoni,35158.0,74.76,89.26,61.56,10790.0,22.94,27.39,18.89,1080.0,2.3,2.74,1.89,47028.0,119.39,82.35
11,2017,6,Madhya Pradesh,Seoni,48504.0,76.28,125.4,81.58,13249.0,20.84,34.25,22.28,1833.0,2.88,4.74,3.08,63586.0,164.39,106.95
12,2016,6,Madhya Pradesh,Mandla,9568.0,72.53,43.48,30.23,3472.0,26.32,15.78,10.97,152.0,1.15,0.69,0.48,13192.0,59.95,41.68
12,2017,6,Madhya Pradesh,Mandla,9176.0,73.09,42.45,28.67,3251.0,25.9,15.04,10.16,127.0,1.01,0.59,0.4,12554.0,58.08,39.23
13,2016,6,Madhya Pradesh,Sagar,18612.0,53.34,34.14,20.15,15624.0,44.78,28.66,16.92,658.0,1.89,1.21,0.71,34894.0,64.0,37.78
13,2017,6,Madhya Pradesh,Sagar,20399.0,53.1,36.93,21.25,17510.0,45.58,31.7,18.24,506.0,1.32,0.92,0.53,38415.0,69.54,40.01
14,2016,6,Madhya Pradesh,Damoh,9374.0,55.14,29.38,16.02,7557.0,44.45,23.68,12.92,70.0,0.41,0.22,0.12,17001.0,53.28,29.06
14,2017,6,Madhya Pradesh,Damoh,10634.0,52.43,33.3,18.97,9533.0,47.0,29.85,17.0,115.0,0.57,0.36,0.21,20282.0,63.51,36.18
15,2016,6,Madhya Pradesh,Tikamgarh,12868.0,68.98,46.54,26.75,5527.0,29.63,19.99,11.49,261.0,1.4,0.94,0.54,18656.0,67.47,38.78
15,2017,6,Madhya Pradesh,Tikamgarh,8357.0,67.85,32.4,22.02,3862.0,31.36,14.97,10.18,98.0,0.8,0.38,0.26,12317.0,47.76,32.46
16,2016,6,Madhya Pradesh,Chhatarpur,19351.0,60.93,47.59,30.56,12258.0,38.6,30.15,19.36,149.0,0.47,0.37,0.24,31758.0,78.11,50.16
16,2017,6,Madhya Pradesh,Chhatarpur,14565.0,56.32,36.43,22.97,11159.0,43.15,27.91,17.6,139.0,0.54,0.35,0.22,25863.0,64.69,40.79
17,2016,6,Madhya Pradesh,Panna,6844.0,59.08,27.56,18.34,4698.0,40.56,18.92,12.59,42.0,0.36,0.17,0.11,11584.0,46.65,31.03
17,2017,6,Madhya Pradesh,Panna,6615.0,59.26,28.52,16.05,4493.0,40.25,19.37,10.9,54.0,0.48,0.23,0.13,11162.0,48.12,27.08
18,2016,6,Madhya Pradesh,Rewa,23203.0,70.5,64.73,44.74,9556.0,29.03,26.66,18.43,155.0,0.47,0.43,0.3,32914.0,91.83,63.47
18,2017,6,Madhya Pradesh,Rewa,26124.0,68.44,72.97,50.6,11848.0,31.04,33.1,22.95,200.0,0.52,0.56,0.39,38172.0,106.63,73.94
19,2016,6,Madhya Pradesh,Sidhi,4442.0,69.37,26.68,19.36,1939.0,30.28,11.65,8.45,22.0,0.34,0.13,0.1,6403.0,38.46,27.91
19,2017,6,Madhya Pradesh,Sidhi,5350.0,70.27,32.23,22.98,2242.0,29.45,13.51,9.63,22.0,0.29,0.13,0.09,7614.0,45.87,32.71
20,2016,6,Madhya Pradesh,Satna,28693.0,65.53,81.57,54.5,14902.0,34.03,42.36,28.31,192.0,0.44,0.55,0.36,43787.0,124.48,83.17
20,2017,6,Madhya Pradesh,Satna,29067.0,65.31,83.15,47.57,15084.0,33.89,43.15,24.69,353.0,0.79,1.01,0.58,44504.0,127.32,72.83
21,2016,6,Madhya Pradesh,Shahdol,5649.0,64.5,32.03,26.39,3048.0,34.8,17.28,14.24,61.0,0.7,0.35,0.28,8758.0,49.66,40.91
21,2017,6,Madhya Pradesh,Shahdol,5425.0,63.18,30.84,25.46,3074.0,35.8,17.47,14.43,87.0,1.01,0.49,0.41,8586.0,48.8,40.29
22,2016,6,Madhya Pradesh,Gwalior,29640.0,72.28,143.91,107.26,10900.0,26.58,52.92,39.44,466.0,1.14,2.26,1.69,41006.0,199.09,148.39
22,2017,6,Madhya Pradesh,Gwalior,27042.0,67.41,139.54,104.35,12605.0,31.42,65.04,48.64,466.0,1.16,2.4,1.8,40113.0,206.99,154.79
23,2016,6,Madhya Pradesh,Shivpuri,19338.0,63.41,43.08,27.98,10580.0,34.69,23.57,15.31,579.0,1.9,1.29,0.84,30497.0,67.95,44.13
23,2017,6,Madhya Pradesh,Shivpuri,19577.0,59.27,42.33,25.25,13081.0,39.6,28.29,16.87,371.0,1.12,0.8,0.48,33029.0,71.42,42.6
24,2016,6,Madhya Pradesh,Guna,19265.0,66.45,56.84,33.51,9648.0,33.28,28.47,16.78,79.0,0.27,0.23,0.14,28992.0,85.54,50.42
24,2017,6,Madhya Pradesh,Guna,18527.0,61.73,54.25,28.84,11391.0,37.95,33.35,17.73,94.0,0.31,0.28,0.15,30012.0,87.87,46.72
25,2016,6,Madhya Pradesh,Datia,15543.0,79.55,74.64,53.6,3834.0,19.62,18.41,13.22,161.0,0.82,0.77,0.56,19538.0,93.82,67.38
25,2017,6,Madhya Pradesh,Datia,21273.0,72.57,101.23,65.6,7790.0,26.58,37.07,24.02,249.0,0.85,1.18,0.77,29312.0,139.49,90.39
26,2016,6,Madhya Pradesh,Morena,34711.0,78.49,128.36,87.47,9277.0,20.98,34.3,23.38,236.0,0.53,0.87,0.59,44224.0,163.53,111.45
26,2017,6,Madhya Pradesh,Morena,34714.0,73.29,128.64,81.95,12158.0,25.67,45.06,28.7,494.0,1.04,1.83,1.17,47366.0,175.53,111.82
27,2016,6,Madhya Pradesh,Bhind,28122.0,71.98,82.86,68.42,10765.0,27.55,31.72,26.19,181.0,0.46,0.53,0.44,39068.0,115.11,95.06
27,2017,6,Madhya Pradesh,Bhind,28195.0,65.97,83.62,69.4,14286.0,33.43,42.37,35.17,257.0,0.6,0.76,0.63,42738.0,126.75,105.2
28,2016,6,Madhya Pradesh,Indore,41446.0,57.83,162.9,88.16,23277.0,32.48,91.49,49.51,6951.0,9.7,27.32,14.79,71674.0,281.71,152.46
28,2017,6,Madhya Pradesh,Indore,39595.0,60.28,157.98,80.28,20470.0,31.16,81.67,41.5,5622.0,8.56,22.43,11.4,65687.0,262.08,133.18
29,2016,6,Madhya Pradesh,Ratlam,35132.0,62.36,104.45,63.05,17513.0,31.09,52.07,31.43,3689.0,6.55,10.97,6.62,56334.0,167.48,101.1
29,2017,6,Madhya Pradesh,Ratlam,35384.0,61.75,104.78,60.86,17110.0,29.86,50.67,29.43,4806.0,8.39,14.23,8.27,57300.0,169.68,98.56
30,2016,6,Madhya Pradesh,Ujjain,46451.0,57.71,92.56,50.26,28625.0,35.56,57.04,30.97,5421.0,6.73,10.8,5.87,80497.0,160.4,87.1
30,2017,6,Madhya Pradesh,Ujjain,42030.0,53.5,83.2,43.71,30956.0,39.41,61.28,32.19,5569.0,7.09,11.02,5.79,78555.0,155.5,81.69
31,2016,6,Madhya Pradesh,Mandsaur,30446.0,60.42,85.36,49.07,14708.0,29.19,41.23,23.71,5238.0,10.39,14.68,8.44,50392.0,141.27,81.22
31,2017,6,Madhya Pradesh,Mandsaur,25973.0,59.66,72.76,40.85,13172.0,30.26,36.9,20.71,4389.0,10.08,12.29,6.9,43534.0,121.95,68.46
32,2016,6,Madhya Pradesh,Dewas,33893.0,59.26,83.75,45.03,18651.0,32.61,46.09,24.78,4651.0,8.13,11.49,6.18,57195.0,141.32,75.99
32,2017,6,Madhya Pradesh,Dewas,27680.0,59.14,68.29,36.0,15628.0,33.39,38.56,20.33,3500.0,7.48,8.64,4.55,46808.0,115.49,60.88
33,2016,6,Madhya Pradesh,Dhar,68608.0,61.35,137.16,82.47,34800.0,31.12,69.57,41.83,8421.0,7.53,16.84,10.12,111829.0,223.57,134.42
33,2017,6,Madhya Pradesh,Dhar,66096.0,62.42,132.32,77.85,32417.0,30.61,64.9,38.18,7376.0,6.97,14.77,8.69,105889.0,211.98,124.72
34,2016,6,Madhya Pradesh,Jhabua,23243.0,74.82,123.06,94.2,6991.0,22.5,37.01,28.33,833.0,2.68,4.41,3.38,31067.0,164.48,125.91
34,2017,6,Madhya Pradesh,Jhabua,21174.0,74.14,111.28,80.08,6172.0,21.61,32.44,23.34,1214.0,4.25,6.38,4.59,28560.0,150.09,108.02
35,2016,6,Madhya Pradesh,Khargone,52056.0,60.39,130.07,88.86,26057.0,30.23,65.11,44.48,8089.0,9.38,20.21,13.81,86202.0,215.38,147.15
35,2017,6,Madhya Pradesh,Khargone,60279.0,60.7,148.64,87.07,28972.0,29.17,71.44,41.85,10061.0,10.13,24.81,14.53,99312.0,244.89,143.46
36,2016,6,Madhya Pradesh,Khandwa,31786.0,64.28,104.03,69.43,13877.0,28.06,45.42,30.31,3784.0,7.65,12.38,8.27,49447.0,161.83,108.01
36,2017,6,Madhya Pradesh,Khandwa,31122.0,63.82,101.36,63.21,14355.0,29.43,46.75,29.16,3292.0,6.75,10.72,6.69,48769.0,158.83,99.05
37,2016,6,Madhya Pradesh,Sehore,44132.0,64.3,111.49,57.49,22923.0,33.4,57.91,29.86,1576.0,2.3,3.98,2.05,68631.0,173.39,89.41
37,2017,6,Madhya Pradesh,Sehore,41022.0,62.98,103.29,52.88,23326.0,35.81,58.73,30.07,786.0,1.21,1.98,1.01,65134.0,164.0,83.97
38,2016,6,Madhya Pradesh,Raisen,33042.0,60.76,76.27,47.49,20609.0,37.9,47.57,29.62,732.0,1.35,1.69,1.05,54383.0,125.53,78.16
38,2017,6,Madhya Pradesh,Raisen,40839.0,62.26,94.29,56.49,23883.0,36.41,55.14,33.04,876.0,1.34,2.02,1.21,65598.0,151.45,90.74
39,2016,6,Madhya Pradesh,Vidisha,29264.0,59.24,54.96,30.11,19524.0,39.52,36.66,20.09,611.0,1.24,1.15,0.63,49399.0,92.77,50.83
39,2017,6,Madhya Pradesh,Vidisha,23628.0,52.24,44.35,23.52,20800.0,45.99,39.04,20.71,800.0,1.77,1.5,0.8,45228.0,84.89,45.03
40,2016,6,Madhya Pradesh,Betul,32046.0,72.06,76.85,53.45,10794.0,24.27,25.89,18.0,1629.0,3.66,3.91,2.72,44469.0,106.65,74.17
40,2017,6,Madhya Pradesh,Betul,32641.0,72.8,76.27,51.61,10643.0,23.74,24.87,16.83,1552.0,3.46,3.63,2.45,44836.0,104.76,70.9
41,2016,6,Madhya Pradesh,Rajgarh,38099.0,59.4,86.25,47.65,24214.0,37.75,54.82,30.28,1823.0,2.84,4.13,2.28,64136.0,145.2,80.21
41,2017,6,Madhya Pradesh,Rajgarh,35199.0,60.78,79.76,43.54,21501.0,37.13,48.72,26.6,1209.0,2.09,2.74,1.5,57909.0,131.22,71.64
42,2016,6,Madhya Pradesh,Shajapur,21654.0,47.71,77.13,42.92,21350.0,47.04,76.05,42.32,2382.0,5.25,8.48,4.72,45386.0,161.66,89.96
42,2017,6,Madhya Pradesh,Shajapur,17581.0,49.07,62.4,34.29,15848.0,44.24,56.25,30.91,2397.0,6.69,8.51,4.67,35826.0,127.17,69.87
43,2016,6,Madhya Pradesh,Hoshangabad,58989.0,67.09,187.3,93.93,26951.0,30.65,85.57,42.91,1984.0,2.26,6.3,3.16,87924.0,279.17,140.0
43,2017,6,Madhya Pradesh,Hoshangabad,63911.0,62.86,200.38,92.93,34948.0,34.37,109.57,50.82,2820.0,2.77,8.84,4.1,101679.0,318.79,147.85
44,2016,1,Andhra Pradesh,Srikakulam,37068.0,64.85,123.23,90.77,12864.0,22.5,42.77,31.5,7232.0,12.65,24.04,17.71,57164.0,190.04,139.99
44,2017,1,Andhra Pradesh,Srikakulam,38071.0,63.49,124.33,84.59,13430.0,22.4,43.86,29.84,8460.0,14.11,27.63,18.8,59961.0,195.81,133.23
45,2016,1,Andhra Pradesh,Visakhapatnam,21768.0,75.92,77.73,64.88,4329.0,15.1,15.46,12.9,2577.0,8.99,9.2,7.68,28674.0,102.4,85.46
45,2017,1,Andhra Pradesh,Visakhapatnam,30888.0,81.55,109.98,90.91,4052.0,10.7,14.43,11.93,2935.0,7.75,10.45,8.64,37875.0,134.86,111.48
46,2016,1,Andhra Pradesh,East Godavari,106222.0,61.34,251.07,155.62,40706.0,23.51,96.21,59.64,26241.0,15.15,62.02,38.44,173169.0,409.3,253.7
46,2017,1,Andhra Pradesh,East Godavari,84246.0,58.71,197.19,126.49,30862.0,21.51,72.24,46.34,28384.0,19.78,66.44,42.62,143492.0,335.86,215.44
47,2016,1,Andhra Pradesh,West Godavari,128137.0,52.6,278.72,186.4,65511.0,26.89,142.5,95.3,49956.0,20.51,108.66,72.67,243604.0,529.88,354.37
47,2017,1,Andhra Pradesh,West Godavari,106191.0,52.41,233.06,152.44,49578.0,24.47,108.81,71.17,46863.0,23.13,102.85,67.27,202632.0,444.72,290.89
48,2016,1,Andhra Pradesh,Krishna,94920.0,60.3,203.13,152.04,40313.0,25.61,86.27,64.57,22167.0,14.08,47.44,35.51,157400.0,336.84,252.11
48,2017,1,Andhra Pradesh,Krishna,84529.0,58.54,177.41,130.23,39105.0,27.08,82.07,60.25,20768.0,14.38,43.59,32.0,144402.0,303.08,222.48
49,2016,1,Andhra Pradesh,Guntur,161851.0,59.85,291.27,229.98,82673.0,30.57,148.78,117.47,25888.0,9.57,46.59,36.79,270412.0,486.64,384.24
49,2017,1,Andhra Pradesh,Guntur,145843.0,60.32,245.02,189.43,75059.0,31.04,126.1,97.49,20887.0,8.64,35.09,27.13,241789.0,406.22,314.06
50,2016,1,Andhra Pradesh,S.P.S.Nellore,74059.0,62.22,246.56,206.75,27163.0,22.82,90.43,75.83,17805.0,14.96,59.28,49.71,119027.0,396.28,332.29
50,2017,1,Andhra Pradesh,S.P.S.Nellore,75470.0,63.51,216.99,209.3,25947.0,21.83,74.6,71.96,17416.0,14.66,50.07,48.3,118833.0,341.66,329.57
51,2016,1,Andhra Pradesh,Kurnool,138618.0,53.89,158.09,142.14,92426.0,35.93,105.41,94.78,26164.0,10.17,29.84,26.83,257208.0,293.33,263.75
51,2017,1,Andhra Pradesh,Kurnool,130915.0,57.02,153.82,137.39,75336.0,32.81,88.52,79.06,23345.0,10.17,27.43,24.5,229596.0,269.77,240.94
52,2016,1,Andhra Pradesh,Anantapur,41983.0,52.97,46.96,45.66,27600.0,34.83,30.87,30.02,9669.0,12.2,10.81,10.52,79252.0,88.64,86.19
52,2017,1,Andhra Pradesh,Anantapur,38288.0,50.06,48.21,45.46,26127.0,34.16,32.9,31.02,12070.0,15.78,15.2,14.33,76485.0,96.3,90.82
53,2016,1,Andhra Pradesh,Kadapa YSR,45269.0,57.32,133.76,120.7,24007.0,30.4,70.93,64.01,9700.0,12.28,28.66,25.86,78976.0,233.35,210.58
53,2017,1,Andhra Pradesh,Kadapa YSR,47161.0,56.1,140.44,127.11,24126.0,28.7,71.85,65.02,12776.0,15.2,38.05,34.43,84063.0,250.34,226.56
54,2016,1,Andhra Pradesh,Chittoor,37118.0,61.37,103.36,91.83,15772.0,26.08,43.92,39.02,7591.0,12.55,21.14,18.78,60481.0,168.41,149.62
54,2017,1,Andhra Pradesh,Chittoor,43320.0,63.48,119.69,103.0,15960.0,23.39,44.1,37.95,8962.0,13.13,24.76,21.31,68242.0,188.55,162.26
55,2016,20,Telangana,Hyderabad,30159.4901585052,64.62854324253311,149.65983498328396,95.00692099639572,12082.956674049366,25.64201528306417,55.398329108896654,36.34437315906889,3119.6025706332935,9.72940563669664,23.23327467629004,15.06230216691695,46834.39581514174,228.12167872852086,146.30391050959628
55,2017,20,Telangana,Hyderabad,30159.4901585052,64.62854324253311,149.65983498328396,95.00692099639572,12082.956674049366,25.64201528306417,55.398329108896654,36.34437315906889,3119.6025706332935,9.72940563669664,23.23327467629004,15.06230216691695,46834.39581514174,228.12167872852086,146.30391050959628
56,2016,20,Telangana,Nizamabad,101989.0,73.37,549.66,299.3,28446.0,20.46,153.31,83.48,8573.0,6.17,46.2,25.16,139008.0,749.18,407.93
56,2017,20,Telangana,Nizamabad,78336.0,70.51,393.36,255.05,23923.0,21.53,120.13,77.89,8839.0,7.96,44.38,28.78,111098.0,557.88,361.71
57,2016,20,Telangana,Medak,61773.0,74.34,527.24,412.52,17797.0,21.42,151.9,118.85,3521.0,4.24,30.05,23.51,83091.0,709.19,554.89
57,2017,20,Telangana,Medak,41738.0,79.19,442.75,318.51,8148.0,15.46,86.43,62.18,2822.0,5.35,29.94,21.54,52708.0,559.12,402.23
58,2016,20,Telangana,Mahabubnagar,90587.0,68.22,321.36,297.25,37967.0,28.59,134.69,124.58,4229.0,3.18,15.0,13.88,132783.0,471.05,435.71
58,2017,20,Telangana,Mahabubnagar,56068.0,64.09,182.27,167.16,26026.0,29.75,84.61,77.59,5383.0,6.15,17.5,16.05,87477.0,284.37,260.8
59,2016,20,Telangana,Nalgonda,122388.0,67.41,340.64,291.15,42722.0,23.53,118.91,101.63,16443.0,9.06,45.77,39.12,181553.0,505.32,431.89
59,2017,20,Telangana,Nalgonda,80013.0,65.0,213.91,180.2,31453.0,25.55,84.09,70.84,11633.0,9.45,31.1,26.2,123099.0,329.1,277.24
60,2016,20,Telangana,Warangal,140315.0,69.65,1068.4,749.31,41184.0,20.44,313.59,219.93,19958.0,9.91,151.97,106.58,201457.0,1533.95,1075.82
60,2017,20,Telangana,Warangal,15462.0,60.31,106.25,79.97,8136.0,31.74,55.91,42.08,2039.0,7.95,14.01,10.55,25637.0,176.18,132.59
61,2016,20,Telangana,Khammam,92584.0,63.61,403.32,347.95,39640.0,27.23,172.68,148.98,13327.0,9.16,58.06,50.09,145551.0,634.06,547.01
61,2017,20,Telangana,Khammam,76513.0,62.41,318.61,245.06,31365.0,25.59,130.61,100.46,14710.0,12.0,61.25,47.11,122588.0,510.47,392.64
62,2016,20,Telangana,Karimnagar,152631.0,66.57,1430.31,807.71,42405.0,18.49,397.38,224.4,34249.0,14.94,320.95,181.24,229285.0,2148.63,1213.36
62,2017,20,Telangana,Karimnagar,100729.0,72.83,885.86,559.9,26999.0,19.52,237.44,150.07,10584.0,7.65,93.08,58.83,138312.0,1216.39,768.81
63,2016,20,Telangana,Adilabad,85776.0,72.49,428.11,405.99,24610.0,20.8,122.83,116.48,7940.0,6.71,39.63,37.58,118326.0,590.56,560.06
63,2017,20,Telangana,Adilabad,59648.0,75.1,300.51,272.86,13502.0,17.0,68.02,61.77,6270.0,7.89,31.59,28.68,79420.0,400.12,363.31
65,2016,5,Karnataka,Kolar,11236.0,50.64,67.47,63.46,7841.0,35.34,47.09,44.28,3111.0,14.02,18.68,17.57,22188.0,133.24,125.31
65,2017,5,Karnataka,Kolar,14174.0,55.05,85.6,81.75,8234.0,31.98,49.73,47.49,3340.0,12.97,20.17,19.26,25748.0,155.5,148.5
66,2016,5,Karnataka,Tumkur,21285.0,55.8,45.45,39.53,12325.0,32.31,26.32,22.89,4538.0,11.9,9.69,8.43,38148.0,81.46,70.84
66,2017,5,Karnataka,Tumkur,24548.0,55.56,52.59,45.32,13290.0,30.08,28.47,24.54,6346.0,14.36,13.6,11.72,44184.0,94.66,81.57
67,2016,5,Karnataka,Mysore,32044.0,51.67,108.62,86.95,19509.0,31.46,66.13,52.94,10459.0,16.87,35.45,28.38,62012.0,210.21,168.27
67,2017,5,Karnataka,Mysore,34283.0,55.88,91.78,70.39,16491.0,26.88,44.15,33.86,10582.0,17.25,28.33,21.73,61356.0,164.25,125.97
68,2016,5,Karnataka,Mandya,38827.0,64.11,239.93,194.0,13127.0,21.68,81.12,65.59,8605.0,14.21,53.18,42.99,60559.0,374.23,302.58
68,2017,5,Karnataka,Mandya,49044.0,67.93,249.67,191.09,13855.0,19.19,70.53,53.98,9299.0,12.88,47.34,36.23,72198.0,367.54,281.3
69,2016,5,Karnataka,Hassan,33682.0,49.22,108.03,92.51,21937.0,32.06,70.36,60.25,12813.0,18.72,41.09,35.19,68432.0,219.48,187.96
69,2017,5,Karnataka,Hassan,32894.0,48.79,95.24,78.12,19091.0,28.31,55.28,45.34,15439.0,22.9,44.7,36.67,67424.0,195.23,160.13
70,2016,5,Karnataka,Shimoge,27793.0,49.1,122.06,112.9,17431.0,30.79,76.55,70.81,11386.0,20.11,50.0,46.25,56610.0,248.6,229.95
70,2017,5,Karnataka,Shimoge,29018.0,47.7,128.28,115.48,17441.0,28.67,77.1,69.41,14377.0,23.63,63.55,57.21,60836.0,268.93,242.1
71,2016,5,Karnataka,Chickmagalur,29822.0,43.95,102.7,90.58,19107.0,28.16,65.8,58.04,18933.0,27.9,65.2,57.51,67862.0,233.69,206.13
71,2017,5,Karnataka,Chickmagalur,28833.0,43.07,102.04,85.46,17782.0,26.56,62.93,52.7,20329.0,30.37,71.95,60.25,66944.0,236.92,198.41
72,2016,5,Karnataka,Chitradurga,20375.0,56.78,51.77,43.63,11971.0,33.36,30.42,25.63,3538.0,9.86,8.99,7.58,35884.0,91.18,76.84
72,2017,5,Karnataka,Chitradurga,14296.0,53.91,37.88,32.28,8614.0,32.48,22.83,19.45,3608.0,13.61,9.56,8.15,26518.0,70.27,59.88
73,2016,5,Karnataka,Bellary,69683.0,56.5,179.53,161.18,39677.0,32.17,102.22,91.78,13969.0,11.33,35.99,32.31,123329.0,317.75,285.27
73,2017,5,Karnataka,Bellary,70669.0,58.1,169.43,139.03,37463.0,30.8,89.82,73.7,13491.0,11.09,32.35,26.54,121623.0,291.59,239.28
74,2016,5,Karnataka,Dharwad,20740.0,55.48,62.36,42.48,13288.0,35.55,39.96,27.21,3353.0,8.97,10.08,6.87,37381.0,112.4,76.56
74,2017,5,Karnataka,Dharwad,15657.0,56.03,51.04,35.29,8636.0,30.9,28.15,19.46,3652.0,13.07,11.91,8.23,27945.0,91.1,62.98
75,2016,5,Karnataka,Belgaum,100099.0,55.61,121.48,96.31,45043.0,25.03,54.66,43.34,34850.0,19.36,42.29,33.53,179992.0,218.44,173.17
75,2017,5,Karnataka,Belgaum,92878.0,56.16,121.53,92.16,39229.0,23.72,51.33,38.92,33264.0,20.11,43.52,33.01,165371.0,216.38,164.09
76,2016,5,Karnataka,Bijapur,29057.0,53.58,32.63,30.31,18615.0,34.33,20.91,19.42,6557.0,12.09,7.36,6.84,54229.0,60.9,56.56
76,2017,5,Karnataka,Bijapur,27846.0,53.82,31.27,28.76,16532.0,31.95,18.57,17.08,7361.0,14.23,8.27,7.6,51739.0,58.11,53.44
77,2016,5,Karnataka,Bidar,11858.0,48.09,30.91,24.51,11012.0,44.66,28.71,22.76,1788.0,7.25,4.66,3.7,24658.0,64.28,50.98
77,2017,5,Karnataka,Bidar,10275.0,48.56,28.14,22.75,8497.0,40.16,23.27,18.81,2388.0,11.29,6.54,5.29,21160.0,57.94,46.84
78,2016,5,Karnataka,Raichur,66488.0,56.71,145.46,114.77,39289.0,33.51,85.95,67.82,11459.0,9.77,25.07,19.78,117236.0,256.48,202.37
78,2017,5,Karnataka,Raichur,80329.0,57.69,187.06,159.02,44811.0,32.18,104.35,88.71,14098.0,10.13,32.83,27.91,139238.0,324.23,275.63
79,2016,5,Karnataka,Gulbarga,25926.0,47.98,30.8,25.14,24196.0,44.78,28.75,23.46,3908.0,7.23,4.64,3.79,54030.0,64.19,52.39
79,2017,5,Karnataka,Gulbarga,19457.0,51.51,22.28,18.13,15020.0,39.76,17.2,14.0,3298.0,8.73,3.78,3.07,37775.0,43.26,35.21
80,2016,5,Karnataka,Dakshina Kannada,6905.0,37.15,47.56,43.49,4480.0,24.1,30.86,28.22,7203.0,38.75,49.61,45.37,18588.0,128.03,117.08
80,2017,5,Karnataka,Dakshina Kannada,7199.0,36.97,49.03,45.58,4838.0,24.84,32.95,30.63,7438.0,38.19,50.65,47.09,19475.0,132.63,123.3
81,2016,5,Karnataka,Uttara Kannada,8646.0,56.45,77.99,71.42,3819.0,24.93,34.45,31.55,2852.0,18.62,25.73,23.56,15317.0,138.16,126.52
81,2017,5,Karnataka,Uttara Kannada,8781.0,52.66,79.0,71.74,4050.0,24.29,36.44,33.09,3845.0,23.06,34.59,31.41,16676.0,150.04,136.23
82,2016,5,Karnataka,Kodagu,17516.0,42.78,105.8,92.54,11768.0,28.74,71.08,62.17,11662.0,28.48,70.44,61.61,40946.0,247.32,216.32
82,2017,5,Karnataka,Kodagu,19657.0,43.5,119.22,104.22,11983.0,26.52,72.68,63.53,13550.0,29.98,82.18,71.84,45190.0,274.08,239.6
83,2016,11,Tamil Nadu,Kancheepuram,17055.0,63.04,178.52,155.14,6567.0,24.27,68.74,59.74,3434.0,12.69,35.94,31.24,27056.0,283.2,246.12
83,2017,11,Tamil Nadu,Kancheepuram,20169.0,62.04,191.26,161.88,7596.0,23.36,72.03,60.97,4747.0,14.6,45.01,38.1,32512.0,308.3,260.95
84,2016,11,Tamil Nadu,South Arcot Cuddalore,35925.0,57.29,168.23,114.69,15187.0,24.22,71.12,48.49,11594.0,18.49,54.29,37.01,62706.0,293.64,200.19
84,2017,11,Tamil Nadu,South Arcot Cuddalore,33297.0,55.64,156.26,105.07,13566.0,22.67,63.66,42.81,12978.0,21.69,60.9,40.95,59841.0,280.82,188.84
85,2016,11,Tamil Nadu,North Arcot Vellore,32286.0,61.67,207.75,174.5,12337.0,23.56,79.39,66.68,7731.0,14.77,49.75,41.78,52354.0,336.88,282.96
85,2017,11,Tamil Nadu,North Arcot Vellore,35245.0,63.88,231.04,189.2,11811.0,21.41,77.42,63.4,8114.0,14.71,53.19,43.56,55170.0,361.65,296.16
86,2016,11,Tamil Nadu,Salem,19856.0,48.53,103.34,85.63,11154.0,27.26,58.05,48.1,9907.0,24.21,51.56,42.72,40917.0,212.95,176.45
86,2017,11,Tamil Nadu,Salem,14338.0,36.63,70.02,50.79,12521.0,31.98,61.14,44.35,12288.0,31.39,60.01,43.53,39147.0,191.16,138.66
87,2016,11,Tamil Nadu,Coimbatore,15216.0,45.22,92.07,89.98,6351.0,18.87,38.43,37.56,12083.0,35.91,73.11,71.45,33650.0,203.61,198.99
87,2017,11,Tamil Nadu,Coimbatore,12167.0,38.77,73.96,71.49,7135.0,22.73,43.37,41.92,12084.0,38.5,73.45,71.0,31386.0,190.78,184.4
88,2016,11,Tamil Nadu,Tiruchirapalli Trichy,24268.0,52.86,203.18,190.51,11053.0,24.08,92.54,86.77,10587.0,23.06,88.64,83.11,45908.0,384.36,360.39
88,2017,11,Tamil Nadu,Tiruchirapalli Trichy,20836.0,50.41,138.4,128.42,8885.0,21.5,59.02,54.76,11608.0,28.09,77.1,71.54,41329.0,274.52,254.72
89,2016,11,Tamil Nadu,Thanjavur,40106.0,65.08,242.03,167.49,12435.0,20.18,75.04,51.93,9089.0,14.75,54.85,37.96,61630.0,371.92,257.38
89,2017,11,Tamil Nadu,Thanjavur,17835.0,44.24,99.47,65.85,9182.0,22.78,51.21,33.9,13298.0,32.99,74.17,49.1,40315.0,224.86,148.85
90,2016,11,Tamil Nadu,Madurai,13180.0,54.62,149.66,147.67,6183.0,25.62,70.21,69.28,4767.0,19.76,54.13,53.41,24130.0,273.99,270.36
90,2017,11,Tamil Nadu,Madurai,12453.0,58.64,121.33,119.09,4707.0,22.17,45.86,45.01,4076.0,19.19,39.71,38.98,21236.0,206.9,203.08
91,2016,11,Tamil Nadu,Ramananthapuram,5835.0,59.37,33.83,33.83,3583.0,36.46,20.78,20.78,410.0,4.17,2.38,2.38,9828.0,56.99,56.99
91,2017,11,Tamil Nadu,Ramananthapuram,11293.0,81.79,63.42,63.42,2164.0,15.67,12.15,12.15,350.0,2.53,1.97,1.97,13807.0,77.53,77.53
92,2016,11,Tamil Nadu,Thirunelveli,23476.0,57.15,173.35,166.4,12825.0,31.22,94.7,90.91,4777.0,11.63,35.27,33.86,41078.0,303.33,291.17
92,2017,11,Tamil Nadu,Thirunelveli,19189.0,63.59,121.24,115.9,6071.0,20.12,38.36,36.67,4916.0,16.29,31.06,29.69,30176.0,190.66,182.26
93,2016,11,Tamil Nadu,The Nilgiris,4465.0,57.83,59.32,59.29,751.0,9.73,9.98,9.97,2505.0,32.44,33.28,33.26,7721.0,102.58,102.53
93,2017,11,Tamil Nadu,The Nilgiris,4848.0,59.51,66.09,66.04,1399.0,17.17,19.07,19.06,1900.0,23.32,25.9,25.88,8147.0,111.07,110.99
94,2016,11,Tamil Nadu,Kanyakumari,8791.0,54.74,117.67,108.54,5240.0,32.63,70.14,64.7,2030.0,12.64,27.17,25.06,16061.0,214.98,198.3
94,2017,11,Tamil Nadu,Kanyakumari,9769.0,61.52,133.38,126.36,3667.0,23.09,50.07,47.43,2443.0,15.39,33.36,31.6,15879.0,216.8,205.39
96,2016,7,Maharashtra,Thane,14732.0,82.61,59.91,58.6,1850.0,10.37,7.52,7.36,1252.0,7.02,5.09,4.98,17834.0,72.53,70.94
96,2017,7,Maharashtra,Thane,6371.0,81.11,25.9,25.33,781.0,9.94,3.17,3.11,703.0,8.95,2.86,2.8,7855.0,31.93,31.23
97,2016,7,Maharashtra,Raigarh,10918.0,72.77,58.98,51.48,2457.0,16.38,13.27,11.58,1629.0,10.86,8.8,7.68,15004.0,81.06,70.74
97,2017,7,Maharashtra,Raigarh,8955.0,78.49,46.91,41.19,1235.0,10.82,6.47,5.68,1219.0,10.68,6.39,5.61,11409.0,59.76,52.48
98,2016,7,Maharashtra,Ratnagiri,6221.0,62.46,24.44,23.64,2284.0,22.93,8.97,8.68,1455.0,14.61,5.72,5.53,9960.0,39.14,37.84
98,2017,7,Maharashtra,Ratnagiri,6490.0,68.47,25.78,24.92,1772.0,18.69,7.04,6.8,1217.0,12.84,4.84,4.67,9479.0,37.66,36.4
99,2016,7,Maharashtra,Nasik,90911.0,55.65,104.16,89.92,49508.0,30.3,56.72,48.97,22951.0,14.05,26.3,22.7,163370.0,187.18,161.59
99,2017,7,Maharashtra,Nasik,99979.0,50.42,114.88,98.5,64106.0,32.33,73.66,63.16,34212.0,17.25,39.31,33.71,198297.0,227.85,195.37
100,2016,7,Maharashtra,Dhule,37725.0,58.88,90.62,71.03,14384.0,22.45,34.55,27.08,11957.0,18.66,28.72,22.51,64066.0,153.89,120.63
100,2017,7,Maharashtra,Dhule,37893.0,54.94,91.18,70.76,16456.0,23.86,39.6,30.73,14627.0,21.21,35.19,27.31,68976.0,165.97,128.81
101,2016,7,Maharashtra,Jalgaon,106946.0,50.34,125.92,86.2,45941.0,21.62,54.09,37.03,59563.0,28.04,70.13,48.01,212450.0,250.15,171.23
101,2017,7,Maharashtra,Jalgaon,96772.0,44.26,113.96,79.62,47696.0,21.82,56.17,39.24,74158.0,33.92,87.33,61.02,218626.0,257.45,179.88
102,2016,7,Maharashtra,Ahmednagar,99006.0,53.52,94.62,68.07,54440.0,29.43,52.03,37.43,31526.0,17.04,30.13,21.67,184972.0,176.77,127.17
102,2017,7,Maharashtra,Ahmednagar,105164.0,49.3,96.98,69.03,66273.0,31.07,61.11,43.5,41883.0,19.63,38.62,27.49,213320.0,196.72,140.03
103,2016,7,Maharashtra,Pune,95343.0,57.13,158.77,108.69,42116.0,25.24,70.13,48.01,29422.0,17.63,49.0,33.54,166881.0,277.9,190.24
103,2017,7,Maharashtra,Pune,97238.0,54.03,165.4,111.5,48290.0,26.83,82.14,55.37,34456.0,19.14,58.61,39.51,179984.0,306.15,206.38
104,2016,7,Maharashtra,Satara,51391.0,54.99,95.26,77.01,24347.0,26.05,45.13,36.49,17715.0,18.96,32.84,26.55,93453.0,173.22,140.05
104,2017,7,Maharashtra,Satara,49264.0,51.86,91.65,73.86,25804.0,27.16,48.01,38.69,19926.0,20.98,37.07,29.87,94994.0,176.73,142.42
105,2016,7,Maharashtra,Sangli,55707.0,50.27,94.26,72.8,29304.0,26.44,49.58,38.3,25810.0,23.29,43.67,33.73,110821.0,187.51,144.83
105,2017,7,Maharashtra,Sangli,54620.0,50.93,92.25,69.03,27950.0,26.06,47.2,35.33,24678.0,23.01,41.68,31.19,107248.0,181.13,135.55
106,2016,7,Maharashtra,Solapur,87707.0,58.46,83.94,71.36,36273.0,24.18,34.71,29.51,26049.0,17.36,24.93,21.19,150029.0,143.58,122.06
106,2017,7,Maharashtra,Solapur,101756.0,53.74,97.69,81.77,49267.0,26.02,47.3,39.59,38343.0,20.25,36.81,30.81,189366.0,181.8,152.17
107,2016,7,Maharashtra,Kolhapur,78612.0,53.3,181.3,131.83,36008.0,24.42,83.04,60.39,32856.0,22.28,75.77,55.1,147476.0,340.12,247.32
107,2017,7,Maharashtra,Kolhapur,70996.0,53.54,163.59,116.54,31024.0,23.4,71.48,50.93,30580.0,23.06,70.46,50.2,132600.0,305.53,217.66
108,2016,7,Maharashtra,Aurangabad,87467.0,56.42,131.77,75.32,41663.0,26.88,62.76,35.88,25891.0,16.7,39.0,22.3,155021.0,233.54,133.5
108,2017,7,Maharashtra,Aurangabad,80928.0,57.83,119.49,67.47,36475.0,26.07,53.85,30.41,22533.0,16.1,33.27,18.79,139936.0,206.61,116.67
109,2016,7,Maharashtra,Parbhani,33134.0,54.29,68.47,34.6,19461.0,31.89,40.22,20.32,8438.0,13.83,17.44,8.81,61033.0,126.13,63.74
109,2017,7,Maharashtra,Parbhani,33388.0,49.18,69.0,34.87,23809.0,35.07,49.2,24.86,10698.0,15.76,22.11,11.17,67895.0,140.31,70.9
110,2016,7,Maharashtra,Bid,46921.0,47.65,61.93,45.89,34131.0,34.66,45.05,33.38,17419.0,17.69,22.99,17.04,98471.0,129.98,96.31
110,2017,7,Maharashtra,Bid,60321.0,49.11,79.62,59.01,41388.0,33.69,54.63,40.49,21125.0,17.2,27.88,20.66,122834.0,162.14,120.15
111,2016,7,Maharashtra,Nanded,86709.0,53.36,119.2,88.41,50602.0,31.14,69.57,51.59,25199.0,15.51,34.64,25.69,162510.0,223.41,165.69
111,2017,7,Maharashtra,Nanded,75364.0,46.49,103.91,78.19,56691.0,34.97,78.16,58.82,30042.0,18.53,41.42,31.17,162097.0,223.49,168.19
112,2016,7,Maharashtra,Osmanabad,18945.0,48.19,45.5,23.24,15641.0,39.79,37.56,19.19,4726.0,12.02,11.35,5.8,39312.0,94.41,48.22
112,2017,7,Maharashtra,Osmanabad,25421.0,47.32,59.93,30.52,20184.0,37.57,47.58,24.23,8116.0,15.11,19.13,9.74,53721.0,126.64,64.5
113,2016,7,Maharashtra,Buldhana,54181.0,52.08,82.58,57.23,37263.0,35.82,56.79,39.36,12597.0,12.11,19.2,13.31,104041.0,158.57,109.9
113,2017,7,Maharashtra,Buldhana,46834.0,47.58,71.81,51.61,37943.0,38.55,58.18,41.81,13656.0,13.87,20.94,15.05,98433.0,150.92,108.47
114,2016,7,Maharashtra,Akola,22496.0,52.36,52.32,32.66,14532.0,33.82,33.8,21.1,5938.0,13.82,13.81,8.62,42966.0,99.92,62.38
114,2017,7,Maharashtra,Akola,23248.0,45.31,54.12,33.33,19595.0,38.19,45.61,28.09,8465.0,16.5,19.7,12.14,51308.0,119.43,73.56
115,2016,7,Maharashtra,Amarawati,33342.0,49.8,44.4,33.89,22777.0,34.02,30.33,23.15,10833.0,16.18,14.42,11.01,66952.0,89.15,68.05
115,2017,7,Maharashtra,Amarawati,35041.0,47.27,46.76,35.68,25616.0,34.56,34.19,26.08,13467.0,18.17,17.97,13.71,74124.0,98.92,75.48
116,2016,7,Maharashtra,Yeotmal,59373.0,57.62,69.47,59.82,26975.0,26.18,31.56,27.18,16698.0,16.2,19.54,16.82,103046.0,120.56,103.81
116,2017,7,Maharashtra,Yeotmal,48715.0,48.91,57.0,49.08,32201.0,32.33,37.68,32.44,18677.0,18.75,21.85,18.82,99593.0,116.52,100.34
117,2016,7,Maharashtra,Wardha,40246.0,51.41,116.59,90.08,24255.0,30.98,70.26,54.29,13788.0,17.61,39.94,30.86,78289.0,226.79,175.22
117,2017,7,Maharashtra,Wardha,30404.0,44.78,88.36,67.9,21073.0,31.03,61.24,47.06,16426.0,24.19,47.74,36.68,67903.0,197.34,151.64
118,2016,7,Maharashtra,Nagpur,42467.0,58.94,75.83,64.46,21329.0,29.6,38.09,32.38,8255.0,11.46,14.74,12.53,72051.0,128.66,109.37
118,2017,7,Maharashtra,Nagpur,50667.0,55.16,90.69,77.3,30322.0,33.01,54.27,46.26,10873.0,11.84,19.46,16.59,91862.0,164.42,140.14
119,2016,7,Maharashtra,Bhandara,33811.0,66.06,190.38,132.64,14742.0,28.8,83.01,57.83,2631.0,5.14,14.81,10.32,51184.0,288.2,200.8
119,2017,7,Maharashtra,Bhandara,22904.0,66.1,130.28,91.54,10417.0,30.06,59.25,41.63,1329.0,3.84,7.56,5.31,34650.0,197.1,138.49
120,2016,7,Maharashtra,Chandrapur,38199.0,63.6,83.31,71.11,17749.0,29.55,38.71,33.04,4115.0,6.85,8.97,7.66,60063.0,131.0,111.81
120,2017,7,Maharashtra,Chandrapur,39937.0,59.97,87.62,76.11,21198.0,31.83,46.51,40.4,5464.0,8.2,11.99,10.41,66599.0,146.11,126.93
121,2016,3,Gujarat,Ahmedabad,66411.0,80.24,138.54,105.23,15539.0,18.77,32.42,24.62,818.0,0.99,1.71,1.3,82768.0,172.66,131.15
121,2017,3,Gujarat,Ahmedabad,70198.0,80.27,144.01,104.84,16355.0,18.7,33.55,24.43,902.0,1.03,1.85,1.35,87455.0,179.41,130.61
122,2016,3,Gujarat,Amreli,42976.0,66.56,79.89,71.87,19307.0,29.9,35.89,32.29,2282.0,3.53,4.24,3.82,64565.0,120.02,107.97
122,2017,3,Gujarat,Amreli,47379.0,63.63,88.03,81.32,24276.0,32.6,45.1,41.67,2811.0,3.77,5.22,4.82,74466.0,138.35,127.81
123,2016,3,Gujarat,Banaskantha,112751.0,69.62,163.01,88.19,35444.0,21.89,51.24,27.72,13760.0,8.5,19.89,10.76,161955.0,234.14,126.67
123,2017,3,Gujarat,Banaskantha,120126.0,71.09,173.69,93.96,36046.0,21.33,52.12,28.19,12799.0,7.57,18.51,10.01,168971.0,244.31,132.16
124,2016,3,Gujarat,Bharuch,26149.0,69.69,82.03,81.55,6177.0,16.46,19.38,19.27,5196.0,13.85,16.3,16.21,37522.0,117.71,117.03
124,2017,3,Gujarat,Bharuch,31179.0,66.53,99.02,96.99,8160.0,17.41,25.92,25.38,7526.0,16.06,23.9,23.41,46865.0,148.84,145.79
125,2016,3,Gujarat,Vadodara,68303.0,78.65,221.06,210.49,11305.0,13.02,36.59,34.84,7235.0,8.33,23.42,22.3,86843.0,281.06,267.62
125,2017,3,Gujarat,Vadodara,47170.0,78.84,154.82,143.88,7999.0,13.37,26.25,24.4,4662.0,7.79,15.3,14.22,59831.0,196.38,182.5
126,2016,3,Gujarat,Bhavnagar,52324.0,65.07,115.17,98.24,23841.0,29.65,52.47,44.76,4245.0,5.28,9.34,7.97,80410.0,176.98,150.98
126,2017,3,Gujarat,Bhavnagar,47392.0,64.81,104.22,89.39,21196.0,28.99,46.61,39.98,4531.0,6.2,9.96,8.55,73119.0,160.8,137.91
127,2016,3,Gujarat,Valsad,11416.0,59.17,69.99,63.56,3881.0,20.11,23.8,21.61,3998.0,20.72,24.51,22.26,19295.0,118.3,107.43
127,2017,3,Gujarat,Valsad,10834.0,61.83,65.92,57.0,3902.0,22.27,23.74,20.53,2787.0,15.9,16.96,14.66,17523.0,106.62,92.2
128,2016,3,Gujarat,Dangs,674.0,57.75,12.19,7.2,300.0,25.71,5.42,3.21,0.0,16.54,3.49,2.06,1167.0,21.1,12.47
128,2017,3,Gujarat,Dangs,503.0,75.53,8.9,6.07,107.0,16.07,1.89,1.29,0.0,8.41,0.99,0.68,666.0,11.79,8.04
129,2016,3,Gujarat,Jamnagar,35478.0,58.34,96.09,86.31,21924.0,36.05,59.38,53.34,0.0,5.61,9.24,8.3,60814.0,164.71,147.95
129,2017,3,Gujarat,Jamnagar,33609.0,58.61,91.78,86.26,20274.0,35.36,55.37,52.04,0.0,6.03,9.44,8.87,57339.0,156.59,147.17
130,2016,3,Gujarat,Junagadh,48208.0,61.87,136.22,93.17,24539.0,31.49,69.34,47.43,0.0,6.64,14.63,10.01,77924.0,220.19,150.61
130,2017,3,Gujarat,Junagadh,36696.0,59.97,102.29,71.25,20551.0,33.58,57.29,39.9,0.0,6.45,11.0,7.66,61193.0,170.58,118.82
131,2016,3,Gujarat,Kheda,70711.0,87.12,246.96,164.32,7486.0,9.22,26.15,17.4,0.0,3.66,10.37,6.9,81166.0,283.48,188.61
131,2017,3,Gujarat,Kheda,60616.0,86.34,213.82,134.05,7878.0,11.22,27.79,17.42,0.0,2.44,6.05,3.79,70208.0,247.65,155.26
132,2016,3,Gujarat,Kutch,44289.0,75.68,60.34,54.99,12847.0,21.95,17.5,15.95,0.0,2.36,1.88,1.72,58518.0,79.73,72.66
132,2017,3,Gujarat,Kutch,50990.0,73.26,69.52,63.0,16033.0,23.03,21.86,19.81,0.0,3.71,3.52,3.19,69604.0,94.9,86.0
133,2016,3,Gujarat,Mehsana,46907.0,79.53,134.47,89.29,9488.0,16.09,27.2,18.06,0.0,4.38,7.41,4.92,58981.0,169.08,112.27
133,2017,3,Gujarat,Mehsana,48356.0,79.14,138.92,93.42,10329.0,16.9,29.67,19.96,0.0,3.95,6.94,4.67,61101.0,175.54,118.05
134,2016,3,Gujarat,Panchmahal,45125.0,87.51,257.61,175.6,5217.0,10.12,29.78,20.3,0.0,2.37,6.99,4.76,51566.0,294.38,200.66
134,2017,3,Gujarat,Panchmahal,29445.0,85.65,167.12,128.78,3929.0,11.43,22.3,17.18,0.0,2.92,5.7,4.4,34379.0,195.12,150.36
135,2016,3,Gujarat,Rajkot,78282.0,61.71,146.29,135.51,37762.0,29.77,70.57,65.37,0.0,8.52,20.19,18.7,126848.0,237.05,219.57
135,2017,3,Gujarat,Rajkot,76438.0,59.83,142.53,116.79,41089.0,32.16,76.62,62.78,0.0,8.01,19.08,15.64,127762.0,238.23,195.22
136,2016,3,Gujarat,Sabarkantha,75596.0,67.7,274.02,210.8,21251.0,19.03,77.03,59.26,0.0,13.27,53.73,41.34,111671.0,404.78,311.4
136,2017,3,Gujarat,Sabarkantha,50530.0,69.19,186.08,135.26,15144.0,20.74,55.77,40.54,0.0,10.08,27.1,19.7,73034.0,268.95,195.5
137,2016,3,Gujarat,Surat,54111.0,57.31,217.58,190.13,21686.0,22.97,87.2,76.2,0.0,19.72,74.86,65.42,94415.0,379.6,331.7
137,2017,3,Gujarat,Surat,63003.0,55.78,250.75,217.17,25855.0,22.89,102.9,89.12,0.0,21.33,95.86,83.02,112944.0,449.52,389.31
138,2016,3,Gujarat,Surendranagar,72936.0,71.58,117.48,93.73,26365.0,25.87,42.47,33.88,0.0,2.55,4.18,3.34,101899.0,164.14,130.95
138,2017,3,Gujarat,Surendranagar,72219.0,71.56,116.29,95.57,26959.0,26.71,43.41,35.67,0.0,1.72,2.8,2.3,100914.0,162.5,133.54
139,2016,10,Rajasthan,Ajmer,16482.0,66.53,36.6,22.96,8198.0,33.09,18.21,11.42,0.0,0.38,0.21,0.13,24774.0,55.02,34.51
139,2017,10,Rajasthan,Ajmer,10572.0,62.47,24.1,18.13,6290.0,37.17,14.34,10.78,0.0,0.37,0.14,0.11,16924.0,38.58,29.02
140,2016,10,Rajasthan,Alwar,50167.0,79.46,101.89,57.62,12371.0,19.6,25.13,14.21,0.0,0.94,1.21,0.68,63133.0,128.22,72.51
140,2017,10,Rajasthan,Alwar,37580.0,84.2,77.28,44.35,5713.0,12.8,11.75,6.74,0.0,3.0,2.75,1.58,44630.0,91.78,52.68
141,2016,10,Rajasthan,Banswara,33674.0,84.03,147.27,98.14,6130.0,15.3,26.81,17.87,0.0,0.67,1.18,0.78,40073.0,175.25,116.79
141,2017,10,Rajasthan,Banswara,26830.0,87.36,117.87,78.51,3699.0,12.04,16.25,10.82,0.0,0.6,0.8,0.54,30712.0,134.93,89.87
142,2016,10,Rajasthan,Barmer,12749.0,81.09,7.63,6.73,2654.0,16.88,1.59,1.4,0.0,2.04,0.19,0.17,15723.0,9.41,8.31
142,2017,10,Rajasthan,Barmer,12912.0,82.99,7.71,6.76,2366.0,15.21,1.41,1.24,0.0,1.8,0.17,0.15,15558.0,9.29,8.15
143,2016,10,Rajasthan,Bharatpur,47193.0,80.18,120.22,77.84,11491.0,19.52,29.27,18.95,0.0,0.29,0.44,0.28,58856.0,149.93,97.07
143,2017,10,Rajasthan,Bharatpur,42097.0,74.04,107.7,70.5,14353.0,25.24,36.72,24.04,0.0,0.72,1.05,0.68,56859.0,145.47,95.22
144,2016,10,Rajasthan,Bhilwara,35459.0,72.63,79.99,52.34,13030.0,26.69,29.39,19.23,0.0,0.68,0.75,0.49,48822.0,110.13,72.07
144,2017,10,Rajasthan,Bhilwara,22307.0,80.32,52.36,36.51,5226.0,18.82,12.27,8.55,0.0,0.86,0.56,0.39,27772.0,65.19,45.46
145,2016,10,Rajasthan,Bikaner,28667.0,73.27,17.52,14.15,10363.0,26.49,6.33,5.11,0.0,0.25,0.06,0.05,39126.0,23.92,19.31
145,2017,10,Rajasthan,Bikaner,22488.0,67.4,14.44,11.43,10645.0,31.9,6.84,5.41,0.0,0.7,0.15,0.12,33366.0,21.42,16.96
146,2016,10,Rajasthan,Bundi,41440.0,74.82,154.67,83.56,13541.0,24.45,50.54,27.3,0.0,0.73,1.52,0.82,55388.0,206.73,111.68
146,2017,10,Rajasthan,Bundi,40163.0,75.98,150.76,83.25,12315.0,23.3,46.23,25.53,0.0,0.72,1.43,0.79,52860.0,198.42,109.56
147,2016,10,Rajasthan,Chittorgarh,44830.0,68.93,137.32,77.78,19336.0,29.73,59.23,33.55,0.0,1.34,2.67,1.51,65037.0,199.22,112.84
147,2017,10,Rajasthan,Chittorgarh,39005.0,70.83,120.7,68.17,14898.0,27.05,46.1,26.04,0.0,2.11,3.6,2.03,55066.0,170.4,96.24
148,2016,10,Rajasthan,Churu,9639.0,78.08,8.37,6.55,2706.0,21.92,2.35,1.84,3142.1340854258133,0.010937735242549707,23.316377597318,15.042716469324661,12345.0,10.72,8.39
148,2017,10,Rajasthan,Churu,8066.0,81.35,7.11,5.96,1810.0,18.26,1.6,1.34,39.0,0.39,0.03,0.03,9915.0,8.74,7.33
149,2016,10,Rajasthan,Dungarpur,6488.0,65.9,48.23,33.11,3182.0,32.32,23.65,16.24,175.0,1.78,1.3,0.89,9845.0,73.19,50.25
149,2017,10,Rajasthan,Dungarpur,6142.0,86.82,45.71,31.31,859.0,12.14,6.39,4.38,73.0,1.03,0.54,0.37,7074.0,52.65,36.06
150,2016,10,Rajasthan,Ganganagar,61004.0,72.34,79.21,50.55,22478.0,26.65,29.19,18.63,850.0,1.01,1.1,0.7,84332.0,109.5,69.88
150,2017,10,Rajasthan,Ganganagar,75156.0,66.34,100.35,61.61,34318.0,30.29,45.82,28.13,3820.0,3.37,5.1,3.13,113294.0,151.27,92.87
151,2016,10,Rajasthan,Jaipur,46290.0,72.43,70.54,44.66,16441.0,25.72,25.05,15.86,1182.0,1.85,1.8,1.14,63913.0,97.4,61.67
151,2017,10,Rajasthan,Jaipur,36967.0,66.33,58.73,41.0,16331.0,29.3,25.95,18.11,2437.0,4.37,3.87,2.7,55735.0,88.55,61.82
152,2016,10,Rajasthan,Jaisalmer,9374.0,70.24,11.31,8.65,3922.0,29.39,4.73,3.62,0.0,0.37,0.06,0.05,13346.0,16.1,12.31
152,2017,10,Rajasthan,Jaisalmer,7838.0,70.55,9.33,7.0,3190.0,28.71,3.8,2.85,0.0,0.74,0.1,0.07,11110.0,13.23,9.92
153,2016,10,Rajasthan,Jalore,33866.0,83.03,50.7,35.7,5723.0,14.03,8.57,6.03,0.0,2.93,1.79,1.26,40786.0,61.05,43.0
153,2017,10,Rajasthan,Jalore,29682.0,79.45,44.38,31.47,6176.0,16.53,9.23,6.55,0.0,4.02,2.24,1.59,37359.0,55.86,39.6
154,2016,10,Rajasthan,Jhalawar,37941.0,71.81,112.25,59.02,14287.0,27.04,42.27,22.23,0.0,1.15,1.8,0.94,52835.0,156.32,82.19
154,2017,10,Rajasthan,Jhalawar,30475.0,67.87,90.61,47.89,14084.0,31.36,41.88,22.13,0.0,0.77,1.03,0.54,44905.0,133.52,70.56
155,2016,10,Rajasthan,Jhunjhunu,14175.0,85.56,35.39,22.59,2365.0,14.27,5.91,3.77,0.0,0.17,0.07,0.04,16568.0,41.37,26.4
155,2017,10,Rajasthan,Jhunjhunu,12768.0,78.1,32.67,21.02,3509.0,21.46,8.98,5.78,0.0,0.44,0.18,0.12,16349.0,41.83,26.91
156,2016,10,Rajasthan,Jodhpur,35148.0,66.46,25.18,19.66,16574.0,31.34,11.87,9.27,0.0,2.2,0.83,0.65,52886.0,37.88,29.58
156,2017,10,Rajasthan,Jodhpur,35672.0,65.44,25.39,20.15,17059.0,31.29,12.14,9.63,0.0,3.27,1.27,1.01,54515.0,38.79,30.79
157,2016,10,Rajasthan,Kota,45353.0,66.13,166.68,88.29,22296.0,32.51,81.94,43.4,0.0,1.37,3.44,1.82,68586.0,252.06,133.52
157,2017,10,Rajasthan,Kota,43999.0,67.24,163.99,86.71,19889.0,30.39,74.13,39.2,0.0,2.37,5.77,3.05,65436.0,243.89,128.96
158,2016,10,Rajasthan,Nagaur,26678.0,63.31,21.22,16.16,14591.0,34.62,11.61,8.84,0.0,2.07,0.69,0.53,42142.0,33.52,25.53
158,2017,10,Rajasthan,Nagaur,24469.0,62.11,19.5,16.17,13532.0,34.35,10.79,8.94,0.0,3.54,1.11,0.92,39395.0,31.4,26.04
159,2016,10,Rajasthan,Pali,18984.0,66.14,29.5,21.22,9457.0,32.95,14.7,10.57,0.0,0.91,0.41,0.29,28703.0,44.6,32.09
159,2017,10,Rajasthan,Pali,13748.0,53.98,21.03,16.37,11119.0,43.66,17.01,13.24,0.0,2.37,0.92,0.72,25470.0,38.96,30.33
160,2016,10,Rajasthan,Swami Madhopur,31821.0,74.53,109.94,74.64,10768.0,25.22,37.2,25.26,0.0,0.26,0.37,0.25,42698.0,147.52,100.15
160,2017,10,Rajasthan,Swami Madhopur,19978.0,79.79,80.22,52.35,4845.0,19.35,19.46,12.7,0.0,0.86,0.86,0.56,25038.0,100.54,65.61
161,2016,10,Rajasthan,Sikar,16520.0,76.28,32.51,23.06,4956.0,22.88,9.75,6.92,0.0,0.84,0.36,0.25,21657.0,42.62,30.23
161,2017,10,Rajasthan,Sikar,15594.0,73.82,30.92,22.72,5243.0,24.82,10.4,7.64,0.0,1.35,0.57,0.42,21123.0,41.88,30.78
162,2016,10,Rajasthan,Sirohi,15946.0,78.07,97.28,70.38,3867.0,18.93,23.59,17.07,0.0,3.0,3.73,2.7,20425.0,124.61,90.15
162,2017,10,Rajasthan,Sirohi,14531.0,75.52,85.56,64.02,4303.0,22.36,25.34,18.96,0.0,2.11,2.39,1.79,19240.0,113.28,84.77
163,2016,10,Rajasthan,Tonk,31124.0,70.07,64.31,44.26,13112.0,29.52,27.09,18.65,0.0,0.41,0.38,0.26,44418.0,91.77,63.17
163,2017,10,Rajasthan,Tonk,22553.0,68.95,48.62,33.59,9945.0,30.41,21.44,14.81,0.0,0.64,0.45,0.31,32707.0,70.51,48.71
164,2016,10,Rajasthan,Udaipur,29195.0,74.5,119.09,82.35,8409.0,21.46,34.3,23.72,0.0,4.05,6.47,4.47,39190.0,159.86,110.54
164,2017,10,Rajasthan,Udaipur,21545.0,70.59,91.39,62.08,6748.0,22.11,28.62,19.44,0.0,7.3,9.46,6.42,30522.0,129.47,87.95
165,2016,9,Punjab,Gurdaspur,91476.0,80.55,438.63,221.76,20389.0,17.95,97.77,49.43,0.0,1.49,8.12,4.11,113559.0,544.52,275.29
165,2017,9,Punjab,Gurdaspur,87625.0,82.07,420.87,213.57,16846.0,15.78,80.91,41.06,0.0,2.15,11.01,5.59,106764.0,512.8,260.22
166,2016,9,Punjab,Amritsar,79245.0,71.51,361.55,192.95,28855.0,26.04,131.65,70.26,0.0,2.45,12.38,6.61,110814.0,505.58,269.82
166,2017,9,Punjab,Amritsar,75393.0,72.48,343.98,181.26,25311.0,24.33,115.48,60.85,0.0,3.19,15.12,7.97,104017.0,474.57,250.07
167,2016,9,Punjab,Kapurthala,47219.0,79.92,355.17,171.9,10168.0,17.21,76.48,37.02,0.0,2.87,12.74,6.17,59081.0,444.39,215.08
167,2017,9,Punjab,Kapurthala,43368.0,82.96,325.76,163.16,6625.0,12.67,49.76,24.93,0.0,4.36,17.13,8.58,52274.0,392.66,196.67
168,2016,9,Punjab,Jalandhar,73655.0,70.34,297.53,178.86,28471.0,27.19,115.01,69.14,0.0,2.48,10.48,6.3,104720.0,423.01,254.3
168,2017,9,Punjab,Jalandhar,69804.0,71.29,282.96,170.06,24928.0,25.46,101.05,60.73,0.0,3.25,12.91,7.76,97917.0,396.92,238.54
169,2016,9,Punjab,Hoshiarpur,50025.0,67.45,244.63,148.43,22193.0,29.92,108.53,65.85,0.0,2.62,9.52,5.77,74164.0,362.68,220.05
169,2017,9,Punjab,Hoshiarpur,46174.0,68.54,226.48,136.9,18651.0,27.68,91.48,55.3,0.0,3.78,12.48,7.55,67370.0,330.45,199.75
170,2016,9,Punjab,Roopnagar,24807.0,67.22,306.35,179.07,10751.0,29.13,132.77,77.61,0.0,3.65,16.62,9.72,36904.0,455.75,266.4
170,2017,9,Punjab,Roopnagar,20956.0,69.56,258.16,141.68,7208.0,23.93,88.79,48.73,0.0,6.51,24.17,13.26,30126.0,371.12,203.68
171,2016,9,Punjab,Ludhiana,161582.0,84.54,540.6,269.11,28149.0,14.73,94.18,46.88,0.0,0.73,4.66,2.32,191125.0,639.45,318.31
171,2017,9,Punjab,Ludhiana,162331.0,85.93,543.97,292.56,24605.0,13.02,82.45,44.34,0.0,1.05,6.64,3.57,188918.0,633.06,340.47
172,2016,9,Punjab,Ferozpur,91451.0,71.54,418.61,227.11,34687.0,27.14,158.78,86.14,0.0,1.32,7.73,4.19,127826.0,585.11,317.45
172,2017,9,Punjab,Ferozpur,87600.0,72.38,401.11,211.2,31143.0,25.73,142.6,75.08,0.0,1.89,10.47,5.51,121030.0,554.18,291.79
173,2016,9,Punjab,Faridkot,43171.0,73.38,339.5,177.95,14250.0,24.22,112.06,58.74,0.0,2.4,11.1,5.82,58833.0,462.67,242.51
173,2017,9,Punjab,Faridkot,39320.0,75.56,309.2,162.44,10706.0,20.57,84.19,44.23,0.0,3.86,15.81,8.31,52037.0,409.21,214.98
174,2016,9,Punjab,Bhatinda,86913.0,78.04,295.95,158.22,21562.0,19.36,73.42,39.25,0.0,2.6,9.85,5.27,111369.0,379.23,202.75
174,2017,9,Punjab,Bhatinda,83062.0,79.43,283.08,148.63,18019.0,17.23,61.41,32.24,0.0,3.34,11.9,6.25,104574.0,356.4,187.12
175,2016,9,Punjab,Sangrur,101351.0,77.57,323.64,162.75,27914.0,21.36,89.14,44.82,0.0,1.07,4.45,2.24,130659.0,417.22,209.81
175,2017,9,Punjab,Sangrur,97499.0,78.71,309.49,155.47,24370.0,19.67,77.36,38.86,0.0,1.62,6.38,3.21,123879.0,393.23,197.53
176,2016,9,Punjab,Patiala,131379.0,87.59,511.93,256.21,16032.0,10.69,62.47,31.26,0.0,1.72,10.06,5.03,149992.0,584.46,292.5
176,2017,9,Punjab,Patiala,127528.0,88.91,494.0,249.6,12489.0,8.71,48.38,24.44,0.0,2.39,13.25,6.7,143438.0,555.63,280.74
177,2016,4,Haryana,Hissar,72875.0,73.57,218.39,112.9,23757.0,23.98,71.2,36.81,0.0,2.45,7.27,3.76,99058.0,296.86,153.46
177,2017,4,Haryana,Hissar,75434.0,73.37,225.74,116.98,24457.0,23.79,73.19,37.93,0.0,2.84,8.73,4.52,102809.0,307.67,159.43
178,2016,4,Haryana,Sirsa,103174.0,71.53,263.98,141.76,35836.0,24.84,91.69,49.24,0.0,3.63,13.39,7.19,144243.0,369.06,198.19
178,2017,4,Haryana,Sirsa,106384.0,72.2,272.19,143.22,35444.0,24.05,90.69,47.72,0.0,3.75,14.12,7.43,147348.0,377.0,198.37
179,2016,4,Haryana,Bhiwani,50524.0,70.38,126.47,67.95,19783.0,27.56,49.52,26.61,0.0,2.06,3.7,1.99,71785.0,179.69,96.55
179,2017,4,Haryana,Bhiwani,55781.0,67.55,180.71,108.46,23070.0,27.94,74.74,44.86,0.0,4.51,12.08,7.25,82579.0,267.52,160.57
180,2016,4,Haryana,Gurgaon,8679.0,66.51,144.65,85.93,3914.0,29.99,65.23,38.75,0.0,3.49,7.6,4.51,13049.0,217.48,129.2
180,2017,4,Haryana,Gurgaon,10382.0,65.66,173.03,95.25,4718.0,29.84,78.63,43.28,0.0,4.5,11.85,6.52,15811.0,263.52,145.06
181,2016,4,Haryana,Jind,74742.0,75.26,301.62,167.99,19534.0,19.67,78.83,43.91,0.0,5.07,20.31,11.31,99308.0,400.75,223.21
181,2017,4,Haryana,Jind,86779.0,77.89,350.16,183.44,19945.0,17.9,80.48,42.16,0.0,4.21,18.93,9.92,111416.0,449.57,235.52
182,2016,4,Haryana,Mahendragarh,31929.0,69.9,208.86,108.92,12853.0,28.14,84.08,43.85,0.0,1.96,5.85,3.05,45677.0,298.79,155.83
182,2017,4,Haryana,Mahendragarh,28367.0,67.47,186.18,99.46,12487.0,29.7,81.95,43.78,0.0,2.83,7.82,4.18,42046.0,275.95,147.42
183,2016,4,Haryana,Ambala,34884.0,74.49,323.25,170.77,9473.0,20.23,87.78,46.38,0.0,5.28,22.9,12.1,46828.0,433.93,229.25
183,2017,4,Haryana,Ambala,38906.0,76.39,360.52,187.14,10082.0,19.79,93.42,48.49,0.0,3.82,18.02,9.36,50933.0,471.97,244.99
184,2016,4,Haryana,Karnal,92284.0,80.3,439.63,223.22,19913.0,17.33,94.86,48.17,0.0,2.37,12.96,6.58,114918.0,547.46,277.96
184,2017,4,Haryana,Karnal,98443.0,81.1,489.75,252.26,19448.0,16.02,96.75,49.84,0.0,2.88,17.38,8.95,121385.0,603.89,311.05
185,2016,4,Haryana,Kurukshetra,62060.0,75.93,428.0,233.31,16551.0,20.25,114.14,62.22,0.0,3.81,21.5,11.72,81728.0,563.64,307.25
185,2017,4,Haryana,Kurukshetra,67618.0,76.48,463.64,242.22,16912.0,19.13,115.96,60.58,0.0,4.4,26.65,13.92,88416.0,606.25,316.72
186,2016,4,Haryana,Rohtak,31123.0,74.45,226.82,137.37,9663.0,23.11,70.42,42.65,0.0,2.44,7.43,4.5,41805.0,304.67,184.52
186,2017,4,Haryana,Rohtak,32591.0,78.41,237.67,134.85,8138.0,19.58,59.35,33.67,0.0,2.01,6.09,3.45,41564.0,303.1,171.98
187,2016,4,Haryana,Sonepat,61281.0,76.6,403.16,204.27,16809.0,21.01,110.59,56.03,0.0,2.39,12.55,6.36,79998.0,526.3,266.66
187,2017,4,Haryana,Sonepat,60831.0,79.71,400.2,205.51,13539.0,17.74,89.07,45.74,0.0,2.55,12.82,6.58,76319.0,502.1,257.83
188,2016,4,Haryana,Faridabad,5040.0,74.59,157.5,85.42,1666.0,24.66,52.06,28.24,0.0,0.75,1.59,0.86,6757.0,211.16,114.53
188,2017,4,Haryana,Faridabad,6509.0,76.59,203.41,106.7,1865.0,21.95,58.28,30.57,0.0,1.46,3.88,2.03,8498.0,265.56,139.31
189,2016,12,Uttar Pradesh,Saharanpur,51990.0,67.71,193.52,118.59,20556.0,26.77,76.52,46.89,0.0,5.52,15.78,9.67,76785.0,285.81,175.14
189,2017,12,Uttar Pradesh,Saharanpur,46829.0,72.82,174.29,145.4,14957.0,23.26,55.67,46.44,0.0,3.92,9.38,7.83,64307.0,239.33,199.67
190,2016,12,Uttar Pradesh,Muzaffarnagar,53466.0,67.59,247.98,165.92,21314.0,26.94,98.86,66.14,0.0,5.47,20.05,13.42,79103.0,366.89,245.48
190,2017,12,Uttar Pradesh,Muzaffarnagar,36721.0,67.28,170.3,121.06,14711.0,26.95,68.23,48.5,0.0,5.76,14.59,10.37,54577.0,253.12,179.92
191,2016,12,Uttar Pradesh,Meerut,40910.0,67.64,208.28,135.32,16254.0,26.87,82.75,53.77,0.0,5.49,16.9,10.98,60483.0,307.93,200.07
191,2017,12,Uttar Pradesh,Meerut,47269.0,69.49,240.65,88.01,17502.0,25.73,89.1,32.59,0.0,4.77,16.53,6.05,68018.0,346.29,126.64
192,2016,12,Uttar Pradesh,Buland Shahar,51481.0,67.77,172.07,96.28,20270.0,26.68,67.75,37.91,0.0,5.55,14.08,7.88,75965.0,253.91,142.07
192,2017,12,Uttar Pradesh,Buland Shahar,61358.0,66.87,205.14,809.47,25045.0,27.29,83.73,330.41,0.0,5.84,17.92,70.71,91763.0,306.79,1210.59
193,2016,12,Uttar Pradesh,Ghaziabad,10325.0,67.44,201.45,132.55,4157.0,27.15,81.11,53.36,0.0,5.4,16.14,10.62,15309.0,298.69,196.53
193,2017,12,Uttar Pradesh,Ghaziabad,15847.0,73.66,310.99,209.08,4966.0,23.08,97.46,65.52,0.0,3.26,13.78,9.26,21515.0,422.23,283.86
194,2016,12,Uttar Pradesh,Aligarh,59337.0,68.0,194.15,104.89,22987.0,26.34,75.21,40.64,0.0,5.66,16.16,8.73,87264.0,285.53,154.26
194,2017,12,Uttar Pradesh,Aligarh,97090.0,71.26,318.14,238.81,31744.0,23.3,104.02,78.08,0.0,5.45,24.32,18.26,136256.0,446.47,335.14
195,2016,12,Uttar Pradesh,Mathura,44937.0,67.63,168.12,110.62,17862.0,26.88,66.83,43.97,0.0,5.48,13.63,8.97,66443.0,248.58,163.56
195,2017,12,Uttar Pradesh,Mathura,79175.0,71.11,296.94,185.21,27861.0,25.02,104.49,65.17,0.0,3.87,16.15,10.08,111343.0,417.58,260.46
196,2016,12,Uttar Pradesh,Agra,46580.0,67.74,179.62,107.17,18375.0,26.72,70.86,42.28,0.0,5.54,14.68,8.76,68761.0,265.16,158.2
196,2017,12,Uttar Pradesh,Agra,115265.0,64.61,444.53,351.69,41853.0,23.46,161.41,127.7,0.0,11.93,82.06,64.92,178395.0,688.0,544.3
197,2016,12,Uttar Pradesh,Mainpuri,34651.0,67.79,175.62,105.81,13627.0,26.66,69.06,41.61,0.0,5.56,14.39,8.67,51118.0,259.08,156.1
197,2017,12,Uttar Pradesh,Mainpuri,43545.0,69.71,219.71,131.22,16560.0,26.51,83.56,49.9,0.0,3.78,11.9,7.11,62463.0,315.17,188.23
198,2016,12,Uttar Pradesh,Etah,33682.0,67.86,170.01,101.29,13181.0,26.55,66.53,39.64,0.0,5.59,14.0,8.34,49637.0,250.54,149.27
198,2017,12,Uttar Pradesh,Etah,49396.0,67.58,249.64,91.45,19376.0,26.51,97.92,35.87,0.0,5.91,21.84,8.0,73093.0,369.4,135.31
199,2016,12,Uttar Pradesh,Bareilly,62859.0,67.83,192.51,116.5,24640.0,26.59,75.46,45.67,0.0,5.58,15.83,9.58,92668.0,283.8,171.74
199,2017,12,Uttar Pradesh,Bareilly,61247.0,73.54,187.57,113.38,18465.0,22.17,56.55,34.18,0.0,4.29,10.95,6.62,83287.0,255.07,154.19
200,2016,12,Uttar Pradesh,Budaun,68801.0,67.87,198.21,108.94,26903.0,26.54,77.51,42.6,0.0,5.59,16.33,8.98,101374.0,292.05,160.51
200,2017,12,Uttar Pradesh,Budaun,59246.0,71.97,170.68,92.21,19150.0,23.26,55.17,29.8,0.0,4.77,11.3,6.11,82320.0,237.16,128.12
201,2016,12,Uttar Pradesh,Moradabad,36476.0,67.8,210.73,117.03,14326.0,26.63,82.76,45.96,0.0,5.57,17.3,9.61,53796.0,310.79,172.6
201,2017,12,Uttar Pradesh,Moradabad,27580.0,77.84,159.22,88.11,6071.0,17.14,35.05,19.39,0.0,5.02,10.27,5.68,35430.0,204.54,113.19
202,2016,12,Uttar Pradesh,Shahjahanpur,70121.0,67.87,192.32,115.54,27408.0,26.53,75.17,45.16,0.0,5.6,15.86,9.53,103310.0,283.34,170.22
202,2017,12,Uttar Pradesh,Shahjahanpur,109135.0,72.17,299.32,179.79,34321.0,22.7,94.13,56.54,0.0,5.13,21.27,12.78,151213.0,414.72,249.11
203,2016,12,Uttar Pradesh,Pilibhit,47488.0,67.87,203.63,115.4,18568.0,26.54,79.62,45.12,0.0,5.59,16.78,9.51,69970.0,300.03,170.03
203,2017,12,Uttar Pradesh,Pilibhit,43952.0,72.53,191.99,109.11,12733.0,21.01,55.62,31.61,0.0,6.46,17.11,9.72,60602.0,264.72,150.44
204,2016,12,Uttar Pradesh,Rampur,39900.0,67.81,212.9,112.63,15661.0,26.62,83.56,44.21,0.0,5.57,17.49,9.25,58838.0,313.94,166.08
204,2017,12,Uttar Pradesh,Rampur,26893.0,80.78,143.44,75.58,5349.0,16.07,28.53,15.03,0.0,3.16,5.61,2.95,33293.0,177.57,93.56
205,2016,12,Uttar Pradesh,Bijnor,66128.0,67.75,198.03,158.32,26070.0,26.71,78.07,62.42,0.0,5.54,16.19,12.95,97605.0,292.29,233.68
205,2017,12,Uttar Pradesh,Bijnor,42397.0,70.42,126.89,101.77,14380.0,23.89,43.04,34.52,0.0,5.69,10.26,8.23,60204.0,180.19,144.51
206,2016,12,Uttar Pradesh,Farrukhabad,22091.0,67.62,127.33,96.62,8789.0,26.9,50.66,38.44,0.0,5.48,10.32,7.83,32670.0,188.3,142.89
206,2017,12,Uttar Pradesh,Farrukhabad,52000.0,71.53,299.76,227.72,14330.0,19.71,82.61,62.75,0.0,8.76,36.7,27.88,72696.0,419.07,318.35
207,2016,12,Uttar Pradesh,Etawah,23388.0,67.79,157.43,79.11,9193.0,26.65,61.88,31.1,0.0,5.56,12.91,6.49,34499.0,232.22,116.69
207,2017,12,Uttar Pradesh,Etawah,35734.0,66.9,240.67,139.33,15983.0,29.92,107.65,62.32,0.0,3.18,11.44,6.62,53416.0,359.76,208.28
209,2016,12,Uttar Pradesh,Fatehpur,47952.0,67.85,166.22,112.11,18773.0,26.56,65.08,43.89,0.0,5.58,13.68,9.23,70672.0,244.98,165.23
209,2017,12,Uttar Pradesh,Fatehpur,49651.0,67.85,172.34,116.21,20660.0,28.23,71.71,48.36,0.0,3.91,9.94,6.7,73174.0,253.98,171.27
210,2016,12,Uttar Pradesh,Allahabad,48201.0,67.81,136.87,84.21,18926.0,26.62,53.74,33.06,0.0,5.57,11.24,6.91,71084.0,201.85,124.19
210,2017,12,Uttar Pradesh,Allahabad,83677.0,66.23,237.25,145.91,31596.0,25.01,89.59,55.09,0.0,8.76,31.38,19.3,126340.0,358.22,220.3
211,2016,12,Uttar Pradesh,Jhansi,54597.0,67.61,175.07,111.98,21727.0,26.91,69.67,44.56,0.0,5.48,14.18,9.07,80747.0,258.93,165.61
211,2017,12,Uttar Pradesh,Jhansi,37538.0,61.34,120.38,76.98,22332.0,36.49,71.62,45.79,0.0,2.16,4.24,2.71,61192.0,196.23,125.48
212,2016,12,Uttar Pradesh,Lalitpur,52874.0,67.79,178.98,106.8,20795.0,26.66,70.39,42.0,0.0,5.55,14.67,8.75,78002.0,264.03,157.56
212,2017,12,Uttar Pradesh,Lalitpur,29445.0,51.91,99.32,58.7,26066.0,45.95,87.92,51.96,0.0,2.14,4.09,2.42,56723.0,191.32,113.08
213,2016,12,Uttar Pradesh,Jalaun,40719.0,66.99,118.24,83.49,16916.0,27.83,49.12,34.69,0.0,5.19,9.16,6.47,60788.0,176.52,124.64
213,2017,12,Uttar Pradesh,Jalaun,34090.0,64.09,98.92,70.94,17988.0,33.82,52.2,37.43,0.0,2.09,3.22,2.31,53188.0,154.34,110.68
214,2016,12,Uttar Pradesh,Hamirpur,38860.0,67.48,134.35,101.76,15610.0,27.11,53.97,40.88,0.0,5.41,10.78,8.17,57588.0,199.09,150.81
214,2017,12,Uttar Pradesh,Hamirpur,24938.0,62.1,86.75,63.75,14324.0,35.67,49.83,36.62,0.0,2.23,3.11,2.29,40156.0,139.69,102.65
215,2016,12,Uttar Pradesh,Banda,44371.0,67.44,128.43,92.99,17870.0,27.16,51.73,37.45,0.0,5.4,10.28,7.44,65792.0,190.44,137.89
215,2017,12,Uttar Pradesh,Banda,20558.0,59.34,59.65,43.3,12481.0,36.03,36.21,26.29,0.0,4.63,4.65,3.38,34643.0,100.51,72.97
216,2016,12,Uttar Pradesh,Varanasi,17622.0,68.03,174.64,107.02,6816.0,26.31,67.55,41.4,0.0,5.66,14.54,8.91,25905.0,256.72,157.33
216,2017,12,Uttar Pradesh,Varanasi,53940.0,71.58,534.86,327.94,17874.0,23.72,177.24,108.67,0.0,4.7,35.15,21.55,75359.0,747.25,458.17
217,2016,12,Uttar Pradesh,Mirzpur,27092.0,67.97,129.71,80.96,10522.0,26.4,50.38,31.44,0.0,5.64,10.76,6.71,39861.0,190.84,119.11
217,2017,12,Uttar Pradesh,Mirzpur,44613.0,72.69,211.59,134.69,15684.0,25.55,74.38,47.35,0.0,1.76,5.13,3.26,61378.0,291.1,185.3
218,2016,12,Uttar Pradesh,Jaunpur,50201.0,68.01,181.74,100.51,19434.0,26.33,70.36,38.91,0.0,5.66,15.13,8.36,73813.0,267.22,147.78
218,2017,12,Uttar Pradesh,Jaunpur,48177.0,70.56,174.41,96.45,17780.0,26.04,64.37,35.6,0.0,3.4,8.41,4.65,68280.0,247.19,136.7
219,2016,12,Uttar Pradesh,Ghazipur,41496.0,67.86,160.29,93.82,16229.0,26.54,62.69,36.69,0.0,5.59,13.21,7.73,61145.0,236.19,138.25
219,2017,12,Uttar Pradesh,Ghazipur,47591.0,69.72,183.83,106.84,18206.0,26.67,70.33,40.87,0.0,3.61,9.52,5.53,68261.0,263.68,153.24
220,2016,12,Uttar Pradesh,Ballia,35849.0,67.85,165.31,101.1,14039.0,26.57,64.74,39.59,0.0,5.58,13.6,8.32,52838.0,243.65,149.01
220,2017,12,Uttar Pradesh,Ballia,35301.0,66.56,162.79,99.76,15283.0,28.81,70.48,43.19,0.0,4.63,11.32,6.94,53039.0,244.6,149.89
221,2016,12,Uttar Pradesh,Gorakhpur,38236.0,67.83,160.63,95.09,14996.0,26.6,63.0,37.3,0.0,5.57,13.2,7.81,56374.0,236.83,140.2
221,2017,12,Uttar Pradesh,Gorakhpur,44390.0,72.26,186.49,114.18,12716.0,20.7,53.42,32.71,0.0,7.04,18.18,11.13,61434.0,258.1,158.02
222,2016,12,Uttar Pradesh,Deoria,33128.0,67.96,168.57,100.61,12872.0,26.41,65.5,39.09,0.0,5.64,13.98,8.34,48747.0,248.04,148.05
222,2017,12,Uttar Pradesh,Deoria,29877.0,67.87,152.03,90.74,11523.0,26.18,58.63,35.0,0.0,5.95,13.34,7.96,44021.0,224.0,133.69
223,2016,12,Uttar Pradesh,Basti,35989.0,67.81,181.26,106.08,14129.0,26.62,71.16,41.65,0.0,5.57,14.88,8.71,53073.0,267.3,156.44
223,2017,12,Uttar Pradesh,Basti,36860.0,72.12,185.68,108.63,12193.0,23.86,61.42,35.93,0.0,4.03,10.37,6.07,51111.0,257.47,150.63
224,2016,12,Uttar Pradesh,Azamgarh,54286.0,67.92,189.63,107.27,21152.0,26.46,73.89,41.8,0.0,5.62,15.68,8.87,79928.0,279.2,157.95
224,2017,12,Uttar Pradesh,Azamgarh,41741.0,70.64,145.96,82.49,15524.0,26.27,54.28,30.68,0.0,3.09,6.38,3.61,59090.0,206.63,116.78
225,2016,12,Uttar Pradesh,Lucknow,17784.0,67.66,132.38,86.55,7056.0,26.84,52.52,34.34,0.0,5.5,10.76,7.03,26285.0,195.66,127.92
225,2017,12,Uttar Pradesh,Lucknow,21074.0,67.09,157.41,105.91,9715.0,30.93,72.57,48.83,0.0,1.98,4.64,3.12,31410.0,234.62,157.86
226,2016,12,Uttar Pradesh,Unnao,49332.0,67.79,156.69,98.03,19402.0,26.66,61.63,38.55,0.0,5.56,12.84,8.03,72777.0,231.16,144.61
226,2017,12,Uttar Pradesh,Unnao,41140.0,69.72,130.67,81.05,16272.0,27.58,51.68,32.06,0.0,2.7,5.06,3.14,59006.0,187.42,116.24
227,2016,12,Uttar Pradesh,Rae - Bareily,29613.0,67.83,131.97,80.18,11607.0,26.59,51.72,31.43,0.0,5.58,10.85,6.59,43655.0,194.54,118.19
227,2017,12,Uttar Pradesh,Rae - Bareily,63597.0,69.98,283.69,171.2,24372.0,26.82,108.72,65.61,0.0,3.2,12.96,7.82,90875.0,405.38,244.63
228,2016,12,Uttar Pradesh,Sitapur,80453.0,67.87,182.62,119.91,31463.0,26.54,71.42,46.89,0.0,5.59,15.05,9.88,118546.0,269.09,176.69
228,2017,12,Uttar Pradesh,Sitapur,88206.0,68.94,200.15,131.22,32282.0,25.23,73.25,48.03,0.0,5.83,16.92,11.09,127943.0,290.32,190.34
229,2016,12,Uttar Pradesh,Hardoi,75678.0,67.83,179.34,111.9,29668.0,26.59,70.31,43.87,0.0,5.58,14.74,9.2,111567.0,264.39,164.96
229,2017,12,Uttar Pradesh,Hardoi,94913.0,71.49,225.08,140.43,35036.0,26.39,83.08,51.84,0.0,2.11,6.65,4.15,132755.0,314.81,196.42
230,2016,12,Uttar Pradesh,Kheri,97943.0,67.92,201.7,138.13,38157.0,26.46,78.58,53.81,0.0,5.62,16.68,11.43,144201.0,296.97,203.37
230,2017,12,Uttar Pradesh,Kheri,45798.0,69.86,95.79,64.73,15564.0,23.74,32.55,22.0,0.0,6.39,8.77,5.92,65554.0,137.1,92.65
231,2016,12,Uttar Pradesh,Faizabad,33342.0,67.82,185.52,114.52,13082.0,26.61,72.79,44.93,0.0,5.57,15.25,9.41,49164.0,273.55,168.86
231,2017,12,Uttar Pradesh,Faizabad,31697.0,67.74,176.36,108.8,12523.0,26.76,69.68,42.99,0.0,5.49,14.29,8.82,46789.0,260.34,160.61
232,2016,12,Uttar Pradesh,Gonda,53456.0,67.97,189.89,120.76,20755.0,26.39,73.73,46.89,0.0,5.64,15.76,10.02,78647.0,279.38,177.66
232,2017,12,Uttar Pradesh,Gonda,42824.0,68.37,152.13,96.74,15864.0,25.33,56.36,35.84,0.0,6.31,14.04,8.93,62639.0,222.52,141.51
233,2016,12,Uttar Pradesh,Bahraich,56046.0,67.99,168.54,100.14,21730.0,26.36,65.35,38.83,0.0,5.65,14.0,8.32,82433.0,247.89,147.28
233,2017,12,Uttar Pradesh,Bahraich,66961.0,65.04,200.85,119.32,24433.0,23.73,73.29,43.54,0.0,11.23,34.69,20.61,102961.0,308.83,183.47
234,2016,12,Uttar Pradesh,Sultanpur,31713.0,68.21,177.8,108.52,12110.0,26.05,67.89,41.44,0.0,5.75,14.99,9.15,46496.0,260.67,159.1
234,2017,12,Uttar Pradesh,Sultanpur,34099.0,71.31,191.01,116.7,12336.0,25.8,69.1,42.22,0.0,2.89,7.74,4.73,47816.0,267.85,163.64
235,2016,12,Uttar Pradesh,Pratapgarh,32894.0,67.93,143.95,88.81,12806.0,26.45,56.04,34.58,0.0,5.62,11.91,7.35,48422.0,211.9,130.74
235,2017,12,Uttar Pradesh,Pratapgarh,28992.0,64.33,126.62,77.86,11866.0,26.33,51.82,31.87,0.0,9.34,18.39,11.31,45068.0,196.83,121.04
236,2016,12,Uttar Pradesh,Barabanki,51356.0,67.81,194.39,95.21,20157.0,26.62,76.3,37.37,0.0,5.57,15.97,7.82,75732.0,286.66,140.4
236,2017,12,Uttar Pradesh,Barabanki,57528.0,73.82,217.51,106.56,17469.0,22.42,66.05,32.36,0.0,3.76,11.09,5.43,77930.0,294.65,144.35
237,2016,16,Uttarakhand,Nainital,9637.0,81.69,210.53,136.18,1567.0,13.28,34.23,22.14,0.0,5.03,12.95,8.38,11797.0,257.72,166.7
237,2017,16,Uttarakhand,Nainital,9290.0,82.64,213.74,134.05,1374.0,12.22,31.61,19.83,0.0,5.13,13.28,8.33,11241.0,258.63,162.21
238,2016,16,Uttarakhand,Almorah,207.0,74.46,2.69,1.84,55.0,19.78,0.72,0.49,0.0,5.76,0.21,0.14,278.0,3.62,2.47
238,2017,16,Uttarakhand,Almorah,200.0,80.0,2.72,1.89,35.0,14.0,0.48,0.33,0.0,6.0,0.2,0.14,250.0,3.41,2.36
239,2016,16,Uttarakhand,Pithorgarh,313.0,83.02,7.53,4.47,54.0,14.32,1.3,0.77,0.0,2.65,0.24,0.14,377.0,9.06,5.38
239,2017,16,Uttarakhand,Pithorgarh,187.0,74.5,4.63,2.71,52.0,20.72,1.29,0.75,0.0,4.78,0.3,0.17,251.0,6.21,3.64
240,2016,16,Uttarakhand,Chamoli,116.0,60.1,3.48,2.36,75.0,38.86,2.25,1.52,0.0,1.04,0.03,0.02,193.0,5.76,3.9
240,2017,16,Uttarakhand,Chamoli,86.0,64.66,2.57,1.75,45.0,33.83,1.35,0.91,0.0,1.5,0.03,0.02,133.0,3.95,2.68
241,2016,16,Uttarakhand,Uttar Kashi,112.0,52.58,3.74,2.73,91.0,42.72,3.04,2.21,0.0,4.69,0.33,0.24,213.0,7.12,5.18
241,2017,16,Uttarakhand,Uttar Kashi,137.0,43.08,4.48,3.24,148.0,46.54,4.84,3.5,0.0,10.38,1.08,0.78,318.0,10.39,7.52
242,2016,16,Uttarakhand,Tehri Garhwal,90.0,72.0,1.7,1.14,35.0,28.0,0.66,0.44,0.0,0.011135688871092952,23.312546564417048,15.042699209818723,125.0,2.34,1.57
242,2017,16,Uttarakhand,Tehri Garhwal,75.0,69.44,1.45,0.97,32.0,29.63,0.62,0.42,0.0,0.93,0.02,0.01,108.0,2.09,1.4
243,2016,16,Uttarakhand,Garhwal,361.0,75.68,6.27,4.31,114.0,23.9,1.98,1.36,0.0,0.42,0.02,0.01,477.0,8.27,5.69
243,2017,16,Uttarakhand,Garhwal,374.0,77.59,7.52,5.25,103.0,21.37,2.07,1.45,0.0,1.04,0.1,0.07,482.0,9.69,6.76
244,2016,16,Uttarakhand,Dehradun,3560.0,78.38,90.54,62.1,860.0,18.93,21.87,15.0,0.0,2.69,3.1,2.13,4542.0,115.51,79.24
244,2017,16,Uttarakhand,Dehradun,3319.0,77.11,90.55,59.96,887.0,20.61,24.2,16.03,0.0,2.28,2.67,1.77,4304.0,117.42,77.76
501,2016,14,Chhattisgarh,Rajnandgaon,27631.0,54.61,77.27,55.96,17335.0,34.26,48.48,35.11,0.0,11.14,15.76,11.41,50601.0,141.51,102.49
501,2017,14,Chhattisgarh,Rajnandgaon,26002.0,57.46,70.45,52.59,14846.0,32.81,40.22,30.02,0.0,9.73,11.93,8.9,45250.0,122.6,91.51
502,2016,6,Madhya Pradesh,Bhopal,25333.0,71.68,167.02,110.31,9201.0,26.03,60.66,40.07,0.0,2.28,5.32,3.51,35341.0,233.0,153.89
502,2017,6,Madhya Pradesh,Bhopal,22882.0,66.57,149.38,77.65,10860.0,31.59,70.9,36.85,0.0,1.84,4.13,2.14,34374.0,224.4,116.65
503,2016,1,Andhra Pradesh,Vizianagaram,32808.0,62.87,119.6,85.98,10979.0,21.04,40.02,28.77,0.0,16.1,30.62,22.01,52187.0,190.24,136.77
503,2017,1,Andhra Pradesh,Vizianagaram,34460.0,62.5,126.32,92.75,11568.0,20.98,42.41,31.14,0.0,16.53,33.4,24.53,55140.0,202.13,148.41
504,2016,1,Andhra Pradesh,Prakasam,63053.0,57.63,115.21,112.12,34847.0,31.85,63.67,61.97,0.0,10.52,21.03,20.47,109412.0,199.92,194.56
504,2017,1,Andhra Pradesh,Prakasam,60306.0,59.4,111.2,108.75,32264.0,31.78,59.49,58.18,0.0,8.82,16.5,16.14,101519.0,187.2,183.08
506,2016,11,Tamil Nadu,Dharmapuri,9283.0,53.44,71.72,57.42,5027.0,28.94,38.84,31.09,0.0,17.63,23.66,18.94,17372.0,134.22,107.45
506,2017,11,Tamil Nadu,Dharmapuri,13206.0,52.68,92.05,66.1,7556.0,30.14,52.67,37.82,0.0,17.17,30.0,21.54,25066.0,174.73,125.47
507,2016,11,Tamil Nadu,Periyar(Erode),23649.0,54.51,176.09,171.84,10628.0,24.5,79.14,77.22,0.0,21.0,67.83,66.19,43386.0,323.06,315.25
507,2017,11,Tamil Nadu,Periyar(Erode),23728.0,56.03,164.99,157.46,8834.0,20.86,61.43,58.62,0.0,23.11,68.07,64.96,42351.0,294.49,281.05
508,2016,11,Tamil Nadu,Pudukkottai,17396.0,53.93,148.76,145.44,7965.0,24.69,68.11,66.59,0.0,21.37,58.95,57.64,32255.0,275.83,269.67
508,2017,11,Tamil Nadu,Pudukkottai,8613.0,44.82,67.36,65.08,4385.0,22.82,34.29,33.13,0.0,32.37,48.65,47.0,19219.0,150.3,145.21
509,2016,11,Tamil Nadu,Dindigul Anna,11495.0,48.63,56.62,55.68,7509.0,31.77,36.99,36.37,0.0,19.6,22.83,22.45,23638.0,116.43,114.5
509,2017,11,Tamil Nadu,Dindigul Anna,13300.0,52.92,60.75,59.96,6739.0,26.82,30.78,30.38,0.0,20.26,23.26,22.95,25131.0,114.79,113.29
510,2016,11,Tamil Nadu,Virudhunagar Kamarajar,6935.0,56.45,58.45,57.34,3631.0,29.55,30.6,30.02,0.0,14.0,14.5,14.22,12286.0,103.55,101.59
510,2017,11,Tamil Nadu,Virudhunagar Kamarajar,6822.0,60.71,56.01,55.11,2672.0,23.78,21.94,21.59,0.0,15.51,14.31,14.08,11237.0,92.25,90.78
512,2016,11,Tamil Nadu,Sivagangai Pasumpon,5019.0,62.18,52.23,52.22,1886.0,23.36,19.63,19.62,0.0,14.46,12.14,12.14,8072.0,84.0,83.99
512,2017,11,Tamil Nadu,Sivagangai Pasumpon,22558.0,88.9,215.62,215.61,1823.0,7.18,17.42,17.42,0.0,3.91,9.49,9.49,25374.0,242.53,242.53
513,2016,11,Tamil Nadu,Chidambanar Toothukudi,8255.0,53.33,41.45,41.2,6235.0,40.28,31.31,31.12,0.0,6.38,4.96,4.93,15478.0,77.72,77.25
513,2017,11,Tamil Nadu,Chidambanar Toothukudi,8689.0,55.98,42.58,42.42,4694.0,30.24,23.0,22.92,0.0,13.77,10.48,10.44,15521.0,76.06,75.78
514,2016,7,Maharashtra,Jalna,65446.0,53.31,114.34,74.75,39480.0,32.16,68.97,45.09,0.0,14.53,31.17,20.38,122766.0,214.48,140.22
514,2017,7,Maharashtra,Jalna,55254.0,50.01,96.53,63.11,35987.0,32.57,62.87,41.1,0.0,17.42,33.61,21.98,110482.0,193.02,126.19
515,2016,7,Maharashtra,Latur,28602.0,48.74,56.85,39.36,23654.0,40.31,47.02,32.55,0.0,10.94,12.76,8.84,58678.0,116.63,80.76
515,2017,7,Maharashtra,Latur,31596.0,43.37,60.96,44.13,30261.0,41.53,58.39,42.27,0.0,15.1,21.23,15.37,72860.0,140.57,101.77
516,2016,7,Maharashtra,Gadchiroli,16255.0,70.75,93.1,74.16,6146.0,26.75,35.2,28.04,0.0,2.5,3.29,2.62,22976.0,131.59,104.82
516,2017,7,Maharashtra,Gadchiroli,16369.0,68.79,93.59,74.54,6013.0,25.27,34.38,27.38,0.0,5.94,8.08,6.44,23796.0,136.05,108.36
517,2016,7,Maharashtra,Sindhudurg,4515.0,62.08,32.14,28.36,1481.0,20.36,10.54,9.3,0.0,17.56,9.09,8.02,7273.0,51.77,45.68
517,2017,7,Maharashtra,Sindhudurg,4555.0,62.98,32.42,28.61,1531.0,21.17,10.9,9.62,0.0,15.86,8.16,7.2,7233.0,51.48,45.43
518,2016,3,Gujarat,Gandhinagar,23959.0,75.58,150.54,98.12,4815.0,15.19,30.25,19.72,0.0,9.23,18.38,11.98,31700.0,199.18,129.83
518,2017,3,Gujarat,Gandhinagar,27312.0,76.33,170.46,109.93,5843.0,16.33,36.47,23.52,0.0,7.34,16.38,10.57,35780.0,223.31,144.02
519,2016,10,Rajasthan,Dholpur,23460.0,82.65,152.26,101.84,4812.0,16.95,31.23,20.89,0.0,0.39,0.73,0.49,28384.0,184.21,123.22
519,2017,10,Rajasthan,Dholpur,19698.0,76.01,129.84,87.21,6025.0,23.25,39.72,26.67,0.0,0.74,1.26,0.85,25914.0,170.82,114.73
520,2016,20,Telangana,Rangareddy,78158.0,55.49,461.07,420.35,45889.0,32.58,270.71,246.8,0.0,11.94,99.19,90.43,140862.0,830.97,757.58
520,2017,20,Telangana,Rangareddy,31881.0,48.73,165.45,150.75,16773.0,25.64,87.05,79.31,0.0,25.64,87.05,79.32,65428.0,339.55,309.38
521,2016,11,Tamil Nadu,Thiruvannamalai,26224.0,60.03,147.91,118.74,10061.0,23.03,56.75,45.56,0.0,16.94,41.74,33.51,43686.0,246.4,197.81
521,2017,11,Tamil Nadu,Thiruvannamalai,33185.0,60.69,159.05,105.41,11289.0,20.64,54.11,35.86,0.0,18.67,48.94,32.43,54684.0,262.09,173.7
523,2016,4,Haryana,Yamunanagar,69931.0,73.9,641.57,334.6,18491.0,19.54,169.64,88.47,0.0,6.56,56.92,29.68,94626.0,868.13,452.76
523,2017,4,Haryana,Yamunanagar,66117.0,79.77,606.58,313.35,13114.0,15.82,120.31,62.15,0.0,4.4,33.48,17.29,82880.0,760.37,392.8
524,2016,4,Haryana,Kaithal,65505.0,82.58,323.14,172.69,12601.0,15.89,62.16,33.22,0.0,1.53,5.98,3.2,79319.0,391.29,209.1
524,2017,4,Haryana,Kaithal,73600.0,84.39,381.35,192.17,12202.0,13.99,63.22,31.86,0.0,1.62,7.31,3.68,87212.0,451.88,227.71
525,2016,4,Haryana,Panipat,40646.0,81.8,432.01,220.54,8440.0,16.99,89.71,45.8,0.0,1.21,6.39,3.26,49687.0,528.11,269.6
525,2017,4,Haryana,Panipat,42813.0,83.42,450.42,228.87,7388.0,14.4,77.73,39.5,0.0,2.19,11.8,6.0,51323.0,539.95,274.37
526,2016,4,Haryana,Rewari,29815.0,69.71,236.63,149.82,11944.0,27.93,94.79,60.02,0.0,2.36,8.01,5.07,42768.0,339.43,214.91
526,2017,4,Haryana,Rewari,28649.0,70.79,228.05,144.38,10722.0,26.49,85.35,54.04,0.0,2.72,8.77,5.55,40473.0,322.17,203.97
527,2016,16,Uttarakhand,Haridwar,28559.0,69.15,250.16,176.17,10112.0,24.48,88.58,62.38,0.0,6.36,23.02,16.21,41299.0,361.75,254.75
527,2017,16,Uttarakhand,Haridwar,27876.0,75.1,244.26,174.13,7834.0,21.11,68.64,48.94,0.0,3.79,12.34,8.8,37118.0,325.24,231.87
528,2016,12,Uttar Pradesh,Firozabad,28439.0,67.62,160.74,90.36,11317.0,26.91,63.96,35.96,0.0,5.48,13.02,7.32,42060.0,237.73,133.64
528,2017,12,Uttar Pradesh,Firozabad,61030.0,68.48,345.15,199.26,24987.0,28.04,141.31,81.58,0.0,3.49,17.59,10.15,89127.0,504.04,291.0
529,2016,12,Uttar Pradesh,Sonbhadra,20179.0,67.91,105.34,69.56,7865.0,26.47,41.06,27.11,0.0,5.62,8.71,5.75,29713.0,155.11,102.43
529,2017,12,Uttar Pradesh,Sonbhadra,33995.0,74.69,176.59,116.8,10257.0,22.53,53.28,35.24,0.0,2.78,6.57,4.35,45517.0,236.45,156.39
530,2016,12,Uttar Pradesh,Mau,21208.0,67.89,175.73,106.83,8279.0,26.5,68.6,41.7,0.0,5.6,14.5,8.81,31237.0,258.84,157.34
530,2017,12,Uttar Pradesh,Mau,37809.0,67.91,313.37,190.63,15292.0,27.47,126.75,77.1,0.0,4.62,21.33,12.97,55674.0,461.45,280.7
531,2016,12,Uttar Pradesh,Mahrajgani,37794.0,68.03,189.76,102.41,14616.0,26.31,73.39,39.6,0.0,5.67,15.81,8.53,55558.0,278.95,150.54
531,2017,12,Uttar Pradesh,Mahrajgani,66979.0,72.27,336.29,181.48,20408.0,22.02,102.47,55.3,0.0,5.71,26.57,14.34,92678.0,465.32,251.12
532,2016,12,Uttar Pradesh,Sidharthnagar,35458.0,68.01,155.33,92.03,13727.0,26.33,60.13,35.63,0.0,5.66,12.93,7.66,52136.0,228.39,135.31
532,2017,12,Uttar Pradesh,Sidharthnagar,36893.0,67.02,161.62,96.35,13277.0,24.12,58.16,34.68,0.0,8.87,21.38,12.75,55051.0,241.16,143.78
533,2016,12,Uttar Pradesh,Mahoba,33885.0,67.51,158.47,120.81,13581.0,27.06,63.51,48.42,0.0,5.43,12.74,9.72,50191.0,234.72,178.95
533,2017,12,Uttar Pradesh,Mahoba,8309.0,54.18,40.21,30.7,6256.0,40.79,30.27,23.12,0.0,5.03,3.74,2.85,15337.0,74.22,56.67
536,2016,10,Rajasthan,Baran,52304.0,71.48,150.31,78.86,20236.0,27.66,58.15,30.51,0.0,0.86,1.81,0.95,73169.0,210.26,110.31
536,2017,10,Rajasthan,Baran,38587.0,69.73,111.66,59.64,16439.0,29.7,47.57,25.41,0.0,0.57,0.91,0.49,55341.0,160.13,85.53
537,2016,10,Rajasthan,Dausa,25975.0,79.44,114.01,68.83,6439.0,19.69,28.26,17.06,0.0,0.87,1.25,0.75,32698.0,143.52,86.64
537,2017,10,Rajasthan,Dausa,23609.0,78.04,106.49,68.04,6324.0,20.9,28.52,18.22,0.0,1.06,1.45,0.93,30254.0,136.46,87.19
538,2016,10,Rajasthan,Rajsamand,7518.0,68.76,78.21,52.97,3352.0,30.66,34.87,23.62,0.0,0.59,0.67,0.45,10934.0,113.74,77.04
538,2017,10,Rajasthan,Rajsamand,6596.0,81.4,68.59,46.58,1404.0,17.33,14.6,9.91,0.0,1.27,1.07,0.73,8103.0,84.26,57.22
539,2016,10,Rajasthan,Hanumangarh,44189.0,72.44,52.35,34.21,16304.0,26.73,19.32,12.62,0.0,0.83,0.6,0.39,60999.0,72.27,47.23
539,2017,10,Rajasthan,Hanumangarh,62017.0,70.88,73.85,49.11,23776.0,27.17,28.31,18.83,0.0,1.95,2.03,1.35,87498.0,104.19,69.29
542,2016,11,Tamil Nadu,Nagapattinam,18007.0,67.75,120.73,73.68,5512.0,20.74,36.96,22.55,0.0,11.51,20.5,12.51,26577.0,178.19,108.74
542,2017,11,Tamil Nadu,Nagapattinam,17673.0,65.36,119.62,68.53,5094.0,18.84,34.48,19.75,0.0,15.8,28.92,16.57,27040.0,183.03,104.86
543,2016,11,Tamil Nadu,Villupuram,46698.0,61.52,151.45,121.15,16887.0,22.25,54.77,43.81,0.0,16.23,39.97,31.97,75908.0,246.18,196.94
543,2017,11,Tamil Nadu,Villupuram,51840.0,60.59,151.88,112.03,18337.0,21.43,53.72,39.63,0.0,17.98,45.07,33.24,85560.0,250.68,184.9
545,2016,9,Punjab,Mansa,57248.0,82.84,303.24,156.67,8661.0,12.53,45.88,23.7,0.0,4.62,16.92,8.74,69103.0,366.04,189.11
545,2017,9,Punjab,Mansa,53396.0,85.71,289.46,145.99,5117.0,8.21,27.74,13.99,0.0,6.07,20.5,10.34,62295.0,337.7,170.32
546,2016,9,Punjab,Fatehgarh Sahib,35526.0,70.52,348.2,185.9,12863.0,25.53,126.07,67.31,0.0,3.95,19.5,10.41,50379.0,493.78,263.62
546,2017,9,Punjab,Fatehgarh Sahib,31675.0,72.68,310.45,170.09,9319.0,21.38,91.34,50.04,0.0,5.94,25.38,13.9,43583.0,427.17,234.03
547,2016,12,Uttar Pradesh,Kanpur Nagar,27536.0,67.61,144.03,104.39,10961.0,26.91,57.33,41.55,0.0,5.48,11.66,8.45,40727.0,213.03,154.4
547,2017,12,Uttar Pradesh,Kanpur Nagar,77732.0,71.2,407.02,295.02,27495.0,25.18,143.97,104.35,0.0,3.62,20.7,15.0,109180.0,571.69,414.38
548,2016,12,Uttar Pradesh,Kanpur Dehat,31202.0,67.62,143.07,95.6,12414.0,26.9,56.92,38.04,0.0,5.48,11.59,7.75,46144.0,211.58,141.39
548,2017,12,Uttar Pradesh,Kanpur Dehat,96917.0,81.91,443.53,307.1,17635.0,14.9,80.7,55.88,0.0,3.18,17.24,11.94,118319.0,541.47,374.91
549,2016,5,Karnataka,Bangalore(Rural),9820.0,50.99,94.15,91.29,7757.0,40.28,74.37,72.12,0.0,8.74,16.14,15.65,19260.0,184.66,179.06
549,2017,5,Karnataka,Bangalore(Rural),10231.0,52.79,101.84,99.05,7235.0,37.33,72.02,70.04,0.0,9.87,19.04,18.52,19379.0,192.91,187.62
550,2016,5,Karnataka,Bangalore(Urban),13520.0,58.0,392.74,363.7,7415.0,31.81,215.4,199.47,0.0,10.19,69.02,63.92,23311.0,677.15,627.08
550,2017,5,Karnataka,Bangalore(Urban),13522.0,58.53,408.69,372.76,6878.0,29.77,207.88,189.61,0.0,11.69,81.64,74.46,23101.0,698.21,636.83
601,2016,17,Assam,Cachar,6524.0,66.47,46.5,33.8,1598.0,16.28,11.39,8.28,0.0,17.25,12.07,8.77,9815.0,69.96,50.85
601,2017,17,Assam,Cachar,6663.0,62.24,52.41,34.5,2129.0,19.89,16.75,11.02,0.0,17.87,15.05,9.9,10705.0,84.21,55.42
602,2016,17,Assam,Darrang,6233.0,66.47,67.75,51.53,1527.0,16.28,16.6,12.62,0.0,17.24,17.58,13.37,9377.0,101.92,77.52
602,2017,17,Assam,Darrang,6365.0,62.24,68.59,52.3,2034.0,19.89,21.92,16.71,0.0,17.87,19.69,15.01,10226.0,110.2,84.02
603,2016,17,Assam,Dibrugarh,8059.0,66.47,54.82,50.21,1974.0,16.28,13.43,12.3,0.0,17.25,14.23,13.03,12125.0,82.47,75.54
603,2017,17,Assam,Dibrugarh,8231.0,62.24,53.94,49.81,2630.0,19.89,17.23,15.91,0.0,17.87,15.48,14.3,13224.0,86.65,80.02
604,2016,17,Assam,Goalpara,6110.0,66.46,84.34,47.7,1498.0,16.29,20.68,11.69,0.0,17.25,21.89,12.38,9194.0,126.91,71.77
604,2017,17,Assam,Goalpara,6239.0,62.24,86.12,48.1,1994.0,19.89,27.52,15.37,0.0,17.87,24.72,13.81,10024.0,138.37,77.28
605,2016,17,Assam,Kamrup,7752.0,66.46,73.68,45.15,1900.0,16.29,18.06,11.07,0.0,17.25,19.12,11.72,11664.0,110.86,67.94
605,2017,17,Assam,Kamrup,7917.0,62.24,79.45,49.43,2530.0,19.89,25.39,15.8,0.0,17.87,22.81,14.19,12720.0,127.65,79.41
606,2016,17,Assam,Karbi Anglong,3159.0,66.46,24.78,14.38,774.0,16.28,6.07,3.52,0.0,17.25,6.43,3.73,4753.0,37.29,21.63
606,2017,17,Assam,Karbi Anglong,3226.0,62.23,25.31,14.54,1032.0,19.91,8.1,4.65,0.0,17.86,7.26,4.17,5184.0,40.67,23.36
607,2016,17,Assam,Lakhimpur,6370.0,66.46,68.33,35.54,1560.0,16.28,16.73,8.7,0.0,17.26,17.74,9.23,9584.0,102.81,53.48
607,2017,17,Assam,Lakhimpur,6506.0,62.24,68.68,33.39,2079.0,19.89,21.95,10.67,0.0,17.87,19.72,9.59,10453.0,110.35,53.64
608,2016,17,Assam,North Cachar Hil,3608.0,66.48,85.46,65.95,883.0,16.27,20.91,16.14,936.0,17.25,22.17,17.11,5427.0,128.54,99.2
608,2017,17,Assam,North Cachar Hil,3685.0,62.24,87.28,67.67,1178.0,19.9,27.9,21.63,1058.0,17.87,25.06,19.43,5921.0,140.24,108.73
609,2016,17,Assam,Nagaon,8059.0,66.48,39.29,23.68,1972.0,16.27,9.61,5.79,2092.0,17.26,10.2,6.15,12123.0,59.1,35.62
609,2017,17,Assam,Nagaon,8231.0,62.24,40.13,23.42,2630.0,19.89,12.82,7.48,2363.0,17.87,11.52,6.72,13224.0,64.47,37.62
610,2016,17,Assam,Sibsagar,3608.0,66.48,27.22,23.01,883.0,16.27,6.66,5.63,936.0,17.25,7.06,5.97,5427.0,40.94,34.61
610,2017,17,Assam,Sibsagar,3685.0,62.24,28.85,24.06,1178.0,19.9,9.22,7.69,1058.0,17.87,8.28,6.91,5921.0,46.35,38.66
615,2016,17,Assam,Barpeta,7199.0,66.47,52.68,34.59,1764.0,16.29,12.91,8.48,1868.0,17.25,13.67,8.98,10831.0,79.26,52.05
615,2017,17,Assam,Barpeta,7352.0,62.25,54.19,35.28,2349.0,19.89,17.31,11.27,2110.0,17.86,15.55,10.12,11811.0,87.05,56.67
616,2016,17,Assam,Dhubri,8826.0,66.47,102.29,53.13,2162.0,16.28,25.06,13.01,2291.0,17.25,26.55,13.79,13279.0,153.91,79.93
616,2017,17,Assam,Dhubri,9015.0,62.24,104.17,54.87,2881.0,19.89,33.29,17.54,2588.0,17.87,29.9,15.75,14484.0,167.36,88.16
617,2016,17,Assam,Golaghat,4068.0,66.47,28.38,20.49,996.0,16.27,6.95,5.02,1056.0,17.25,7.37,5.32,6120.0,42.7,30.82
617,2017,17,Assam,Golaghat,4154.0,62.24,28.98,22.33,1327.0,19.88,9.26,7.13,1193.0,17.88,8.32,6.41,6674.0,46.57,35.88
618,2016,17,Assam,Jorhat,5905.0,66.48,43.26,38.19,1446.0,16.28,10.59,9.35,1532.0,17.25,11.22,9.91,8883.0,65.08,57.45
618,2017,17,Assam,Jorhat,6031.0,62.25,41.64,37.01,1927.0,19.89,13.3,11.82,1731.0,17.87,11.95,10.62,9689.0,66.89,59.45
619,2016,17,Assam,Karimganj,5910.0,66.47,80.79,68.16,1447.0,16.27,19.78,16.69,1534.0,17.25,20.97,17.69,8891.0,121.55,102.54
619,2017,17,Assam,Karimganj,6036.0,62.24,92.11,82.51,1929.0,19.89,29.44,26.37,1733.0,17.87,26.45,23.69,9698.0,147.99,132.56
620,2016,17,Assam,Kokrajhar,6148.0,66.47,52.62,35.36,1506.0,16.28,12.89,8.66,1595.0,17.25,13.65,9.17,9249.0,79.16,53.2
620,2017,17,Assam,Kokrajhar,6278.0,62.24,63.76,39.79,2006.0,19.89,20.37,12.71,1802.0,17.87,18.3,11.42,10086.0,102.44,63.93
621,2016,17,Assam,Nalbari,7445.0,66.47,108.14,64.68,1824.0,16.28,26.49,15.85,1932.0,17.25,28.06,16.78,11201.0,162.69,97.31
621,2017,17,Assam,Nalbari,7604.0,62.24,110.44,64.49,2430.0,19.89,35.29,20.61,2183.0,17.87,31.71,18.51,12217.0,177.45,103.61
622,2016,17,Assam,Sonitpur,7138.0,66.46,43.6,26.56,1749.0,16.28,10.68,6.51,1853.0,17.25,11.32,6.9,10740.0,65.61,39.97
622,2017,17,Assam,Sonitpur,7290.0,62.24,44.53,27.5,2329.0,19.89,14.23,8.79,2093.0,17.87,12.78,7.9,11712.0,71.54,44.18
626,2016,18,Himachal Pradesh,Bilashpur,1729.0,90.62,57.99,31.15,117.0,6.13,3.92,2.11,62.0,3.25,2.08,1.12,1908.0,63.99,34.37
626,2017,18,Himachal Pradesh,Bilashpur,1915.0,92.65,1251.63,64.22,107.0,5.18,69.93,3.59,45.0,2.18,29.41,1.51,2067.0,1350.98,69.32
627,2016,18,Himachal Pradesh,Chamba,1123.0,87.05,26.82,16.09,103.0,7.98,2.46,1.48,64.0,4.96,1.53,0.92,1290.0,30.81,18.49
627,2017,18,Himachal Pradesh,Chamba,1134.0,88.25,399.3,27.86,88.0,6.85,30.99,2.16,63.0,4.9,22.18,1.55,1285.0,452.46,31.56
628,2016,18,Himachal Pradesh,Hamirpur,1950.0,91.55,55.97,28.24,118.0,5.54,3.39,1.71,62.0,2.91,1.78,0.9,2130.0,61.13,30.85
628,2017,18,Himachal Pradesh,Hamirpur,2068.0,87.96,361.54,60.03,186.0,7.91,32.52,5.4,97.0,4.13,16.96,2.82,2351.0,411.01,68.24
629,2016,18,Himachal Pradesh,Kangra,5910.0,72.49,50.6,24.63,1523.0,18.68,13.04,6.35,720.0,8.83,6.16,3.0,8153.0,69.8,33.98
629,2017,18,Himachal Pradesh,Kangra,6298.0,73.87,290.23,57.87,1478.0,17.34,68.11,13.58,750.0,8.8,34.56,6.89,8526.0,392.9,78.34
630,2016,18,Himachal Pradesh,Kinnaur,110.0,38.33,13.32,10.35,81.0,28.22,9.81,7.62,96.0,33.45,11.63,9.03,287.0,34.76,27.0
630,2017,18,Himachal Pradesh,Kinnaur,111.0,42.05,61.67,13.86,64.0,24.24,35.56,7.99,89.0,33.71,49.44,11.11,264.0,146.67,32.96
631,2016,18,Himachal Pradesh,Kullu,2670.0,44.93,73.21,48.07,1474.0,24.8,40.42,26.54,1799.0,30.27,49.33,32.39,5943.0,162.95,106.99
631,2017,18,Himachal Pradesh,Kullu,2786.0,46.03,805.2,74.93,1384.0,22.87,400.0,37.22,1882.0,31.1,543.93,50.62,6052.0,1749.13,162.78
632,2016,18,Himachal Pradesh,Lahul & Spiti,195.0,37.5,57.4,46.04,190.0,36.54,55.93,44.86,135.0,25.96,39.74,31.88,520.0,153.08,122.79
632,2017,18,Himachal Pradesh,Lahul & Spiti,182.0,38.4,957.89,52.0,183.0,38.61,963.16,52.29,109.0,23.0,573.68,31.14,474.0,2494.74,135.43
633,2016,18,Himachal Pradesh,Solan,2436.0,71.5,67.85,43.84,645.0,18.93,17.96,11.61,326.0,9.57,9.08,5.87,3407.0,94.89,61.32
633,2017,18,Himachal Pradesh,Solan,2429.0,76.96,489.72,67.51,474.0,15.02,95.56,13.17,253.0,8.02,51.01,7.03,3156.0,636.29,87.72
634,2016,18,Himachal Pradesh,Mandi,4390.0,68.36,48.34,27.12,1178.0,18.34,12.97,7.28,854.0,13.3,9.4,5.28,6422.0,70.72,39.67
634,2017,18,Himachal Pradesh,Mandi,4378.0,68.17,1809.09,47.65,1152.0,17.94,476.03,12.54,892.0,13.89,368.6,9.71,6422.0,2653.72,69.9
635,2016,18,Himachal Pradesh,Shimla,5516.0,37.64,78.21,63.49,3042.0,20.76,43.13,35.01,6097.0,41.6,86.45,70.18,14655.0,207.8,168.68
635,2017,18,Himachal Pradesh,Shimla,6111.0,40.6,516.13,84.93,2888.0,19.19,243.92,40.14,6051.0,40.21,511.06,84.1,15050.0,1271.11,209.17
636,2016,18,Himachal Pradesh,Sirmaur,3251.0,74.6,81.14,43.41,712.0,16.34,17.77,9.51,395.0,9.06,9.86,5.27,4358.0,108.77,58.19
636,2017,18,Himachal Pradesh,Sirmaur,3375.0,76.24,657.89,85.97,665.0,15.02,129.63,16.94,387.0,8.74,75.44,9.86,4427.0,862.96,112.76
637,2016,18,Himachal Pradesh,Una,5279.0,71.16,136.03,70.06,1468.0,19.79,37.83,19.48,672.0,9.06,17.32,8.92,7419.0,191.17,98.46
637,2017,18,Himachal Pradesh,Una,5813.0,77.75,1799.69,140.89,1102.0,14.74,341.18,26.71,562.0,7.52,173.99,13.62,7477.0,2314.86,181.22
651,2016,19,Kerala,Alappuzha,4032.0,43.99,47.67,39.29,2263.0,24.69,26.75,22.05,2870.0,31.31,33.93,27.97,9165.0,108.35,89.31
651,2017,19,Kerala,Alappuzha,9747.0,65.14,116.42,88.51,2587.0,17.29,30.9,23.49,2629.0,17.57,31.4,23.87,14963.0,178.71,135.88
652,2016,19,Kerala,Kannur,3899.0,39.08,20.75,17.61,2419.0,24.25,12.87,10.93,3658.0,36.67,19.46,16.52,9976.0,53.08,45.07
652,2017,19,Kerala,Kannur,5130.0,44.21,27.36,23.31,2469.0,21.28,13.17,11.22,4006.0,34.52,21.37,18.2,11605.0,61.89,52.72
653,2016,19,Kerala,Eranakulam,12813.0,49.47,86.36,77.15,6609.0,25.51,44.55,39.79,6481.0,25.02,43.68,39.02,25903.0,174.59,155.96
653,2017,19,Kerala,Eranakulam,15458.0,54.85,104.24,93.92,5930.0,21.04,39.99,36.03,6794.0,24.11,45.81,41.28,28182.0,190.04,171.22
654,2016,19,Kerala,Idukki,6845.0,34.53,33.3,25.32,5230.0,26.38,25.44,19.34,7751.0,39.1,37.71,28.67,19826.0,96.46,73.33
654,2017,19,Kerala,Idukki,16041.0,55.64,78.07,58.98,4781.0,16.58,23.27,17.58,8010.0,27.78,38.98,29.45,28832.0,140.32,106.01
655,2016,19,Kerala,Kottayam,7923.0,39.52,49.33,38.77,5392.0,26.9,33.57,26.39,6733.0,33.58,41.92,32.95,20048.0,124.82,98.11
655,2017,19,Kerala,Kottayam,12873.0,52.55,79.19,62.16,5262.0,21.48,32.37,25.41,6364.0,25.98,39.15,30.73,24499.0,150.7,118.3
656,2016,19,Kerala,Kozhikode,5460.0,48.01,36.96,27.52,2607.0,22.92,17.65,13.14,3306.0,29.07,22.38,16.66,11373.0,76.98,57.33
656,2017,19,Kerala,Kozhikode,4650.0,45.74,31.32,24.3,2267.0,22.3,15.27,11.85,3249.0,31.96,21.88,16.98,10166.0,68.47,53.13
657,2016,19,Kerala,Malappuram,5413.0,40.54,31.26,22.76,3071.0,23.0,17.73,12.91,4869.0,36.46,28.12,20.47,13353.0,77.11,56.14
657,2017,19,Kerala,Malappuram,9128.0,50.67,52.53,37.86,3381.0,18.77,19.46,14.02,5504.0,30.56,31.68,22.83,18013.0,103.67,74.46
658,2016,19,Kerala,Palakkad,11785.0,54.1,62.39,42.32,4234.0,19.44,22.41,15.21,5763.0,26.46,30.51,20.7,21782.0,115.31,78.22
658,2017,19,Kerala,Palakkad,28176.0,70.15,136.22,103.78,5271.0,13.12,25.48,19.42,6717.0,16.72,32.47,24.74,40164.0,194.18,147.94
659,2016,19,Kerala,Kollam,2968.0,36.95,24.15,20.06,2225.0,27.7,18.11,15.04,2840.0,35.35,23.11,19.2,8033.0,65.37,54.3
659,2017,19,Kerala,Kollam,3230.0,42.42,25.94,22.81,1844.0,24.22,14.81,13.02,2541.0,33.37,20.4,17.95,7615.0,61.15,53.79
660,2016,19,Kerala,Thrissur,5997.0,43.32,46.68,35.07,3013.0,21.77,23.45,17.62,4832.0,34.91,37.61,28.26,13842.0,107.75,80.96
660,2017,19,Kerala,Thrissur,12512.0,62.25,96.02,73.0,3057.0,15.21,23.46,17.84,4532.0,22.55,34.78,26.44,20101.0,154.25,117.28
661,2016,19,Kerala,Thiruvananthapuram,2341.0,49.19,18.15,14.73,1462.0,30.72,11.33,9.2,956.0,20.09,7.41,6.01,4759.0,36.89,29.93
661,2017,19,Kerala,Thiruvananthapuram,6500.0,74.3,50.15,41.64,1439.0,16.45,11.1,9.22,809.0,9.25,6.24,5.18,8748.0,67.5,56.05
662,2016,19,Kerala,Kasaragod,1070.0,33.41,7.39,6.87,901.0,28.13,6.22,5.78,1232.0,38.46,8.5,7.91,3203.0,22.11,20.56
662,2017,19,Kerala,Kasaragod,4029.0,60.53,27.6,25.52,1047.0,15.73,7.17,6.63,1580.0,23.74,10.82,10.01,6656.0,45.59,42.15
663,2016,19,Kerala,Pathanamthitta,2434.0,43.2,30.24,23.41,1537.0,27.28,19.09,14.78,1663.0,29.52,20.66,15.99,5634.0,69.99,54.19
663,2017,19,Kerala,Pathanamthitta,3277.0,49.15,41.0,31.08,1715.0,25.72,21.46,16.27,1675.0,25.12,20.96,15.89,6667.0,83.42,63.24
664,2016,19,Kerala,Wayanad,5600.0,41.42,49.6,33.56,2229.0,16.49,19.74,13.36,5690.0,42.09,50.4,34.1,13519.0,119.74,81.01
664,2017,19,Kerala,Wayanad,7462.0,47.31,65.8,44.24,2244.0,14.23,19.79,13.3,6065.0,38.46,53.48,35.96,15771.0,139.07,93.51
701,2016,8,Orissa,Balasore,26214.0,54.76,132.39,85.67,14389.0,30.06,72.67,47.02,7270.0,15.19,36.72,23.76,47873.0,241.78,156.45
701,2017,8,Orissa,Balasore,20829.0,52.13,109.05,69.66,11777.0,29.47,61.66,39.39,7350.0,18.4,38.48,24.58,39956.0,209.19,133.63
702,2016,8,Orissa,Bolangir,15037.0,49.8,48.2,31.66,9548.0,31.62,30.6,20.1,5609.0,18.58,17.98,11.81,30194.0,96.78,63.57
702,2017,8,Orissa,Bolangir,16191.0,66.35,52.74,37.48,5270.0,21.6,17.17,12.2,2940.0,12.05,9.58,6.81,24401.0,79.48,56.48
703,2016,8,Orissa,Cuttack,15142.0,72.69,98.32,57.36,3556.0,17.07,23.09,13.47,2134.0,10.24,13.86,8.08,20832.0,135.27,78.91
703,2017,8,Orissa,Cuttack,12664.0,70.88,109.17,49.28,3309.0,18.52,28.53,12.88,1894.0,10.6,16.33,7.37,17867.0,154.03,69.52
704,2016,8,Orissa,Dhenkanal,4387.0,57.83,28.67,18.2,2349.0,30.96,15.35,9.75,850.0,11.2,5.56,3.53,7586.0,49.58,31.48
704,2017,8,Orissa,Dhenkanal,3421.0,59.42,30.82,14.94,1537.0,26.7,13.85,6.71,799.0,13.88,7.2,3.49,5757.0,51.86,25.14
705,2016,8,Orissa,Ganjam,26334.0,78.37,65.34,44.04,4233.0,12.6,10.5,7.08,3036.0,9.03,7.53,5.08,33603.0,83.38,56.19
705,2017,8,Orissa,Ganjam,26128.0,72.24,80.39,47.59,6215.0,17.18,19.12,11.32,3826.0,10.58,11.77,6.97,36169.0,111.29,65.88
706,2016,8,Orissa,Kalahandi,18873.0,63.64,52.14,31.3,7329.0,24.71,20.25,12.15,3456.0,11.65,9.55,5.73,29658.0,81.93,49.18
706,2017,8,Orissa,Kalahandi,20439.0,60.65,59.94,36.76,8764.0,26.0,25.7,15.76,4499.0,13.35,13.19,8.09,33702.0,98.83,60.62
707,2016,8,Orissa,Keonjhar,7694.0,63.77,28.18,18.9,3308.0,27.42,12.12,8.13,1064.0,8.82,3.9,2.61,12066.0,44.2,29.65
707,2017,8,Orissa,Keonjhar,9185.0,62.86,31.89,22.96,3701.0,25.33,12.85,9.25,1725.0,11.81,5.99,4.31,14611.0,50.73,36.53
708,2016,8,Orissa,Koraput,10898.0,56.92,37.32,28.83,4945.0,25.83,16.93,13.08,3302.0,17.25,11.31,8.74,19145.0,65.57,50.65
708,2017,8,Orissa,Koraput,9106.0,57.43,35.57,24.03,4233.0,26.69,16.54,11.17,2518.0,15.88,9.84,6.64,15857.0,61.94,41.84
709,2016,8,Orissa,Mayurbhanja,15011.0,68.22,38.29,31.54,4999.0,22.72,12.75,10.5,1994.0,9.06,5.09,4.19,22004.0,56.13,46.23
709,2017,8,Orissa,Mayurbhanja,13234.0,64.54,34.2,26.1,4866.0,23.73,12.57,9.6,2406.0,11.73,6.22,4.75,20506.0,52.99,40.45
710,2016,8,Orissa,Phulbani(Kandhamal),1682.0,53.48,14.02,9.4,1083.0,34.44,9.03,6.05,380.0,12.08,3.17,2.12,3145.0,26.21,17.57
710,2017,8,Orissa,Phulbani(Kandhamal),1321.0,57.11,12.35,8.01,676.0,29.23,6.32,4.1,316.0,13.66,2.95,1.92,2313.0,21.62,14.02
711,2016,8,Orissa,Puri,9807.0,59.16,70.55,43.01,3923.0,23.66,28.22,17.21,2848.0,17.18,20.49,12.49,16578.0,119.27,72.71
711,2017,8,Orissa,Puri,9882.0,57.86,108.59,45.54,3854.0,22.57,42.35,17.76,3343.0,19.57,36.74,15.41,17079.0,187.68,78.71
712,2016,8,Orissa,Sambalpur,16230.0,57.63,87.26,56.55,8537.0,30.31,45.9,29.75,3394.0,12.05,18.25,11.83,28161.0,151.4,98.12
712,2017,8,Orissa,Sambalpur,19822.0,60.16,103.24,73.96,8803.0,26.72,45.85,32.85,4323.0,13.12,22.52,16.13,32948.0,171.6,122.94
713,2016,8,Orissa,Sundargarh,11675.0,46.43,40.54,30.01,11869.0,47.2,41.21,30.51,1602.0,6.37,5.56,4.12,25146.0,87.31,64.64
713,2017,8,Orissa,Sundargarh,11410.0,44.25,40.04,30.59,12594.0,48.84,44.19,33.76,1781.0,6.91,6.25,4.77,25785.0,90.47,69.13
714,2016,8,Orissa,Bhadrak,12688.0,62.79,77.84,61.0,4972.0,24.6,30.5,23.9,2548.0,12.61,15.63,12.25,20208.0,123.98,97.15
714,2017,8,Orissa,Bhadrak,10506.0,50.87,60.38,48.41,6833.0,33.09,39.27,31.49,3313.0,16.04,19.04,15.27,20652.0,118.69,95.17
716,2016,8,Orissa,Jagatsinghapur,7488.0,54.47,85.09,40.26,4299.0,31.27,48.85,23.11,1960.0,14.26,22.27,10.54,13747.0,156.22,73.91
716,2017,8,Orissa,Jagatsinghapur,6110.0,50.73,73.61,33.39,3909.0,32.46,47.1,21.36,2025.0,16.81,24.4,11.07,12044.0,145.11,65.81
717,2016,8,Orissa,Jajapur,9592.0,59.86,72.67,40.82,3927.0,24.51,29.75,16.71,2505.0,15.63,18.98,10.66,16024.0,121.39,68.19
717,2017,8,Orissa,Jajapur,11011.0,56.7,89.52,49.38,4896.0,25.21,39.8,21.96,3513.0,18.09,28.56,15.75,19420.0,157.89,87.09
718,2016,8,Orissa,Kendrapara,4888.0,61.47,38.49,20.28,2552.0,32.09,20.09,10.59,512.0,6.44,4.03,2.12,7952.0,62.61,33.0
718,2017,8,Orissa,Kendrapara,4625.0,58.84,35.04,19.68,2556.0,32.52,19.36,10.88,679.0,8.64,5.14,2.89,7860.0,59.55,33.45
719,2016,8,Orissa,Angul,4428.0,61.9,23.06,14.76,1847.0,25.82,9.62,6.16,878.0,12.27,4.57,2.93,7153.0,37.26,23.84
719,2017,8,Orissa,Angul,4354.0,60.2,22.1,14.09,2025.0,28.0,10.28,6.55,853.0,11.79,4.33,2.76,7232.0,36.71,23.4
720,2016,8,Orissa,Gajapati,3310.0,75.01,44.73,23.64,830.0,18.81,11.22,5.93,273.0,6.19,3.69,1.95,4413.0,59.64,31.52
720,2017,8,Orissa,Gajapati,3575.0,71.72,47.04,26.48,1167.0,23.41,15.36,8.64,243.0,4.87,3.2,1.8,4985.0,65.59,36.93
721,2016,8,Orissa,Nuapada,5795.0,65.59,30.66,21.0,2227.0,25.21,11.78,8.07,813.0,9.2,4.3,2.95,8835.0,46.75,32.01
721,2017,8,Orissa,Nuapada,5691.0,63.31,30.11,20.69,2394.0,26.63,12.67,8.71,904.0,10.06,4.78,3.29,8989.0,47.56,32.69
722,2016,8,Orissa,Malkangiri,4373.0,65.07,31.24,20.63,1733.0,25.79,12.38,8.17,614.0,9.14,4.39,2.9,6720.0,48.0,31.7
722,2017,8,Orissa,Malkangiri,7355.0,65.92,31.24,20.63,2881.0,25.82,20.29,13.28,921.0,8.25,6.49,4.24,11157.0,78.57,51.41
723,2016,8,Orissa,Nawarangpur,23343.0,65.39,127.56,81.62,8402.0,23.54,45.91,29.38,3955.0,11.08,21.61,13.83,35700.0,195.08,124.83
723,2017,8,Orissa,Nawarangpur,26515.0,68.87,142.55,96.42,7369.0,19.14,39.62,26.8,4614.0,11.99,24.81,16.78,38498.0,206.98,139.99
724,2016,8,Orissa,Rayagada,8075.0,68.5,46.95,31.92,2320.0,19.68,13.49,9.17,1393.0,11.82,8.1,5.51,11788.0,68.53,46.59
724,2017,8,Orissa,Rayagada,10204.0,66.4,58.64,41.99,3632.0,23.63,20.87,14.95,1532.0,9.97,8.8,6.3,15368.0,88.32,63.24
725,2016,8,Orissa,Khurda,5195.0,65.3,43.29,27.49,1642.0,20.64,13.68,8.69,1119.0,14.06,9.32,5.92,7956.0,66.3,42.1
725,2017,8,Orissa,Khurda,7398.0,59.24,73.25,40.21,2893.0,23.16,28.64,15.72,2198.0,17.6,21.76,11.95,12489.0,123.65,67.88
726,2016,8,Orissa,Nayagarh,5295.0,70.27,41.37,23.96,1578.0,20.94,12.33,7.14,662.0,8.79,5.17,3.0,7535.0,58.87,34.1
726,2017,8,Orissa,Nayagarh,5684.0,61.95,47.76,25.04,2307.0,25.14,19.39,10.16,1184.0,12.9,9.95,5.22,9175.0,77.1,40.42
728,2016,8,Orissa,Boudh,4117.0,64.55,49.01,31.91,1610.0,25.24,19.17,12.48,651.0,10.21,7.75,5.05,6378.0,75.93,49.44
728,2017,8,Orissa,Boudh,3599.0,69.57,41.85,26.08,1015.0,19.62,11.8,7.36,559.0,10.81,6.5,4.05,5173.0,60.15,37.49
729,2016,8,Orissa,Bargarh,12975.0,53.48,40.05,30.53,7657.0,31.56,23.63,18.02,3631.0,14.97,11.21,8.54,24263.0,74.89,57.09
729,2017,8,Orissa,Bargarh,33222.0,58.01,102.54,74.16,15695.0,27.41,48.44,35.03,8353.0,14.59,25.78,18.65,57270.0,176.76,127.83
730,2016,8,Orissa,Deogarh,2463.0,62.02,39.73,24.15,1107.0,27.88,17.85,10.85,401.0,10.1,6.47,3.93,3971.0,64.05,38.93
730,2017,8,Orissa,Deogarh,2093.0,57.44,31.24,18.52,1091.0,29.94,16.28,9.65,460.0,12.62,6.87,4.07,3644.0,54.39,32.25
731,2016,8,Orissa,Jharsuguda,3298.0,58.79,43.97,39.26,1739.0,31.0,23.19,20.7,573.0,10.21,7.64,6.82,5610.0,74.8,66.79
731,2017,8,Orissa,Jharsuguda,3372.0,61.36,56.2,38.76,1401.0,25.5,23.35,16.1,722.0,13.14,12.03,8.3,5495.0,91.58,63.16
732,2016,8,Orissa,Sonepur,6128.0,60.66,48.25,27.6,2379.0,23.55,18.73,10.72,1596.0,15.8,12.57,7.19,10103.0,79.55,45.51
732,2017,8,Orissa,Sonepur,6103.0,57.99,48.44,27.49,2703.0,25.68,21.45,12.18,1718.0,16.32,13.63,7.74,10524.0,83.52,47.41
801,2016,13,West Bengal,24 - Paraganas South,26210.0,48.85,72.75,49.39,18329.0,34.16,50.87,34.54,9115.0,16.99,25.3,17.18,53654.0,148.92,101.1
801,2017,13,West Bengal,24 - Paraganas South,25528.0,53.82,71.22,45.34,13775.0,29.04,38.43,24.47,8133.0,17.15,22.69,14.45,47436.0,132.34,84.26
802,2016,13,West Bengal,24 - Paraganas North,39075.0,54.77,169.16,79.89,16755.0,23.49,72.53,34.25,15512.0,21.74,67.15,31.71,71342.0,308.84,145.85
802,2017,13,West Bengal,24 - Paraganas North,34389.0,51.58,148.91,72.2,16672.0,25.0,72.19,35.0,15616.0,23.42,67.62,32.78,66677.0,288.73,139.98
803,2016,13,West Bengal,Nadia,54158.0,56.0,184.59,79.82,26335.0,27.23,89.76,38.81,16211.0,16.76,55.25,23.89,96704.0,329.61,142.53
803,2017,13,West Bengal,Nadia,54414.0,56.11,185.35,81.11,24854.0,25.63,84.66,37.05,17712.0,18.26,60.33,26.4,96980.0,330.34,144.56
804,2016,13,West Bengal,Murshidabad,77603.0,58.51,194.88,78.94,33313.0,25.12,83.66,33.89,21705.0,16.37,54.51,22.08,132621.0,333.04,134.9
804,2017,13,West Bengal,Murshidabad,73459.0,54.1,184.41,78.06,36570.0,26.93,91.81,38.86,25761.0,18.97,64.67,27.38,135790.0,340.89,144.3
805,2016,13,West Bengal,Burdwan,78064.0,47.49,171.46,105.74,49617.0,30.18,108.98,67.21,36703.0,22.33,80.61,49.72,164384.0,361.05,222.67
805,2017,13,West Bengal,Burdwan,77136.0,44.67,192.82,105.1,52476.0,30.39,131.18,71.5,43060.0,24.94,107.64,58.67,172672.0,431.64,235.27
806,2016,13,West Bengal,Birbhum,49462.0,60.36,151.24,85.47,18208.0,22.22,55.68,31.46,14275.0,17.42,43.65,24.67,81945.0,250.57,141.6
806,2017,13,West Bengal,Birbhum,48688.0,54.99,149.11,78.95,22289.0,25.17,68.26,36.14,17570.0,19.84,53.81,28.49,88547.0,271.18,143.57
807,2016,13,West Bengal,Bankura,36192.0,48.2,106.97,69.49,22650.0,30.16,66.95,43.49,16251.0,21.64,48.03,31.2,75093.0,221.95,144.17
807,2017,13,West Bengal,Bankura,34124.0,42.08,100.4,63.78,26662.0,32.88,78.45,49.83,20307.0,25.04,59.75,37.96,81093.0,238.6,151.57
810,2016,13,West Bengal,Hooghly,54110.0,39.1,256.63,105.55,45941.0,33.2,217.88,89.62,38345.0,27.71,181.86,74.8,138396.0,656.37,269.97
810,2017,13,West Bengal,Hooghly,51337.0,37.94,243.43,98.3,44821.0,33.12,212.54,85.82,39168.0,28.94,185.73,75.0,135326.0,641.7,259.12
811,2016,13,West Bengal,Howrah,10275.0,50.1,124.63,62.08,6199.0,30.23,75.19,37.45,4034.0,19.67,48.93,24.37,20508.0,248.76,123.91
811,2017,13,West Bengal,Howrah,10068.0,47.87,122.46,62.11,5974.0,28.4,72.66,36.85,4990.0,23.73,60.69,30.78,21032.0,255.82,129.75
812,2016,13,West Bengal,Jalpaiguri,65390.0,56.62,321.01,181.62,21829.0,18.9,107.16,60.63,28267.0,24.48,138.77,78.51,115486.0,566.94,320.77
812,2017,13,West Bengal,Jalpaiguri,63435.0,51.06,311.3,189.69,24517.0,19.73,120.31,73.31,36287.0,29.21,178.07,108.51,124239.0,609.69,371.51
813,2016,13,West Bengal,Darjeeling,30159.4901585052,64.62854324253311,149.65983498328396,95.00692099639572,12082.956674049366,25.64201528306417,55.398329108896654,36.34437315906889,3119.6025706332935,9.72940563669664,23.23327467629004,15.06230216691695,46834.39581514174,228.12167872852086,146.30391050959628
813,2017,13,West Bengal,Darjeeling,1778.0,78.33,15.43,11.59,23.0,1.01,0.2,0.15,469.0,20.66,4.07,3.06,2270.0,19.69,14.8
814,2016,13,West Bengal,Malda,58028.0,59.23,245.19,124.64,22359.0,22.82,94.48,48.03,17586.0,17.95,74.31,37.77,97973.0,413.98,210.45
814,2017,13,West Bengal,Malda,46390.0,52.1,198.52,98.56,23274.0,26.14,99.6,49.45,19383.0,21.77,82.95,41.18,89047.0,381.07,189.2
815,2016,13,West Bengal,Kalimpong,30159.4901585052,64.62854324253311,149.65983498328396,95.00692099639572,12082.956674049366,25.64201528306417,55.398329108896654,36.34437315906889,3119.6025706332935,9.72940563669664,23.23327467629004,15.06230216691695,46834.39581514174,228.12167872852086,146.30391050959628
815,2017,13,West Bengal,Kalimpong,30159.4901585052,64.62854324253311,149.65983498328396,95.00692099639572,12082.956674049366,25.64201528306417,55.398329108896654,36.34437315906889,3119.6025706332935,9.72940563669664,23.23327467629004,15.06230216691695,46834.39581514174,228.12167872852086,146.30391050959628
816,2016,13,West Bengal,Cooch Behar,24664.0,56.34,96.29,48.41,12044.0,27.51,47.02,23.64,7069.0,16.15,27.6,13.88,43777.0,170.92,85.93
816,2017,13,West Bengal,Cooch Behar,23700.0,49.27,92.24,43.95,14427.0,29.99,56.15,26.75,9973.0,20.73,38.82,18.49,48100.0,187.21,89.19
817,2016,13,West Bengal,Purulia,9340.0,64.89,30.2,26.27,3566.0,24.78,11.53,10.03,1487.0,10.33,4.81,4.18,14393.0,46.54,40.49
817,2017,13,West Bengal,Purulia,10296.0,64.96,32.83,28.02,3493.0,22.04,11.14,9.5,2061.0,13.0,6.57,5.61,15850.0,50.54,43.13
819,2016,13,West Bengal,Uttar Dinajpur,62497.0,58.95,227.77,122.99,24921.0,23.51,90.83,49.04,18597.0,17.54,67.78,36.6,106015.0,386.38,208.63
819,2017,13,West Bengal,Uttar Dinajpur,56731.0,53.59,207.17,107.5,27101.0,25.6,98.97,51.36,22024.0,20.81,80.43,41.74,105856.0,386.57,200.6
820,2016,13,West Bengal,Dakshin Dinajpur,34946.0,52.53,185.76,114.49,16488.0,24.78,87.64,54.02,15093.0,22.69,80.23,49.45,66527.0,353.63,217.95
820,2017,13,West Bengal,Dakshin Dinajpur,33977.0,47.26,181.22,83.0,16937.0,23.56,90.34,41.37,20979.0,29.18,111.9,51.25,71893.0,383.46,175.61
821,2016,13,West Bengal,Kolkata,30159.4901585052,64.62854324253311,149.65983498328396,95.00692099639572,12082.956674049366,25.64201528306417,55.398329108896654,36.34437315906889,3119.6025706332935,9.72940563669664,23.23327467629004,15.06230216691695,46834.39581514174,228.12167872852086,146.30391050959628
821,2017,13,West Bengal,Kolkata,30159.4901585052,64.62854324253311,149.65983498328396,95.00692099639572,12082.956674049366,25.64201528306417,55.398329108896654,36.34437315906889,3119.6025706332935,9.72940563669664,23.23327467629004,15.06230216691695,46834.39581514174,228.12167872852086,146.30391050959628
823,2016,13,West Bengal,East Midnapore Purba Midnapore,36329.0,47.18,126.31,69.13,27417.0,35.6,95.32,52.17,13260.0,17.22,46.1,25.23,77006.0,267.74,146.53
823,2017,13,West Bengal,East Midnapore Purba Midnapore,32773.0,42.13,114.35,63.49,25740.0,33.09,89.81,49.86,19279.0,24.78,67.27,37.35,77792.0,271.43,150.7
824,2016,13,West Bengal,West Midnapore,63164.0,43.2,121.41,62.88,46235.0,31.62,88.87,46.02,36805.0,25.17,70.74,36.64,146204.0,281.03,145.54
824,2017,13,West Bengal,West Midnapore,68567.0,40.25,178.62,80.53,56493.0,33.16,147.16,66.35,45282.0,26.58,117.96,53.18,170342.0,443.74,200.06
902,2016,2,Bihar,Muzaffarpur,36520.0,67.99,180.25,121.85,10934.0,20.36,53.97,36.48,6256.0,11.65,30.88,20.87,53710.0,265.09,179.2
902,2017,2,Bihar,Muzaffarpur,40261.0,63.35,198.73,134.38,15663.0,24.65,77.31,52.28,7625.0,12.0,37.64,25.45,63549.0,313.68,212.11
903,2016,2,Bihar,Darbhanga,21025.0,68.94,138.44,117.95,6299.0,20.66,41.48,35.34,3172.0,10.4,20.89,17.8,30496.0,200.8,171.09
903,2017,2,Bihar,Darbhanga,22681.0,63.35,153.79,131.92,8934.0,24.96,60.58,51.96,4185.0,11.69,28.38,24.34,35800.0,242.74,208.23
904,2016,2,Bihar,Saharsa,19831.0,65.38,201.07,107.3,5809.0,19.15,58.9,31.43,4690.0,15.46,47.55,25.38,30330.0,307.53,164.11
904,2017,2,Bihar,Saharsa,20275.0,61.36,233.83,119.74,7220.0,21.85,83.27,42.64,5550.0,16.8,64.01,32.78,33045.0,381.11,195.16
905,2016,2,Bihar,Purnea,58086.0,61.02,307.06,243.08,22337.0,23.47,118.08,93.48,14762.0,15.51,78.04,61.78,95185.0,503.18,398.33
905,2017,2,Bihar,Purnea,55958.0,59.19,319.8,287.26,24039.0,25.43,137.38,123.4,14538.0,15.38,83.08,74.63,94535.0,540.27,485.29
906,2016,2,Bihar,Saran,26305.0,83.95,153.42,121.86,4767.0,15.21,27.8,22.08,263.0,0.84,1.53,1.22,31335.0,182.76,145.16
906,2017,2,Bihar,Saran,29052.0,73.32,185.71,151.51,8552.0,21.58,54.67,44.6,2017.0,5.09,12.89,10.52,39621.0,253.27,206.63
907,2016,2,Bihar,Patna,37918.0,71.88,240.38,189.54,10546.0,19.99,66.86,52.72,4289.0,8.13,27.19,21.44,52753.0,334.42,263.69
907,2017,2,Bihar,Patna,39025.0,78.0,222.1,178.26,9297.0,18.58,52.91,42.47,1710.0,3.42,9.73,7.81,50032.0,284.74,228.53
908,2016,2,Bihar,Mungair,7145.0,75.88,169.59,147.47,1099.0,11.67,26.09,22.68,1172.0,12.45,27.82,24.19,9416.0,223.5,194.34
908,2017,2,Bihar,Mungair,7840.0,73.22,184.94,160.95,1925.0,17.98,45.41,39.52,943.0,8.81,22.24,19.36,10708.0,252.59,219.83
909,2016,2,Bihar,Bhagalpur,35303.0,68.64,278.02,227.73,8667.0,16.85,68.26,55.91,7463.0,14.51,58.77,48.14,51433.0,405.05,331.78
909,2017,2,Bihar,Bhagalpur,40588.0,65.44,329.98,271.88,13165.0,21.22,107.03,88.19,8273.0,13.34,67.26,55.42,62026.0,504.27,415.48
910,2016,15,Jharkhand,Santhal Paragana Dumka,6974.0,79.73,125.17,82.13,1754.0,20.05,31.48,20.66,19.0,0.22,0.34,0.22,8747.0,157.0,103.01
910,2017,15,Jharkhand,Santhal Paragana Dumka,5561.0,45.69,100.16,65.15,5506.0,45.23,99.17,64.5,1105.0,9.08,19.9,12.95,12172.0,219.24,142.6
912,2016,2,Bihar,Gaya,35049.0,78.27,190.7,163.08,9020.0,20.14,49.08,41.97,710.0,1.59,3.86,3.3,44779.0,243.64,208.36
912,2017,2,Bihar,Gaya,33658.0,71.09,184.02,158.12,11852.0,25.03,64.8,55.68,1833.0,3.87,10.02,8.61,47343.0,258.84,222.4
913,2016,15,Jharkhand,Hazaribagh,9564.0,73.16,183.03,152.82,3337.0,25.53,63.86,53.32,171.0,1.31,3.27,2.73,13072.0,250.16,208.87
913,2017,15,Jharkhand,Hazaribagh,6667.0,51.55,123.6,104.11,5525.0,42.72,102.43,86.28,740.0,5.72,13.72,11.56,12932.0,239.75,201.95
914,2016,15,Jharkhand,Dhanbad,156.0,80.83,18.84,13.54,37.0,19.17,4.47,3.21,3142.1340854258133,0.010885645424409063,23.320235923634655,15.042621081797716,193.0,23.19,16.67
914,2017,15,Jharkhand,Dhanbad,167.0,45.38,16.49,13.31,147.0,39.95,14.51,11.72,54.0,14.67,5.23,4.22,368.0,36.24,29.25
915,2016,15,Jharkhand,Palamau,7731.0,82.91,54.7,42.93,1512.0,16.21,10.7,8.4,82.0,0.88,0.58,0.46,9325.0,65.98,51.78
915,2017,15,Jharkhand,Palamau,7170.0,58.91,57.68,47.76,4050.0,33.27,32.58,26.98,952.0,7.82,7.66,6.34,12172.0,97.92,81.08
916,2016,15,Jharkhand,Ranchi,19956.0,70.19,100.26,79.05,7777.0,27.35,39.07,30.81,697.0,2.45,3.5,2.76,28430.0,142.83,112.62
916,2017,15,Jharkhand,Ranchi,16011.0,51.32,139.16,60.4,12512.0,40.11,108.75,47.2,2675.0,8.57,23.25,10.09,31198.0,271.16,117.7
918,2016,2,Bihar,Nalanda,45493.0,76.9,253.42,176.02,12005.0,20.29,66.87,46.45,1657.0,2.8,9.23,6.41,59155.0,329.52,228.88
918,2017,2,Bihar,Nalanda,51874.0,74.19,298.74,205.68,15475.0,22.13,89.12,61.36,2568.0,3.67,14.79,10.18,69917.0,402.65,277.23
919,2016,2,Bihar,Nawada,12943.0,85.79,107.59,93.84,2056.0,13.63,17.09,14.91,87.0,0.58,0.72,0.63,15086.0,125.41,109.37
919,2017,2,Bihar,Nawada,12755.0,79.63,106.39,92.85,2956.0,18.45,24.66,21.52,307.0,1.92,2.56,2.23,16018.0,133.61,116.61
920,2016,2,Bihar,Aurangabad,33063.0,75.09,161.01,115.18,10142.0,23.03,49.39,35.33,824.0,1.87,4.01,2.87,44029.0,214.42,153.38
920,2017,2,Bihar,Aurangabad,33434.0,71.61,162.6,116.35,11775.0,25.22,57.27,40.98,1483.0,3.18,7.21,5.16,46692.0,227.08,162.49
921,2016,2,Bihar,Bhojpur,33154.0,79.8,193.48,181.45,7777.0,18.72,45.38,42.56,614.0,1.48,3.58,3.36,41545.0,242.44,227.37
921,2017,2,Bihar,Bhojpur,38234.0,73.9,205.16,191.88,11990.0,23.17,64.34,60.17,1515.0,2.93,8.13,7.6,51739.0,277.63,259.65
922,2016,2,Bihar,Rohtas,54087.0,71.93,218.96,153.36,17446.0,23.2,70.63,49.47,3660.0,4.87,14.82,10.38,75193.0,304.41,213.2
922,2017,2,Bihar,Rohtas,59242.0,71.6,241.7,169.36,19063.0,23.04,77.78,54.5,4430.0,5.35,18.07,12.66,82735.0,337.55,236.53
923,2016,2,Bihar,Siwan,19035.0,88.87,117.54,84.91,2258.0,10.54,13.94,10.07,125.0,0.58,0.77,0.56,21418.0,132.25,95.55
923,2017,2,Bihar,Siwan,23479.0,79.54,142.86,103.86,5191.0,17.59,31.59,22.96,847.0,2.87,5.15,3.75,29517.0,179.6,130.57
924,2016,2,Bihar,Gopalganj,10514.0,88.64,75.49,50.74,984.0,8.3,7.06,4.75,363.0,3.06,2.61,1.75,11861.0,85.16,57.24
924,2017,2,Bihar,Gopalganj,13153.0,80.74,94.3,63.42,2467.0,15.14,17.69,11.9,671.0,4.12,4.81,3.24,16291.0,116.8,78.55
925,2016,2,Bihar,Champaran(East),51885.0,72.95,183.54,125.92,14111.0,19.84,49.92,34.25,5128.0,7.21,18.14,12.45,71124.0,251.6,172.61
925,2017,2,Bihar,Champaran(East),51438.0,66.01,181.46,124.59,19289.0,24.75,68.05,46.72,7199.0,9.24,25.4,17.44,77926.0,274.9,188.75
926,2016,2,Bihar,Champaran(West),47325.0,68.85,190.94,118.36,13265.0,19.3,53.52,33.17,8145.0,11.85,32.86,20.37,68735.0,277.32,171.9
926,2017,2,Bihar,Champaran(West),43582.0,67.36,180.21,111.42,15223.0,23.53,62.95,38.92,5892.0,9.11,24.36,15.06,64697.0,267.52,165.4
927,2016,2,Bihar,Vaishali,41075.0,63.76,339.9,231.18,14182.0,22.01,117.36,79.82,9167.0,14.23,75.86,51.59,64424.0,533.11,362.6
927,2017,2,Bihar,Vaishali,41463.0,59.01,334.63,228.47,19185.0,27.3,154.84,105.72,9620.0,13.69,77.64,53.01,70268.0,567.11,387.2
928,2016,2,Bihar,Sitamarhi,22222.0,73.33,175.66,96.01,5940.0,19.6,46.95,25.66,2141.0,7.07,16.92,9.25,30303.0,239.54,130.92
928,2017,2,Bihar,Sitamarhi,23233.0,68.18,182.04,99.81,7403.0,21.73,58.01,31.8,3439.0,10.09,26.95,14.77,34075.0,267.0,146.38
929,2016,2,Bihar,Madhubani,19992.0,64.48,85.72,58.47,7690.0,24.8,32.97,22.49,3321.0,10.71,14.24,9.71,31003.0,132.94,90.67
929,2017,2,Bihar,Madhubani,23213.0,63.58,99.8,68.26,10808.0,29.6,46.47,31.78,2490.0,6.82,10.71,7.32,36511.0,156.97,107.36
930,2016,2,Bihar,Samastipur,34355.0,67.69,215.44,119.97,9666.0,19.04,60.62,33.75,6734.0,13.27,42.23,23.52,50755.0,318.28,177.24
930,2017,2,Bihar,Samastipur,33982.0,64.81,193.37,110.39,11786.0,22.48,67.07,38.29,6664.0,12.71,37.92,21.65,52432.0,298.36,170.33
931,2016,2,Bihar,Begusarai,39735.0,55.26,351.25,235.43,20402.0,28.37,180.35,120.88,11766.0,16.36,104.01,69.71,71903.0,635.62,426.03
931,2017,2,Bihar,Begusarai,36592.0,59.76,340.12,232.03,15856.0,25.89,147.38,100.54,8788.0,14.35,81.68,55.72,61236.0,569.18,388.29
932,2016,2,Bihar,Katihar,42947.0,61.66,233.39,160.25,16936.0,24.32,92.04,63.2,9764.0,14.02,53.06,36.43,69647.0,378.49,259.88
932,2017,2,Bihar,Katihar,39992.0,57.73,298.38,198.64,17437.0,25.17,130.1,86.61,11851.0,17.11,88.42,58.87,69280.0,516.89,344.12
933,2016,15,Jharkhand,Giridih,2189.0,79.28,53.39,15.26,569.0,20.61,13.88,3.97,3.0,0.11,0.05,0.01,2761.0,67.32,19.24
933,2017,15,Jharkhand,Giridih,1828.0,56.21,20.09,13.8,1148.0,35.3,12.62,8.67,276.0,8.49,3.03,2.08,3252.0,35.74,24.55
934,2016,2,Bihar,Jehanabad,10846.0,87.74,254.25,137.45,1382.0,11.18,32.4,17.51,133.0,1.08,3.12,1.69,12361.0,289.77,156.65
934,2017,2,Bihar,Jehanabad,10511.0,82.41,252.01,135.95,1860.0,14.58,44.6,24.06,383.0,3.0,9.18,4.95,12754.0,305.79,164.96
935,2016,2,Bihar,Madhepura,25763.0,61.79,209.13,141.75,8363.0,20.06,67.89,46.01,7567.0,18.15,61.42,41.63,41693.0,338.44,229.39
935,2017,2,Bihar,Madhepura,30907.0,61.54,243.02,164.47,12081.0,24.05,94.99,64.29,7238.0,14.41,56.91,38.52,50226.0,394.93,267.27
936,2016,2,Bihar,Khagaria,34222.0,64.09,361.79,253.24,10869.0,20.36,114.91,80.43,8303.0,15.55,87.78,61.44,53394.0,564.47,395.11
936,2017,2,Bihar,Khagaria,40673.0,65.37,459.29,322.22,12969.0,20.84,146.45,102.74,8581.0,13.79,96.9,67.98,62223.0,702.63,492.94
937,2016,15,Jharkhand,Godda,3153.0,85.75,43.6,36.71,516.0,14.03,7.14,6.01,8.0,0.22,0.1,0.08,3677.0,50.84,42.79
937,2017,15,Jharkhand,Godda,2544.0,48.09,50.6,41.97,2424.0,45.82,48.21,39.99,322.0,6.09,6.4,5.31,5290.0,105.22,87.27
938,2016,15,Jharkhand,Sahebganj,4843.0,91.74,100.69,99.62,436.0,8.26,9.06,8.97,3142.1340854258133,0.009857603570949891,23.32827726186282,15.042728951754034,5279.0,109.73,108.57
938,2017,15,Jharkhand,Sahebganj,2820.0,50.0,80.2,66.55,2423.0,42.96,68.91,57.18,397.0,7.04,11.29,9.37,5640.0,160.41,133.1
940,2016,15,Jharkhand,Devghar Deogarh,21531.0,75.34,451.23,446.36,6215.0,21.75,130.25,128.84,833.0,2.91,17.46,17.27,28579.0,598.94,592.47
940,2017,15,Jharkhand,Devghar Deogarh,15671.0,42.47,320.97,297.04,15891.0,43.06,325.48,301.21,5341.0,14.47,109.39,101.24,36903.0,755.84,699.49
941,2016,15,Jharkhand,Lohardagga,7947.0,65.27,215.49,156.13,3863.0,31.73,104.75,75.89,366.0,3.01,9.92,7.19,12176.0,330.17,239.21
941,2017,15,Jharkhand,Lohardagga,6856.0,52.37,246.54,141.9,5174.0,39.52,186.05,107.08,1061.0,8.1,38.15,21.96,13091.0,470.75,270.94
942,2016,15,Jharkhand,Gumla,3587.0,86.6,27.34,12.45,526.0,12.7,4.01,1.83,29.0,0.7,0.21,0.1,4142.0,31.56,14.37
942,2017,15,Jharkhand,Gumla,3630.0,65.93,19.94,14.02,1723.0,31.29,9.46,6.65,153.0,2.78,0.84,0.59,5506.0,30.24,21.26
943,2016,15,Jharkhand,Singhbhum East,483.0,93.79,7.91,7.74,19.0,3.69,0.31,0.3,13.0,2.52,0.2,0.19,515.0,8.41,8.24
943,2017,15,Jharkhand,Singhbhum East,805.0,68.69,9.1,8.05,356.0,30.38,4.02,3.56,11.0,0.94,0.11,0.1,1172.0,13.24,11.71
944,2016,15,Jharkhand,Singhbhum West,1301.0,76.3,15.12,11.07,397.0,23.28,4.61,3.38,7.0,0.41,0.07,0.05,1705.0,19.81,14.5
944,2017,15,Jharkhand,Singhbhum West,1521.0,53.88,17.89,11.5,1191.0,42.19,14.01,9.01,111.0,3.93,1.31,0.84,2823.0,33.2,21.34
945,2016,2,Bihar,Araria,42900.0,60.98,368.47,180.25,14682.0,20.87,126.11,61.69,12774.0,18.16,109.72,53.67,70356.0,604.3,295.61
945,2017,2,Bihar,Araria,41043.0,60.11,296.47,154.95,16227.0,23.76,117.21,61.26,11014.0,16.13,79.56,41.58,68284.0,493.24,257.79
946,2016,2,Bihar,Kishanganj,10222.0,72.98,101.25,71.43,2804.0,20.02,27.77,19.59,981.0,7.0,9.72,6.85,14007.0,138.74,97.88
946,2017,2,Bihar,Kishanganj,11608.0,63.97,114.14,80.69,4834.0,26.64,47.53,33.6,1704.0,9.39,16.75,11.84,18146.0,178.42,126.14
947,2016,2,Bihar,Buxar,26476.0,84.4,182.95,130.41,4474.0,14.26,30.92,22.04,418.0,1.33,2.89,2.06,31368.0,216.75,154.51
947,2017,2,Bihar,Buxar,32451.0,76.09,228.97,163.4,9292.0,21.79,65.56,46.79,907.0,2.13,6.4,4.57,42650.0,300.93,214.76
948,2016,2,Bihar,Bhabhua Kaimur,25218.0,79.97,170.76,114.88,5792.0,18.37,39.22,26.38,524.0,1.66,3.55,2.39,31534.0,213.52,143.65
948,2017,2,Bihar,Bhabhua Kaimur,33001.0,74.1,240.02,162.63,10453.0,23.47,76.03,51.51,1082.0,2.43,7.87,5.33,44536.0,323.92,219.47
949,2016,2,Bihar,Banka,19600.0,75.97,159.07,122.38,4429.0,17.17,35.95,27.65,1769.0,6.86,14.36,11.05,25798.0,209.37,161.08
949,2017,2,Bihar,Banka,20191.0,68.98,167.76,130.57,6141.0,20.98,51.02,39.71,2938.0,10.04,24.41,19.0,29270.0,243.2,189.29
950,2016,2,Bihar,Jamui,23623.0,73.53,311.99,166.42,6984.0,21.74,92.24,49.2,1520.0,4.73,20.07,10.71,32127.0,424.3,226.33
950,2017,2,Bihar,Jamui,24196.0,70.85,342.02,191.78,7817.0,22.89,110.5,61.96,2138.0,6.26,30.22,16.95,34151.0,482.74,270.68
951,2016,2,Bihar,Supaul,20842.0,57.88,141.51,85.68,9397.0,26.09,63.8,38.63,5772.0,16.03,39.19,23.73,36011.0,244.5,148.03
951,2017,2,Bihar,Supaul,23807.0,58.03,158.34,94.36,11074.0,26.99,73.65,43.89,6142.0,14.97,40.85,24.34,41023.0,272.85,162.6
952,2016,15,Jharkhand,Chatra,2346.0,76.0,73.18,59.89,729.0,23.62,22.74,18.61,12.0,0.39,0.34,0.28,3087.0,96.26,78.78
952,2017,15,Jharkhand,Chatra,2579.0,54.08,89.45,74.36,2005.0,42.04,69.54,57.81,185.0,3.88,6.42,5.33,4769.0,165.41,137.5
953,2016,15,Jharkhand,Bokaro,1061.0,78.65,36.1,25.76,278.0,20.61,9.46,6.75,10.0,0.74,0.34,0.24,1349.0,45.9,32.75
953,2017,15,Jharkhand,Bokaro,789.0,59.32,28.89,23.05,456.0,34.29,16.7,13.32,85.0,6.39,3.11,2.48,1330.0,48.71,38.85
954,2016,15,Jharkhand,Gadva Garhwa,4820.0,88.25,72.55,52.75,630.0,11.53,9.48,6.89,12.0,0.22,0.17,0.12,5462.0,82.2,59.76
954,2017,15,Jharkhand,Gadva Garhwa,4831.0,57.72,67.42,54.47,3061.0,36.57,42.72,34.51,478.0,5.71,6.67,5.39,8370.0,116.82,94.37
955,2016,15,Jharkhand,Khodrama Koderma,4907.0,79.39,365.21,356.43,1169.0,18.91,87.01,84.91,105.0,1.7,7.81,7.63,6181.0,460.03,448.97
955,2017,15,Jharkhand,Khodrama Koderma,2234.0,59.19,252.97,158.41,1395.0,36.96,157.97,98.92,145.0,3.84,16.42,10.28,3774.0,427.36,267.6
956,2016,2,Bihar,Lakhisarai,5668.0,78.89,110.88,79.45,1339.0,18.64,26.19,18.77,178.0,2.48,3.48,2.49,7185.0,140.56,100.71
956,2017,2,Bihar,Lakhisarai,6323.0,78.31,112.5,81.81,1418.0,17.56,25.23,18.35,333.0,4.12,5.92,4.31,8074.0,143.65,104.46
957,2016,15,Jharkhand,Pakund Pakur,2433.0,87.05,49.9,40.95,362.0,12.95,7.43,6.09,3142.1340854258133,0.010461472290160145,23.32729481907062,15.04271169788639,2795.0,57.31,47.02
957,2017,15,Jharkhand,Pakund Pakur,1888.0,50.59,42.05,19.89,1740.0,46.62,38.75,18.33,104.0,2.79,2.32,1.1,3732.0,83.11,39.31
958,2016,2,Bihar,Sheikapura,9245.0,82.67,215.03,168.99,1878.0,16.79,43.68,34.33,60.0,0.54,1.4,1.1,11183.0,260.1,204.41
958,2017,2,Bihar,Sheikapura,10037.0,77.43,213.49,165.49,2576.0,19.87,54.79,42.47,350.0,2.7,7.44,5.77,12963.0,275.73,213.73
960,2016,2,Bihar,Sheohar,3771.0,77.35,162.99,83.07,756.0,15.51,32.67,16.65,348.0,7.14,15.04,7.67,4875.0,210.7,107.39
960,2017,2,Bihar,Sheohar,4506.0,72.9,192.78,98.75,1170.0,18.93,50.06,25.64,505.0,8.17,21.61,11.07,6181.0,264.44,135.46
961,2016,2,Bihar,Arwal,9604.0,86.77,226.51,146.12,1360.0,12.29,32.08,20.69,104.0,0.94,2.45,1.58,11068.0,261.04,168.39
961,2017,2,Bihar,Arwal,8959.0,80.72,205.0,137.87,1777.0,16.01,40.66,27.35,363.0,3.27,8.31,5.59,11099.0,253.97,170.81
962,2016,15,Jharkhand,Jamtara,1102.0,97.87,21.43,17.79,24.0,2.13,0.47,0.39,3142.1340854258133,0.010180960998141586,23.30075937370271,15.042719419078688,1126.0,21.87,18.17
962,2017,15,Jharkhand,Jamtara,701.0,67.47,12.87,10.74,305.0,29.36,5.6,4.67,33.0,3.18,0.59,0.49,1039.0,19.06,15.91
963,2016,15,Jharkhand,Latehar,4083.0,76.06,150.9,68.74,1190.0,22.17,43.98,20.04,95.0,1.77,3.51,1.6,5368.0,198.4,90.38
963,2017,15,Jharkhand,Latehar,4061.0,65.69,120.13,63.75,1848.0,29.89,54.67,29.01,273.0,4.42,8.08,4.29,6182.0,182.87,97.05
964,2016,15,Jharkhand,Sariakela Kharsawan,232.0,94.69,4.16,3.88,13.0,5.31,0.21,0.2,3142.1340854258133,0.010369911277820165,23.31070498962293,15.042714207347894,245.0,4.35,4.07
964,2017,15,Jharkhand,Sariakela Kharsawan,261.0,83.12,172.50770027903792,95.7047127688116,53.0,16.88,55.398224001022314,36.34434290627804,3142.1340854258133,0.010653343919130975,23.3193451349825,15.042970492002281,314.0,228.1174832206579,132.18316302120547
965,2016,15,Jharkhand,Simdega,810.0,95.63,9.92,9.56,37.0,4.37,0.45,0.44,0.0,0.010250700472511198,23.33622949856679,15.042701201790411,847.0,10.36,9.98
965,2017,15,Jharkhand,Simdega,849.0,82.51,11.2,95.11842186290684,171.0,16.62,2.26,36.344176168825186,0.0,0.87,0.11,15.062707973209852,1029.0,13.56,12.27
999,2016,11,Tamil Nadu,Chennai,31924.00067958115,64.62691916767248,149.65868466608165,95.073805383083,11929.814220931825,25.64113342685323,55.399570297590536,36.34437458969388,0.0,9.732016346853854,23.23324516682196,15.062299880925728,46571.002443924466,228.12296382302836,146.37156077056122
999,2017,11,Tamil Nadu,Chennai,31924.00067958115,64.62691916767248,149.65868466608165,95.073805383083,11929.814220931825,25.64113342685323,55.399570297590536,36.34437458969388,0.0,9.732016346853854,23.23324516682196,15.062299880925728,46571.002443924466,228.12296382302836,146.37156077056122
1001,2016,3,Gujarat,Anand,64086.0,85.2,343.01,163.54,6748.0,8.97,36.12,17.22,0.0,5.83,23.48,11.19,75221.0,402.61,191.95
1001,2017,3,Gujarat,Anand,62563.0,82.27,340.37,162.88,8129.0,10.69,44.23,21.16,0.0,7.04,29.11,13.93,76043.0,413.71,197.98
1002,2016,3,Gujarat,Dahod,21743.0,88.14,97.2,61.99,2657.0,10.77,11.88,7.57,0.0,1.09,1.21,0.77,24670.0,110.29,70.33
1002,2017,3,Gujarat,Dahod,23769.0,86.31,106.28,62.9,3749.0,13.61,16.76,9.92,0.0,0.07,0.09,0.05,27538.0,123.13,72.87
1003,2016,3,Gujarat,Narmada,11659.0,74.35,102.52,91.78,1568.0,10.0,13.79,12.34,0.0,15.65,21.58,19.32,15681.0,137.89,123.44
1003,2017,3,Gujarat,Narmada,14793.0,73.75,130.96,118.1,2131.0,10.62,18.87,17.01,0.0,15.63,27.75,25.03,20059.0,177.58,160.14
1004,2016,3,Gujarat,Navsari,20078.0,62.21,185.57,151.79,6276.0,19.44,58.0,47.45,0.0,18.35,54.74,44.78,32277.0,298.31,244.02
1004,2017,3,Gujarat,Navsari,20799.0,61.23,194.84,182.2,6938.0,20.42,64.99,60.78,0.0,18.35,58.38,54.59,33969.0,318.21,297.57
1005,2016,3,Gujarat,Patan,28237.0,80.29,79.56,55.87,6552.0,18.63,18.46,12.96,0.0,1.08,1.07,0.75,35170.0,99.09,69.59
1005,2017,3,Gujarat,Patan,33312.0,78.75,92.44,61.25,8568.0,20.26,23.78,15.75,0.0,0.99,1.16,0.77,42299.0,117.38,77.77
1006,2016,3,Gujarat,Porbandar,5916.0,59.65,53.49,31.61,3302.0,33.29,29.86,17.64,0.0,7.06,6.33,3.74,9918.0,89.68,53.0
1006,2017,3,Gujarat,Porbandar,7611.0,58.96,68.61,37.49,4701.0,36.42,42.38,23.15,0.0,4.62,5.37,2.94,12908.0,116.37,63.58
1007,2016,4,Haryana,Fatehabad,64040.0,76.35,289.9,148.57,17789.0,21.21,80.53,41.27,0.0,2.44,9.27,4.75,83876.0,379.69,194.59
1007,2017,4,Haryana,Fatehabad,72880.0,77.9,329.6,168.79,17294.0,18.49,78.21,40.05,0.0,3.61,15.29,7.83,93554.0,423.1,216.67
1008,2016,4,Haryana,Jhajjar,21757.0,73.97,143.89,105.86,7152.0,24.31,47.3,34.8,0.0,1.72,3.34,2.46,29414.0,194.54,143.12
1008,2017,4,Haryana,Jhajjar,22078.0,71.73,156.85,89.0,8096.0,26.3,57.52,32.64,0.0,1.97,4.31,2.44,30780.0,218.68,124.07
1009,2016,4,Haryana,Panchkula,5086.0,75.17,231.18,130.41,1384.0,20.46,62.91,35.49,0.0,4.37,13.45,7.59,6766.0,307.55,173.49
1009,2017,4,Haryana,Panchkula,5913.0,77.46,268.77,137.51,1480.0,19.39,67.27,34.42,0.0,3.16,10.95,5.6,7634.0,347.0,177.53
1010,2016,5,Karnataka,Bagalkote,45559.0,53.72,97.17,75.34,23326.0,27.5,49.75,38.57,0.0,18.78,33.97,26.34,84813.0,180.9,140.25
1010,2017,5,Karnataka,Bagalkote,46131.0,55.47,98.57,75.66,20875.0,25.1,44.61,34.24,0.0,19.43,34.53,26.5,83165.0,177.71,136.4
1011,2016,5,Karnataka,Chamaraja Nagar,11297.0,47.46,85.78,74.59,6912.0,29.04,52.48,45.64,0.0,23.5,42.48,36.93,23803.0,180.74,157.16
1011,2017,5,Karnataka,Chamaraja Nagar,12637.0,47.23,82.06,65.25,6515.0,24.35,42.31,33.64,0.0,28.43,49.39,39.28,26758.0,173.77,138.17
1012,2016,5,Karnataka,Davanagere,54418.0,54.61,141.8,134.32,33858.0,33.98,88.23,83.57,0.0,11.41,29.62,28.06,99643.0,259.64,245.95
1012,2017,5,Karnataka,Davanagere,49151.0,56.36,143.22,117.82,27774.0,31.85,80.93,66.58,0.0,11.79,29.96,24.65,87207.0,254.1,209.05
1013,2016,5,Karnataka,Gadag,13475.0,57.88,35.79,23.55,7479.0,32.12,19.86,13.07,0.0,10.0,6.18,4.07,23281.0,61.83,40.69
1013,2017,5,Karnataka,Gadag,13042.0,57.15,34.85,25.78,6996.0,30.65,18.69,13.83,0.0,12.2,7.44,5.5,22822.0,60.98,45.12
1014,2016,5,Karnataka,Haveri,37909.0,58.32,106.92,89.59,21537.0,33.13,60.74,50.9,0.0,8.55,15.67,13.13,65001.0,183.32,153.62
1014,2017,5,Karnataka,Haveri,33889.0,60.74,94.86,81.9,15434.0,27.66,43.2,37.3,0.0,11.59,18.1,15.63,55790.0,156.17,134.83
1015,2016,5,Karnataka,Koppal,40809.0,55.48,113.26,97.55,22592.0,30.72,62.7,54.01,0.0,13.8,28.17,24.27,73552.0,204.13,175.82
1015,2017,5,Karnataka,Koppal,35503.0,57.29,90.89,73.24,17806.0,28.73,45.59,36.73,0.0,13.97,22.17,17.86,61967.0,158.65,127.83
1016,2016,5,Karnataka,Udupi,2858.0,46.48,29.33,26.5,1412.0,22.96,14.49,13.09,0.0,30.56,19.28,17.43,6149.0,63.1,57.03
1016,2017,5,Karnataka,Udupi,2501.0,45.79,25.57,23.08,1252.0,22.92,12.8,11.56,0.0,31.29,17.47,15.77,5462.0,55.83,50.41
1017,2016,9,Punjab,S.B.S Nagar,28460.0,70.89,295.67,152.77,10325.0,25.72,107.27,55.42,0.0,3.39,14.13,7.3,40145.0,417.07,215.49
1017,2017,9,Punjab,S.B.S Nagar,24609.0,73.29,255.66,138.43,6783.0,20.2,70.47,38.16,0.0,6.51,22.7,12.29,33577.0,348.83,188.88
1018,2016,9,Punjab,Shri Mukatsar Sahib,83632.0,81.36,366.61,184.77,17765.0,17.28,77.88,39.25,0.0,1.36,6.11,3.08,102791.0,450.6,227.1
1018,2017,9,Punjab,Shri Mukatsar Sahib,79781.0,83.12,353.41,176.36,14222.0,14.82,63.0,31.44,0.0,2.06,8.78,4.38,95985.0,425.19,212.19
1019,2016,9,Punjab,Moga,82969.0,78.28,429.29,216.28,19825.0,18.7,102.58,51.68,0.0,3.01,16.53,8.33,105988.0,548.39,276.28
1019,2017,9,Punjab,Moga,79118.0,79.95,408.03,204.74,16062.0,16.23,82.84,41.57,0.0,3.82,19.5,9.79,98962.0,510.37,256.1
1020,2016,10,Rajasthan,Karoli,43568.0,85.6,218.42,131.14,7163.0,14.07,35.91,21.56,0.0,0.33,0.84,0.51,50899.0,255.17,153.21
1020,2017,10,Rajasthan,Karoli,19995.0,71.77,107.13,65.84,7747.0,27.81,41.51,25.51,0.0,0.42,0.63,0.39,27860.0,149.27,91.74
1022,2016,11,Tamil Nadu,Karur,4049.0,57.87,86.45,85.31,1433.0,20.48,30.59,30.19,0.0,21.65,32.34,31.92,6997.0,149.38,147.43
1022,2017,11,Tamil Nadu,Karur,4178.0,58.01,55.39,53.72,1325.0,18.4,17.57,17.04,0.0,23.59,22.52,21.84,7202.0,95.48,92.6
1023,2016,11,Tamil Nadu,Namakkal,6734.0,54.86,47.45,41.56,3725.0,30.35,26.25,22.99,0.0,14.79,12.79,11.2,12274.0,86.48,75.75
1023,2017,11,Tamil Nadu,Namakkal,6897.0,46.76,46.6,34.0,4115.0,27.9,27.8,20.29,0.0,25.34,25.26,18.43,14750.0,99.66,72.72
1024,2016,11,Tamil Nadu,Perambular,8091.0,51.8,84.16,82.25,5282.0,33.82,54.94,53.69,0.0,14.38,23.36,22.83,15619.0,162.46,158.77
1024,2017,11,Tamil Nadu,Perambular,15275.0,71.41,153.28,143.98,3889.0,18.18,39.03,36.66,0.0,10.41,22.35,20.99,21391.0,214.66,201.63
1025,2016,11,Tamil Nadu,Theni,11373.0,50.8,104.0,98.48,6852.0,30.61,62.65,59.33,0.0,18.59,38.07,36.05,22388.0,204.72,193.87
1025,2017,11,Tamil Nadu,Theni,8639.0,50.49,78.89,75.39,4456.0,26.04,40.69,38.89,0.0,23.46,36.65,35.03,17109.0,156.23,149.31
1026,2016,11,Tamil Nadu,Tiruvarur,23069.0,66.61,148.91,81.69,4776.0,13.79,30.83,16.91,0.0,19.6,43.82,24.04,34634.0,223.57,122.64
1026,2017,11,Tamil Nadu,Tiruvarur,26043.0,61.78,166.71,88.66,9810.0,23.27,62.8,33.4,0.0,14.95,40.33,21.45,42153.0,269.84,143.5
1027,2016,11,Tamil Nadu,Thiruvallur,24624.0,62.32,247.91,166.83,10124.0,25.62,101.93,68.59,0.0,12.05,47.95,32.27,39511.0,397.79,267.69
1027,2017,11,Tamil Nadu,Thiruvallur,25189.0,62.87,262.15,166.73,9987.0,24.93,103.94,66.11,0.0,12.2,50.87,32.35,40064.0,416.96,265.19
1028,2016,12,Uttar Pradesh,Ambedkar Nagar,29959.0,67.87,172.48,102.88,11715.0,26.54,67.45,40.23,0.0,5.59,14.21,8.48,44143.0,254.14,151.59
1028,2017,12,Uttar Pradesh,Ambedkar Nagar,31008.0,71.26,178.53,106.4,10919.0,25.09,62.87,37.47,0.0,3.65,9.14,5.45,43515.0,250.53,149.32
1029,2016,12,Uttar Pradesh,Kushi Nagar Padrauna,43989.0,68.05,202.89,129.34,16983.0,26.27,78.33,49.93,0.0,5.68,16.93,10.79,64642.0,298.15,190.06
1029,2017,12,Uttar Pradesh,Kushi Nagar Padrauna,32936.0,69.65,151.91,96.84,11650.0,24.63,53.73,34.25,0.0,5.72,12.48,7.95,47291.0,218.12,139.04
1030,2016,16,Uttarakhand,Udham Singh Nagar,120143.0,84.62,875.25,465.08,16015.0,11.28,116.67,61.99,0.0,4.1,42.42,22.54,141981.0,1034.34,549.62
1030,2017,16,Uttarakhand,Udham Singh Nagar,108100.0,84.6,784.91,414.93,13943.0,10.91,101.24,53.52,0.0,4.49,41.67,22.03,127782.0,927.83,490.48
1031,2016,12,Uttar Pradesh,Auraiya,24004.0,67.82,165.42,94.28,9417.0,26.61,64.89,36.99,0.0,5.57,13.59,7.75,35393.0,243.9,139.01
1031,2017,12,Uttar Pradesh,Auraiya,32127.0,71.4,223.2,128.2,12014.0,26.7,83.47,47.94,0.0,1.9,5.93,3.4,44994.0,312.59,179.55
1032,2016,16,Uttarakhand,Bageshwar,259.0,64.43,10.79,6.49,111.0,27.61,4.63,2.78,0.0,7.96,1.33,0.8,402.0,16.75,10.07
1032,2017,16,Uttarakhand,Bageshwar,228.0,69.94,9.34,5.35,77.0,23.62,3.16,1.81,0.0,6.44,0.86,0.49,326.0,13.36,7.65
1033,2016,12,Uttar Pradesh,Bagpat,22821.0,67.6,212.58,130.84,9092.0,26.93,84.69,52.13,0.0,5.47,17.2,10.59,33760.0,314.48,193.56
1033,2017,12,Uttar Pradesh,Bagpat,29543.0,69.77,274.74,169.52,10329.0,24.39,96.06,59.27,0.0,5.83,22.97,14.17,42342.0,393.77,242.97
1034,2016,12,Uttar Pradesh,Balrampur,40067.0,67.86,185.31,111.05,15678.0,26.55,72.51,43.45,0.0,5.59,15.26,9.15,59045.0,273.08,163.65
1034,2017,12,Uttar Pradesh,Balrampur,17687.0,70.96,81.79,48.96,5982.0,24.0,27.66,16.56,0.0,5.04,5.8,3.47,24924.0,115.26,69.0
1035,2016,16,Uttarakhand,Champavat,322.0,72.52,18.78,11.99,85.0,19.14,4.96,3.17,0.0,8.33,2.16,1.38,444.0,25.89,16.53
1035,2017,16,Uttarakhand,Champavat,288.0,72.36,17.05,11.17,75.0,18.84,4.44,2.91,0.0,8.79,2.07,1.36,398.0,23.57,15.43
1036,2016,12,Uttar Pradesh,Chandauli,23428.0,68.07,183.31,100.32,9034.0,26.25,70.68,38.68,0.0,5.68,15.3,8.38,34418.0,269.29,147.38
1036,2017,12,Uttar Pradesh,Chandauli,33943.0,76.91,265.65,145.38,9030.0,20.46,70.67,38.67,0.0,2.63,9.09,4.97,44134.0,345.41,189.02
1037,2016,12,Uttar Pradesh,Chitrakoot,19382.0,67.55,122.34,105.98,7748.0,27.0,48.9,42.37,0.0,5.45,9.87,8.55,28693.0,181.11,156.9
1037,2017,12,Uttar Pradesh,Chitrakoot,11007.0,60.65,70.32,60.37,6699.0,36.91,42.8,36.74,0.0,2.44,2.82,2.42,18148.0,115.94,99.53
1038,2016,12,Uttar Pradesh,G.B.Nagar,9702.0,67.41,183.43,94.94,3917.0,27.21,74.06,38.33,0.0,5.38,14.63,7.57,14393.0,272.12,140.84
1038,2017,12,Uttar Pradesh,G.B.Nagar,16003.0,74.31,302.55,157.09,4870.0,22.61,92.07,47.81,0.0,3.08,12.53,6.51,21536.0,407.16,211.4
1039,2016,12,Uttar Pradesh,Hathras,30063.0,68.04,201.45,117.6,11616.0,26.29,77.84,45.44,0.0,5.67,16.79,9.8,44185.0,296.08,172.84
1039,2017,12,Uttar Pradesh,Hathras,50116.0,63.38,335.68,196.24,21432.0,27.11,143.55,83.92,0.0,9.51,50.36,29.44,79067.0,529.6,309.6
1040,2016,12,Uttar Pradesh,Amroha J.B.Fulenagar,30567.0,67.66,174.58,109.11,12128.0,26.84,69.27,43.29,0.0,5.5,14.18,8.86,45178.0,258.03,161.27
1040,2017,12,Uttar Pradesh,Amroha J.B.Fulenagar,32125.0,78.13,183.29,114.35,7135.0,17.35,40.71,25.4,0.0,4.52,10.6,6.61,41118.0,234.6,146.36
1041,2016,12,Uttar Pradesh,Kannauj,23546.0,67.79,151.98,89.2,9260.0,26.66,59.77,35.08,0.0,5.56,12.46,7.31,34736.0,224.21,131.6
1041,2017,12,Uttar Pradesh,Kannauj,45642.0,72.46,294.58,172.73,12783.0,20.29,82.5,48.38,0.0,7.25,29.48,17.28,62992.0,406.57,238.4
1042,2016,12,Uttar Pradesh,Kushambi,20360.0,68.03,165.01,101.03,7874.0,26.31,63.82,39.07,0.0,5.67,13.75,8.42,29930.0,242.58,148.52
1042,2017,12,Uttar Pradesh,Kushambi,24711.0,70.47,199.5,122.17,8232.0,23.47,66.46,40.7,0.0,6.06,17.16,10.51,35068.0,283.12,173.38
1043,2016,16,Uttarakhand,Rudraprayag,31924.00067958115,64.62691916767248,149.65868466608165,95.073805383083,11929.814220931825,25.64113342685323,55.399570297590536,36.34437458969388,0.0,9.732016346853854,23.23324516682196,15.062299880925728,46571.002443924466,228.12296382302836,146.37156077056122
1043,2017,16,Uttarakhand,Rudraprayag,31924.00067958115,64.62691916767248,149.65868466608165,95.073805383083,11929.814220931825,25.64113342685323,55.399570297590536,36.34437458969388,0.0,9.732016346853854,23.23324516682196,15.062299880925728,46571.002443924466,228.12296382302836,146.37156077056122
1044,2016,12,Uttar Pradesh,Santh Ravi Das Nagar Bhadoi,9717.0,67.83,143.46,97.26,3810.0,26.6,56.25,38.13,0.0,5.58,11.8,8.0,14326.0,211.51,143.39
1044,2017,12,Uttar Pradesh,Santh Ravi Das Nagar Bhadoi,8789.0,58.83,129.68,86.17,5444.0,36.44,80.33,53.38,0.0,4.73,10.43,6.93,14940.0,220.44,146.48
1045,2016,12,Uttar Pradesh,Santh Kabir Nagar,21477.0,67.94,188.33,100.42,8355.0,26.43,73.26,39.07,0.0,5.63,15.6,8.32,31611.0,277.19,147.8
1045,2017,12,Uttar Pradesh,Santh Kabir Nagar,14964.0,67.56,131.27,70.88,6406.0,28.92,56.2,30.34,0.0,3.51,6.83,3.69,22148.0,194.3,104.91
1046,2016,12,Uttar Pradesh,Shravasti,21405.0,67.99,174.85,109.34,8300.0,26.36,67.8,42.4,0.0,5.65,14.53,9.09,31484.0,257.18,160.83
1046,2017,12,Uttar Pradesh,Shravasti,9261.0,64.01,75.65,48.41,4557.0,31.5,37.22,23.82,0.0,4.49,5.3,3.39,14467.0,118.17,75.63
1047,2016,17,Assam,Bongaigaon,6678.0,66.46,112.37,71.34,1637.0,16.29,27.55,17.49,0.0,17.25,29.16,18.51,10048.0,169.08,107.35
1047,2017,17,Assam,Bongaigaon,6820.0,62.81,113.76,76.75,2080.0,19.16,34.69,23.41,0.0,18.03,32.66,22.03,10858.0,181.11,122.19
1048,2016,17,Assam,Dhemaji,3761.0,66.47,53.02,31.94,921.0,16.28,12.98,7.82,0.0,17.25,13.76,8.29,5658.0,79.76,48.05
1048,2017,17,Assam,Dhemaji,3841.0,62.29,54.15,34.3,1227.0,19.9,17.3,10.96,0.0,17.81,15.48,9.81,6166.0,86.93,55.07
1049,2016,17,Assam,Hailakandi,6018.0,66.47,124.8,83.22,1474.0,16.28,30.57,20.38,0.0,17.25,32.39,21.6,9054.0,187.76,125.2
1049,2017,17,Assam,Hailakandi,6145.0,62.25,127.43,88.96,1964.0,19.89,40.73,28.43,0.0,17.86,36.56,25.52,9872.0,204.72,142.91
1050,2016,17,Assam,Marigaon,7138.0,66.46,97.04,54.68,1749.0,16.28,23.78,13.4,0.0,17.25,25.19,14.2,10740.0,146.02,82.28
1050,2017,17,Assam,Marigaon,7290.0,62.24,99.12,56.66,2329.0,19.89,31.67,18.1,0.0,17.87,28.46,16.27,11712.0,159.24,91.03
1051,2016,17,Assam,Tinsukia,6835.0,66.47,52.29,45.77,1674.0,16.28,12.81,11.21,0.0,17.25,13.57,11.88,10283.0,78.67,68.86
1051,2017,17,Assam,Tinsukia,6980.0,62.24,53.4,48.69,2231.0,19.89,17.07,15.56,0.0,17.87,15.33,13.98,11215.0,85.8,78.23
1055,2016,14,Chhattisgarh,Dantewara,21.0,34.43,0.21,0.21,28.0,45.9,0.28,0.28,0.0,19.67,0.12,0.12,61.0,0.61,0.6
1055,2017,14,Chhattisgarh,Dantewara,31924.00067958115,64.62691916767248,149.65868466608165,95.073805383083,11929.814220931825,25.64113342685323,55.399570297590536,36.34437458969388,0.0,9.732016346853854,23.23324516682196,15.062299880925728,46571.002443924466,228.12296382302836,146.37156077056122
1056,2016,14,Chhattisgarh,Dhamtari,20156.0,52.2,140.41,89.02,14964.0,38.75,104.24,66.09,0.0,9.05,24.35,15.44,38616.0,269.01,170.56
1056,2017,14,Chhattisgarh,Dhamtari,14917.0,60.56,103.53,71.01,7746.0,31.45,53.76,36.87,0.0,7.99,13.65,9.36,24630.0,170.95,117.24
1057,2016,6,Madhya Pradesh,Dindori,2072.0,64.69,10.32,7.16,1114.0,34.78,5.55,3.85,0.0,0.53,0.08,0.06,3203.0,15.95,11.06
1057,2017,6,Madhya Pradesh,Dindori,2031.0,68.55,10.7,7.39,923.0,31.15,4.86,3.36,0.0,0.3,0.05,0.03,2963.0,15.6,10.78
1058,2016,6,Madhya Pradesh,Harda,26649.0,63.81,142.76,72.73,14310.0,34.27,76.66,39.05,0.0,1.92,4.3,2.19,41762.0,223.72,113.97
1058,2017,6,Madhya Pradesh,Harda,23796.0,56.43,126.93,64.32,16103.0,38.19,85.89,43.53,0.0,5.38,12.09,6.13,42166.0,224.92,113.97
1059,2016,14,Chhattisgarh,Janjgir,25949.0,63.69,101.02,94.07,12790.0,31.39,49.79,46.37,0.0,4.91,7.79,7.26,40741.0,158.61,147.69
1059,2017,14,Chhattisgarh,Janjgir,30104.0,68.85,117.02,111.77,12053.0,27.57,46.85,44.75,0.0,3.58,6.09,5.82,43724.0,169.96,162.34
1060,2016,6,Madhya Pradesh,Barwani,25906.0,63.04,112.84,86.64,11633.0,28.31,50.67,38.9,0.0,8.66,15.49,11.9,41096.0,179.0,137.44
1060,2017,6,Madhya Pradesh,Barwani,25924.0,59.83,113.21,84.09,12490.0,28.83,54.54,40.51,0.0,11.34,21.46,15.94,43329.0,189.22,140.55
1061,2016,6,Madhya Pradesh,Katni,22135.0,66.55,102.57,71.22,10915.0,32.82,50.58,35.12,0.0,0.63,0.97,0.68,33260.0,154.11,107.02
1061,2017,6,Madhya Pradesh,Katni,23189.0,65.48,105.37,68.57,11962.0,33.78,54.35,35.37,0.0,0.74,1.2,0.78,35414.0,160.91,104.72
1062,2016,6,Madhya Pradesh,Neemuch,17295.0,63.72,94.31,55.49,7555.0,27.83,41.2,24.24,0.0,8.45,12.51,7.36,27144.0,148.02,87.1
1062,2017,6,Madhya Pradesh,Neemuch,17106.0,64.62,93.75,53.3,7229.0,27.31,39.62,22.52,0.0,8.07,11.71,6.66,26471.0,145.07,82.48
1063,2016,6,Madhya Pradesh,Sheopur Kalan,15615.0,73.18,92.3,56.18,5535.0,25.94,32.72,19.91,0.0,0.89,1.12,0.68,21339.0,126.13,76.77
1063,2017,6,Madhya Pradesh,Sheopur Kalan,15268.0,70.22,91.3,58.29,6289.0,28.93,37.61,24.01,0.0,0.85,1.11,0.71,21742.0,130.01,83.0
1064,2016,6,Madhya Pradesh,Umaria,2780.0,59.77,27.59,20.09,1851.0,39.8,18.37,13.37,0.0,0.43,0.2,0.14,4651.0,46.16,33.61
1064,2017,6,Madhya Pradesh,Umaria,3489.0,61.61,34.87,24.65,2140.0,37.79,21.39,15.12,0.0,0.6,0.34,0.24,5663.0,56.59,40.01
1065,2016,14,Chhattisgarh,Koriya,9025.0,72.17,92.09,82.35,2579.0,20.62,26.32,23.53,0.0,7.21,9.2,8.23,12506.0,127.61,114.11
1065,2017,14,Chhattisgarh,Koriya,4710.0,60.45,48.53,43.69,2462.0,31.6,25.37,22.84,0.0,7.96,6.39,5.75,7792.0,80.28,72.27
1066,2016,14,Chhattisgarh,Jashpur,4041.0,50.85,16.53,15.7,3143.0,39.55,12.85,12.21,0.0,9.6,3.12,2.96,7947.0,32.5,30.88
1066,2017,14,Chhattisgarh,Jashpur,1917.0,49.99,7.82,7.46,1517.0,39.56,6.18,5.9,0.0,10.46,1.63,1.56,3835.0,15.63,14.92
1067,2016,14,Chhattisgarh,Korba,5583.0,61.59,43.22,40.65,3076.0,33.93,23.81,22.4,0.0,4.48,3.14,2.96,9065.0,70.18,66.01
1067,2017,14,Chhattisgarh,Korba,3669.0,62.56,28.73,27.26,1777.0,30.3,13.92,13.2,0.0,7.14,3.28,3.11,5865.0,45.93,43.58
1068,2016,14,Chhattisgarh,Kawardha,16279.0,55.36,87.96,59.7,10337.0,35.15,55.86,37.91,0.0,9.49,15.09,10.24,29408.0,158.91,107.84
1068,2017,14,Chhattisgarh,Kawardha,12976.0,53.44,69.91,48.63,8211.0,33.82,44.24,30.77,0.0,12.74,16.67,11.59,24281.0,130.81,90.99
1069,2016,14,Chhattisgarh,Mahasmund,25341.0,59.15,94.46,82.76,13577.0,31.69,50.61,44.34,0.0,9.15,14.62,12.81,42839.0,159.68,139.91
1069,2017,14,Chhattisgarh,Mahasmund,20063.0,57.93,74.81,66.34,10257.0,29.62,38.25,33.91,0.0,12.45,16.08,14.26,34632.0,129.13,114.51
1070,2016,14,Chhattisgarh,Kanker,12185.0,58.28,58.05,53.83,6347.0,30.36,30.24,28.04,0.0,11.37,11.32,10.5,20909.0,99.61,92.38
1070,2017,14,Chhattisgarh,Kanker,11555.0,58.65,55.52,51.65,5986.0,30.38,28.76,26.76,0.0,10.97,10.39,9.66,19703.0,94.67,88.07
1071,2016,6,Madhya Pradesh,Anuppur,1690.0,61.5,11.06,8.86,1032.0,37.55,6.75,5.41,0.0,0.95,0.17,0.14,2748.0,17.98,14.41
1071,2017,6,Madhya Pradesh,Anuppur,1910.0,60.23,12.46,10.04,1219.0,38.44,7.95,6.41,0.0,1.32,0.27,0.22,3171.0,20.68,16.67
1072,2016,7,Maharashtra,Gondia,21040.0,65.5,115.8,85.25,10062.0,31.32,55.38,40.77,0.0,3.18,5.61,4.13,32122.0,176.79,130.15
1072,2017,7,Maharashtra,Gondia,16262.0,68.19,89.45,69.56,6871.0,28.81,37.79,29.39,0.0,3.0,3.93,3.06,23848.0,131.18,102.0
1073,2016,7,Maharashtra,Hingoli,17245.0,50.67,52.38,29.93,11879.0,34.91,36.08,20.62,0.0,14.42,14.91,8.52,34031.0,103.37,59.06
1073,2017,7,Maharashtra,Hingoli,19126.0,47.31,56.47,32.14,15429.0,38.16,45.55,25.93,0.0,14.53,17.35,9.87,40431.0,119.37,67.94
1074,2016,7,Maharashtra,Nandurbar,36630.0,60.85,137.76,107.39,12781.0,21.23,48.07,37.47,0.0,17.92,40.57,31.62,60198.0,226.39,176.48
1074,2017,7,Maharashtra,Nandurbar,36418.0,56.98,148.52,113.66,13824.0,21.63,56.38,43.15,0.0,21.39,55.76,42.67,63915.0,260.66,199.49
1075,2016,7,Maharashtra,Washim,18263.0,54.15,47.93,34.21,13179.0,39.07,34.59,24.68,0.0,6.78,6.0,4.28,33729.0,88.53,63.17
1075,2017,7,Maharashtra,Washim,11111.0,45.28,29.13,21.65,11104.0,45.25,29.11,21.64,0.0,9.47,6.09,4.53,24539.0,64.34,47.82
1076,2016,7,Maharashtra,Mumbai sub,31924.00067958115,64.62691916767248,149.65868466608165,95.073805383083,11929.814220931825,25.64113342685323,55.399570297590536,36.34437458969388,0.0,9.732016346853854,23.23324516682196,15.062299880925728,46571.002443924466,228.12296382302836,146.37156077056122
1076,2017,7,Maharashtra,Mumbai sub,31924.00067958115,64.62691916767248,149.65868466608165,95.073805383083,11929.814220931825,25.64113342685323,55.399570297590536,36.34437458969388,0.0,9.732016346853854,23.23324516682196,15.062299880925728,46571.002443924466,228.12296382302836,146.37156077056122
1077,2016,11,Tamil Nadu,Ariyalur,8375.0,56.93,93.5,82.35,4440.0,30.18,49.57,43.66,0.0,12.88,21.16,18.63,14710.0,164.22,144.64
1077,2017,11,Tamil Nadu,Ariyalur,8437.0,61.96,90.19,77.91,3273.0,24.04,34.99,30.22,0.0,14.0,20.39,17.61,13617.0,145.57,125.74
1080,2016,11,Tamil Nadu,Krishnagiri,10281.0,48.47,64.44,57.1,8340.0,39.32,52.27,46.32,0.0,12.22,16.25,14.4,21213.0,132.95,117.81
1080,2017,11,Tamil Nadu,Krishnagiri,12267.0,56.84,74.2,58.13,6538.0,30.3,39.55,30.98,0.0,12.86,16.79,13.16,21581.0,130.55,102.27
1081,2016,6,Madhya Pradesh,Ashoknagar,9793.0,53.76,31.76,18.93,8196.0,44.99,26.58,15.84,0.0,1.25,0.74,0.44,18216.0,59.08,35.21
1081,2017,6,Madhya Pradesh,Ashoknagar,11093.0,49.33,36.16,19.55,11171.0,49.68,36.42,19.69,0.0,0.99,0.72,0.39,22486.0,73.3,39.63
1082,2016,6,Madhya Pradesh,Burhanpur,16816.0,48.89,163.13,128.69,6340.0,18.43,61.51,48.52,0.0,32.68,109.04,86.02,34396.0,333.68,263.23
1082,2017,6,Madhya Pradesh,Burhanpur,17884.0,45.04,174.47,133.26,7807.0,19.66,76.16,58.17,0.0,35.3,136.75,104.45,39708.0,387.39,295.89
2001,2016,3,Gujarat,Tapi,15162.0,70.56,106.61,83.9,3786.0,17.62,26.62,20.95,0.0,11.82,17.87,14.06,21489.0,151.1,118.91
2001,2017,3,Gujarat,Tapi,17071.0,69.24,114.49,95.23,4456.0,18.07,29.89,24.86,0.0,12.68,20.97,17.44,24654.0,165.35,137.53
2002,2016,4,Haryana,Mewat,20171.0,66.09,195.83,109.62,9649.0,31.62,93.68,52.44,0.0,2.29,6.8,3.8,30520.0,296.31,165.87
2002,2017,4,Haryana,Mewat,19433.0,69.57,176.98,104.87,7661.0,27.43,69.77,41.34,0.0,3.0,7.64,4.53,27933.0,254.39,150.74
2003,2016,4,Haryana,Palwal,62652.0,77.62,620.32,319.65,14630.0,18.13,144.85,74.64,0.0,4.25,34.0,17.52,80716.0,799.17,411.82
2003,2017,4,Haryana,Palwal,49762.0,76.75,492.0,257.53,12207.0,18.83,120.69,63.17,0.0,4.43,28.38,14.85,64839.0,641.07,335.55
2004,2016,5,Karnataka,Ramanagaram,9757.0,80.38,64.63,60.11,1593.0,13.12,10.55,9.81,0.0,6.5,5.23,4.86,12139.0,80.41,74.78
2004,2017,5,Karnataka,Ramanagaram,13801.0,85.81,85.73,80.09,1566.0,9.74,9.73,9.09,0.0,4.45,4.45,4.15,16083.0,99.91,93.33
2005,2016,5,Karnataka,Chikkaballapur,14398.0,50.77,71.03,67.47,10513.0,37.07,51.86,49.26,0.0,12.16,17.01,16.15,28358.0,139.9,132.89
2005,2017,5,Karnataka,Chikkaballapur,15757.0,53.04,79.05,71.01,10128.0,34.09,50.81,45.65,0.0,12.87,19.19,17.24,29710.0,149.06,133.9
2006,2016,6,Madhya Pradesh,Alirajpur,8904.0,79.0,52.78,42.43,2350.0,20.85,13.93,11.2,0.0,0.15,0.1,0.08,11271.0,66.82,53.71
2006,2017,6,Madhya Pradesh,Alirajpur,9871.0,82.02,58.88,47.99,2156.0,17.91,12.86,10.48,0.0,0.07,0.05,0.04,12035.0,71.79,58.51
2007,2016,6,Madhya Pradesh,Singrauli,4196.0,70.04,24.92,18.31,1787.0,29.83,10.61,7.8,0.0,0.13,0.05,0.03,5991.0,35.58,26.14
2007,2017,6,Madhya Pradesh,Singrauli,5478.0,68.59,32.59,23.88,2492.0,31.2,14.83,10.86,0.0,0.21,0.1,0.07,7987.0,47.52,34.82
2009,2016,9,Punjab,Taran Taran,66003.0,79.44,303.32,167.84,15384.0,18.52,70.7,39.12,0.0,2.04,7.78,4.31,83081.0,381.8,211.27
2009,2017,9,Punjab,Taran Taran,62152.0,81.46,285.62,155.68,11840.0,15.52,54.41,29.66,0.0,3.03,10.62,5.79,76302.0,350.65,191.12
2010,2016,9,Punjab,Barnala,42885.0,72.89,344.9,174.65,14558.0,24.74,117.08,59.29,0.0,2.37,11.21,5.68,58837.0,473.19,239.62
2010,2017,9,Punjab,Barnala,39034.0,74.69,316.44,160.02,11236.0,21.5,91.09,46.06,0.0,3.81,16.16,8.17,52263.0,423.69,214.25
2011,2016,9,Punjab,S.A.S Nagar,17638.0,68.03,227.7,166.45,6943.0,26.78,89.63,65.52,0.0,5.19,17.38,12.7,25927.0,334.71,244.68
2011,2017,9,Punjab,S.A.S Nagar,13787.0,72.11,178.2,138.93,3399.0,17.78,43.93,34.25,0.0,10.12,25.0,19.49,19120.0,247.14,192.68
2012,2016,10,Rajasthan,Pratapgarh,18685.0,71.69,101.51,61.18,6418.0,24.62,34.87,21.02,0.0,3.69,5.22,3.15,26064.0,141.6,85.34
2012,2017,10,Rajasthan,Pratapgarh,21052.0,65.83,114.71,68.66,10153.0,31.75,55.32,33.11,0.0,2.42,4.21,2.52,31978.0,174.24,104.29
2013,2016,12,Uttar Pradesh,Kasganj Khansi Ram Nagar,41715.0,68.65,290.72,154.07,15430.0,25.39,107.54,56.99,0.0,5.95,25.21,13.36,60763.0,423.47,224.43
2013,2017,12,Uttar Pradesh,Kasganj Khansi Ram Nagar,21692.0,68.49,151.1,80.06,8777.0,27.71,61.14,32.39,0.0,3.79,8.37,4.43,31670.0,220.61,116.88
2014,2016,14,Chhattisgarh,Bijapur,683.0,60.77,10.53,10.52,420.0,37.37,6.46,6.45,0.0,1.87,0.31,0.31,1124.0,17.29,17.28
2014,2017,14,Chhattisgarh,Bijapur,738.0,60.99,11.28,11.27,457.0,37.77,6.98,6.98,0.0,1.24,0.23,0.23,1210.0,18.49,18.48
2015,2016,14,Chhattisgarh,Narayanpur,445.0,44.5,14.12,13.98,463.0,46.3,14.69,14.54,0.0,9.2,2.92,2.89,1000.0,31.72,31.41
2015,2017,14,Chhattisgarh,Narayanpur,402.0,52.48,12.67,12.55,274.0,35.77,8.63,8.55,0.0,11.75,2.84,2.81,766.0,24.13,23.91
2017,2016,17,Assam,Udalguri,3430.0,66.47,29.59,21.69,840.0,16.28,7.25,5.31,0.0,17.25,7.68,5.63,5160.0,44.52,32.64
2017,2017,17,Assam,Udalguri,3504.0,62.25,30.23,22.26,1120.0,19.9,9.66,7.11,0.0,17.85,8.67,6.38,5629.0,48.57,35.76
2018,2016,17,Assam,Baksa,4375.0,66.77,50.82,30.81,1071.0,16.35,12.44,7.54,0.0,16.88,12.85,7.79,6552.0,76.1,46.14
2018,2017,17,Assam,Baksa,4468.0,62.23,51.9,31.45,1428.0,19.89,16.59,10.05,0.0,17.88,14.91,9.04,7180.0,83.4,50.54
2019,2016,17,Assam,Chirang,3152.0,66.47,40.79,36.24,772.0,16.28,9.99,8.88,0.0,17.25,10.58,9.4,4742.0,61.36,54.52
2019,2017,17,Assam,Chirang,3219.0,61.07,54.02,37.14,1128.0,21.4,18.93,13.01,0.0,17.53,15.5,10.66,5271.0,88.45,60.82
2020,2016,11,Tamil Nadu,Thiruppur,8875.0,48.96,54.1,53.81,4735.0,26.12,28.86,28.71,0.0,24.92,27.54,27.39,18127.0,110.5,109.9
2020,2017,11,Tamil Nadu,Thiruppur,10674.0,48.62,60.39,59.8,5460.0,24.87,30.89,30.59,0.0,26.51,32.92,32.6,21953.0,124.21,122.98
2023,2016,15,Jharkhand,Khunti,1578.0,81.72,25.91,20.8,331.0,17.14,5.44,4.36,0.0,1.14,0.36,0.29,1931.0,31.71,25.45
2023,2017,15,Jharkhand,Khunti,1547.0,64.59,26.98,22.55,795.0,33.19,13.86,11.59,0.0,2.21,0.92,0.77,2395.0,41.77,34.91
2024,2016,15,Jharkhand,Ramgadh,1716.0,88.54,512.7,79.43,210.0,10.84,62.74,9.72,0.0,0.62,3.59,0.56,1938.0,579.03,89.71
2024,2017,15,Jharkhand,Ramgadh,1540.0,65.95,72.61,57.59,712.0,30.49,33.57,26.63,0.0,3.55,3.91,3.1,2335.0,110.09,87.32
2025,2016,5,Karnataka,Yadagiri,50334.0,55.08,150.15,124.93,31900.0,34.91,95.16,79.18,0.0,10.02,27.31,22.72,91388.0,272.62,226.83
2025,2017,5,Karnataka,Yadagiri,50833.0,55.82,162.19,130.87,30981.0,34.02,98.85,79.76,0.0,10.16,29.52,23.82,91067.0,290.56,234.44
2026,2016,12,Uttar Pradesh,Amethi C.S.M.Nagar,32801.0,68.17,221.27,136.76,12553.0,26.09,84.68,52.34,0.0,5.73,18.61,11.5,48113.0,324.55,200.6
2026,2017,12,Uttar Pradesh,Amethi C.S.M.Nagar,28170.0,64.6,193.99,117.16,14045.0,32.21,96.72,58.41,0.0,3.19,9.59,5.79,43607.0,300.3,181.36
2027,2016,7,Maharashtra,Mumbai City,31924.00067958115,64.62691916767248,149.65868466608165,95.073805383083,11929.814220931825,25.64113342685323,55.399570297590536,36.34437458969388,0.0,9.732016346853854,23.23324516682196,15.062299880925728,46571.002443924466,228.12296382302836,146.37156077056122
2027,2017,7,Maharashtra,Mumbai City,31924.00067958115,64.62691916767248,149.65868466608165,95.073805383083,11929.814220931825,25.64113342685323,55.399570297590536,36.34437458969388,0.0,9.732016346853854,23.23324516682196,15.062299880925728,46571.002443924466,228.12296382302836,146.37156077056122
2028,2016,17,Assam,Kamrup(Metro),31924.00067958115,64.62691916767248,149.65868466608165,95.073805383083,11929.814220931825,25.64113342685323,55.399570297590536,36.34437458969388,0.0,9.732016346853854,23.23324516682196,15.062299880925728,46571.002443924466,228.12296382302836,146.37156077056122
2028,2017,17,Assam,Kamrup(Metro),31924.00067958115,64.62691916767248,149.65868466608165,95.073805383083,11929.814220931825,25.64113342685323,55.399570297590536,36.34437458969388,0.0,9.732016346853854,23.23324516682196,15.062299880925728,46571.002443924466,228.12296382302836,146.37156077056122
2030,2016,9,Punjab,Pathankot,31924.00067958115,64.62691916767248,149.65868466608165,95.073805383083,11929.814220931825,25.64113342685323,55.399570297590536,36.34437458969388,0.0,9.732016346853854,23.23324516682196,15.062299880925728,46571.002443924466,228.12296382302836,146.37156077056122
2030,2017,9,Punjab,Pathankot,31924.00067958115,64.62691916767248,149.65868466608165,95.073805383083,11929.814220931825,25.64113342685323,55.399570297590536,36.34437458969388,0.0,9.732016346853854,23.23324516682196,15.062299880925728,46571.002443924466,228.12296382302836,146.37156077056122
2031,2016,12,Uttar Pradesh,Sambhal,37810.0,67.85,196.24,101.29,14806.0,26.57,76.84,39.66,0.0,5.58,16.15,8.34,55728.0,289.23,149.29
2031,2017,12,Uttar Pradesh,Sambhal,28495.0,64.34,147.96,76.39,13885.0,31.35,72.1,37.22,0.0,4.31,9.91,5.12,44289.0,229.97,118.73
2032,2016,12,Uttar Pradesh,Shamli,19167.0,67.96,180.81,112.91,7449.0,26.41,70.27,43.88,0.0,5.63,14.98,9.35,28204.0,266.06,166.14
2032,2017,12,Uttar Pradesh,Shamli,24908.0,74.47,234.96,146.77,7650.0,22.87,72.16,45.08,0.0,2.66,8.39,5.24,33447.0,315.51,197.08
2033,2016,12,Uttar Pradesh,Hapur,16720.0,67.62,192.15,115.53,6653.0,26.91,76.46,45.97,0.0,5.48,15.56,9.36,24727.0,284.17,170.85
2033,2017,12,Uttar Pradesh,Hapur,31600.0,75.09,361.11,221.04,8873.0,21.08,101.4,62.07,0.0,3.83,18.4,11.26,42083.0,480.9,294.37
2034,2016,14,Chhattisgarh,Balod,21923.0,51.51,123.5,88.44,15179.0,35.67,85.51,61.24,0.0,12.82,30.74,22.02,42559.0,239.74,171.7
2034,2017,14,Chhattisgarh,Balod,20506.0,58.37,115.87,84.48,10548.0,30.03,59.6,43.45,0.0,11.6,23.03,16.79,35130.0,198.5,144.73
2035,2016,14,Chhattisgarh,Baloda Bazar,21668.0,60.51,92.35,78.57,11313.0,31.59,48.22,41.02,0.0,7.9,12.05,10.25,35809.0,152.62,129.84
2035,2017,14,Chhattisgarh,Baloda Bazar,21203.0,61.05,92.52,83.38,10426.0,30.02,45.49,41.0,0.0,8.94,13.54,12.21,34733.0,151.55,136.59
2036,2016,14,Chhattisgarh,Balrampur,4212.0,43.67,26.95,23.44,4358.0,45.18,27.89,24.25,0.0,11.15,6.89,5.99,9646.0,61.72,53.68
2036,2017,14,Chhattisgarh,Balrampur,3773.0,56.09,24.36,21.28,2362.0,35.11,15.25,13.32,0.0,8.8,3.82,3.34,6727.0,43.44,37.93
2037,2016,14,Chhattisgarh,Bemetra,19243.0,53.98,85.26,55.59,13123.0,36.81,58.15,37.91,0.0,9.21,14.54,9.48,35648.0,157.95,102.99
2037,2017,14,Chhattisgarh,Bemetra,18263.0,52.03,81.15,52.87,14218.0,40.5,63.18,41.16,0.0,7.47,11.65,7.59,35103.0,155.98,101.62
2038,2016,14,Chhattisgarh,Gariaband,22123.0,64.9,166.88,144.08,9458.0,27.75,71.34,61.6,0.0,7.35,18.9,16.32,34087.0,257.12,222.0
2038,2017,14,Chhattisgarh,Gariaband,8679.0,55.56,63.37,55.05,5080.0,32.52,37.09,32.22,0.0,11.93,13.6,11.82,15622.0,114.07,99.09
2039,2016,14,Chhattisgarh,Kondagaon,3607.0,48.86,26.33,25.08,2472.0,33.49,18.04,17.19,0.0,17.65,9.51,9.06,7382.0,53.88,51.32
2039,2017,14,Chhattisgarh,Kondagaon,3007.0,50.93,21.82,20.8,2208.0,37.4,16.02,15.27,0.0,11.67,5.0,4.77,5904.0,42.85,40.84
2040,2016,14,Chhattisgarh,Mungli,18534.0,67.31,144.11,87.18,6999.0,25.42,54.42,32.92,0.0,7.27,15.57,9.42,27536.0,214.11,129.52
2040,2017,14,Chhattisgarh,Mungli,9370.0,57.57,149.45295990710798,95.1539031349533,5215.0,32.04,55.3990298117464,36.34439381294281,0.0,10.38,23.23167250108091,15.062409581158988,16275.0,228.1214919272759,146.5850355970765
2041,2016,14,Chhattisgarh,Sukma,291.0,54.49,2.79,2.76,192.0,35.96,1.84,1.82,0.0,9.55,0.49,0.48,534.0,5.11,5.06
2041,2017,14,Chhattisgarh,Sukma,235.0,57.46,2.24,2.22,160.0,39.12,1.52,1.51,0.0,3.42,0.13,0.13,409.0,3.89,3.86
2042,2016,14,Chhattisgarh,Surajpur,6437.0,47.98,41.36,36.21,5497.0,40.97,35.32,30.92,0.0,11.05,9.53,8.34,13417.0,86.22,75.47
2042,2017,14,Chhattisgarh,Surajpur,4608.0,55.49,29.92,26.47,2790.0,33.6,18.12,16.03,0.0,10.91,5.88,5.2,8304.0,53.92,47.7
2043,2016,9,Punjab,Fazilka,31924.00067958115,64.62691916767248,149.65868466608165,95.073805383083,11929.814220931825,25.64113342685323,55.399570297590536,36.34437458969388,0.0,9.732016346853854,23.23324516682196,15.062299880925728,46571.002443924466,228.12296382302836,146.37156077056122
2043,2017,9,Punjab,Fazilka,31924.00067958115,64.62691916767248,149.65868466608165,95.073805383083,11929.814220931825,25.64113342685323,55.399570297590536,36.34437458969388,0.0,9.732016346853854,23.23324516682196,15.062299880925728,46571.002443924466,228.12296382302836,146.37156077056122
2044,2016,17,Assam,Biswanath,31924.00067958115,64.62691916767248,149.65868466608165,95.073805383083,11929.814220931825,25.64113342685323,55.399570297590536,36.34437458969388,0.0,9.732016346853854,23.23324516682196,15.062299880925728,46571.002443924466,228.12296382302836,146.37156077056122
2044,2017,17,Assam,Biswanath,31924.00067958115,64.62691916767248,149.65868466608165,95.073805383083,11929.814220931825,25.64113342685323,55.399570297590536,36.34437458969388,0.0,9.732016346853854,23.23324516682196,15.062299880925728,46571.002443924466,228.12296382302836,146.37156077056122
2045,2016,17,Assam,Charaideo,31924.00067958115,64.62691916767248,149.65868466608165,95.073805383083,11929.814220931825,25.64113342685323,55.399570297590536,36.34437458969388,0.0,9.732016346853854,23.23324516682196,15.062299880925728,46571.002443924466,228.12296382302836,146.37156077056122
2045,2017,17,Assam,Charaideo,31924.00067958115,64.62691916767248,149.65868466608165,95.073805383083,11929.814220931825,25.64113342685323,55.399570297590536,36.34437458969388,0.0,9.732016346853854,23.23324516682196,15.062299880925728,46571.002443924466,228.12296382302836,146.37156077056122
2046,2016,17,Assam,Hojai,31924.00067958115,64.62691916767248,149.65868466608165,95.073805383083,11929.814220931825,25.64113342685323,55.399570297590536,36.34437458969388,0.0,9.732016346853854,23.23324516682196,15.062299880925728,46571.002443924466,228.12296382302836,146.37156077056122
2046,2017,17,Assam,Hojai,31924.00067958115,64.62691916767248,149.65868466608165,95.073805383083,11929.814220931825,25.64113342685323,55.399570297590536,36.34437458969388,0.0,9.732016346853854,23.23324516682196,15.062299880925728,46571.002443924466,228.12296382302836,146.37156077056122
2047,2016,17,Assam,Majuli,31924.00067958115,64.62691916767248,149.65868466608165,95.073805383083,11929.814220931825,25.64113342685323,55.399570297590536,36.34437458969388,0.0,9.732016346853854,23.23324516682196,15.062299880925728,46571.002443924466,228.12296382302836,146.37156077056122
2047,2017,17,Assam,Majuli,31924.00067958115,64.62691916767248,149.65868466608165,95.073805383083,11929.814220931825,25.64113342685323,55.399570297590536,36.34437458969388,0.0,9.732016346853854,23.23324516682196,15.062299880925728,46571.002443924466,228.12296382302836,146.37156077056122
2048,2016,17,Assam,South Salmara - Mankachar,31924.00067958115,64.62691916767248,149.65868466608165,95.073805383083,11929.814220931825,25.64113342685323,55.399570297590536,36.34437458969388,0.0,9.732016346853854,23.23324516682196,15.062299880925728,46571.002443924466,228.12296382302836,146.37156077056122
2048,2017,17,Assam,South Salmara - Mankachar,31924.00067958115,64.62691916767248,149.65868466608165,95.073805383083,11929.814220931825,25.64113342685323,55.399570297590536,36.34437458969388,0.0,9.732016346853854,23.23324516682196,15.062299880925728,46571.002443924466,228.12296382302836,146.37156077056122
2049,2016,17,Assam,West Karbi Anglong,31924.00067958115,64.62691916767248,149.65868466608165,95.073805383083,11929.814220931825,25.64113342685323,55.399570297590536,36.34437458969388,0.0,9.732016346853854,23.23324516682196,15.062299880925728,46571.002443924466,228.12296382302836,146.37156077056122
2049,2017,17,Assam,West Karbi Anglong,31924.00067958115,64.62691916767248,149.65868466608165,95.073805383083,11929.814220931825,25.64113342685323,55.399570297590536,36.34437458969388,0.0,9.732016346853854,23.23324516682196,15.062299880925728,46571.002443924466,228.12296382302836,146.37156077056122
2050,2016,3,Gujarat,Aravalli,31924.00067958115,64.62691916767248,149.65868466608165,95.073805383083,11929.814220931825,25.64113342685323,55.399570297590536,36.34437458969388,0.0,9.732016346853854,23.23324516682196,15.062299880925728,46571.002443924466,228.12296382302836,146.37156077056122
2050,2017,3,Gujarat,Aravalli,31217.0,67.01,154.01,95.82,8623.0,18.51,42.54,26.47,0.0,14.49,33.3,20.72,46589.0,229.84,143.0
2051,2016,3,Gujarat,Botad,31924.00067958115,64.62691916767248,149.65868466608165,95.073805383083,11929.814220931825,25.64113342685323,55.399570297590536,36.34437458969388,0.0,9.732016346853854,23.23324516682196,15.062299880925728,46571.002443924466,228.12296382302836,146.37156077056122
2051,2017,3,Gujarat,Botad,23770.0,63.24,119.0,114.4,12454.0,33.13,62.35,59.94,0.0,3.63,6.82,6.56,37587.0,188.17,180.9
2052,2016,3,Gujarat,Chhota Udaipur,31924.00067958115,64.62691916767248,149.65868466608165,95.073805383083,11929.814220931825,25.64113342685323,55.399570297590536,36.34437458969388,0.0,9.732016346853854,23.23324516682196,15.062299880925728,46571.002443924466,228.12296382302836,146.37156077056122
2052,2017,3,Gujarat,Chhota Udaipur,30728.0,74.23,148.75,136.49,6372.0,15.39,30.85,28.3,0.0,10.38,20.8,19.09,41397.0,200.4,183.88
2053,2016,3,Gujarat,Devbhoomi Dwarka,31924.00067958115,64.62691916767248,149.65868466608165,95.073805383083,11929.814220931825,25.64113342685323,55.399570297590536,36.34437458969388,0.0,9.732016346853854,23.23324516682196,15.062299880925728,46571.002443924466,228.12296382302836,146.37156077056122
2053,2017,3,Gujarat,Devbhoomi Dwarka,10634.0,54.23,46.32,38.81,7775.0,39.65,33.86,28.37,0.0,6.12,5.23,4.38,19610.0,85.41,71.56
2054,2016,3,Gujarat,Gir Somnath,31924.00067958115,64.62691916767248,149.65868466608165,95.073805383083,11929.814220931825,25.64113342685323,55.399570297590536,36.34437458969388,0.0,9.732016346853854,23.23324516682196,15.062299880925728,46571.002443924466,228.12296382302836,146.37156077056122
2054,2017,3,Gujarat,Gir Somnath,20399.0,65.61,93.99,62.05,8185.0,26.33,37.71,24.9,0.0,8.06,11.55,7.62,31090.0,143.25,94.57
2055,2016,3,Gujarat,Mahi Sagar,31924.00067958115,64.62691916767248,149.65868466608165,95.073805383083,11929.814220931825,25.64113342685323,55.399570297590536,36.34437458969388,0.0,9.732016346853854,23.23324516682196,15.062299880925728,46571.002443924466,228.12296382302836,146.37156077056122
2055,2017,3,Gujarat,Mahi Sagar,22447.0,87.88,183.46,121.8,2661.0,10.42,21.75,14.44,0.0,1.7,3.55,2.35,25542.0,208.75,138.6
2056,2016,3,Gujarat,Morbi,31924.00067958115,64.62691916767248,149.65868466608165,95.073805383083,11929.814220931825,25.64113342685323,55.399570297590536,36.34437458969388,0.0,9.732016346853854,23.23324516682196,15.062299880925728,46571.002443924466,228.12296382302836,146.37156077056122
2056,2017,3,Gujarat,Morbi,45961.0,66.47,132.46,110.26,19473.0,28.16,56.12,46.71,0.0,5.36,10.69,8.9,69143.0,199.27,165.87
2057,2016,4,Haryana,Charkhi Dadri,31924.00067958115,64.62691916767248,149.65868466608165,95.073805383083,11929.814220931825,25.64113342685323,55.399570297590536,36.34437458969388,0.0,9.732016346853854,23.23324516682196,15.062299880925728,46571.002443924466,228.12296382302836,146.37156077056122
2057,2017,4,Haryana,Charkhi Dadri,31924.00067958115,64.62691916767248,149.65868466608165,95.073805383083,11929.814220931825,25.64113342685323,55.399570297590536,36.34437458969388,0.0,9.732016346853854,23.23324516682196,15.062299880925728,46571.002443924466,228.12296382302836,146.37156077056122
2058,2016,6,Madhya Pradesh,Agar Malwa,10394.0,58.3,57.9,35.54,6687.0,37.51,37.25,22.87,0.0,4.18,4.16,2.55,17827.0,99.31,60.96
2058,2017,6,Madhya Pradesh,Agar Malwa,9698.0,59.65,52.91,30.88,5949.0,36.59,32.46,18.94,0.0,3.75,3.33,1.94,16257.0,88.7,51.76
2059,2016,7,Maharashtra,Palghar,1720.0,55.38,149.5050251166154,95.31293544244554,714.0,22.99,55.389321202834395,36.3443675790778,0.0,21.64,23.233464195622993,15.062540087986077,3106.0,228.11194041334085,146.70839267315569
2059,2017,7,Maharashtra,Palghar,10191.0,76.41,149.44915225277475,94.44595633406742,1829.0,13.71,55.388751671953436,36.34434577386175,0.0,9.88,23.232586510151755,15.062490157834796,13338.0,228.1136481905501,145.8795530891352
2060,2016,13,West Bengal,Alipurduar,31924.00067958115,64.62691916767248,149.65868466608165,95.073805383083,11929.814220931825,25.64113342685323,55.399570297590536,36.34437458969388,0.0,9.732016346853854,23.23324516682196,15.062299880925728,46571.002443924466,228.12296382302836,146.37156077056122
2060,2017,13,West Bengal,Alipurduar,31924.00067958115,64.62691916767248,149.65868466608165,95.073805383083,11929.814220931825,25.64113342685323,55.399570297590536,36.34437458969388,0.0,9.732016346853854,23.23324516682196,15.062299880925728,46571.002443924466,228.12296382302836,146.37156077056122
2061,2016,13,West Bengal,Jhargram,31924.00067958115,64.62691916767248,149.65868466608165,95.073805383083,11929.814220931825,25.64113342685323,55.399570297590536,36.34437458969388,0.0,9.732016346853854,23.23324516682196,15.062299880925728,46571.002443924466,228.12296382302836,146.37156077056122
2061,2017,13,West Bengal,Jhargram,31924.00067958115,64.62691916767248,149.65868466608165,95.073805383083,11929.814220931825,25.64113342685323,55.399570297590536,36.34437458969388,0.0,9.732016346853854,23.23324516682196,15.062299880925728,46571.002443924466,228.12296382302836,146.37156077056122
2063,2016,13,West Bengal,Paschim Bardhaman,31924.00067958115,64.62691916767248,149.65868466608165,95.073805383083,11929.814220931825,25.64113342685323,55.399570297590536,36.34437458969388,0.0,9.732016346853854,23.23324516682196,15.062299880925728,46571.002443924466,228.12296382302836,146.37156077056122
2063,2017,13,West Bengal,Paschim Bardhaman,31924.00067958115,64.62691916767248,149.65868466608165,95.073805383083,11929.814220931825,25.64113342685323,55.399570297590536,36.34437458969388,0.0,9.732016346853854,23.23324516682196,15.062299880925728,46571.002443924466,228.12296382302836,146.37156077056122
2101,2016,20,Telangana,Kumurambheem Asifabad,31924.00067958115,64.62691916767248,149.65868466608165,95.073805383083,11929.814220931825,25.64113342685323,55.399570297590536,36.34437458969388,0.0,9.732016346853854,23.23324516682196,15.062299880925728,46571.002443924466,228.12296382302836,146.37156077056122
2101,2017,20,Telangana,Kumurambheem Asifabad,5334.0,48.97,46.4,43.18,4519.0,41.49,39.31,36.58,0.0,9.54,9.04,8.41,10892.0,94.76,88.17
2102,2016,20,Telangana,Macherial,31924.00067958115,64.62691916767248,149.65868466608165,95.073805383083,11929.814220931825,25.64113342685323,55.399570297590536,36.34437458969388,0.0,9.732016346853854,23.23324516682196,15.062299880925728,46571.002443924466,228.12296382302836,146.37156077056122
2102,2017,20,Telangana,Macherial,11296.0,47.04,114.4,95.02,8902.0,37.07,90.16,74.89,0.0,15.89,38.66,32.11,24015.0,243.22,202.02
2103,2016,20,Telangana,Nirmal,31924.00067958115,64.62691916767248,149.65868466608165,95.073805383083,11929.814220931825,25.64113342685323,55.399570297590536,36.34437458969388,0.0,9.732016346853854,23.23324516682196,15.062299880925728,46571.002443924466,228.12296382302836,146.37156077056122
2103,2017,20,Telangana,Nirmal,16954.0,67.78,115.17,83.8,5878.0,23.5,39.93,29.05,0.0,8.72,14.82,10.78,25014.0,169.93,123.64
2104,2016,20,Telangana,Jagityal,31924.00067958115,64.62691916767248,149.65868466608165,95.073805383083,11929.814220931825,25.64113342685323,55.399570297590536,36.34437458969388,0.0,9.732016346853854,23.23324516682196,15.062299880925728,46571.002443924466,228.12296382302836,146.37156077056122
2104,2017,20,Telangana,Jagityal,9144.0,64.09,57.31,49.53,4025.0,28.21,25.23,21.8,0.0,7.7,6.89,5.95,14268.0,89.43,77.28
2105,2016,20,Telangana,Peddapally,31924.00067958115,64.62691916767248,149.65868466608165,95.073805383083,11929.814220931825,25.64113342685323,55.399570297590536,36.34437458969388,0.0,9.732016346853854,23.23324516682196,15.062299880925728,46571.002443924466,228.12296382302836,146.37156077056122
2105,2017,20,Telangana,Peddapally,14310.0,53.69,141.97,104.21,8538.0,32.04,84.71,62.18,0.0,14.27,37.73,27.7,26651.0,264.41,194.08
2106,2016,20,Telangana,Rajanna Siricilla,31924.00067958115,64.62691916767248,149.65868466608165,95.073805383083,11929.814220931825,25.64113342685323,55.399570297590536,36.34437458969388,0.0,9.732016346853854,23.23324516682196,15.062299880925728,46571.002443924466,228.12296382302836,146.37156077056122
2106,2017,20,Telangana,Rajanna Siricilla,4861.0,56.18,62.29,47.32,2933.0,33.9,37.58,28.55,0.0,9.92,10.99,8.35,8652.0,110.86,84.23
2107,2016,20,Telangana,Bhadradri,31924.00067958115,64.62691916767248,149.65868466608165,95.073805383083,11929.814220931825,25.64113342685323,55.399570297590536,36.34437458969388,0.0,9.732016346853854,23.23324516682196,15.062299880925728,46571.002443924466,228.12296382302836,146.37156077056122
2107,2017,20,Telangana,Bhadradri,18976.0,54.96,146.65,130.72,10994.0,31.84,84.96,75.73,0.0,13.19,35.19,31.37,34524.0,266.81,237.83
2108,2016,20,Telangana,Jogulamba,31924.00067958115,64.62691916767248,149.65868466608165,95.073805383083,11929.814220931825,25.64113342685323,55.399570297590536,36.34437458969388,0.0,9.732016346853854,23.23324516682196,15.062299880925728,46571.002443924466,228.12296382302836,146.37156077056122
2108,2017,20,Telangana,Jogulamba,12135.0,49.18,70.69,67.64,9687.0,39.26,56.43,53.99,0.0,11.57,16.63,15.91,24677.0,143.74,137.54
2109,2016,20,Telangana,Nagarkurnool,31924.00067958115,64.62691916767248,149.65868466608165,95.073805383083,11929.814220931825,25.64113342685323,55.399570297590536,36.34437458969388,0.0,9.732016346853854,23.23324516682196,15.062299880925728,46571.002443924466,228.12296382302836,146.37156077056122
2109,2017,20,Telangana,Nagarkurnool,10332.0,58.34,42.0,34.56,5504.0,31.08,22.37,18.41,0.0,10.58,7.62,6.27,17710.0,71.98,59.24
2110,2016,20,Telangana,Wanaparthy,30159.4901585052,64.62854324253311,149.65983498328396,95.00692099639572,12082.956674049366,25.64201528306417,55.398329108896654,36.34437315906889,3119.6025706332935,9.72940563669664,23.23327467629004,15.06230216691695,46834.39581514174,228.12167872852086,146.30391050959628
2110,2017,20,Telangana,Wanaparthy,7646.0,61.54,65.24,52.88,3480.0,28.01,29.69,24.07,1299.0,10.45,11.08,8.98,12425.0,106.01,85.94
2111,2016,20,Telangana,Sangareddy,30159.4901585052,64.62854324253311,149.65983498328396,95.00692099639572,12082.956674049366,25.64201528306417,55.398329108896654,36.34437315906889,3119.6025706332935,9.72940563669664,23.23327467629004,15.06230216691695,46834.39581514174,228.12167872852086,146.30391050959628
2111,2017,20,Telangana,Sangareddy,7120.0,47.2,26.16,24.26,6098.0,40.43,22.41,20.78,1866.0,12.37,6.86,6.36,15084.0,55.42,51.4
2112,2016,20,Telangana,Siddipet,30159.4901585052,64.62854324253311,149.65983498328396,95.00692099639572,12082.956674049366,25.64201528306417,55.398329108896654,36.34437315906889,3119.6025706332935,9.72940563669664,23.23327467629004,15.06230216691695,46834.39581514174,228.12167872852086,146.30391050959628
2112,2017,20,Telangana,Siddipet,16493.0,53.16,74.48,61.58,11197.0,36.09,50.56,41.81,3338.0,10.76,15.07,12.46,31028.0,140.11,115.85
2113,2016,20,Telangana,Suryapet,30159.4901585052,64.62854324253311,149.65983498328396,95.00692099639572,12082.956674049366,25.64201528306417,55.398329108896654,36.34437315906889,3119.6025706332935,9.72940563669664,23.23327467629004,15.06230216691695,46834.39581514174,228.12167872852086,146.30391050959628
2113,2017,20,Telangana,Suryapet,33043.0,61.87,175.58,127.65,14763.0,27.64,78.44,57.03,5605.0,10.49,29.78,21.65,53411.0,283.8,206.33
2114,2016,20,Telangana,Yadadri Bhuvanagiri,30159.4901585052,64.62854324253311,149.65983498328396,95.00692099639572,12082.956674049366,25.64201528306417,55.398329108896654,36.34437315906889,3119.6025706332935,9.72940563669664,23.23327467629004,15.06230216691695,46834.39581514174,228.12167872852086,146.30391050959628
2114,2017,20,Telangana,Yadadri Bhuvanagiri,9317.0,51.09,65.21,48.94,6157.0,33.76,43.09,32.34,2764.0,15.16,19.35,14.52,18238.0,127.65,95.79
2115,2016,20,Telangana,Kamareddy,30159.4901585052,64.62854324253311,149.65983498328396,95.00692099639572,12082.956674049366,25.64201528306417,55.398329108896654,36.34437315906889,3119.6025706332935,9.72940563669664,23.23327467629004,15.06230216691695,46834.39581514174,228.12167872852086,146.30391050959628
2115,2017,20,Telangana,Kamareddy,14718.0,63.45,93.88,60.07,6110.0,26.34,38.97,24.94,2369.0,10.21,15.11,9.67,23197.0,147.97,94.68
2116,2016,20,Telangana,Malkaigiri,30159.4901585052,64.62854324253311,149.65983498328396,95.00692099639572,12082.956674049366,25.64201528306417,55.398329108896654,36.34437315906889,3119.6025706332935,9.72940563669664,23.23327467629004,15.06230216691695,46834.39581514174,228.12167872852086,146.30391050959628
2116,2017,20,Telangana,Malkaigiri,29965.0,53.89,2793.16,2012.29,15280.0,27.48,1424.31,1026.12,10357.0,18.63,965.42,695.52,55602.0,5182.89,3733.93
2117,2016,20,Telangana,Vikarabad,30159.4901585052,64.62854324253311,149.65983498328396,95.00692099639572,12082.956674049366,25.64201528306417,55.398329108896654,36.34437315906889,3119.6025706332935,9.72940563669664,23.23327467629004,15.06230216691695,46834.39581514174,228.12167872852086,146.30391050959628
2117,2017,20,Telangana,Vikarabad,8335.0,56.03,41.09,39.68,5537.0,37.22,27.3,26.36,1005.0,6.76,4.95,4.78,14877.0,73.34,70.83
2118,2016,20,Telangana,Jayashankar Bhuppaly,30159.4901585052,64.62854324253311,149.65983498328396,95.00692099639572,12082.956674049366,25.64201528306417,55.398329108896654,36.34437315906889,3119.6025706332935,9.72940563669664,23.23327467629004,15.06230216691695,46834.39581514174,228.12167872852086,146.30391050959628
2118,2017,20,Telangana,Jayashankar Bhuppaly,8692.0,58.29,62.08,48.91,4139.0,27.76,29.56,23.29,2081.0,13.96,14.86,11.71,14912.0,106.5,83.9
2119,2016,20,Telangana,Janagaon,30159.4901585052,64.62854324253311,149.65983498328396,95.00692099639572,12082.956674049366,25.64201528306417,55.398329108896654,36.34437315906889,3119.6025706332935,9.72940563669664,23.23327467629004,15.06230216691695,46834.39581514174,228.12167872852086,146.30391050959628
2119,2017,20,Telangana,Janagaon,8289.0,50.18,64.46,51.62,6024.0,36.46,46.85,37.51,2207.0,13.36,17.16,13.74,16520.0,128.47,102.88
2120,2016,20,Telangana,Warangal Urban,30159.4901585052,64.62854324253311,149.65983498328396,95.00692099639572,12082.956674049366,25.64201528306417,55.398329108896654,36.34437315906889,3119.6025706332935,9.72940563669664,23.23327467629004,15.06230216691695,46834.39581514174,228.12167872852086,146.30391050959628
2120,2017,20,Telangana,Warangal Urban,101516.0,77.24,1582.73,1029.05,18827.0,14.32,293.53,190.85,11086.0,8.43,172.84,112.38,131429.0,2049.1,1332.28
2121,2016,20,Telangana,Mahabubabad,30159.4901585052,64.62854324253311,149.65983498328396,95.00692099639572,12082.956674049366,25.64201528306417,55.398329108896654,36.34437315906889,3119.6025706332935,9.72940563669664,23.23327467629004,15.06230216691695,46834.39581514174,228.12167872852086,146.30391050959628
2121,2017,20,Telangana,Mahabubabad,7867.0,61.22,55.9,46.05,4118.0,32.05,29.26,24.1,865.0,6.73,6.15,5.06,12850.0,91.31,75.21
2122,2016,20,Telangana,Narayanpet,30159.4901585052,64.62854324253311,149.65983498328396,95.00692099639572,12082.956674049366,25.64201528306417,55.398329108896654,36.34437315906889,3119.6025706332935,9.72940563669664,23.23327467629004,15.06230216691695,46834.39581514174,228.12167872852086,146.30391050959628
2122,2017,20,Telangana,Narayanpet,30159.4901585052,64.62854324253311,149.65983498328396,95.00692099639572,12082.956674049366,25.64201528306417,55.398329108896654,36.34437315906889,3119.6025706332935,9.72940563669664,23.23327467629004,15.06230216691695,46834.39581514174,228.12167872852086,146.30391050959628
2123,2016,20,Telangana,Mulugu,30159.4901585052,64.62854324253311,149.65983498328396,95.00692099639572,12082.956674049366,25.64201528306417,55.398329108896654,36.34437315906889,3119.6025706332935,9.72940563669664,23.23327467629004,15.06230216691695,46834.39581514174,228.12167872852086,146.30391050959628
2123,2017,20,Telangana,Mulugu,30159.4901585052,64.62854324253311,149.65983498328396,95.00692099639572,12082.956674049366,25.64201528306417,55.398329108896654,36.34437315906889,3119.6025706332935,9.72940563669664,23.23327467629004,15.06230216691695,46834.39581514174,228.12167872852086,146.30391050959628
2124,2016,11,Tamil Nadu,Tenkasi,30159.4901585052,64.62854324253311,149.65983498328396,95.00692099639572,12082.956674049366,25.64201528306417,55.398329108896654,36.34437315906889,3119.6025706332935,9.72940563669664,23.23327467629004,15.06230216691695,46834.39581514174,228.12167872852086,146.30391050959628
2124,2017,11,Tamil Nadu,Tenkasi,30159.4901585052,64.62854324253311,149.65983498328396,95.00692099639572,12082.956674049366,25.64201528306417,55.398329108896654,36.34437315906889,3119.6025706332935,9.72940563669664,23.23327467629004,15.06230216691695,46834.39581514174,228.12167872852086,146.30391050959628
2125,2016,11,Tamil Nadu,Kallakurichi,30159.4901585052,64.62854324253311,149.65983498328396,95.00692099639572,12082.956674049366,25.64201528306417,55.398329108896654,36.34437315906889,3119.6025706332935,9.72940563669664,23.23327467629004,15.06230216691695,46834.39581514174,228.12167872852086,146.30391050959628
2125,2017,11,Tamil Nadu,Kallakurichi,30159.4901585052,64.62854324253311,149.65983498328396,95.00692099639572,12082.956674049366,25.64201528306417,55.398329108896654,36.34437315906889,3119.6025706332935,9.72940563669664,23.23327467629004,15.06230216691695,46834.39581514174,228.12167872852086,146.30391050959628
2126,2016,11,Tamil Nadu,Tirupattur,30159.4901585052,64.62854324253311,149.65983498328396,95.00692099639572,12082.956674049366,25.64201528306417,55.398329108896654,36.34437315906889,3119.6025706332935,9.72940563669664,23.23327467629004,15.06230216691695,46834.39581514174,228.12167872852086,146.30391050959628
2126,2017,11,Tamil Nadu,Tirupattur,30159.4901585052,64.62854324253311,149.65983498328396,95.00692099639572,12082.956674049366,25.64201528306417,55.398329108896654,36.34437315906889,3119.6025706332935,9.72940563669664,23.23327467629004,15.06230216691695,46834.39581514174,228.12167872852086,146.30391050959628
2127,2016,11,Tamil Nadu,Ranipet,30159.4901585052,64.62854324253311,149.65983498328396,95.00692099639572,12082.956674049366,25.64201528306417,55.398329108896654,36.34437315906889,3119.6025706332935,9.72940563669664,23.23327467629004,15.06230216691695,46834.39581514174,228.12167872852086,146.30391050959628
2127,2017,11,Tamil Nadu,Ranipet,30159.4901585052,64.62854324253311,149.65983498328396,95.00692099639572,12082.956674049366,25.64201528306417,55.398329108896654,36.34437315906889,3119.6025706332935,9.72940563669664,23.23327467629004,15.06230216691695,46834.39581514174,228.12167872852086,146.30391050959628
2128,2016,11,Tamil Nadu,Chengalpattu,30159.4901585052,64.62854324253311,149.65983498328396,95.00692099639572,12082.956674049366,25.64201528306417,55.398329108896654,36.34437315906889,3119.6025706332935,9.72940563669664,23.23327467629004,15.06230216691695,46834.39581514174,228.12167872852086,146.30391050959628
2128,2017,11,Tamil Nadu,Chengalpattu,30159.4901585052,64.62854324253311,149.65983498328396,95.00692099639572,12082.956674049366,25.64201528306417,55.398329108896654,36.34437315906889,3119.6025706332935,9.72940563669664,23.23327467629004,15.06230216691695,46834.39581514174,228.12167872852086,146.30391050959628
2129,2016,11,Tamil Nadu,Mayiladuthurai,30159.4901585052,64.62854324253311,149.65983498328396,95.00692099639572,12082.956674049366,25.64201528306417,55.398329108896654,36.34437315906889,3119.6025706332935,9.72940563669664,23.23327467629004,15.06230216691695,46834.39581514174,228.12167872852086,146.30391050959628
2129,2017,11,Tamil Nadu,Mayiladuthurai,30159.4901585052,64.62854324253311,149.65983498328396,95.00692099639572,12082.956674049366,25.64201528306417,55.398329108896654,36.34437315906889,3119.6025706332935,9.72940563669664,23.23327467629004,15.06230216691695,46834.39581514174,228.12167872852086,146.30391050959628
2130,2016,14,Chhattisgarh,Gaurela-Pendra-Marwahi?,30159.4901585052,64.62854324253311,149.65983498328396,95.00692099639572,12082.956674049366,25.64201528306417,55.398329108896654,36.34437315906889,3119.6025706332935,9.72940563669664,23.23327467629004,15.06230216691695,46834.39581514174,228.12167872852086,146.30391050959628
2130,2017,14,Chhattisgarh,Gaurela-Pendra-Marwahi?,30159.490158505203,64.62854324253311,149.65983498328384,95.00692099639575,12082.956674049366,25.642015283064154,55.3983291088967,36.344373159068795,3119.6025706332935,9.729405636696654,23.233274676289927,15.062302166916876,46834.39581514175,228.1216787285209,146.30391050959628
2131,2016,6,Madhya Pradesh,Niwari,30159.490158505207,64.62854324253311,149.65983498328384,95.00692099639568,12082.956674049368,25.64201528306414,55.39832910889664,36.34437315906882,3119.6025706332716,9.729405636696669,23.233274676289984,15.062302166916874,46834.395815141725,228.1216787285208,146.3039105095962
2131,2017,6,Madhya Pradesh,Niwari,30159.490158505207,64.62854324253314,149.65983498328384,95.00692099639566,12082.956674049368,25.642015283064126,55.39832910889668,36.344373159068866,3119.6025706332716,9.729405636696654,23.233274676289984,15.062302166916874,46834.395815141725,228.1216787285208,146.3039105095962
