Dist Code,Year,State Code,State Name,Dist Name,DISTRICT MALE FIELD LABOUR (Rs per Day),DISTRICT FEMALE FIELD LABOUR (Rs per Day),STATE MALE AVERAGE FIELD LABOUR (Rs per Day),STATE FEMALE AVERAGE FIELD LABOUR (Rs per Day)
1,2016,14,Chhattisgarh,Durg,260.0,226.0974834437092,201.0,226.09748344370936
1,2017,14,Chhattisgarh,Durg,246.0,226.09748344370834,200.0,226.09748344370823
2,2016,14,Chhattisgarh,Bastar,150.0,226.09748344370198,201.0,226.09748344369976
2,2017,14,Chhattisgarh,Bastar,262.5,226.0974834437094,200.0,226.09748344370965
3,2016,14,Chhattisgarh,Raipur,300.0,226.09748344371184,201.0,226.0974834437129
3,2017,14,Chhattisgarh,Raipur,300.0,226.09748344371187,200.0,226.09748344371295
4,2016,14,Chhattisgarh,Bilaspur,300.0,226.09748344371184,201.0,226.0974834437129
4,2017,14,Chhattisgarh,Bilaspur,300.0,226.09748344371187,200.0,226.09748344371295
5,2016,14,Chhattisgarh,Raigarh,189.17,226.0974834437046,201.0,226.09748344370323
5,2017,14,Chhattisgarh,Raigarh,253.64,226.09748344370885,200.0,226.0974834437089
6,2016,14,Chhattisgarh,Surguja,235.0,226.09748344370757,201.0,226.0974834437072
6,2017,14,Chhattisgarh,Surguja,219.60008392511554,226.09748344370658,200.0,226.0974834437059
7,2016,6,Madhya Pradesh,Jabalpur,261.43,226.09748344370837,230.0,226.09748344370828
7,2017,6,Madhya Pradesh,Jabalpur,341.67,226.09748344371312,246.0,226.0974834437146
8,2016,6,Madhya Pradesh,Balaghat,150.0,226.09748344370107,230.0,226.09748344369856
8,2017,6,Madhya Pradesh,Balaghat,150.0,226.09748344370055,246.0,226.09748344369788
9,2016,6,Madhya Pradesh,Chhindwara,200.0,226.09748344370436,230.0,226.09748344370294
9,2017,6,Madhya Pradesh,Chhindwara,242.73,226.0974834437066,246.0,226.09748344370595
10,2016,6,Madhya Pradesh,Narsinghpur,174.29,226.09748344370269,230.0,226.09748344370072
10,2017,6,Madhya Pradesh,Narsinghpur,178.89,226.09748344370243,246.0,226.09748344370038
11,2016,6,Madhya Pradesh,Seoni,150.0,226.09748344370107,230.0,226.09748344369856
11,2017,6,Madhya Pradesh,Seoni,150.0,226.09748344370055,246.0,226.09748344369788
12,2016,6,Madhya Pradesh,Mandla,150.0,226.09748344370107,230.0,226.09748344369856
12,2017,6,Madhya Pradesh,Mandla,150.0,226.09748344370055,246.0,226.09748344369788
13,2016,6,Madhya Pradesh,Sagar,251.45164807913466,226.09748344370772,230.0,226.09748344370743
13,2017,6,Madhya Pradesh,Sagar,268.4391489612782,226.0974834437083,246.0,226.09748344370823
14,2016,6,Madhya Pradesh,Damoh,141.0,226.09748344370047,230.0,226.09748344369777
14,2017,6,Madhya Pradesh,Damoh,150.0,226.09748344370055,246.0,226.09748344369788
15,2016,6,Madhya Pradesh,Tikamgarh,650.0,226.09748344373378,230.0,226.0974834437421
15,2017,6,Madhya Pradesh,Tikamgarh,625.0,226.0974834437316,246.0,226.0974834437392
16,2016,6,Madhya Pradesh,Chhatarpur,200.0,226.09748344370436,230.0,226.09748344370294
16,2017,6,Madhya Pradesh,Chhatarpur,200.0,226.09748344370385,246.0,226.09748344370226
17,2016,6,Madhya Pradesh,Panna,200.0,226.09748344370436,230.0,226.09748344370294
17,2017,6,Madhya Pradesh,Panna,200.0,226.09748344370385,246.0,226.09748344370226
18,2016,6,Madhya Pradesh,Rewa,300.0,226.09748344371093,230.0,226.0974834437117
18,2017,6,Madhya Pradesh,Rewa,300.0,226.09748344371042,246.0,226.097483443711
19,2016,6,Madhya Pradesh,Sidhi,271.43,226.09748344370905,230.0,226.0974834437092
19,2017,6,Madhya Pradesh,Sidhi,300.0,226.09748344371042,246.0,226.097483443711
20,2016,6,Madhya Pradesh,Satna,204.55,226.09748344370465,230.0,226.09748344370334
20,2017,6,Madhya Pradesh,Satna,200.0,226.09748344370385,246.0,226.09748344370226
21,2016,6,Madhya Pradesh,Shahdol,201.67,226.09748344370448,230.0,226.0974834437031
21,2017,6,Madhya Pradesh,Shahdol,210.0,226.09748344370448,246.0,226.0974834437031
22,2016,6,Madhya Pradesh,Gwalior,300.0,226.09748344371093,230.0,226.0974834437117
22,2017,6,Madhya Pradesh,Gwalior,300.0,226.09748344371042,246.0,226.097483443711
23,2016,6,Madhya Pradesh,Shivpuri,335.0,226.0974834437132,230.0,226.0974834437147
23,2017,6,Madhya Pradesh,Shivpuri,300.0,226.09748344371042,246.0,226.097483443711
24,2016,6,Madhya Pradesh,Guna,400.0,226.09748344371746,230.0,226.0974834437204
24,2017,6,Madhya Pradesh,Guna,420.0,226.09748344371823,246.0,226.09748344372142
25,2016,6,Madhya Pradesh,Datia,300.0,226.09748344371093,230.0,226.0974834437117
25,2017,6,Madhya Pradesh,Datia,300.0,226.09748344371042,246.0,226.097483443711
26,2016,6,Madhya Pradesh,Morena,251.45164807913466,226.09748344370772,230.0,226.09748344370743
26,2017,6,Madhya Pradesh,Morena,475.0,226.0974834437218,246.0,226.0974834437262
27,2016,6,Madhya Pradesh,Bhind,300.0,226.09748344371093,230.0,226.0974834437117
27,2017,6,Madhya Pradesh,Bhind,300.0,226.09748344371042,246.0,226.097483443711
28,2016,6,Madhya Pradesh,Indore,300.0,226.09748344371093,230.0,226.0974834437117
28,2017,6,Madhya Pradesh,Indore,350.0,226.09748344371366,246.0,226.09748344371533
29,2016,6,Madhya Pradesh,Ratlam,300.0,226.09748344371093,230.0,226.0974834437117
29,2017,6,Madhya Pradesh,Ratlam,220.0,226.09748344370516,246.0,226.09748344370402
30,2016,6,Madhya Pradesh,Ujjain,200.0,226.09748344370436,230.0,226.09748344370294
30,2017,6,Madhya Pradesh,Ujjain,200.0,226.09748344370385,246.0,226.09748344370226
31,2016,6,Madhya Pradesh,Mandsaur,251.45164807913466,226.09748344370772,230.0,226.09748344370743
31,2017,6,Madhya Pradesh,Mandsaur,268.4391489612782,226.0974834437083,246.0,226.09748344370823
32,2016,6,Madhya Pradesh,Dewas,316.67,226.09748344371195,230.0,226.09748344371306
32,2017,6,Madhya Pradesh,Dewas,350.0,226.09748344371366,246.0,226.09748344371533
33,2016,6,Madhya Pradesh,Dhar,296.0,226.09748344371067,230.0,226.09748344371135
33,2017,6,Madhya Pradesh,Dhar,283.33,226.0974834437093,246.0,226.09748344370954
34,2016,6,Madhya Pradesh,Jhabua,200.0,226.09748344370436,230.0,226.09748344370294
34,2017,6,Madhya Pradesh,Jhabua,200.0,226.09748344370385,246.0,226.09748344370226
35,2016,6,Madhya Pradesh,Khargone,250.0,226.09748344370763,230.0,226.09748344370732
35,2017,6,Madhya Pradesh,Khargone,250.0,226.09748344370712,246.0,226.09748344370664
36,2016,6,Madhya Pradesh,Khandwa,251.45164807913466,226.09748344370772,230.0,226.09748344370743
36,2017,6,Madhya Pradesh,Khandwa,268.4391489612782,226.0974834437083,246.0,226.09748344370823
37,2016,6,Madhya Pradesh,Sehore,220.0,226.09748344370567,230.0,226.0974834437047
37,2017,6,Madhya Pradesh,Sehore,208.0,226.0974834437044,246.0,226.097483443703
38,2016,6,Madhya Pradesh,Raisen,251.45164807913466,226.09748344370772,230.0,226.09748344370743
38,2017,6,Madhya Pradesh,Raisen,268.4391489612782,226.0974834437083,246.0,226.09748344370823
39,2016,6,Madhya Pradesh,Vidisha,200.0,226.09748344370436,230.0,226.09748344370294
39,2017,6,Madhya Pradesh,Vidisha,200.0,226.09748344370385,246.0,226.09748344370226
40,2016,6,Madhya Pradesh,Betul,400.0,226.09748344371746,230.0,226.0974834437204
40,2017,6,Madhya Pradesh,Betul,421.43,226.09748344371832,246.0,226.09748344372153
41,2016,6,Madhya Pradesh,Rajgarh,250.0,226.09748344370763,230.0,226.09748344370732
41,2017,6,Madhya Pradesh,Rajgarh,250.0,226.09748344370712,246.0,226.09748344370664
42,2016,6,Madhya Pradesh,Shajapur,231.25,226.0974834437064,230.0,226.09748344370567
42,2017,6,Madhya Pradesh,Shajapur,268.4391489612782,226.0974834437083,246.0,226.09748344370823
43,2016,6,Madhya Pradesh,Hoshangabad,244.44,226.09748344370726,230.0,226.0974834437068
43,2017,6,Madhya Pradesh,Hoshangabad,250.0,226.09748344370712,246.0,226.09748344370664
44,2016,1,Andhra Pradesh,Srikakulam,298.71,220.83,321.0,220.83
44,2017,1,Andhra Pradesh,Srikakulam,355.0,221.43,331.0,221.43
45,2016,1,Andhra Pradesh,Visakhapatnam,296.92,154.5,321.0,154.5
45,2017,1,Andhra Pradesh,Visakhapatnam,333.08,206.83,331.0,206.83
46,2016,1,Andhra Pradesh,East Godavari,431.58,252.08,321.0,252.08
46,2017,1,Andhra Pradesh,East Godavari,336.0,250.55,331.0,250.55
47,2016,1,Andhra Pradesh,West Godavari,322.09,260.73,321.0,260.73
47,2017,1,Andhra Pradesh,West Godavari,364.33,329.18,331.0,329.18
48,2016,1,Andhra Pradesh,Krishna,335.42,191.27,321.0,191.27
48,2017,1,Andhra Pradesh,Krishna,412.5,287.5,331.0,287.5
49,2016,1,Andhra Pradesh,Guntur,346.83,292.3,321.0,292.3
49,2017,1,Andhra Pradesh,Guntur,343.0,245.83,331.0,245.83
50,2016,1,Andhra Pradesh,S.P.S.Nellore,390.55,317.89,321.0,317.89
50,2017,1,Andhra Pradesh,S.P.S.Nellore,382.92,229.0,331.0,229.0
51,2016,1,Andhra Pradesh,Kurnool,214.75,145.64,321.0,145.64
51,2017,1,Andhra Pradesh,Kurnool,246.83,150.83,331.0,150.83
52,2016,1,Andhra Pradesh,Anantapur,287.5,205.0,321.0,205.0
52,2017,1,Andhra Pradesh,Anantapur,283.5,203.58,331.0,203.58
53,2016,1,Andhra Pradesh,Kadapa YSR,340.0,249.67,321.0,249.67
53,2017,1,Andhra Pradesh,Kadapa YSR,340.5,260.42,331.0,260.42
54,2016,1,Andhra Pradesh,Chittoor,304.55,239.09,321.0,239.09
54,2017,1,Andhra Pradesh,Chittoor,301.67,240.0,331.0,240.0
55,2016,20,Telangana,Hyderabad,315.1547763871729,226.0974834437099,290.0,226.09748344371033
55,2017,20,Telangana,Hyderabad,360.80868500793366,226.09748344371152,333.0,226.0974834437125
56,2016,20,Telangana,Nizamabad,319.0,267.33,290.0,267.33
56,2017,20,Telangana,Nizamabad,404.08,325.0,333.0,325.0
57,2016,20,Telangana,Medak,303.92,158.33,290.0,158.33
57,2017,20,Telangana,Medak,305.08,163.83,333.0,163.83
58,2016,20,Telangana,Mahabubnagar,304.17,184.64,290.0,184.64
58,2017,20,Telangana,Mahabubnagar,333.75,199.42,333.0,199.42
59,2016,20,Telangana,Nalgonda,215.5,166.75,290.0,166.75
59,2017,20,Telangana,Nalgonda,241.17,222.5,333.0,222.5
60,2016,20,Telangana,Warangal,305.67,151.45,290.0,151.45
60,2017,20,Telangana,Warangal,307.08,166.42,333.0,166.42
61,2016,20,Telangana,Khammam,206.82,200.0,290.0,200.0
61,2017,20,Telangana,Khammam,335.55,269.0,333.0,269.0
62,2016,20,Telangana,Karimnagar,441.67,195.67,290.0,195.67
62,2017,20,Telangana,Karimnagar,418.75,200.67,333.0,200.67
63,2016,20,Telangana,Adilabad,189.08,127.5,290.0,127.5
63,2017,20,Telangana,Adilabad,200.0,146.33,333.0,146.33
65,2016,5,Karnataka,Kolar,275.0,246.67,326.0,246.67
65,2017,5,Karnataka,Kolar,307.5,283.33,354.0,283.33
66,2016,5,Karnataka,Tumkur,241.67,196.67,326.0,196.67
66,2017,5,Karnataka,Tumkur,340.0,302.22,354.0,302.22
67,2016,5,Karnataka,Mysore,290.91,270.0,326.0,270.0
67,2017,5,Karnataka,Mysore,337.5,295.0,354.0,295.0
68,2016,5,Karnataka,Mandya,280.0,253.64,326.0,253.64
68,2017,5,Karnataka,Mandya,332.5,287.5,354.0,287.5
69,2016,5,Karnataka,Hassan,280.0,250.0,326.0,250.0
69,2017,5,Karnataka,Hassan,355.0,325.0,354.0,325.0
70,2016,5,Karnataka,Shimoge,340.0,296.67,326.0,296.67
70,2017,5,Karnataka,Shimoge,387.5,336.36,354.0,336.36
71,2016,5,Karnataka,Chickmagalur,340.91,292.73,326.0,292.73
71,2017,5,Karnataka,Chickmagalur,357.5,330.0,354.0,330.0
72,2016,5,Karnataka,Chitradurga,350.0,309.09,326.0,309.09
72,2017,5,Karnataka,Chitradurga,350.0,315.0,354.0,315.0
73,2016,5,Karnataka,Bellary,483.33,350.0,326.0,350.0
73,2017,5,Karnataka,Bellary,410.0,357.5,354.0,357.5
74,2016,5,Karnataka,Dharwad,353.3766533719959,226.09748344371127,326.0,226.09748344371215
74,2017,5,Karnataka,Dharwad,383.1047799157471,226.0974834437123,354.0,226.09748344371351
75,2016,5,Karnataka,Belgaum,353.3766533719959,226.09748344371127,326.0,226.09748344371215
75,2017,5,Karnataka,Belgaum,383.1047799157471,226.0974834437123,354.0,226.09748344371351
76,2016,5,Karnataka,Bijapur,353.3766533719959,226.09748344371127,326.0,226.09748344371215
76,2017,5,Karnataka,Bijapur,383.1047799157471,226.0974834437123,354.0,226.09748344371351
77,2016,5,Karnataka,Bidar,353.3766533719959,226.09748344371127,326.0,226.09748344371215
77,2017,5,Karnataka,Bidar,383.1047799157471,226.0974834437123,354.0,226.09748344371351
78,2016,5,Karnataka,Raichur,353.3766533719959,226.09748344371127,326.0,226.09748344371215
78,2017,5,Karnataka,Raichur,383.1047799157471,226.0974834437123,354.0,226.09748344371351
79,2016,5,Karnataka,Gulbarga,353.3766533719959,226.09748344371127,326.0,226.09748344371215
79,2017,5,Karnataka,Gulbarga,383.1047799157471,226.0974834437123,354.0,226.09748344371351
80,2016,5,Karnataka,Dakshina Kannada,353.3766533719959,226.09748344371127,326.0,226.09748344371215
80,2017,5,Karnataka,Dakshina Kannada,383.1047799157471,226.0974834437123,354.0,226.09748344371351
81,2016,5,Karnataka,Uttara Kannada,353.3766533719959,226.09748344371127,326.0,226.09748344371215
81,2017,5,Karnataka,Uttara Kannada,383.1047799157471,226.0974834437123,354.0,226.09748344371351
82,2016,5,Karnataka,Kodagu,353.3766533719959,226.09748344371127,326.0,226.09748344371215
82,2017,5,Karnataka,Kodagu,383.1047799157471,226.0974834437123,354.0,226.09748344371351
83,2016,11,Tamil Nadu,Kancheepuram,416.67,226.09748344371536,327.0,226.0974834437176
83,2017,11,Tamil Nadu,Kancheepuram,418.7,226.09748344371485,346.0,226.09748344371692
84,2016,11,Tamil Nadu,South Arcot Cuddalore,500.0,226.0974834437208,327.0,226.09748344372483
84,2017,11,Tamil Nadu,South Arcot Cuddalore,500.0,226.0974834437202,346.0,226.09748344372403
85,2016,11,Tamil Nadu,North Arcot Vellore,346.33,300.0,327.0,300.0
85,2017,11,Tamil Nadu,North Arcot Vellore,415.0,226.0974834437146,346.0,226.09748344371658
86,2016,11,Tamil Nadu,Salem,354.4383721771299,226.09748344371127,327.0,226.09748344371215
86,2017,11,Tamil Nadu,Salem,750.0,226.09748344373654,346.0,226.0974834437458
87,2016,11,Tamil Nadu,Coimbatore,354.4383721771299,226.09748344371127,327.0,226.09748344371215
87,2017,11,Tamil Nadu,Coimbatore,374.6110294746754,226.09748344371195,346.0,226.09748344371306
88,2016,11,Tamil Nadu,Tiruchirapalli Trichy,354.4383721771299,226.09748344371127,327.0,226.09748344371215
88,2017,11,Tamil Nadu,Tiruchirapalli Trichy,374.6110294746754,226.09748344371195,346.0,226.09748344371306
89,2016,11,Tamil Nadu,Thanjavur,354.4383721771299,226.09748344371127,327.0,226.09748344371215
89,2017,11,Tamil Nadu,Thanjavur,374.6110294746754,226.09748344371195,346.0,226.09748344371306
90,2016,11,Tamil Nadu,Madurai,354.4383721771299,226.09748344371127,327.0,226.09748344371215
90,2017,11,Tamil Nadu,Madurai,158.0,226.09748344369783,346.0,226.09748344369424
91,2016,11,Tamil Nadu,Ramananthapuram,354.4383721771299,226.09748344371127,327.0,226.09748344371215
91,2017,11,Tamil Nadu,Ramananthapuram,374.6110294746754,226.09748344371195,346.0,226.09748344371306
92,2016,11,Tamil Nadu,Thirunelveli,354.4383721771299,226.09748344371127,327.0,226.09748344371215
92,2017,11,Tamil Nadu,Thirunelveli,374.6110294746754,226.09748344371195,346.0,226.09748344371306
93,2016,11,Tamil Nadu,The Nilgiris,354.4383721771299,226.09748344371127,327.0,226.09748344371215
93,2017,11,Tamil Nadu,The Nilgiris,391.29,226.09748344371306,346.0,226.09748344371454
94,2016,11,Tamil Nadu,Kanyakumari,354.4383721771299,226.09748344371127,327.0,226.09748344371215
94,2017,11,Tamil Nadu,Kanyakumari,374.6110294746754,226.09748344371195,346.0,226.09748344371306
96,2016,7,Maharashtra,Thane,147.40320517600546,226.09748344370408,132.0,226.09748344370254
96,2017,7,Maharashtra,Thane,284.3649310382878,226.09748344370888,261.0,226.09748344370897
97,2016,7,Maharashtra,Raigarh,147.40320517600546,226.09748344370408,132.0,226.09748344370254
97,2017,7,Maharashtra,Raigarh,284.3649310382878,226.09748344370888,261.0,226.09748344370897
98,2016,7,Maharashtra,Ratnagiri,147.40320517600546,226.09748344370408,132.0,226.09748344370254
98,2017,7,Maharashtra,Ratnagiri,284.3649310382878,226.09748344370888,261.0,226.09748344370897
99,2016,7,Maharashtra,Nasik,147.40320517600546,226.09748344370408,132.0,226.09748344370254
99,2017,7,Maharashtra,Nasik,284.3649310382878,226.09748344370888,261.0,226.09748344370897
100,2016,7,Maharashtra,Dhule,147.40320517600546,226.09748344370408,132.0,226.09748344370254
100,2017,7,Maharashtra,Dhule,284.3649310382878,226.09748344370888,261.0,226.09748344370897
101,2016,7,Maharashtra,Jalgaon,147.40320517600546,226.09748344370408,132.0,226.09748344370254
101,2017,7,Maharashtra,Jalgaon,300.0,150.0,261.0,150.0
102,2016,7,Maharashtra,Ahmednagar,147.40320517600546,226.09748344370408,132.0,226.09748344370254
102,2017,7,Maharashtra,Ahmednagar,284.3649310382878,226.09748344370888,261.0,226.09748344370897
103,2016,7,Maharashtra,Pune,147.40320517600546,226.09748344370408,132.0,226.09748344370254
103,2017,7,Maharashtra,Pune,284.3649310382878,226.09748344370888,261.0,226.09748344370897
104,2016,7,Maharashtra,Satara,147.40320517600546,226.09748344370408,132.0,226.09748344370254
104,2017,7,Maharashtra,Satara,284.3649310382878,226.09748344370888,261.0,226.09748344370897
105,2016,7,Maharashtra,Sangli,147.40320517600546,226.09748344370408,132.0,226.09748344370254
105,2017,7,Maharashtra,Sangli,284.3649310382878,226.09748344370888,261.0,226.09748344370897
106,2016,7,Maharashtra,Solapur,147.40320517600546,226.09748344370408,132.0,226.09748344370254
106,2017,7,Maharashtra,Solapur,284.3649310382878,226.09748344370888,261.0,226.09748344370897
107,2016,7,Maharashtra,Kolhapur,147.40320517600546,226.09748344370408,132.0,226.09748344370254
107,2017,7,Maharashtra,Kolhapur,284.3649310382878,226.09748344370888,261.0,226.09748344370897
108,2016,7,Maharashtra,Aurangabad,147.40320517600546,226.09748344370408,132.0,226.09748344370254
108,2017,7,Maharashtra,Aurangabad,284.3649310382878,226.09748344370888,261.0,226.09748344370897
109,2016,7,Maharashtra,Parbhani,147.40320517600546,226.09748344370408,132.0,226.09748344370254
109,2017,7,Maharashtra,Parbhani,284.3649310382878,226.09748344370888,261.0,226.09748344370897
110,2016,7,Maharashtra,Bid,147.40320517600546,226.09748344370408,132.0,226.09748344370254
110,2017,7,Maharashtra,Bid,284.3649310382878,226.09748344370888,261.0,226.09748344370897
111,2016,7,Maharashtra,Nanded,147.40320517600546,226.09748344370408,132.0,226.09748344370254
111,2017,7,Maharashtra,Nanded,284.3649310382878,226.09748344370888,261.0,226.09748344370897
112,2016,7,Maharashtra,Osmanabad,147.40320517600546,226.09748344370408,132.0,226.09748344370254
112,2017,7,Maharashtra,Osmanabad,284.3649310382878,226.09748344370888,261.0,226.09748344370897
113,2016,7,Maharashtra,Buldhana,147.40320517600546,226.09748344370408,132.0,226.09748344370254
113,2017,7,Maharashtra,Buldhana,284.3649310382878,226.09748344370888,261.0,226.09748344370897
114,2016,7,Maharashtra,Akola,147.40320517600546,226.09748344370408,132.0,226.09748344370254
114,2017,7,Maharashtra,Akola,284.3649310382878,226.09748344370888,261.0,226.09748344370897
115,2016,7,Maharashtra,Amarawati,147.40320517600546,226.09748344370408,132.0,226.09748344370254
115,2017,7,Maharashtra,Amarawati,284.3649310382878,226.09748344370888,261.0,226.09748344370897
116,2016,7,Maharashtra,Yeotmal,147.40320517600546,226.09748344370408,132.0,226.09748344370254
116,2017,7,Maharashtra,Yeotmal,284.3649310382878,226.09748344370888,261.0,226.09748344370897
117,2016,7,Maharashtra,Wardha,147.40320517600546,226.09748344370408,132.0,226.09748344370254
117,2017,7,Maharashtra,Wardha,284.3649310382878,226.09748344370888,261.0,226.09748344370897
118,2016,7,Maharashtra,Nagpur,123.0,87.27,132.0,87.27
118,2017,7,Maharashtra,Nagpur,145.0,102.5,261.0,102.5
119,2016,7,Maharashtra,Bhandara,147.40320517600546,226.09748344370408,132.0,226.09748344370254
119,2017,7,Maharashtra,Bhandara,284.3649310382878,226.09748344370888,261.0,226.09748344370897
120,2016,7,Maharashtra,Chandrapur,300.0,150.0,132.0,150.0
120,2017,7,Maharashtra,Chandrapur,300.0,150.0,261.0,150.0
121,2016,3,Gujarat,Ahmedabad,262.27,226.09748344370905,211.0,226.0974834437092
121,2017,3,Gujarat,Ahmedabad,271.67,226.0974834437094,219.0,226.09748344370965
122,2016,3,Gujarat,Amreli,243.75,226.09748344370786,211.0,226.0974834437076
122,2017,3,Gujarat,Amreli,250.42,219.0,219.0,219.0
123,2016,3,Gujarat,Banaskantha,225.75,226.09748344370666,211.0,226.097483443706
123,2017,3,Gujarat,Banaskantha,222.92,290.0,219.0,290.0
124,2016,3,Gujarat,Bharuch,150.0,226.09748344370172,211.0,226.09748344369942
124,2017,3,Gujarat,Bharuch,150.0,150.0,219.0,150.0
125,2016,3,Gujarat,Vadodara,191.82,226.09748344370445,211.0,226.09748344370306
125,2017,3,Gujarat,Vadodara,297.27,200.0,219.0,200.0
126,2016,3,Gujarat,Bhavnagar,333.42,226.0974834437137,211.0,226.0974834437154
126,2017,3,Gujarat,Bhavnagar,351.5,226.09748344371465,219.0,226.09748344371664
127,2016,3,Gujarat,Valsad,165.27,226.09748344370269,211.0,226.09748344370072
127,2017,3,Gujarat,Valsad,178.0,178.0,219.0,178.0
128,2016,3,Gujarat,Dangs,128.18,226.0974834437003,211.0,226.09748344369754
128,2017,3,Gujarat,Dangs,171.0,226.09748344370283,219.0,226.0974834437009
129,2016,3,Gujarat,Jamnagar,300.0,226.09748344371152,211.0,226.0974834437125
129,2017,3,Gujarat,Jamnagar,291.67,226.09748344371073,219.0,226.0974834437114
130,2016,3,Gujarat,Junagadh,251.33,226.09748344370837,211.0,226.09748344370828
130,2017,3,Gujarat,Junagadh,254.42,226.09748344370828,219.0,226.09748344370817
131,2016,3,Gujarat,Kheda,231.2789907815892,226.097483443707,211.0,226.09748344370647
131,2017,3,Gujarat,Kheda,239.77274122266095,226.09748344370735,219.0,226.09748344370692
132,2016,3,Gujarat,Kutch,300.0,226.09748344371152,211.0,226.0974834437125
132,2017,3,Gujarat,Kutch,331.5,226.09748344371332,219.0,226.09748344371488
133,2016,3,Gujarat,Mehsana,231.25,226.097483443707,211.0,226.09748344370647
133,2017,3,Gujarat,Mehsana,230.42,226.0974834437067,219.0,226.09748344370607
134,2016,3,Gujarat,Panchmahal,157.5,226.09748344370217,211.0,226.09748344370004
134,2017,3,Gujarat,Panchmahal,156.42,150.0,219.0,150.0
135,2016,3,Gujarat,Rajkot,249.0,226.0974834437082,211.0,226.09748344370806
135,2017,3,Gujarat,Rajkot,253.67,253.0,219.0,253.0
136,2016,3,Gujarat,Sabarkantha,164.36,226.09748344370266,211.0,226.09748344370067
136,2017,3,Gujarat,Sabarkantha,178.0,226.09748344370328,219.0,226.09748344370152
137,2016,3,Gujarat,Surat,208.27,226.0974834437055,211.0,226.09748344370448
137,2017,3,Gujarat,Surat,212.33,226.0974834437055,219.0,226.09748344370448
138,2016,3,Gujarat,Surendranagar,220.67,226.09748344370632,211.0,226.09748344370556
138,2017,3,Gujarat,Surendranagar,205.0,226.09748344370504,219.0,226.09748344370385
139,2016,10,Rajasthan,Ajmer,170.0,226.09748344369964,314.0,226.0974834436967
139,2017,10,Rajasthan,Ajmer,190.0,226.09748344370024,336.0,226.09748344369748
140,2016,10,Rajasthan,Alwar,320.0,242.86,314.0,242.86
140,2017,10,Rajasthan,Alwar,309.09,500.0,336.0,500.0
141,2016,10,Rajasthan,Banswara,233.33,195.0,314.0,195.0
141,2017,10,Rajasthan,Banswara,150.0,120.0,336.0,120.0
142,2016,10,Rajasthan,Barmer,316.67,200.0,314.0,200.0
142,2017,10,Rajasthan,Barmer,363.9938414233356,226.0974834437116,336.0,226.0974834437126
143,2016,10,Rajasthan,Bharatpur,309.09,226.09748344370874,314.0,226.0974834437088
143,2017,10,Rajasthan,Bharatpur,350.0,226.0974834437107,336.0,226.0974834437114
144,2016,10,Rajasthan,Bhilwara,250.0,225.0,314.0,225.0
144,2017,10,Rajasthan,Bhilwara,295.45,247.73,336.0,247.73
145,2016,10,Rajasthan,Bikaner,350.0,350.0,314.0,350.0
145,2017,10,Rajasthan,Bikaner,363.9938414233356,226.0974834437116,336.0,226.0974834437126
146,2016,10,Rajasthan,Bundi,150.0,150.0,314.0,150.0
146,2017,10,Rajasthan,Bundi,189.0,226.09748344370016,336.0,226.09748344369737
147,2016,10,Rajasthan,Chittorgarh,400.0,350.0,314.0,350.0
147,2017,10,Rajasthan,Chittorgarh,250.0,250.0,336.0,250.0
148,2016,10,Rajasthan,Churu,500.0,226.09748344372122,314.0,226.0974834437254
148,2017,10,Rajasthan,Churu,500.0,226.09748344372053,336.0,226.09748344372449
149,2016,10,Rajasthan,Dungarpur,293.75,233.33,314.0,233.33
149,2017,10,Rajasthan,Dungarpur,300.0,226.09748344370746,336.0,226.0974834437071
150,2016,10,Rajasthan,Ganganagar,355.0,226.09748344371178,314.0,226.09748344371283
150,2017,10,Rajasthan,Ganganagar,374.44,226.0974834437123,336.0,226.09748344371351
151,2016,10,Rajasthan,Jaipur,400.0,226.09748344371468,314.0,226.0974834437167
151,2017,10,Rajasthan,Jaipur,600.0,226.09748344372707,336.0,226.09748344373318
152,2016,10,Rajasthan,Jaisalmer,450.0,350.0,314.0,350.0
152,2017,10,Rajasthan,Jaisalmer,450.0,350.0,336.0,350.0
153,2016,10,Rajasthan,Jalore,333.33,200.0,314.0,200.0
153,2017,10,Rajasthan,Jalore,450.0,226.09748344371724,336.0,226.0974834437201
154,2016,10,Rajasthan,Jhalawar,200.0,226.09748344370158,314.0,226.09748344369925
154,2017,10,Rajasthan,Jhalawar,200.0,226.0974834437009,336.0,226.09748344369834
155,2016,10,Rajasthan,Jhunjhunu,340.63602771038825,226.09748344371084,314.0,226.09748344371158
155,2017,10,Rajasthan,Jhunjhunu,363.9938414233356,226.0974834437116,336.0,226.0974834437126
156,2016,10,Rajasthan,Jodhpur,400.0,250.0,314.0,250.0
156,2017,10,Rajasthan,Jodhpur,500.0,226.09748344372053,336.0,226.09748344372449
157,2016,10,Rajasthan,Kota,270.0,215.0,314.0,215.0
157,2017,10,Rajasthan,Kota,254.17,226.09748344370448,336.0,226.0974834437031
158,2016,10,Rajasthan,Nagaur,424.44,400.0,314.0,400.0
158,2017,10,Rajasthan,Nagaur,300.0,226.09748344370746,336.0,226.0974834437071
159,2016,10,Rajasthan,Pali,510.0,360.0,314.0,360.0
159,2017,10,Rajasthan,Pali,500.0,500.0,336.0,500.0
160,2016,10,Rajasthan,Swami Madhopur,400.0,226.09748344371468,314.0,226.0974834437167
160,2017,10,Rajasthan,Swami Madhopur,500.0,226.09748344372053,336.0,226.09748344372449
161,2016,10,Rajasthan,Sikar,500.0,226.09748344372122,314.0,226.0974834437254
161,2017,10,Rajasthan,Sikar,500.0,226.09748344372053,336.0,226.09748344372449
162,2016,10,Rajasthan,Sirohi,400.0,200.0,314.0,200.0
162,2017,10,Rajasthan,Sirohi,200.0,226.0974834437009,336.0,226.09748344369834
163,2016,10,Rajasthan,Tonk,558.33,226.09748344372503,314.0,226.09748344373045
163,2017,10,Rajasthan,Tonk,562.5,226.09748344372463,336.0,226.09748344372994
164,2016,10,Rajasthan,Udaipur,238.89,226.09748344370414,314.0,226.09748344370266
164,2017,10,Rajasthan,Udaipur,251.0,226.09748344370422,336.0,226.09748344370277
165,2016,9,Punjab,Gurdaspur,354.55,226.09748344370908,395.0,226.09748344370925
165,2017,9,Punjab,Gurdaspur,400.0,226.0974834437118,403.0,226.0974834437129
166,2016,9,Punjab,Amritsar,450.0,226.0974834437153,395.0,226.09748344371755
166,2017,9,Punjab,Amritsar,450.0,226.09748344371505,403.0,226.0974834437172
167,2016,9,Punjab,Kapurthala,354.0,226.09748344370908,395.0,226.09748344370925
167,2017,9,Punjab,Kapurthala,356.18,226.0974834437089,403.0,226.09748344370902
168,2016,9,Punjab,Jalandhar,495.0,226.09748344371826,395.0,226.09748344372147
168,2017,9,Punjab,Jalandhar,495.0,226.097483443718,403.0,226.09748344372113
169,2016,9,Punjab,Hoshiarpur,393.33,226.09748344371164,395.0,226.09748344371266
169,2017,9,Punjab,Hoshiarpur,400.0,226.0974834437118,403.0,226.0974834437129
170,2016,9,Punjab,Roopnagar,570.0,226.09748344372318,395.0,226.097483443728
170,2017,9,Punjab,Roopnagar,570.0,226.09748344372292,403.0,226.09748344372767
171,2016,9,Punjab,Ludhiana,430.0,226.09748344371403,395.0,226.09748344371584
171,2017,9,Punjab,Ludhiana,464.0,226.097483443716,403.0,226.09748344371846
172,2016,9,Punjab,Ferozpur,420.0,226.09748344371334,395.0,226.09748344371494
172,2017,9,Punjab,Ferozpur,420.83,226.09748344371317,403.0,226.0974834437147
173,2016,9,Punjab,Faridkot,480.0,226.09748344371732,395.0,226.09748344372022
173,2017,9,Punjab,Faridkot,488.33,226.09748344371758,403.0,226.09748344372056
174,2016,9,Punjab,Bhatinda,350.0,226.09748344370882,395.0,226.0974834437089
174,2017,9,Punjab,Bhatinda,372.22,226.09748344371002,403.0,226.0974834437105
175,2016,9,Punjab,Sangrur,410.0,226.09748344371272,395.0,226.09748344371408
175,2017,9,Punjab,Sangrur,416.0,226.09748344371283,403.0,226.09748344371425
176,2016,9,Punjab,Patiala,356.18,226.09748344370917,395.0,226.09748344370936
176,2017,9,Punjab,Patiala,365.0,226.0974834437095,403.0,226.09748344370982
177,2016,4,Haryana,Hissar,450.0,226.09748344371548,390.0,226.09748344371778
177,2017,4,Haryana,Hissar,450.0,226.09748344371462,416.0,226.09748344371664
178,2016,4,Haryana,Sirsa,421.3266569005701,226.0974834437136,390.0,226.09748344371528
178,2017,4,Haryana,Sirsa,448.93134583405333,226.0974834437146,416.0,226.09748344371658
179,2016,4,Haryana,Bhiwani,308.33,226.0974834437062,390.0,226.09748344370544
179,2017,4,Haryana,Bhiwani,408.33,226.0974834437119,416.0,226.097483443713
180,2016,4,Haryana,Gurgaon,600.0,226.0974834437253,390.0,226.09748344373085
180,2017,4,Haryana,Gurgaon,600.0,226.09748344372446,416.0,226.09748344372971
181,2016,4,Haryana,Jind,400.0,226.09748344371224,390.0,226.09748344371346
181,2017,4,Haryana,Jind,400.0,226.09748344371138,416.0,226.09748344371232
182,2016,4,Haryana,Mahendragarh,500.0,226.09748344371877,390.0,226.09748344372215
182,2017,4,Haryana,Mahendragarh,491.67,226.09748344371735,416.0,226.09748344372028
183,2016,4,Haryana,Ambala,375.0,226.09748344371062,390.0,226.0974834437113
183,2017,4,Haryana,Ambala,397.92,226.0974834437112,416.0,226.0974834437121
184,2016,4,Haryana,Karnal,350.0,226.09748344370894,390.0,226.09748344370908
184,2017,4,Haryana,Karnal,350.0,226.0974834437081,416.0,226.09748344370794
185,2016,4,Haryana,Kurukshetra,300.0,226.0974834437057,390.0,226.09748344370476
185,2017,4,Haryana,Kurukshetra,300.0,226.09748344370485,416.0,226.09748344370362
186,2016,4,Haryana,Rohtak,545.83,226.09748344372176,390.0,226.09748344372613
186,2017,4,Haryana,Rohtak,483.33,226.0974834437168,416.0,226.09748344371954
187,2016,4,Haryana,Sonepat,450.0,226.09748344371548,390.0,226.09748344371778
187,2017,4,Haryana,Sonepat,566.67,226.09748344372227,416.0,226.09748344372682
188,2016,4,Haryana,Faridabad,400.0,226.09748344371224,390.0,226.09748344371346
188,2017,4,Haryana,Faridabad,550.0,226.09748344372116,416.0,226.09748344372534
189,2016,12,Uttar Pradesh,Saharanpur,200.0,226.09748344370425,233.0,226.09748344370277
189,2017,12,Uttar Pradesh,Saharanpur,263.13055493560836,226.09748344370811,241.0,226.09748344370794
190,2016,12,Uttar Pradesh,Muzaffarnagar,306.25,226.09748344371116,233.0,226.09748344371198
190,2017,12,Uttar Pradesh,Muzaffarnagar,325.0,226.09748344371218,241.0,226.09748344371334
191,2016,12,Uttar Pradesh,Meerut,254.6368044945366,226.09748344370783,233.0,226.09748344370755
191,2017,12,Uttar Pradesh,Meerut,295.83,226.09748344371022,241.0,226.09748344371073
192,2016,12,Uttar Pradesh,Buland Shahar,254.6368044945366,226.09748344370783,233.0,226.09748344370755
192,2017,12,Uttar Pradesh,Buland Shahar,263.13055493560836,226.09748344370811,241.0,226.09748344370794
193,2016,12,Uttar Pradesh,Ghaziabad,300.0,226.09748344371081,233.0,226.09748344371152
193,2017,12,Uttar Pradesh,Ghaziabad,326.58,226.09748344371226,241.0,226.09748344371346
194,2016,12,Uttar Pradesh,Aligarh,244.0,226.0974834437071,233.0,226.09748344370658
194,2017,12,Uttar Pradesh,Aligarh,300.0,226.0974834437105,241.0,226.09748344371113
195,2016,12,Uttar Pradesh,Mathura,295.0,226.09748344371047,233.0,226.09748344371107
195,2017,12,Uttar Pradesh,Mathura,263.13055493560836,226.09748344370811,241.0,226.09748344370794
196,2016,12,Uttar Pradesh,Agra,254.6368044945366,226.09748344370783,233.0,226.09748344370755
196,2017,12,Uttar Pradesh,Agra,263.13055493560836,226.09748344370811,241.0,226.09748344370794
197,2016,12,Uttar Pradesh,Mainpuri,250.0,226.09748344370752,233.0,226.09748344370715
197,2017,12,Uttar Pradesh,Mainpuri,250.0,226.09748344370726,241.0,226.0974834437068
198,2016,12,Uttar Pradesh,Etah,254.6368044945366,226.09748344370783,233.0,226.09748344370755
198,2017,12,Uttar Pradesh,Etah,263.13055493560836,226.09748344370811,241.0,226.09748344370794
199,2016,12,Uttar Pradesh,Bareilly,200.0,226.09748344370425,233.0,226.09748344370277
199,2017,12,Uttar Pradesh,Bareilly,216.67,226.09748344370504,241.0,226.09748344370385
200,2016,12,Uttar Pradesh,Budaun,200.0,226.09748344370425,233.0,226.09748344370277
200,2017,12,Uttar Pradesh,Budaun,292.86,226.09748344371005,241.0,226.0974834437105
201,2016,12,Uttar Pradesh,Moradabad,251.89,226.09748344370766,233.0,226.09748344370732
201,2017,12,Uttar Pradesh,Moradabad,284.0,226.09748344370945,241.0,226.0974834437097
202,2016,12,Uttar Pradesh,Shahjahanpur,254.6368044945366,226.09748344370783,233.0,226.09748344370755
202,2017,12,Uttar Pradesh,Shahjahanpur,263.13055493560836,226.09748344370811,241.0,226.09748344370794
203,2016,12,Uttar Pradesh,Pilibhit,174.0,226.09748344370257,233.0,226.09748344370055
203,2017,12,Uttar Pradesh,Pilibhit,174.0,143.78,241.0,143.78
204,2016,12,Uttar Pradesh,Rampur,254.6368044945366,226.09748344370783,233.0,226.09748344370755
204,2017,12,Uttar Pradesh,Rampur,200.0,226.097483443704,241.0,226.09748344370243
205,2016,12,Uttar Pradesh,Bijnor,250.0,226.09748344370752,233.0,226.09748344370715
205,2017,12,Uttar Pradesh,Bijnor,262.5,226.0974834437081,241.0,226.0974834437079
206,2016,12,Uttar Pradesh,Farrukhabad,200.0,226.09748344370425,233.0,226.09748344370277
206,2017,12,Uttar Pradesh,Farrukhabad,250.0,226.09748344370726,241.0,226.0974834437068
207,2016,12,Uttar Pradesh,Etawah,254.6368044945366,226.09748344370783,233.0,226.09748344370755
207,2017,12,Uttar Pradesh,Etawah,263.13055493560836,226.09748344370811,241.0,226.09748344370794
209,2016,12,Uttar Pradesh,Fatehpur,250.0,226.09748344370752,233.0,226.09748344370715
209,2017,12,Uttar Pradesh,Fatehpur,247.92,226.0974834437071,241.0,226.09748344370658
210,2016,12,Uttar Pradesh,Allahabad,254.6368044945366,226.09748344370783,233.0,226.09748344370755
210,2017,12,Uttar Pradesh,Allahabad,277.75,226.09748344370905,241.0,226.0974834437092
211,2016,12,Uttar Pradesh,Jhansi,200.0,226.09748344370425,233.0,226.09748344370277
211,2017,12,Uttar Pradesh,Jhansi,200.0,226.097483443704,241.0,226.09748344370243
212,2016,12,Uttar Pradesh,Lalitpur,350.0,226.09748344371405,233.0,226.09748344371584
212,2017,12,Uttar Pradesh,Lalitpur,350.0,226.0974834437138,241.0,226.0974834437155
213,2016,12,Uttar Pradesh,Jalaun,254.6368044945366,226.09748344370783,233.0,226.09748344370755
213,2017,12,Uttar Pradesh,Jalaun,263.13055493560836,226.09748344370811,241.0,226.09748344370794
214,2016,12,Uttar Pradesh,Hamirpur,173.33,226.0974834437025,233.0,226.09748344370044
214,2017,12,Uttar Pradesh,Hamirpur,263.13055493560836,226.09748344370811,241.0,226.09748344370794
215,2016,12,Uttar Pradesh,Banda,254.6368044945366,226.09748344370783,233.0,226.09748344370755
215,2017,12,Uttar Pradesh,Banda,200.0,226.097483443704,241.0,226.09748344370243
216,2016,12,Uttar Pradesh,Varanasi,254.6368044945366,226.09748344370783,233.0,226.09748344370755
216,2017,12,Uttar Pradesh,Varanasi,263.13055493560836,226.09748344370811,241.0,226.09748344370794
217,2016,12,Uttar Pradesh,Mirzpur,243.8,226.0974834437071,233.0,226.09748344370658
217,2017,12,Uttar Pradesh,Mirzpur,246.6,226.097483443707,241.0,226.09748344370647
218,2016,12,Uttar Pradesh,Jaunpur,254.6368044945366,226.09748344370783,233.0,226.09748344370755
218,2017,12,Uttar Pradesh,Jaunpur,263.13055493560836,226.09748344370811,241.0,226.09748344370794
219,2016,12,Uttar Pradesh,Ghazipur,254.17,226.09748344370777,233.0,226.0974834437075
219,2017,12,Uttar Pradesh,Ghazipur,252.27,226.0974834437074,241.0,226.09748344370698
220,2016,12,Uttar Pradesh,Ballia,254.6368044945366,226.09748344370783,233.0,226.09748344370755
220,2017,12,Uttar Pradesh,Ballia,187.0,226.09748344370317,241.0,226.09748344370135
221,2016,12,Uttar Pradesh,Gorakhpur,196.4,226.09748344370402,233.0,226.0974834437025
221,2017,12,Uttar Pradesh,Gorakhpur,263.13055493560836,226.09748344370811,241.0,226.09748344370794
222,2016,12,Uttar Pradesh,Deoria,254.6368044945366,226.09748344370783,233.0,226.09748344370755
222,2017,12,Uttar Pradesh,Deoria,263.13055493560836,226.09748344370811,241.0,226.09748344370794
223,2016,12,Uttar Pradesh,Basti,254.6368044945366,226.09748344370783,233.0,226.09748344370755
223,2017,12,Uttar Pradesh,Basti,250.0,226.09748344370726,241.0,226.0974834437068
224,2016,12,Uttar Pradesh,Azamgarh,254.67,226.09748344370783,233.0,226.09748344370755
224,2017,12,Uttar Pradesh,Azamgarh,283.2,226.09748344370945,241.0,226.0974834437097
225,2016,12,Uttar Pradesh,Lucknow,250.0,226.09748344370752,233.0,226.09748344370715
225,2017,12,Uttar Pradesh,Lucknow,250.0,226.09748344370726,241.0,226.0974834437068
226,2016,12,Uttar Pradesh,Unnao,194.67,226.09748344370385,233.0,226.09748344370226
226,2017,12,Uttar Pradesh,Unnao,215.0,226.09748344370496,241.0,226.09748344370374
227,2016,12,Uttar Pradesh,Rae - Bareily,254.6368044945366,226.09748344370783,233.0,226.09748344370755
227,2017,12,Uttar Pradesh,Rae - Bareily,263.13055493560836,226.09748344370811,241.0,226.09748344370794
228,2016,12,Uttar Pradesh,Sitapur,200.0,226.09748344370425,233.0,226.09748344370277
228,2017,12,Uttar Pradesh,Sitapur,200.0,226.097483443704,241.0,226.09748344370243
229,2016,12,Uttar Pradesh,Hardoi,200.0,226.09748344370425,233.0,226.09748344370277
229,2017,12,Uttar Pradesh,Hardoi,200.0,226.097483443704,241.0,226.09748344370243
230,2016,12,Uttar Pradesh,Kheri,254.6368044945366,226.09748344370783,233.0,226.09748344370755
230,2017,12,Uttar Pradesh,Kheri,263.13055493560836,226.09748344370811,241.0,226.09748344370794
231,2016,12,Uttar Pradesh,Faizabad,200.0,226.09748344370425,233.0,226.09748344370277
231,2017,12,Uttar Pradesh,Faizabad,200.0,226.097483443704,241.0,226.09748344370243
232,2016,12,Uttar Pradesh,Gonda,254.6368044945366,226.09748344370783,233.0,226.09748344370755
232,2017,12,Uttar Pradesh,Gonda,263.13055493560836,226.09748344370811,241.0,226.09748344370794
233,2016,12,Uttar Pradesh,Bahraich,254.6368044945366,226.09748344370783,233.0,226.09748344370755
233,2017,12,Uttar Pradesh,Bahraich,265.82,226.09748344370828,241.0,226.09748344370817
234,2016,12,Uttar Pradesh,Sultanpur,208.17,226.0974834437048,233.0,226.0974834437035
234,2017,12,Uttar Pradesh,Sultanpur,217.5,226.09748344370513,241.0,226.09748344370396
235,2016,12,Uttar Pradesh,Pratapgarh,274.88,226.0974834437091,233.0,226.09748344370925
235,2017,12,Uttar Pradesh,Pratapgarh,212.5,226.0974834437048,241.0,226.0974834437035
236,2016,12,Uttar Pradesh,Barabanki,219.0,226.09748344370547,233.0,226.09748344370442
236,2017,12,Uttar Pradesh,Barabanki,225.0,226.0974834437056,241.0,226.0974834437046
237,2016,16,Uttarakhand,Nainital,434.06728256217764,226.09748344371408,402.0,226.0974834437159
237,2017,16,Uttarakhand,Nainital,378.85790469521123,226.09748344371215,350.0,226.09748344371334
238,2016,16,Uttarakhand,Almorah,500.0,0.0,402.0,0.0
238,2017,16,Uttarakhand,Almorah,700.0,226.09748344373313,350.0,226.09748344374125
239,2016,16,Uttarakhand,Pithorgarh,434.06728256217764,226.09748344371408,402.0,226.0974834437159
239,2017,16,Uttarakhand,Pithorgarh,400.0,226.09748344371351,350.0,226.09748344371516
240,2016,16,Uttarakhand,Chamoli,500.0,0.0,402.0,0.0
240,2017,16,Uttarakhand,Chamoli,378.85790469521123,226.09748344371215,350.0,226.09748344371334
241,2016,16,Uttarakhand,Uttar Kashi,434.06728256217764,226.09748344371408,402.0,226.0974834437159
241,2017,16,Uttarakhand,Uttar Kashi,378.85790469521123,226.09748344371215,350.0,226.09748344371334
242,2016,16,Uttarakhand,Tehri Garhwal,434.06728256217764,226.09748344371408,402.0,226.0974834437159
242,2017,16,Uttarakhand,Tehri Garhwal,378.85790469521123,226.09748344371215,350.0,226.09748344371334
243,2016,16,Uttarakhand,Garhwal,434.06728256217764,226.09748344371408,402.0,226.0974834437159
243,2017,16,Uttarakhand,Garhwal,400.0,226.09748344371351,350.0,226.09748344371516
244,2016,16,Uttarakhand,Dehradun,434.06728256217764,226.09748344371408,402.0,226.0974834437159
244,2017,16,Uttarakhand,Dehradun,378.85790469521123,226.09748344371215,350.0,226.09748344371334
501,2016,14,Chhattisgarh,Rajnandgaon,450.0,226.09748344372161,201.0,226.0974834437259
501,2017,14,Chhattisgarh,Rajnandgaon,450.0,226.0974834437217,200.0,226.09748344372602
502,2016,6,Madhya Pradesh,Bhopal,245.0,226.0974834437073,230.0,226.09748344370686
502,2017,6,Madhya Pradesh,Bhopal,250.0,226.09748344370712,246.0,226.09748344370664
503,2016,1,Andhra Pradesh,Vizianagaram,296.4,201.38,321.0,201.38
503,2017,1,Andhra Pradesh,Vizianagaram,297.25,237.5,331.0,237.5
504,2016,1,Andhra Pradesh,Prakasam,255.14,178.4,321.0,178.4
504,2017,1,Andhra Pradesh,Prakasam,297.25,235.67,331.0,235.67
506,2016,11,Tamil Nadu,Dharmapuri,650.0,226.09748344373062,327.0,226.0974834437379
506,2017,11,Tamil Nadu,Dharmapuri,675.0,226.0974834437316,346.0,226.0974834437392
507,2016,11,Tamil Nadu,Periyar(Erode),257.0,226.0974834437049,327.0,226.09748344370368
507,2017,11,Tamil Nadu,Periyar(Erode),374.6110294746754,226.09748344371195,346.0,226.09748344371306
508,2016,11,Tamil Nadu,Pudukkottai,550.0,226.0974834437241,327.0,226.0974834437292
508,2017,11,Tamil Nadu,Pudukkottai,570.0,226.09748344372477,346.0,226.0974834437301
509,2016,11,Tamil Nadu,Dindigul Anna,354.4383721771299,226.09748344371127,327.0,226.09748344371215
509,2017,11,Tamil Nadu,Dindigul Anna,374.6110294746754,226.09748344371195,346.0,226.09748344371306
510,2016,11,Tamil Nadu,Virudhunagar Kamarajar,354.4383721771299,226.09748344371127,327.0,226.09748344371215
510,2017,11,Tamil Nadu,Virudhunagar Kamarajar,153.0,226.0974834436975,346.0,226.09748344369385
512,2016,11,Tamil Nadu,Sivagangai Pasumpon,525.0,226.0974834437224,327.0,226.097483443727
512,2017,11,Tamil Nadu,Sivagangai Pasumpon,400.0,226.09748344371366,346.0,226.09748344371533
513,2016,11,Tamil Nadu,Chidambanar Toothukudi,354.4383721771299,226.09748344371127,327.0,226.09748344371215
513,2017,11,Tamil Nadu,Chidambanar Toothukudi,150.0,226.0974834436973,346.0,226.09748344369356
514,2016,7,Maharashtra,Jalna,147.40320517600546,226.09748344370408,132.0,226.09748344370254
514,2017,7,Maharashtra,Jalna,284.3649310382878,226.09748344370888,261.0,226.09748344370897
515,2016,7,Maharashtra,Latur,147.40320517600546,226.09748344370408,132.0,226.09748344370254
515,2017,7,Maharashtra,Latur,284.3649310382878,226.09748344370888,261.0,226.09748344370897
516,2016,7,Maharashtra,Gadchiroli,147.40320517600546,226.09748344370408,132.0,226.09748344370254
516,2017,7,Maharashtra,Gadchiroli,284.3649310382878,226.09748344370888,261.0,226.09748344370897
517,2016,7,Maharashtra,Sindhudurg,147.40320517600546,226.09748344370408,132.0,226.09748344370254
517,2017,7,Maharashtra,Sindhudurg,284.3649310382878,226.09748344370888,261.0,226.09748344370897
518,2016,3,Gujarat,Gandhinagar,150.0,150.0,211.0,150.0
518,2017,3,Gujarat,Gandhinagar,150.0,226.09748344370146,219.0,226.09748344369908
519,2016,10,Rajasthan,Dholpur,400.0,300.0,314.0,300.0
519,2017,10,Rajasthan,Dholpur,363.9938414233356,226.0974834437116,336.0,226.0974834437126
520,2016,20,Telangana,Rangareddy,333.33,219.75,290.0,219.75
520,2017,20,Telangana,Rangareddy,655.42,249.17,333.0,249.17
521,2016,11,Tamil Nadu,Thiruvannamalai,378.33,226.09748344371286,327.0,226.09748344371425
521,2017,11,Tamil Nadu,Thiruvannamalai,456.0,250.0,346.0,250.0
523,2016,4,Haryana,Yamunanagar,350.0,226.09748344370894,390.0,226.09748344370908
523,2017,4,Haryana,Yamunanagar,365.0,226.09748344370908,416.0,226.09748344370925
524,2016,4,Haryana,Kaithal,375.0,226.09748344371062,390.0,226.0974834437113
524,2017,4,Haryana,Kaithal,400.0,226.09748344371138,416.0,226.09748344371232
525,2016,4,Haryana,Panipat,408.33,226.09748344371275,390.0,226.09748344371414
525,2017,4,Haryana,Panipat,408.33,226.0974834437119,416.0,226.097483443713
526,2016,4,Haryana,Rewari,421.3266569005701,226.0974834437136,390.0,226.09748344371528
526,2017,4,Haryana,Rewari,448.93134583405333,226.0974834437146,416.0,226.09748344371658
527,2016,16,Uttarakhand,Haridwar,434.06728256217764,226.09748344371408,402.0,226.0974834437159
527,2017,16,Uttarakhand,Haridwar,378.85790469521123,226.09748344371215,350.0,226.09748344371334
528,2016,12,Uttar Pradesh,Firozabad,254.6368044945366,226.09748344370783,233.0,226.09748344370755
528,2017,12,Uttar Pradesh,Firozabad,263.13055493560836,226.09748344370811,241.0,226.09748344370794
529,2016,12,Uttar Pradesh,Sonbhadra,145.0,226.0974834437006,233.0,226.09748344369794
529,2017,12,Uttar Pradesh,Sonbhadra,190.0,226.09748344370334,241.0,226.09748344370158
530,2016,12,Uttar Pradesh,Mau,200.0,226.09748344370425,233.0,226.09748344370277
530,2017,12,Uttar Pradesh,Mau,263.13055493560836,226.09748344370811,241.0,226.09748344370794
531,2016,12,Uttar Pradesh,Mahrajgani,254.6368044945366,226.09748344370783,233.0,226.09748344370755
531,2017,12,Uttar Pradesh,Mahrajgani,210.0,226.09748344370462,241.0,226.09748344370328
532,2016,12,Uttar Pradesh,Sidharthnagar,254.6368044945366,226.09748344370783,233.0,226.09748344370755
532,2017,12,Uttar Pradesh,Sidharthnagar,275.0,226.09748344370888,241.0,226.09748344370897
533,2016,12,Uttar Pradesh,Mahoba,400.0,226.0974834437173,233.0,226.09748344372017
533,2017,12,Uttar Pradesh,Mahoba,263.13055493560836,226.09748344370811,241.0,226.09748344370794
536,2016,10,Rajasthan,Baran,184.55,166.0,314.0,166.0
536,2017,10,Rajasthan,Baran,221.0,190.0,336.0,190.0
537,2016,10,Rajasthan,Dausa,350.0,226.09748344371144,314.0,226.09748344371238
537,2017,10,Rajasthan,Dausa,350.0,226.0974834437107,336.0,226.0974834437114
538,2016,10,Rajasthan,Rajsamand,550.0,226.0974834437245,314.0,226.09748344372977
538,2017,10,Rajasthan,Rajsamand,300.0,226.09748344370746,336.0,226.0974834437071
539,2016,10,Rajasthan,Hanumangarh,350.0,226.09748344371144,314.0,226.09748344371238
539,2017,10,Rajasthan,Hanumangarh,400.0,226.097483443714,336.0,226.0974834437158
542,2016,11,Tamil Nadu,Nagapattinam,354.4383721771299,226.09748344371127,327.0,226.09748344371215
542,2017,11,Tamil Nadu,Nagapattinam,374.6110294746754,226.09748344371195,346.0,226.09748344371306
543,2016,11,Tamil Nadu,Villupuram,377.67,226.0974834437128,327.0,226.0974834437142
543,2017,11,Tamil Nadu,Villupuram,355.75,226.09748344371076,346.0,226.09748344371147
545,2016,9,Punjab,Mansa,300.0,226.09748344370553,395.0,226.09748344370453
545,2017,9,Punjab,Mansa,315.0,226.09748344370627,403.0,226.0974834437055
546,2016,9,Punjab,Fatehgarh Sahib,365.0,226.09748344370976,395.0,226.09748344371016
546,2017,9,Punjab,Fatehgarh Sahib,378.33,226.09748344371036,403.0,226.09748344371096
547,2016,12,Uttar Pradesh,Kanpur Nagar,300.0,226.09748344371081,233.0,226.09748344371152
547,2017,12,Uttar Pradesh,Kanpur Nagar,263.13055493560836,226.09748344370811,241.0,226.09748344370794
548,2016,12,Uttar Pradesh,Kanpur Dehat,254.6368044945366,226.09748344370783,233.0,226.09748344370755
548,2017,12,Uttar Pradesh,Kanpur Dehat,263.13055493560836,226.09748344370811,241.0,226.09748344370794
549,2016,5,Karnataka,Bangalore(Rural),362.73,341.82,326.0,341.82
549,2017,5,Karnataka,Bangalore(Rural),367.5,347.5,354.0,347.5
550,2016,5,Karnataka,Bangalore(Urban),353.3766533719959,226.09748344371127,326.0,226.09748344371215
550,2017,5,Karnataka,Bangalore(Urban),383.1047799157471,226.0974834437123,354.0,226.09748344371351
601,2016,17,Assam,Cachar,270.0,226.09748344370746,275.0,226.0974834437071
601,2017,17,Assam,Cachar,287.5,226.09748344370854,278.0,226.0974834437085
602,2016,17,Assam,Darrang,272.22,226.0974834437076,275.0,226.09748344370726
602,2017,17,Assam,Darrang,270.0,226.09748344370738,278.0,226.09748344370698
603,2016,17,Assam,Dibrugarh,285.0,226.09748344370846,275.0,226.0974834437084
603,2017,17,Assam,Dibrugarh,302.41415072556526,226.09748344370948,278.0,226.09748344370976
604,2016,17,Assam,Goalpara,256.25,226.09748344370658,275.0,226.0974834437059
604,2017,17,Assam,Goalpara,263.33,226.09748344370695,278.0,226.0974834437064
605,2016,17,Assam,Kamrup,370.83,226.09748344371408,275.0,226.0974834437159
605,2017,17,Assam,Kamrup,400.0,226.09748344371587,278.0,226.0974834437183
606,2016,17,Assam,Karbi Anglong,299.2289943101634,226.0974834437094,275.0,226.09748344370965
606,2017,17,Assam,Karbi Anglong,302.41415072556526,226.09748344370948,278.0,226.09748344370976
607,2016,17,Assam,Lakhimpur,250.0,226.09748344370618,275.0,226.09748344370539
607,2017,17,Assam,Lakhimpur,250.0,226.0974834437061,278.0,226.09748344370527
608,2016,17,Assam,North Cachar Hil,299.2289943101634,226.0974834437094,275.0,226.09748344370965
608,2017,17,Assam,North Cachar Hil,302.41415072556526,226.09748344370948,278.0,226.09748344370976
609,2016,17,Assam,Nagaon,314.17,226.09748344371033,275.0,226.0974834437109
609,2017,17,Assam,Nagaon,351.67,226.09748344371272,278.0,226.09748344371408
610,2016,17,Assam,Sibsagar,250.0,226.09748344370618,275.0,226.09748344370539
610,2017,17,Assam,Sibsagar,302.41415072556526,226.09748344370948,278.0,226.09748344370976
615,2016,17,Assam,Barpeta,275.0,200.0,275.0,200.0
615,2017,17,Assam,Barpeta,0.0,0.0,278.0,0.0
616,2016,17,Assam,Dhubri,299.2289943101634,226.0974834437094,275.0,226.09748344370965
616,2017,17,Assam,Dhubri,302.41415072556526,226.09748344370948,278.0,226.09748344370976
617,2016,17,Assam,Golaghat,353.89,226.09748344371297,275.0,226.09748344371442
617,2017,17,Assam,Golaghat,302.41415072556526,226.09748344370948,278.0,226.09748344370976
618,2016,17,Assam,Jorhat,267.5,226.0974834437073,275.0,226.09748344370686
618,2017,17,Assam,Jorhat,267.5,226.0974834437072,278.0,226.09748344370675
619,2016,17,Assam,Karimganj,299.2289943101634,226.0974834437094,275.0,226.09748344370965
619,2017,17,Assam,Karimganj,220.0,226.09748344370414,278.0,226.09748344370266
620,2016,17,Assam,Kokrajhar,250.0,226.09748344370618,275.0,226.09748344370539
620,2017,17,Assam,Kokrajhar,302.41415072556526,226.09748344370948,278.0,226.09748344370976
621,2016,17,Assam,Nalbari,299.2289943101634,226.0974834437094,275.0,226.09748344370965
621,2017,17,Assam,Nalbari,302.41415072556526,226.09748344370948,278.0,226.09748344370976
622,2016,17,Assam,Sonitpur,299.2289943101634,226.0974834437094,275.0,226.09748344370965
622,2017,17,Assam,Sonitpur,302.41415072556526,226.09748344370948,278.0,226.09748344370976
626,2016,18,Himachal Pradesh,Bilashpur,450.0,226.09748344371917,278.0,226.09748344372267
626,2017,18,Himachal Pradesh,Bilashpur,460.0,226.09748344371909,300.0,226.09748344372255
627,2016,18,Himachal Pradesh,Chamba,325.0,226.09748344371096,278.0,226.09748344371175
627,2017,18,Himachal Pradesh,Chamba,375.0,226.0974834437135,300.0,226.0974834437151
628,2016,18,Himachal Pradesh,Hamirpur,375.0,226.09748344371425,278.0,226.09748344371613
628,2017,18,Himachal Pradesh,Hamirpur,395.83,226.09748344371485,300.0,226.09748344371692
629,2016,18,Himachal Pradesh,Kangra,316.67,226.09748344371042,278.0,226.097483443711
629,2017,18,Himachal Pradesh,Kangra,322.5,320.0,300.0,320.0
630,2016,18,Himachal Pradesh,Kinnaur,625.0,350.0,278.0,350.0
630,2017,18,Himachal Pradesh,Kinnaur,650.0,226.09748344373148,300.0,226.09748344373904
631,2016,18,Himachal Pradesh,Kullu,325.0,226.09748344371096,278.0,226.09748344371175
631,2017,18,Himachal Pradesh,Kullu,375.0,226.0974834437135,300.0,226.0974834437151
632,2016,18,Himachal Pradesh,Lahul & Spiti,250.0,250.0,278.0,250.0
632,2017,18,Himachal Pradesh,Lahul & Spiti,275.0,226.09748344370695,300.0,226.0974834437064
633,2016,18,Himachal Pradesh,Solan,200.0,226.09748344370277,278.0,226.09748344370084
633,2017,18,Himachal Pradesh,Solan,275.0,226.09748344370695,300.0,226.0974834437064
634,2016,18,Himachal Pradesh,Mandi,200.0,226.09748344370277,278.0,226.09748344370084
634,2017,18,Himachal Pradesh,Mandi,337.5,226.09748344371107,300.0,226.09748344371187
635,2016,18,Himachal Pradesh,Shimla,200.0,226.09748344370277,278.0,226.09748344370084
635,2017,18,Himachal Pradesh,Shimla,260.83,226.09748344370607,300.0,226.09748344370522
636,2016,18,Himachal Pradesh,Sirmaur,200.0,200.0,278.0,200.0
636,2017,18,Himachal Pradesh,Sirmaur,275.0,226.09748344370695,300.0,226.0974834437064
637,2016,18,Himachal Pradesh,Una,300.0,226.09748344370934,278.0,226.0974834437096
637,2017,18,Himachal Pradesh,Una,350.0,226.09748344371187,300.0,226.09748344371295
651,2016,19,Kerala,Alappuzha,597.78,226.0974834437189,582.0,226.09748344372233
651,2017,19,Kerala,Alappuzha,658.0899504454457,226.09748344372187,613.0,226.0974834437263
652,2016,19,Kerala,Kannur,550.0,226.09748344371573,582.0,226.09748344371812
652,2017,19,Kerala,Kannur,652.5,226.09748344372144,613.0,226.09748344372574
653,2016,19,Kerala,Eranakulam,625.1766674862926,226.09748344372065,582.0,226.09748344372466
653,2017,19,Kerala,Eranakulam,658.0899504454457,226.09748344372187,613.0,226.0974834437263
654,2016,19,Kerala,Idukki,600.0,226.09748344371903,582.0,226.0974834437225
654,2017,19,Kerala,Idukki,700.0,226.09748344372457,613.0,226.09748344372989
655,2016,19,Kerala,Kottayam,625.1766674862926,226.09748344372065,582.0,226.09748344372466
655,2017,19,Kerala,Kottayam,658.0899504454457,226.09748344372187,613.0,226.0974834437263
656,2016,19,Kerala,Kozhikode,953.33,226.09748344374216,582.0,226.0974834437533
656,2017,19,Kerala,Kozhikode,957.0,226.09748344374134,613.0,226.09748344375222
657,2016,19,Kerala,Malappuram,736.67,226.09748344372795,582.0,226.09748344373438
657,2017,19,Kerala,Malappuram,950.0,226.0974834437409,613.0,226.09748344375166
658,2016,19,Kerala,Palakkad,625.1766674862926,226.09748344372065,582.0,226.09748344372466
658,2017,19,Kerala,Palakkad,658.0899504454457,226.09748344372187,613.0,226.0974834437263
659,2016,19,Kerala,Kollam,625.1766674862926,226.09748344372065,582.0,226.09748344372466
659,2017,19,Kerala,Kollam,658.0899504454457,226.09748344372187,613.0,226.0974834437263
660,2016,19,Kerala,Thrissur,625.1766674862926,226.09748344372065,582.0,226.09748344372466
660,2017,19,Kerala,Thrissur,658.0899504454457,226.09748344372187,613.0,226.0974834437263
661,2016,19,Kerala,Thiruvananthapuram,625.1766674862926,226.09748344372065,582.0,226.09748344372466
661,2017,19,Kerala,Thiruvananthapuram,658.0899504454457,226.09748344372187,613.0,226.0974834437263
662,2016,19,Kerala,Kasaragod,530.0,226.09748344371445,582.0,226.0974834437164
662,2017,19,Kerala,Kasaragod,530.0,330.0,613.0,330.0
663,2016,19,Kerala,Pathanamthitta,625.1766674862926,226.09748344372065,582.0,226.09748344372466
663,2017,19,Kerala,Pathanamthitta,658.0899504454457,226.09748344372187,613.0,226.0974834437263
664,2016,19,Kerala,Wayanad,625.1766674862926,226.09748344372065,582.0,226.09748344372466
664,2017,19,Kerala,Wayanad,658.0899504454457,226.09748344372187,613.0,226.0974834437263
701,2016,8,Orissa,Balasore,300.0,226.0974834437106,239.0,226.09748344371124
701,2017,8,Orissa,Balasore,300.0,226.0974834437096,270.0,226.09748344370993
702,2016,8,Orissa,Bolangir,204.55,226.09748344370436,239.0,226.09748344370294
702,2017,8,Orissa,Bolangir,254.17,226.0974834437066,270.0,226.09748344370595
703,2016,8,Orissa,Cuttack,331.82,226.0974834437127,239.0,226.09748344371403
703,2017,8,Orissa,Cuttack,329.17,226.09748344371152,270.0,226.0974834437125
704,2016,8,Orissa,Dhenkanal,245.45,226.097483443707,239.0,226.09748344370647
704,2017,8,Orissa,Dhenkanal,287.5,226.0974834437088,270.0,226.09748344370885
705,2016,8,Orissa,Ganjam,304.55,226.0974834437109,239.0,226.09748344371164
705,2017,8,Orissa,Ganjam,295.83,226.0974834437093,270.0,226.09748344370954
706,2016,8,Orissa,Kalahandi,261.82,226.09748344370811,239.0,226.09748344370794
706,2017,8,Orissa,Kalahandi,254.17,226.0974834437066,270.0,226.09748344370595
707,2016,8,Orissa,Keonjhar,236.36,226.0974834437064,239.0,226.09748344370567
707,2017,8,Orissa,Keonjhar,250.0,226.09748344370635,270.0,226.0974834437056
708,2016,8,Orissa,Koraput,228.18,226.0974834437059,239.0,226.097483443705
708,2017,8,Orissa,Koraput,245.0,226.097483443706,270.0,226.09748344370516
709,2016,8,Orissa,Mayurbhanja,217.27,226.09748344370522,239.0,226.09748344370408
709,2017,8,Orissa,Mayurbhanja,254.17,226.0974834437066,270.0,226.09748344370595
710,2016,8,Orissa,Phulbani(Kandhamal),213.64,226.09748344370496,239.0,226.09748344370374
710,2017,8,Orissa,Phulbani(Kandhamal),255.0,226.09748344370666,270.0,226.097483443706
711,2016,8,Orissa,Puri,245.45,226.097483443707,239.0,226.09748344370647
711,2017,8,Orissa,Puri,291.67,226.09748344370905,270.0,226.0974834437092
712,2016,8,Orissa,Sambalpur,204.55,226.09748344370436,239.0,226.09748344370294
712,2017,8,Orissa,Sambalpur,254.17,226.0974834437066,270.0,226.09748344370595
713,2016,8,Orissa,Sundargarh,180.0,226.09748344370274,239.0,226.09748344370078
713,2017,8,Orissa,Sundargarh,251.67,226.09748344370644,270.0,226.09748344370573
714,2016,8,Orissa,Bhadrak,304.55,226.0974834437109,239.0,226.09748344371164
714,2017,8,Orissa,Bhadrak,287.5,226.0974834437088,270.0,226.09748344370885
716,2016,8,Orissa,Jagatsinghapur,259.09,226.09748344370792,239.0,226.09748344370766
716,2017,8,Orissa,Jagatsinghapur,300.0,226.0974834437096,270.0,226.09748344370993
717,2016,8,Orissa,Jajapur,250.0,226.09748344370735,239.0,226.09748344370692
717,2017,8,Orissa,Jajapur,270.83,226.0974834437077,270.0,226.09748344370738
718,2016,8,Orissa,Kendrapara,261.0071173253404,226.09748344370803,239.0,226.09748344370783
718,2017,8,Orissa,Kendrapara,293.9204002844935,226.09748344370922,270.0,226.09748344370942
719,2016,8,Orissa,Angul,218.18,226.09748344370522,239.0,226.09748344370408
719,2017,8,Orissa,Angul,258.33,226.09748344370686,270.0,226.0974834437063
720,2016,8,Orissa,Gajapati,336.36,226.09748344371295,239.0,226.09748344371437
720,2017,8,Orissa,Gajapati,300.0,226.0974834437096,270.0,226.09748344370993
721,2016,8,Orissa,Nuapada,192.73,226.0974834437036,239.0,226.09748344370192
721,2017,8,Orissa,Nuapada,254.17,226.0974834437066,270.0,226.09748344370595
722,2016,8,Orissa,Malkangiri,215.45,226.09748344370504,239.0,226.09748344370385
722,2017,8,Orissa,Malkangiri,254.17,226.0974834437066,270.0,226.09748344370595
723,2016,8,Orissa,Nawarangpur,254.55,226.0974834437076,239.0,226.09748344370726
723,2017,8,Orissa,Nawarangpur,250.0,226.09748344370635,270.0,226.0974834437056
724,2016,8,Orissa,Rayagada,328.18,226.09748344371243,239.0,226.09748344371368
724,2017,8,Orissa,Rayagada,282.5,226.09748344370846,270.0,226.0974834437084
725,2016,8,Orissa,Khurda,300.0,226.0974834437106,239.0,226.09748344371124
725,2017,8,Orissa,Khurda,300.0,226.0974834437096,270.0,226.09748344370993
726,2016,8,Orissa,Nayagarh,245.45,226.097483443707,239.0,226.09748344370647
726,2017,8,Orissa,Nayagarh,266.67,226.09748344370743,270.0,226.09748344370703
728,2016,8,Orissa,Boudh,236.36,226.0974834437064,239.0,226.09748344370567
728,2017,8,Orissa,Boudh,266.67,226.09748344370743,270.0,226.09748344370703
729,2016,8,Orissa,Bargarh,205.0,226.09748344370436,239.0,226.09748344370294
729,2017,8,Orissa,Bargarh,262.0,226.09748344370712,270.0,226.09748344370664
730,2016,8,Orissa,Deogarh,209.09,226.09748344370462,239.0,226.09748344370328
730,2017,8,Orissa,Deogarh,266.67,226.09748344370743,270.0,226.09748344370703
731,2016,8,Orissa,Jharsuguda,223.64,226.09748344370556,239.0,226.09748344370453
731,2017,8,Orissa,Jharsuguda,266.67,226.09748344370743,270.0,226.09748344370703
732,2016,8,Orissa,Sonepur,259.0,226.09748344370792,239.0,226.09748344370766
732,2017,8,Orissa,Sonepur,287.5,226.0974834437088,270.0,226.09748344370885
801,2016,13,West Bengal,24 - Paraganas South,288.67,226.09748344370897,267.0,226.09748344370908
801,2017,13,West Bengal,24 - Paraganas South,415.1,226.09748344371695,274.0,226.0974834437197
802,2016,13,West Bengal,24 - Paraganas North,349.56,226.09748344371295,267.0,226.09748344371437
802,2017,13,West Bengal,24 - Paraganas North,383.58,226.0974834437149,274.0,226.09748344371698
803,2016,13,West Bengal,Nadia,356.0,226.09748344371332,267.0,226.09748344371488
803,2017,13,West Bengal,Nadia,298.16727550502935,226.0974834437093,274.0,226.09748344370954
804,2016,13,West Bengal,Murshidabad,334.4,226.09748344371195,267.0,226.09748344371306
804,2017,13,West Bengal,Murshidabad,298.16727550502935,226.0974834437093,274.0,226.09748344370954
805,2016,13,West Bengal,Burdwan,350.0,226.09748344371297,267.0,226.09748344371442
805,2017,13,West Bengal,Burdwan,275.83,226.09748344370786,274.0,226.0974834437076
806,2016,13,West Bengal,Birbhum,300.0,226.09748344370968,267.0,226.09748344371005
806,2017,13,West Bengal,Birbhum,261.8,226.09748344370695,274.0,226.0974834437064
807,2016,13,West Bengal,Bankura,290.73524386909156,226.09748344370908,267.0,226.09748344370925
807,2017,13,West Bengal,Bankura,250.0,226.09748344370618,274.0,226.09748344370539
810,2016,13,West Bengal,Hooghly,300.0,226.09748344370968,267.0,226.09748344371005
810,2017,13,West Bengal,Hooghly,263.8,226.0974834437071,274.0,226.09748344370658
811,2016,13,West Bengal,Howrah,298.71,226.0974834437096,267.0,226.09748344370993
811,2017,13,West Bengal,Howrah,254.6,226.0974834437065,274.0,226.09748344370578
812,2016,13,West Bengal,Jalpaiguri,290.73524386909156,226.09748344370908,267.0,226.09748344370925
812,2017,13,West Bengal,Jalpaiguri,298.16727550502935,226.0974834437093,274.0,226.09748344370954
813,2016,13,West Bengal,Darjeeling,431.83,226.09748344371832,267.0,226.09748344372153
813,2017,13,West Bengal,Darjeeling,278.0,226.09748344370803,274.0,226.09748344370783
814,2016,13,West Bengal,Malda,330.33,226.0974834437117,267.0,226.09748344371272
814,2017,13,West Bengal,Malda,298.16727550502935,226.0974834437093,274.0,226.09748344370954
815,2016,13,West Bengal,Kalimpong,290.73524386909156,226.09748344370908,267.0,226.09748344370925
815,2017,13,West Bengal,Kalimpong,593.89,226.0974834437287,274.0,226.09748344373534
816,2016,13,West Bengal,Cooch Behar,290.73524386909156,226.09748344370908,267.0,226.09748344370925
816,2017,13,West Bengal,Cooch Behar,291.67,226.09748344370888,274.0,226.09748344370897
817,2016,13,West Bengal,Purulia,210.0,226.0974834437038,267.0,226.0974834437022
817,2017,13,West Bengal,Purulia,202.29,226.09748344370308,274.0,226.09748344370124
819,2016,13,West Bengal,Uttar Dinajpur,290.73524386909156,226.09748344370908,267.0,226.09748344370925
819,2017,13,West Bengal,Uttar Dinajpur,368.75,226.09748344371397,274.0,226.09748344371573
820,2016,13,West Bengal,Dakshin Dinajpur,278.0,226.09748344370823,267.0,226.09748344370811
820,2017,13,West Bengal,Dakshin Dinajpur,250.0,226.09748344370618,274.0,226.09748344370539
821,2016,13,West Bengal,Kolkata,290.73524386909156,226.09748344370908,267.0,226.09748344370925
821,2017,13,West Bengal,Kolkata,298.16727550502935,226.0974834437093,274.0,226.09748344370954
823,2016,13,West Bengal,East Midnapore Purba Midnapore,329.0,226.0974834437116,267.0,226.0974834437126
823,2017,13,West Bengal,East Midnapore Purba Midnapore,319.18,226.09748344371067,274.0,226.09748344371135
824,2016,13,West Bengal,West Midnapore,296.2,226.09748344370942,267.0,226.0974834437097
824,2017,13,West Bengal,West Midnapore,337.09,226.09748344371187,274.0,226.09748344371295
902,2016,2,Bihar,Muzaffarpur,300.0,226.09748344371076,235.0,226.09748344371147
902,2017,2,Bihar,Muzaffarpur,268.4391489612782,226.0974834437083,246.0,226.09748344370823
903,2016,2,Bihar,Darbhanga,256.7602421048045,226.0974834437079,235.0,226.09748344370766
903,2017,2,Bihar,Darbhanga,268.4391489612782,226.0974834437083,246.0,226.09748344370823
904,2016,2,Bihar,Saharsa,256.7602421048045,226.0974834437079,235.0,226.09748344370766
904,2017,2,Bihar,Saharsa,300.0,226.09748344371042,246.0,226.097483443711
905,2016,2,Bihar,Purnea,301.5,226.09748344371084,235.0,226.09748344371158
905,2017,2,Bihar,Purnea,315.0,315.0,246.0,315.0
906,2016,2,Bihar,Saran,250.0,226.09748344370746,235.0,226.0974834437071
906,2017,2,Bihar,Saran,244.44,226.09748344370675,246.0,226.09748344370612
907,2016,2,Bihar,Patna,256.7602421048045,226.0974834437079,235.0,226.09748344370766
907,2017,2,Bihar,Patna,320.0,226.0974834437117,246.0,226.09748344371272
908,2016,2,Bihar,Mungair,256.7602421048045,226.0974834437079,235.0,226.09748344370766
908,2017,2,Bihar,Mungair,268.4391489612782,226.0974834437083,246.0,226.09748344370823
909,2016,2,Bihar,Bhagalpur,256.7602421048045,226.0974834437079,235.0,226.09748344370766
909,2017,2,Bihar,Bhagalpur,300.0,226.09748344371042,246.0,226.097483443711
910,2016,15,Jharkhand,Santhal Paragana Dumka,247.20477285859874,226.09748344370757,226.0,226.0974834437072
910,2017,15,Jharkhand,Santhal Paragana Dumka,200.0,200.0,263.0,200.0
912,2016,2,Bihar,Gaya,163.75,226.09748344370183,235.0,226.0974834436996
912,2017,2,Bihar,Gaya,146.71,135.0,246.0,135.0
913,2016,15,Jharkhand,Hazaribagh,247.20477285859874,226.09748344370757,226.0,226.0974834437072
913,2017,15,Jharkhand,Hazaribagh,286.4883686485557,226.09748344370894,263.0,226.09748344370902
914,2016,15,Jharkhand,Dhanbad,247.20477285859874,226.09748344370757,226.0,226.0974834437072
914,2017,15,Jharkhand,Dhanbad,286.4883686485557,226.09748344370894,263.0,226.09748344370902
915,2016,15,Jharkhand,Palamau,247.20477285859874,226.09748344370757,226.0,226.0974834437072
915,2017,15,Jharkhand,Palamau,200.0,175.0,263.0,175.0
916,2016,15,Jharkhand,Ranchi,208.68,208.68,226.0,208.68
916,2017,15,Jharkhand,Ranchi,232.57,232.57,263.0,232.57
918,2016,2,Bihar,Nalanda,90.0,226.097483443697,235.0,226.09748344369316
918,2017,2,Bihar,Nalanda,268.4391489612782,226.0974834437083,246.0,226.09748344370823
919,2016,2,Bihar,Nawada,360.0,226.09748344371465,235.0,226.09748344371664
919,2017,2,Bihar,Nawada,350.0,226.09748344371366,246.0,226.09748344371533
920,2016,2,Bihar,Aurangabad,256.7602421048045,226.0974834437079,235.0,226.09748344370766
920,2017,2,Bihar,Aurangabad,268.4391489612782,226.0974834437083,246.0,226.09748344370823
921,2016,2,Bihar,Bhojpur,230.0,226.09748344370615,235.0,226.09748344370533
921,2017,2,Bihar,Bhojpur,245.56,226.09748344370684,246.0,226.09748344370624
922,2016,2,Bihar,Rohtas,256.7602421048045,226.0974834437079,235.0,226.09748344370766
922,2017,2,Bihar,Rohtas,300.0,226.09748344371042,246.0,226.097483443711
923,2016,2,Bihar,Siwan,279.55,226.0974834437094,235.0,226.09748344370965
923,2017,2,Bihar,Siwan,320.0,283.33,246.0,283.33
924,2016,2,Bihar,Gopalganj,200.0,226.0974834437042,235.0,226.0974834437027
924,2017,2,Bihar,Gopalganj,200.0,226.09748344370385,246.0,226.09748344370226
925,2016,2,Bihar,Champaran(East),265.0,226.09748344370846,235.0,226.0974834437084
925,2017,2,Bihar,Champaran(East),268.4391489612782,226.0974834437083,246.0,226.09748344370823
926,2016,2,Bihar,Champaran(West),327.78,226.09748344371255,235.0,226.09748344371386
926,2017,2,Bihar,Champaran(West),300.0,226.09748344371042,246.0,226.097483443711
927,2016,2,Bihar,Vaishali,275.0,226.09748344370914,235.0,226.0974834437093
927,2017,2,Bihar,Vaishali,290.0,226.09748344370973,246.0,226.0974834437101
928,2016,2,Bihar,Sitamarhi,250.0,226.09748344370746,235.0,226.0974834437071
928,2017,2,Bihar,Sitamarhi,266.67,226.0974834437082,246.0,226.09748344370806
929,2016,2,Bihar,Madhubani,250.0,250.0,235.0,250.0
929,2017,2,Bihar,Madhubani,250.0,226.09748344370712,246.0,226.09748344370664
930,2016,2,Bihar,Samastipur,267.66,226.09748344370863,235.0,226.09748344370863
930,2017,2,Bihar,Samastipur,250.0,226.09748344370712,246.0,226.09748344370664
931,2016,2,Bihar,Begusarai,207.14,226.09748344370465,235.0,226.09748344370334
931,2017,2,Bihar,Begusarai,200.0,226.09748344370385,246.0,226.09748344370226
932,2016,2,Bihar,Katihar,256.7602421048045,226.0974834437079,235.0,226.09748344370766
932,2017,2,Bihar,Katihar,216.67,100.0,246.0,100.0
933,2016,15,Jharkhand,Giridih,250.0,250.0,226.0,250.0
933,2017,15,Jharkhand,Giridih,350.0,350.0,263.0,350.0
934,2016,2,Bihar,Jehanabad,300.0,226.09748344371076,235.0,226.09748344371147
934,2017,2,Bihar,Jehanabad,306.25,300.0,246.0,300.0
935,2016,2,Bihar,Madhepura,256.7602421048045,226.0974834437079,235.0,226.09748344370766
935,2017,2,Bihar,Madhepura,268.4391489612782,226.0974834437083,246.0,226.09748344370823
936,2016,2,Bihar,Khagaria,350.0,226.097483443714,235.0,226.0974834437158
936,2017,2,Bihar,Khagaria,268.4391489612782,226.0974834437083,246.0,226.09748344370823
937,2016,15,Jharkhand,Godda,240.0,218.0,226.0,218.0
937,2017,15,Jharkhand,Godda,286.4883686485557,226.09748344370894,263.0,226.09748344370902
938,2016,15,Jharkhand,Sahebganj,247.20477285859874,226.09748344370757,226.0,226.0974834437072
938,2017,15,Jharkhand,Sahebganj,286.4883686485557,226.09748344370894,263.0,226.09748344370902
940,2016,15,Jharkhand,Devghar Deogarh,247.20477285859874,226.09748344370757,226.0,226.0974834437072
940,2017,15,Jharkhand,Devghar Deogarh,200.0,180.0,263.0,180.0
941,2016,15,Jharkhand,Lohardagga,250.0,190.0,226.0,190.0
941,2017,15,Jharkhand,Lohardagga,250.0,198.0,263.0,198.0
942,2016,15,Jharkhand,Gumla,247.20477285859874,226.09748344370757,226.0,226.0974834437072
942,2017,15,Jharkhand,Gumla,175.0,175.0,263.0,175.0
943,2016,15,Jharkhand,Singhbhum East,196.0,196.0,226.0,196.0
943,2017,15,Jharkhand,Singhbhum East,286.4883686485557,226.09748344370894,263.0,226.09748344370902
944,2016,15,Jharkhand,Singhbhum West,247.20477285859874,226.09748344370757,226.0,226.0974834437072
944,2017,15,Jharkhand,Singhbhum West,100.0,80.0,263.0,80.0
945,2016,2,Bihar,Araria,190.0,226.09748344370354,235.0,226.09748344370186
945,2017,2,Bihar,Araria,268.4391489612782,226.0974834437083,246.0,226.09748344370823
946,2016,2,Bihar,Kishanganj,256.7602421048045,226.0974834437079,235.0,226.09748344370766
946,2017,2,Bihar,Kishanganj,225.0,226.09748344370547,246.0,226.09748344370442
947,2016,2,Bihar,Buxar,261.11,226.0974834437082,235.0,226.09748344370806
947,2017,2,Bihar,Buxar,268.4391489612782,226.0974834437083,246.0,226.09748344370823
948,2016,2,Bihar,Bhabhua Kaimur,222.0,226.09748344370564,235.0,226.09748344370465
948,2017,2,Bihar,Bhabhua Kaimur,268.4391489612782,226.0974834437083,246.0,226.09748344370823
949,2016,2,Bihar,Banka,256.7602421048045,226.0974834437079,235.0,226.09748344370766
949,2017,2,Bihar,Banka,268.4391489612782,226.0974834437083,246.0,226.09748344370823
950,2016,2,Bihar,Jamui,256.7602421048045,226.0974834437079,235.0,226.09748344370766
950,2017,2,Bihar,Jamui,250.0,250.0,246.0,250.0
951,2016,2,Bihar,Supaul,256.7602421048045,226.0974834437079,235.0,226.09748344370766
951,2017,2,Bihar,Supaul,268.4391489612782,226.0974834437083,246.0,226.09748344370823
952,2016,15,Jharkhand,Chatra,247.20477285859874,226.09748344370757,226.0,226.0974834437072
952,2017,15,Jharkhand,Chatra,200.0,200.0,263.0,200.0
953,2016,15,Jharkhand,Bokaro,247.20477285859874,226.09748344370757,226.0,226.0974834437072
953,2017,15,Jharkhand,Bokaro,180.0,163.33,263.0,163.33
954,2016,15,Jharkhand,Gadva Garhwa,241.67,191.67,226.0,191.67
954,2017,15,Jharkhand,Gadva Garhwa,286.4883686485557,226.09748344370894,263.0,226.09748344370902
955,2016,15,Jharkhand,Khodrama Koderma,247.20477285859874,226.09748344370757,226.0,226.0974834437072
955,2017,15,Jharkhand,Khodrama Koderma,375.0,350.0,263.0,350.0
956,2016,2,Bihar,Lakhisarai,256.7602421048045,226.0974834437079,235.0,226.09748344370766
956,2017,2,Bihar,Lakhisarai,300.0,300.0,246.0,300.0
957,2016,15,Jharkhand,Pakund Pakur,213.33,185.86,226.0,185.86
957,2017,15,Jharkhand,Pakund Pakur,286.4883686485557,226.09748344370894,263.0,226.09748344370902
958,2016,2,Bihar,Sheikapura,256.7602421048045,226.0974834437079,235.0,226.09748344370766
958,2017,2,Bihar,Sheikapura,333.33,226.09748344371255,246.0,226.09748344371386
960,2016,2,Bihar,Sheohar,225.0,226.0974834437058,235.0,226.09748344370487
960,2017,2,Bihar,Sheohar,268.4391489612782,226.0974834437083,246.0,226.09748344370823
961,2016,2,Bihar,Arwal,256.7602421048045,226.0974834437079,235.0,226.09748344370766
961,2017,2,Bihar,Arwal,268.4391489612782,226.0974834437083,246.0,226.09748344370823
962,2016,15,Jharkhand,Jamtara,247.20477285859874,226.09748344370757,226.0,226.0974834437072
962,2017,15,Jharkhand,Jamtara,286.4883686485557,226.09748344370894,263.0,226.09748344370902
963,2016,15,Jharkhand,Latehar,247.20477285859874,226.09748344370757,226.0,226.0974834437072
963,2017,15,Jharkhand,Latehar,250.0,250.0,263.0,250.0
964,2016,15,Jharkhand,Sariakela Kharsawan,165.0,165.0,226.0,165.0
964,2017,15,Jharkhand,Sariakela Kharsawan,165.0,165.0,263.0,165.0
965,2016,15,Jharkhand,Simdega,250.0,250.0,226.0,250.0
965,2017,15,Jharkhand,Simdega,286.4883686485557,226.09748344370894,263.0,226.09748344370902
999,2016,11,Tamil Nadu,Chennai,354.4383721771299,226.09748344371127,327.0,226.09748344371215
999,2017,11,Tamil Nadu,Chennai,374.6110294746754,226.09748344371195,346.0,226.09748344371306
1001,2016,3,Gujarat,Anand,223.64,226.0974834437065,211.0,226.09748344370578
1001,2017,3,Gujarat,Anand,208.17,226.09748344370524,219.0,226.09748344370414
1002,2016,3,Gujarat,Dahod,290.5,226.0974834437109,211.0,226.09748344371164
1002,2017,3,Gujarat,Dahod,293.0,226.09748344371081,219.0,226.09748344371152
1003,2016,3,Gujarat,Narmada,231.2789907815892,226.097483443707,211.0,226.09748344370647
1003,2017,3,Gujarat,Narmada,239.77274122266095,226.09748344370735,219.0,226.09748344370692
1004,2016,3,Gujarat,Navsari,150.0,150.0,211.0,150.0
1004,2017,3,Gujarat,Navsari,163.67,226.09748344370234,219.0,226.09748344370027
1005,2016,3,Gujarat,Patan,207.08,226.09748344370547,211.0,226.09748344370442
1005,2017,3,Gujarat,Patan,237.42,212.25,219.0,212.25
1006,2016,3,Gujarat,Porbandar,355.33,226.09748344371516,211.0,226.09748344371732
1006,2017,3,Gujarat,Porbandar,376.08,226.09748344371621,219.0,226.09748344371874
1007,2016,4,Haryana,Fatehabad,400.0,226.09748344371224,390.0,226.09748344371346
1007,2017,4,Haryana,Fatehabad,425.0,226.097483443713,416.0,226.09748344371448
1008,2016,4,Haryana,Jhajjar,421.3266569005701,226.0974834437136,390.0,226.09748344371528
1008,2017,4,Haryana,Jhajjar,448.93134583405333,226.0974834437146,416.0,226.09748344371658
1009,2016,4,Haryana,Panchkula,421.3266569005701,226.0974834437136,390.0,226.09748344371528
1009,2017,4,Haryana,Panchkula,448.93134583405333,226.0974834437146,416.0,226.09748344371658
1010,2016,5,Karnataka,Bagalkote,353.3766533719959,226.09748344371127,326.0,226.09748344371215
1010,2017,5,Karnataka,Bagalkote,383.1047799157471,226.0974834437123,354.0,226.09748344371351
1011,2016,5,Karnataka,Chamaraja Nagar,353.3766533719959,226.09748344371127,326.0,226.09748344371215
1011,2017,5,Karnataka,Chamaraja Nagar,383.1047799157471,226.0974834437123,354.0,226.09748344371351
1012,2016,5,Karnataka,Davanagere,353.3766533719959,226.09748344371127,326.0,226.09748344371215
1012,2017,5,Karnataka,Davanagere,383.1047799157471,226.0974834437123,354.0,226.09748344371351
1013,2016,5,Karnataka,Gadag,353.3766533719959,226.09748344371127,326.0,226.09748344371215
1013,2017,5,Karnataka,Gadag,383.1047799157471,226.0974834437123,354.0,226.09748344371351
1014,2016,5,Karnataka,Haveri,353.3766533719959,226.09748344371127,326.0,226.09748344371215
1014,2017,5,Karnataka,Haveri,383.1047799157471,226.0974834437123,354.0,226.09748344371351
1015,2016,5,Karnataka,Koppal,353.3766533719959,226.09748344371127,326.0,226.09748344371215
1015,2017,5,Karnataka,Koppal,383.1047799157471,226.0974834437123,354.0,226.09748344371351
1016,2016,5,Karnataka,Udupi,353.3766533719959,226.09748344371127,326.0,226.09748344371215
1016,2017,5,Karnataka,Udupi,383.1047799157471,226.0974834437123,354.0,226.09748344371351
1017,2016,9,Punjab,S.B.S Nagar,426.6352509262399,226.09748344371383,395.0,226.09748344371556
1017,2017,9,Punjab,S.B.S Nagar,365.0,226.0974834437095,403.0,226.09748344370982
1018,2016,9,Punjab,Shri Mukatsar Sahib,403.0,226.09748344371224,395.0,226.09748344371346
1018,2017,9,Punjab,Shri Mukatsar Sahib,420.0,226.0974834437131,403.0,226.0974834437146
1019,2016,9,Punjab,Moga,500.0,226.0974834437186,395.0,226.09748344372193
1019,2017,9,Punjab,Moga,509.17,226.09748344371894,403.0,226.09748344372238
1020,2016,10,Rajasthan,Karoli,300.0,226.09748344370814,314.0,226.097483443708
1020,2017,10,Rajasthan,Karoli,363.9938414233356,226.0974834437116,336.0,226.0974834437126
1022,2016,11,Tamil Nadu,Karur,354.4383721771299,226.09748344371127,327.0,226.09748344371215
1022,2017,11,Tamil Nadu,Karur,374.6110294746754,226.09748344371195,346.0,226.09748344371306
1023,2016,11,Tamil Nadu,Namakkal,354.4383721771299,226.09748344371127,327.0,226.09748344371215
1023,2017,11,Tamil Nadu,Namakkal,374.6110294746754,226.09748344371195,346.0,226.09748344371306
1024,2016,11,Tamil Nadu,Perambular,354.4383721771299,226.09748344371127,327.0,226.09748344371215
1024,2017,11,Tamil Nadu,Perambular,300.0,175.0,346.0,175.0
1025,2016,11,Tamil Nadu,Theni,354.4383721771299,226.09748344371127,327.0,226.09748344371215
1025,2017,11,Tamil Nadu,Theni,374.6110294746754,226.09748344371195,346.0,226.09748344371306
1026,2016,11,Tamil Nadu,Tiruvarur,354.4383721771299,226.09748344371127,327.0,226.09748344371215
1026,2017,11,Tamil Nadu,Tiruvarur,374.6110294746754,226.09748344371195,346.0,226.09748344371306
1027,2016,11,Tamil Nadu,Thiruvallur,354.4383721771299,226.09748344371127,327.0,226.09748344371215
1027,2017,11,Tamil Nadu,Thiruvallur,250.0,226.09748344370388,346.0,226.09748344370232
1028,2016,12,Uttar Pradesh,Ambedkar Nagar,184.38,226.09748344370325,233.0,226.09748344370146
1028,2017,12,Uttar Pradesh,Ambedkar Nagar,200.0,226.097483443704,241.0,226.09748344370243
1029,2016,12,Uttar Pradesh,Kushi Nagar Padrauna,319.63,226.0974834437121,233.0,226.09748344371323
1029,2017,12,Uttar Pradesh,Kushi Nagar Padrauna,334.8,226.09748344371278,241.0,226.09748344371414
1030,2016,16,Uttarakhand,Udham Singh Nagar,250.0,0.0,402.0,0.0
1030,2017,16,Uttarakhand,Udham Singh Nagar,378.85790469521123,226.09748344371215,350.0,226.09748344371334
1031,2016,12,Uttar Pradesh,Auraiya,254.6368044945366,226.09748344370783,233.0,226.09748344370755
1031,2017,12,Uttar Pradesh,Auraiya,263.13055493560836,226.09748344370811,241.0,226.09748344370794
1032,2016,16,Uttarakhand,Bageshwar,412.5,0.0,402.0,0.0
1032,2017,16,Uttarakhand,Bageshwar,450.0,226.0974834437168,350.0,226.09748344371954
1033,2016,12,Uttar Pradesh,Bagpat,254.6368044945366,226.09748344370783,233.0,226.09748344370755
1033,2017,12,Uttar Pradesh,Bagpat,263.13055493560836,226.09748344370811,241.0,226.09748344370794
1034,2016,12,Uttar Pradesh,Balrampur,181.0,226.097483443703,233.0,226.09748344370112
1034,2017,12,Uttar Pradesh,Balrampur,186.17,226.09748344370308,241.0,226.09748344370124
1035,2016,16,Uttarakhand,Champavat,434.06728256217764,226.09748344371408,402.0,226.0974834437159
1035,2017,16,Uttarakhand,Champavat,378.85790469521123,226.09748344371215,350.0,226.09748344371334
1036,2016,12,Uttar Pradesh,Chandauli,254.6368044945366,226.09748344370783,233.0,226.09748344370755
1036,2017,12,Uttar Pradesh,Chandauli,200.0,226.097483443704,241.0,226.09748344370243
1037,2016,12,Uttar Pradesh,Chitrakoot,254.6368044945366,226.09748344370783,233.0,226.09748344370755
1037,2017,12,Uttar Pradesh,Chitrakoot,200.0,226.097483443704,241.0,226.09748344370243
1038,2016,12,Uttar Pradesh,G.B.Nagar,400.0,226.0974834437173,233.0,226.09748344372017
1038,2017,12,Uttar Pradesh,G.B.Nagar,400.0,226.09748344371704,241.0,226.09748344371982
1039,2016,12,Uttar Pradesh,Hathras,254.6368044945366,226.09748344370783,233.0,226.09748344370755
1039,2017,12,Uttar Pradesh,Hathras,263.13055493560836,226.09748344370811,241.0,226.09748344370794
1040,2016,12,Uttar Pradesh,Amroha J.B.Fulenagar,252.0,226.09748344370766,233.0,226.09748344370732
1040,2017,12,Uttar Pradesh,Amroha J.B.Fulenagar,250.0,226.09748344370726,241.0,226.0974834437068
1041,2016,12,Uttar Pradesh,Kannauj,483.33,226.09748344372278,233.0,226.09748344372744
1041,2017,12,Uttar Pradesh,Kannauj,500.0,226.09748344372358,241.0,226.09748344372852
1042,2016,12,Uttar Pradesh,Kushambi,243.64,226.0974834437071,233.0,226.09748344370658
1042,2017,12,Uttar Pradesh,Kushambi,235.71,226.09748344370632,241.0,226.09748344370556
1043,2016,16,Uttarakhand,Rudraprayag,527.27,0.0,402.0,0.0
1043,2017,16,Uttarakhand,Rudraprayag,600.0,226.0974834437266,350.0,226.09748344373256
1044,2016,12,Uttar Pradesh,Santh Ravi Das Nagar Bhadoi,165.0,226.09748344370198,233.0,226.09748344369976
1044,2017,12,Uttar Pradesh,Santh Ravi Das Nagar Bhadoi,175.5,226.0974834437024,241.0,226.09748344370033
1045,2016,12,Uttar Pradesh,Santh Kabir Nagar,200.0,226.09748344370425,233.0,226.09748344370277
1045,2017,12,Uttar Pradesh,Santh Kabir Nagar,200.0,226.097483443704,241.0,226.09748344370243
1046,2016,12,Uttar Pradesh,Shravasti,254.6368044945366,226.09748344370783,233.0,226.09748344370755
1046,2017,12,Uttar Pradesh,Shravasti,263.13055493560836,226.09748344370811,241.0,226.09748344370794
1047,2016,17,Assam,Bongaigaon,299.2289943101634,226.0974834437094,275.0,226.09748344370965
1047,2017,17,Assam,Bongaigaon,302.41415072556526,226.09748344370948,278.0,226.09748344370976
1048,2016,17,Assam,Dhemaji,299.2289943101634,226.0974834437094,275.0,226.09748344370965
1048,2017,17,Assam,Dhemaji,302.41415072556526,226.09748344370948,278.0,226.09748344370976
1049,2016,17,Assam,Hailakandi,300.0,226.09748344370942,275.0,226.0974834437097
1049,2017,17,Assam,Hailakandi,300.0,226.09748344370934,278.0,226.0974834437096
1050,2016,17,Assam,Marigaon,299.2289943101634,226.0974834437094,275.0,226.09748344370965
1050,2017,17,Assam,Marigaon,302.41415072556526,226.09748344370948,278.0,226.09748344370976
1051,2016,17,Assam,Tinsukia,299.2289943101634,226.0974834437094,275.0,226.09748344370965
1051,2017,17,Assam,Tinsukia,302.41415072556526,226.09748344370948,278.0,226.09748344370976
1055,2016,14,Chhattisgarh,Dantewara,200.0,226.09748344370527,201.0,226.09748344370414
1055,2017,14,Chhattisgarh,Dantewara,200.0,226.0974834437053,200.0,226.0974834437042
1056,2016,14,Chhattisgarh,Dhamtari,202.5,226.09748344370544,201.0,226.09748344370436
1056,2017,14,Chhattisgarh,Dhamtari,190.0,226.0974834437047,200.0,226.0974834437034
1057,2016,6,Madhya Pradesh,Dindori,150.0,226.09748344370107,230.0,226.09748344369856
1057,2017,6,Madhya Pradesh,Dindori,185.0,226.09748344370286,246.0,226.09748344370095
1058,2016,6,Madhya Pradesh,Harda,251.45164807913466,226.09748344370772,230.0,226.09748344370743
1058,2017,6,Madhya Pradesh,Harda,268.4391489612782,226.0974834437083,246.0,226.09748344370823
1059,2016,14,Chhattisgarh,Janjgir,400.0,226.09748344371837,201.0,226.0974834437216
1059,2017,14,Chhattisgarh,Janjgir,219.60008392511554,226.09748344370658,200.0,226.0974834437059
1060,2016,6,Madhya Pradesh,Barwani,200.0,226.09748344370436,230.0,226.09748344370294
1060,2017,6,Madhya Pradesh,Barwani,204.55,226.09748344370414,246.0,226.09748344370266
1061,2016,6,Madhya Pradesh,Katni,200.0,226.09748344370436,230.0,226.09748344370294
1061,2017,6,Madhya Pradesh,Katni,225.0,226.09748344370547,246.0,226.09748344370442
1062,2016,6,Madhya Pradesh,Neemuch,200.0,226.09748344370436,230.0,226.09748344370294
1062,2017,6,Madhya Pradesh,Neemuch,300.0,226.09748344371042,246.0,226.097483443711
1063,2016,6,Madhya Pradesh,Sheopur Kalan,251.45164807913466,226.09748344370772,230.0,226.09748344370743
1063,2017,6,Madhya Pradesh,Sheopur Kalan,268.4391489612782,226.0974834437083,246.0,226.09748344370823
1064,2016,6,Madhya Pradesh,Umaria,200.0,226.09748344370436,230.0,226.09748344370294
1064,2017,6,Madhya Pradesh,Umaria,268.4391489612782,226.0974834437083,246.0,226.09748344370823
1065,2016,14,Chhattisgarh,Koriya,210.0,226.09748344370595,201.0,226.09748344370504
1065,2017,14,Chhattisgarh,Koriya,202.27,226.09748344370547,200.0,226.09748344370442
1066,2016,14,Chhattisgarh,Jashpur,362.5,226.0974834437159,201.0,226.0974834437183
1066,2017,14,Chhattisgarh,Jashpur,275.0,226.09748344371025,200.0,226.0974834437108
1067,2016,14,Chhattisgarh,Korba,300.0,226.09748344371184,201.0,226.0974834437129
1067,2017,14,Chhattisgarh,Korba,325.0,226.0974834437135,200.0,226.0974834437151
1068,2016,14,Chhattisgarh,Kawardha,200.0,226.09748344370527,201.0,226.09748344370414
1068,2017,14,Chhattisgarh,Kawardha,210.0,226.09748344370598,200.0,226.0974834437051
1069,2016,14,Chhattisgarh,Mahasmund,200.0,226.09748344370527,201.0,226.09748344370414
1069,2017,14,Chhattisgarh,Mahasmund,225.0,226.09748344370698,200.0,226.0974834437064
1070,2016,14,Chhattisgarh,Kanker,200.0,226.09748344370527,201.0,226.09748344370414
1070,2017,14,Chhattisgarh,Kanker,200.0,226.0974834437053,200.0,226.0974834437042
1071,2016,6,Madhya Pradesh,Anuppur,156.0,226.0974834437015,230.0,226.09748344369913
1071,2017,6,Madhya Pradesh,Anuppur,181.82,226.09748344370269,246.0,226.09748344370072
1072,2016,7,Maharashtra,Gondia,147.40320517600546,226.09748344370408,132.0,226.09748344370254
1072,2017,7,Maharashtra,Gondia,284.3649310382878,226.09748344370888,261.0,226.09748344370897
1073,2016,7,Maharashtra,Hingoli,147.40320517600546,226.09748344370408,132.0,226.09748344370254
1073,2017,7,Maharashtra,Hingoli,284.3649310382878,226.09748344370888,261.0,226.09748344370897
1074,2016,7,Maharashtra,Nandurbar,147.40320517600546,226.09748344370408,132.0,226.09748344370254
1074,2017,7,Maharashtra,Nandurbar,284.3649310382878,226.09748344370888,261.0,226.09748344370897
1075,2016,7,Maharashtra,Washim,147.40320517600546,226.09748344370408,132.0,226.09748344370254
1075,2017,7,Maharashtra,Washim,284.3649310382878,226.09748344370888,261.0,226.09748344370897
1076,2016,7,Maharashtra,Mumbai sub,147.40320517600546,226.09748344370408,132.0,226.09748344370254
1076,2017,7,Maharashtra,Mumbai sub,284.3649310382878,226.09748344370888,261.0,226.09748344370897
1077,2016,11,Tamil Nadu,Ariyalur,354.4383721771299,226.09748344371127,327.0,226.09748344371215
1077,2017,11,Tamil Nadu,Ariyalur,374.6110294746754,226.09748344371195,346.0,226.09748344371306
1080,2016,11,Tamil Nadu,Krishnagiri,721.0,226.09748344373523,327.0,226.09748344374404
1080,2017,11,Tamil Nadu,Krishnagiri,349.75,226.09748344371036,346.0,226.09748344371096
1081,2016,6,Madhya Pradesh,Ashoknagar,251.45164807913466,226.09748344370772,230.0,226.09748344370743
1081,2017,6,Madhya Pradesh,Ashoknagar,320.0,226.0974834437117,246.0,226.09748344371272
1082,2016,6,Madhya Pradesh,Burhanpur,300.0,226.09748344371093,230.0,226.0974834437117
1082,2017,6,Madhya Pradesh,Burhanpur,264.29,226.09748344370803,246.0,226.09748344370783
2001,2016,3,Gujarat,Tapi,231.2789907815892,226.097483443707,211.0,226.09748344370647
2001,2017,3,Gujarat,Tapi,239.77274122266095,226.09748344370735,219.0,226.09748344370692
2002,2016,4,Haryana,Mewat,421.3266569005701,226.0974834437136,390.0,226.09748344371528
2002,2017,4,Haryana,Mewat,350.0,226.0974834437081,416.0,226.09748344370794
2003,2016,4,Haryana,Palwal,421.3266569005701,226.0974834437136,390.0,226.09748344371528
2003,2017,4,Haryana,Palwal,550.0,226.09748344372116,416.0,226.09748344372534
2004,2016,5,Karnataka,Ramanagaram,353.3766533719959,226.09748344371127,326.0,226.09748344371215
2004,2017,5,Karnataka,Ramanagaram,383.1047799157471,226.0974834437123,354.0,226.09748344371351
2005,2016,5,Karnataka,Chikkaballapur,353.3766533719959,226.09748344371127,326.0,226.09748344371215
2005,2017,5,Karnataka,Chikkaballapur,383.1047799157471,226.0974834437123,354.0,226.09748344371351
2006,2016,6,Madhya Pradesh,Alirajpur,251.45164807913466,226.09748344370772,230.0,226.09748344370743
2006,2017,6,Madhya Pradesh,Alirajpur,268.4391489612782,226.0974834437083,246.0,226.09748344370823
2007,2016,6,Madhya Pradesh,Singrauli,251.45164807913466,226.09748344370772,230.0,226.09748344370743
2007,2017,6,Madhya Pradesh,Singrauli,268.4391489612782,226.0974834437083,246.0,226.09748344370823
2009,2016,9,Punjab,Taran Taran,426.6352509262399,226.09748344371383,395.0,226.09748344371556
2009,2017,9,Punjab,Taran Taran,350.83,226.09748344370857,403.0,226.09748344370857
2010,2016,9,Punjab,Barnala,426.6352509262399,226.09748344371383,395.0,226.09748344371556
2010,2017,9,Punjab,Barnala,405.0,226.09748344371215,403.0,226.09748344371334
2011,2016,9,Punjab,S.A.S Nagar,426.6352509262399,226.09748344371383,395.0,226.09748344371556
2011,2017,9,Punjab,S.A.S Nagar,450.0,226.09748344371505,403.0,226.0974834437172
2012,2016,10,Rajasthan,Pratapgarh,340.63602771038825,226.09748344371084,314.0,226.09748344371158
2012,2017,10,Rajasthan,Pratapgarh,363.9938414233356,226.0974834437116,336.0,226.0974834437126
2013,2016,12,Uttar Pradesh,Kasganj Khansi Ram Nagar,254.6368044945366,226.09748344370783,233.0,226.09748344370755
2013,2017,12,Uttar Pradesh,Kasganj Khansi Ram Nagar,263.13055493560836,226.09748344370811,241.0,226.09748344370794
2014,2016,14,Chhattisgarh,Bijapur,500.0,226.0974834437249,201.0,226.09748344373028
2014,2017,14,Chhattisgarh,Bijapur,500.0,226.09748344372494,200.0,226.09748344373034
2015,2016,14,Chhattisgarh,Narayanpur,220.0,226.09748344370658,201.0,226.0974834437059
2015,2017,14,Chhattisgarh,Narayanpur,280.0,226.09748344371056,200.0,226.09748344371118
2017,2016,17,Assam,Udalguri,299.2289943101634,226.0974834437094,275.0,226.09748344370965
2017,2017,17,Assam,Udalguri,302.41415072556526,226.09748344370948,278.0,226.09748344370976
2018,2016,17,Assam,Baksa,299.2289943101634,226.0974834437094,275.0,226.09748344370965
2018,2017,17,Assam,Baksa,302.41415072556526,226.09748344370948,278.0,226.09748344370976
2019,2016,17,Assam,Chirang,299.2289943101634,226.0974834437094,275.0,226.09748344370965
2019,2017,17,Assam,Chirang,302.41415072556526,226.09748344370948,278.0,226.09748344370976
2020,2016,11,Tamil Nadu,Thiruppur,354.4383721771299,226.09748344371127,327.0,226.09748344371215
2020,2017,11,Tamil Nadu,Thiruppur,374.6110294746754,226.09748344371195,346.0,226.09748344371306
2023,2016,15,Jharkhand,Khunti,247.20477285859874,226.09748344370757,226.0,226.0974834437072
2023,2017,15,Jharkhand,Khunti,350.0,250.0,263.0,250.0
2024,2016,15,Jharkhand,Ramgadh,247.20477285859874,226.09748344370757,226.0,226.0974834437072
2024,2017,15,Jharkhand,Ramgadh,286.4883686485557,226.09748344370894,263.0,226.09748344370902
2025,2016,5,Karnataka,Yadagiri,353.3766533719959,226.09748344371127,326.0,226.09748344371215
2025,2017,5,Karnataka,Yadagiri,383.1047799157471,226.0974834437123,354.0,226.09748344371351
2026,2016,12,Uttar Pradesh,Amethi C.S.M.Nagar,254.6368044945366,226.09748344370783,233.0,226.09748344370755
2026,2017,12,Uttar Pradesh,Amethi C.S.M.Nagar,200.0,226.097483443704,241.0,226.09748344370243
2027,2016,7,Maharashtra,Mumbai City,147.40320517600546,226.09748344370408,132.0,226.09748344370254
2027,2017,7,Maharashtra,Mumbai City,284.3649310382878,226.09748344370888,261.0,226.09748344370897
2028,2016,17,Assam,Kamrup(Metro),299.2289943101634,226.0974834437094,275.0,226.09748344370965
2028,2017,17,Assam,Kamrup(Metro),302.41415072556526,226.09748344370948,278.0,226.09748344370976
2030,2016,9,Punjab,Pathankot,426.6352509262399,226.09748344371383,395.0,226.09748344371556
2030,2017,9,Punjab,Pathankot,370.0,226.09748344370985,403.0,226.09748344371027
2031,2016,12,Uttar Pradesh,Sambhal,254.6368044945366,226.09748344370783,233.0,226.09748344370755
2031,2017,12,Uttar Pradesh,Sambhal,263.13055493560836,226.09748344370811,241.0,226.09748344370794
2032,2016,12,Uttar Pradesh,Shamli,254.6368044945366,226.09748344370783,233.0,226.09748344370755
2032,2017,12,Uttar Pradesh,Shamli,263.13055493560836,226.09748344370811,241.0,226.09748344370794
2033,2016,12,Uttar Pradesh,Hapur,254.6368044945366,226.09748344370783,233.0,226.09748344370755
2033,2017,12,Uttar Pradesh,Hapur,263.13055493560836,226.09748344370811,241.0,226.09748344370794
2034,2016,14,Chhattisgarh,Balod,500.0,226.0974834437249,201.0,226.09748344373028
2034,2017,14,Chhattisgarh,Balod,500.0,226.09748344372494,200.0,226.09748344373034
2035,2016,14,Chhattisgarh,Baloda Bazar,200.0,226.09748344370527,201.0,226.09748344370414
2035,2017,14,Chhattisgarh,Baloda Bazar,183.33,226.09748344370422,200.0,226.09748344370277
2036,2016,14,Chhattisgarh,Balrampur,200.0,226.09748344370527,201.0,226.09748344370414
2036,2017,14,Chhattisgarh,Balrampur,200.0,226.0974834437053,200.0,226.0974834437042
2037,2016,14,Chhattisgarh,Bemetra,470.0,226.09748344372295,201.0,226.09748344372767
2037,2017,14,Chhattisgarh,Bemetra,492.86,226.0974834437245,200.0,226.09748344372977
2038,2016,14,Chhattisgarh,Gariaband,210.0,226.09748344370595,201.0,226.09748344370504
2038,2017,14,Chhattisgarh,Gariaband,200.0,226.0974834437053,200.0,226.0974834437042
2039,2016,14,Chhattisgarh,Kondagaon,166.67,226.09748344370308,201.0,226.09748344370124
2039,2017,14,Chhattisgarh,Kondagaon,219.60008392511554,226.09748344370658,200.0,226.0974834437059
2040,2016,14,Chhattisgarh,Mungli,220.66180273024946,226.09748344370664,201.0,226.09748344370595
2040,2017,14,Chhattisgarh,Mungli,219.60008392511554,226.09748344370658,200.0,226.0974834437059
2041,2016,14,Chhattisgarh,Sukma,255.0,226.09748344370885,201.0,226.0974834437089
2041,2017,14,Chhattisgarh,Sukma,170.0,120.0,200.0,120.0
2042,2016,14,Chhattisgarh,Surajpur,220.66180273024946,226.09748344370664,201.0,226.09748344370595
2042,2017,14,Chhattisgarh,Surajpur,219.60008392511554,226.09748344370658,200.0,226.0974834437059
2043,2016,9,Punjab,Fazilka,426.6352509262399,226.09748344371383,395.0,226.09748344371556
2043,2017,9,Punjab,Fazilka,450.0,226.09748344371505,403.0,226.0974834437172
2044,2016,17,Assam,Biswanath,299.2289943101634,226.0974834437094,275.0,226.09748344370965
2044,2017,17,Assam,Biswanath,302.41415072556526,226.09748344370948,278.0,226.09748344370976
2045,2016,17,Assam,Charaideo,250.0,226.09748344370618,275.0,226.09748344370539
2045,2017,17,Assam,Charaideo,250.0,226.0974834437061,278.0,226.09748344370527
2046,2016,17,Assam,Hojai,299.2289943101634,226.0974834437094,275.0,226.09748344370965
2046,2017,17,Assam,Hojai,302.41415072556526,226.09748344370948,278.0,226.09748344370976
2047,2016,17,Assam,Majuli,299.2289943101634,226.0974834437094,275.0,226.09748344370965
2047,2017,17,Assam,Majuli,302.41415072556526,226.09748344370948,278.0,226.09748344370976
2048,2016,17,Assam,South Salmara - Mankachar,299.2289943101634,226.0974834437094,275.0,226.09748344370965
2048,2017,17,Assam,South Salmara - Mankachar,302.41415072556526,226.09748344370948,278.0,226.09748344370976
2049,2016,17,Assam,West Karbi Anglong,299.2289943101634,226.0974834437094,275.0,226.09748344370965
2049,2017,17,Assam,West Karbi Anglong,302.41415072556526,226.09748344370948,278.0,226.09748344370976
2050,2016,3,Gujarat,Aravalli,231.2789907815892,226.097483443707,211.0,226.09748344370647
2050,2017,3,Gujarat,Aravalli,239.77274122266095,226.09748344370735,219.0,226.09748344370692
2051,2016,3,Gujarat,Botad,231.2789907815892,226.097483443707,211.0,226.09748344370647
2051,2017,3,Gujarat,Botad,239.77274122266095,226.09748344370735,219.0,226.09748344370692
2052,2016,3,Gujarat,Chhota Udaipur,231.2789907815892,226.097483443707,211.0,226.09748344370647
2052,2017,3,Gujarat,Chhota Udaipur,239.77274122266095,226.09748344370735,219.0,226.09748344370692
2053,2016,3,Gujarat,Devbhoomi Dwarka,231.2789907815892,226.097483443707,211.0,226.09748344370647
2053,2017,3,Gujarat,Devbhoomi Dwarka,239.77274122266095,226.09748344370735,219.0,226.09748344370692
2054,2016,3,Gujarat,Gir Somnath,231.2789907815892,226.097483443707,211.0,226.09748344370647
2054,2017,3,Gujarat,Gir Somnath,239.77274122266095,226.09748344370735,219.0,226.09748344370692
2055,2016,3,Gujarat,Mahi Sagar,231.2789907815892,226.097483443707,211.0,226.09748344370647
2055,2017,3,Gujarat,Mahi Sagar,239.77274122266095,226.09748344370735,219.0,226.09748344370692
2056,2016,3,Gujarat,Morbi,231.2789907815892,226.097483443707,211.0,226.09748344370647
2056,2017,3,Gujarat,Morbi,239.77274122266095,226.09748344370735,219.0,226.09748344370692
2057,2016,4,Haryana,Charkhi Dadri,421.3266569005701,226.0974834437136,390.0,226.09748344371528
2057,2017,4,Haryana,Charkhi Dadri,448.93134583405333,226.0974834437146,416.0,226.09748344371658
2058,2016,6,Madhya Pradesh,Agar Malwa,251.45164807913466,226.09748344370772,230.0,226.09748344370743
2058,2017,6,Madhya Pradesh,Agar Malwa,268.4391489612782,226.0974834437083,246.0,226.09748344370823
2059,2016,7,Maharashtra,Palghar,147.40320517600546,226.09748344370408,132.0,226.09748344370254
2059,2017,7,Maharashtra,Palghar,284.3649310382878,226.09748344370888,261.0,226.09748344370897
2060,2016,13,West Bengal,Alipurduar,290.73524386909156,226.09748344370908,267.0,226.09748344370925
2060,2017,13,West Bengal,Alipurduar,298.16727550502935,226.0974834437093,274.0,226.09748344370954
2061,2016,13,West Bengal,Jhargram,290.73524386909156,226.09748344370908,267.0,226.09748344370925
2061,2017,13,West Bengal,Jhargram,236.67,226.0974834437053,274.0,226.0974834437042
2063,2016,13,West Bengal,Paschim Bardhaman,290.73524386909156,226.09748344370908,267.0,226.09748344370925
2063,2017,13,West Bengal,Paschim Bardhaman,316.67,226.09748344371056,274.0,226.09748344371118
2101,2016,20,Telangana,Kumurambheem Asifabad,315.1547763871729,226.0974834437099,290.0,226.09748344371033
2101,2017,20,Telangana,Kumurambheem Asifabad,360.80868500793366,226.09748344371152,333.0,226.0974834437125
2102,2016,20,Telangana,Macherial,315.1547763871729,226.0974834437099,290.0,226.09748344371033
2102,2017,20,Telangana,Macherial,360.80868500793366,226.09748344371152,333.0,226.0974834437125
2103,2016,20,Telangana,Nirmal,315.1547763871729,226.0974834437099,290.0,226.09748344371033
2103,2017,20,Telangana,Nirmal,360.80868500793366,226.09748344371152,333.0,226.0974834437125
2104,2016,20,Telangana,Jagityal,315.1547763871729,226.0974834437099,290.0,226.09748344371033
2104,2017,20,Telangana,Jagityal,360.80868500793366,226.09748344371152,333.0,226.0974834437125
2105,2016,20,Telangana,Peddapally,315.1547763871729,226.0974834437099,290.0,226.09748344371033
2105,2017,20,Telangana,Peddapally,360.80868500793366,226.09748344371152,333.0,226.0974834437125
2106,2016,20,Telangana,Rajanna Siricilla,315.1547763871729,226.0974834437099,290.0,226.09748344371033
2106,2017,20,Telangana,Rajanna Siricilla,360.80868500793366,226.09748344371152,333.0,226.0974834437125
2107,2016,20,Telangana,Bhadradri,315.1547763871729,226.0974834437099,290.0,226.09748344371033
2107,2017,20,Telangana,Bhadradri,360.80868500793366,226.09748344371152,333.0,226.0974834437125
2108,2016,20,Telangana,Jogulamba,315.1547763871729,226.0974834437099,290.0,226.09748344371033
2108,2017,20,Telangana,Jogulamba,360.80868500793366,226.09748344371152,333.0,226.0974834437125
2109,2016,20,Telangana,Nagarkurnool,315.1547763871729,226.0974834437099,290.0,226.09748344371033
2109,2017,20,Telangana,Nagarkurnool,360.80868500793366,226.09748344371152,333.0,226.0974834437125
2110,2016,20,Telangana,Wanaparthy,315.1547763871729,226.0974834437099,290.0,226.09748344371033
2110,2017,20,Telangana,Wanaparthy,360.80868500793366,226.09748344371152,333.0,226.0974834437125
2111,2016,20,Telangana,Sangareddy,315.1547763871729,226.0974834437099,290.0,226.09748344371033
2111,2017,20,Telangana,Sangareddy,360.80868500793366,226.09748344371152,333.0,226.0974834437125
2112,2016,20,Telangana,Siddipet,315.1547763871729,226.0974834437099,290.0,226.09748344371033
2112,2017,20,Telangana,Siddipet,360.80868500793366,226.09748344371152,333.0,226.0974834437125
2113,2016,20,Telangana,Suryapet,315.1547763871729,226.0974834437099,290.0,226.09748344371033
2113,2017,20,Telangana,Suryapet,360.80868500793366,226.09748344371152,333.0,226.0974834437125
2114,2016,20,Telangana,Yadadri Bhuvanagiri,315.1547763871729,226.0974834437099,290.0,226.09748344371033
2114,2017,20,Telangana,Yadadri Bhuvanagiri,360.80868500793366,226.09748344371152,333.0,226.0974834437125
2115,2016,20,Telangana,Kamareddy,315.1547763871729,226.0974834437099,290.0,226.09748344371033
2115,2017,20,Telangana,Kamareddy,360.80868500793366,226.09748344371152,333.0,226.0974834437125
2116,2016,20,Telangana,Malkaigiri,315.1547763871729,226.0974834437099,290.0,226.09748344371033
2116,2017,20,Telangana,Malkaigiri,360.80868500793366,226.09748344371152,333.0,226.0974834437125
2117,2016,20,Telangana,Vikarabad,315.1547763871729,226.0974834437099,290.0,226.09748344371033
2117,2017,20,Telangana,Vikarabad,360.80868500793366,226.09748344371152,333.0,226.0974834437125
2118,2016,20,Telangana,Jayashankar Bhuppaly,315.1547763871729,226.0974834437099,290.0,226.09748344371033
2118,2017,20,Telangana,Jayashankar Bhuppaly,360.80868500793366,226.09748344371152,333.0,226.0974834437125
2119,2016,20,Telangana,Janagaon,315.1547763871729,226.0974834437099,290.0,226.09748344371033
2119,2017,20,Telangana,Janagaon,360.80868500793366,226.09748344371152,333.0,226.0974834437125
2120,2016,20,Telangana,Warangal Urban,315.1547763871729,226.0974834437099,290.0,226.09748344371033
2120,2017,20,Telangana,Warangal Urban,360.80868500793366,226.09748344371152,333.0,226.0974834437125
2121,2016,20,Telangana,Mahabubabad,315.1547763871729,226.0974834437099,290.0,226.09748344371033
2121,2017,20,Telangana,Mahabubabad,360.80868500793366,226.09748344371152,333.0,226.0974834437125
2122,2016,20,Telangana,Narayanpet,315.1547763871729,226.0974834437099,290.0,226.09748344371033
2122,2017,20,Telangana,Narayanpet,360.80868500793366,226.09748344371152,333.0,226.0974834437125
2123,2016,20,Telangana,Mulugu,315.1547763871729,226.0974834437099,290.0,226.09748344371033
2123,2017,20,Telangana,Mulugu,360.80868500793366,226.09748344371152,333.0,226.0974834437125
2124,2016,11,Tamil Nadu,Tenkasi,354.4383721771299,226.09748344371127,327.0,226.09748344371215
2124,2017,11,Tamil Nadu,Tenkasi,374.6110294746754,226.09748344371195,346.0,226.09748344371306
2125,2016,11,Tamil Nadu,Kallakurichi,354.4383721771299,226.09748344371127,327.0,226.09748344371215
2125,2017,11,Tamil Nadu,Kallakurichi,374.6110294746754,226.09748344371195,346.0,226.09748344371306
2126,2016,11,Tamil Nadu,Tirupattur,354.4383721771299,226.09748344371127,327.0,226.09748344371215
2126,2017,11,Tamil Nadu,Tirupattur,374.6110294746754,226.09748344371195,346.0,226.09748344371306
2127,2016,11,Tamil Nadu,Ranipet,354.4383721771299,226.09748344371127,327.0,226.09748344371215
2127,2017,11,Tamil Nadu,Ranipet,374.6110294746754,226.09748344371195,346.0,226.09748344371306
2128,2016,11,Tamil Nadu,Chengalpattu,354.4383721771299,226.09748344371127,327.0,226.09748344371215
2128,2017,11,Tamil Nadu,Chengalpattu,374.6110294746754,226.09748344371195,346.0,226.09748344371306
2129,2016,11,Tamil Nadu,Mayiladuthurai,354.4383721771299,226.09748344371127,327.0,226.09748344371215
2129,2017,11,Tamil Nadu,Mayiladuthurai,374.6110294746754,226.09748344371195,346.0,226.09748344371306
2130,2016,14,Chhattisgarh,Gaurela-Pendra-Marwahi?,220.66180273024946,226.09748344370664,201.0,226.09748344370595
2130,2017,14,Chhattisgarh,Gaurela-Pendra-Marwahi?,219.60008392511554,226.09748344370658,200.0,226.0974834437059
2131,2016,6,Madhya Pradesh,Niwari,251.45164807913466,226.09748344370772,230.0,226.09748344370743
2131,2017,6,Madhya Pradesh,Niwari,268.4391489612782,226.0974834437083,246.0,226.09748344370823
