Dist Code,Year,State Code,State Name,Dist Name,NITROGEN KHARIF CONSUMPTION (tons),NITROGEN RABI CONSUMPTION (tons),PHOSPHATE KHARIF CONSUMPTION (tons),PHOSPHATE RABI CONSUMPTION (tons),POTASH KHARIF CONSUMPTION (tons),POTASH RABI CONSUMPTION (tons),TOTAL KHARIF CONSUMPTION (tons),TOTAL RABI CONSUMPTION (tons)
1,2016,14,Chhattisgarh,Durg,20089.0,2516.0,2884.0,1842.0,10032.0,32637.0,3887.0,8613.0
1,2017,14,Chhattisgarh,Durg,13609.0,3185.0,3854.0,511.0,6244.0,23038.0,1800.0,6165.0
2,2016,14,Chhattisgarh,Bastar,3510.0,935.0,1850.0,603.0,2568.0,7013.0,1304.0,3757.0
2,2017,14,Chhattisgarh,Bastar,3506.0,764.0,1835.0,537.0,2434.0,6704.0,1063.0,3435.0
3,2016,14,Chhattisgarh,Raipur,24451.0,2430.0,4606.0,2288.0,8910.0,35791.0,6971.0,13865.0
3,2017,14,Chhattisgarh,Raipur,20207.0,2897.0,6939.0,911.0,9096.0,32200.0,5116.0,12966.0
4,2016,14,Chhattisgarh,Bilaspur,19040.0,1788.0,9327.0,1662.0,8082.0,28910.0,3787.0,14776.0
4,2017,14,Chhattisgarh,Bilaspur,20131.0,1482.0,5889.0,860.0,6067.0,27680.0,2220.0,8969.0
5,2016,14,Chhattisgarh,Raigarh,15192.0,2093.0,7427.0,2816.0,8699.0,25984.0,5874.0,16117.0
5,2017,14,Chhattisgarh,Raigarh,16815.0,2256.0,12550.0,1050.0,8319.0,27390.0,3784.0,17384.0
6,2016,14,Chhattisgarh,Surguja,9115.0,1274.0,6076.0,763.0,4206.0,14595.0,3020.0,9859.0
6,2017,14,Chhattisgarh,Surguja,6843.0,1573.0,1205.0,747.0,3704.0,12120.0,560.0,2512.0
7,2016,6,Madhya Pradesh,Jabalpur,18186.0,811.0,28520.0,738.0,7034.0,26031.0,9173.0,38431.0
7,2017,6,Madhya Pradesh,Jabalpur,14692.0,881.0,24349.0,971.0,8296.0,23869.0,10542.0,35862.0
8,2016,6,Madhya Pradesh,Balaghat,12719.0,297.0,2515.0,64.0,7635.0,20651.0,1735.0,4314.0
8,2017,6,Madhya Pradesh,Balaghat,13974.0,560.0,4325.0,15.0,9656.0,24190.0,1032.0,5372.0
9,2016,6,Madhya Pradesh,Chhindwara,42858.0,4162.0,17942.0,1388.0,12326.0,59346.0,6720.0,26050.0
9,2017,6,Madhya Pradesh,Chhindwara,38021.0,5327.0,19497.0,1191.0,13489.0,56837.0,6619.0,27307.0
10,2016,6,Madhya Pradesh,Narsinghpur,6457.0,425.0,12660.0,1567.0,3153.0,10035.0,6238.0,20465.0
10,2017,6,Madhya Pradesh,Narsinghpur,7552.0,674.0,14079.0,1363.0,3255.0,11481.0,7173.0,22615.0
11,2016,6,Madhya Pradesh,Seoni,20322.0,692.0,14836.0,388.0,6334.0,27348.0,4456.0,19680.0
11,2017,6,Madhya Pradesh,Seoni,32117.0,1216.0,16387.0,617.0,9028.0,42361.0,4221.0,21225.0
12,2016,6,Madhya Pradesh,Mandla,6209.0,118.0,3359.0,34.0,2161.0,8488.0,1311.0,4704.0
12,2017,6,Madhya Pradesh,Mandla,6051.0,106.0,3125.0,21.0,2404.0,8561.0,847.0,3993.0
13,2016,6,Madhya Pradesh,Sagar,3327.0,128.0,15285.0,530.0,5227.0,8682.0,10397.0,26212.0
13,2017,6,Madhya Pradesh,Sagar,3780.0,190.0,16619.0,316.0,6445.0,10415.0,11065.0,28000.0
14,2016,6,Madhya Pradesh,Damoh,3153.0,28.0,6221.0,42.0,3512.0,6693.0,4045.0,10308.0
14,2017,6,Madhya Pradesh,Damoh,3915.0,26.0,6719.0,89.0,4508.0,8449.0,5025.0,11833.0
15,2016,6,Madhya Pradesh,Tikamgarh,1736.0,126.0,11132.0,135.0,1147.0,3009.0,4380.0,15647.0
15,2017,6,Madhya Pradesh,Tikamgarh,1752.0,93.0,6605.0,5.0,1070.0,2915.0,2792.0,9402.0
16,2016,6,Madhya Pradesh,Chhatarpur,3271.0,110.0,16080.0,39.0,4350.0,7731.0,7908.0,24027.0
16,2017,6,Madhya Pradesh,Chhatarpur,4454.0,60.0,10111.0,79.0,4880.0,9394.0,6279.0,16469.0
17,2016,6,Madhya Pradesh,Panna,2925.0,2.0,3919.0,40.0,2389.0,5316.0,2309.0,6268.0
17,2017,6,Madhya Pradesh,Panna,2478.0,39.0,4137.0,15.0,1380.0,3897.0,3113.0,7265.0
18,2016,6,Madhya Pradesh,Rewa,8484.0,81.0,14719.0,74.0,2981.0,11546.0,6575.0,21368.0
18,2017,6,Madhya Pradesh,Rewa,12125.0,79.0,13999.0,121.0,6079.0,18283.0,5769.0,19889.0
19,2016,6,Madhya Pradesh,Sidhi,1655.0,14.0,2787.0,8.0,550.0,2219.0,1389.0,4184.0
19,2017,6,Madhya Pradesh,Sidhi,2202.0,4.0,3148.0,18.0,888.0,3094.0,1354.0,4520.0
20,2016,6,Madhya Pradesh,Satna,9291.0,47.0,19402.0,145.0,4955.0,14293.0,9947.0,29494.0
20,2017,6,Madhya Pradesh,Satna,12471.0,134.0,16596.0,219.0,6249.0,18854.0,8835.0,25650.0
21,2016,6,Madhya Pradesh,Shahdol,2757.0,27.0,2892.0,34.0,1453.0,4237.0,1595.0,4521.0
21,2017,6,Madhya Pradesh,Shahdol,3133.0,51.0,2292.0,36.0,2050.0,5234.0,1024.0,3352.0
22,2016,6,Madhya Pradesh,Gwalior,11400.0,189.0,18240.0,277.0,3613.0,15202.0,7287.0,25804.0
22,2017,6,Madhya Pradesh,Gwalior,9462.0,304.0,17580.0,162.0,5034.0,14800.0,7571.0,25313.0
23,2016,6,Madhya Pradesh,Shivpuri,5840.0,287.0,13498.0,292.0,4404.0,10531.0,6176.0,19966.0
23,2017,6,Madhya Pradesh,Shivpuri,5809.0,240.0,13768.0,131.0,7244.0,13293.0,5837.0,19736.0
24,2016,6,Madhya Pradesh,Guna,4359.0,15.0,14906.0,64.0,3871.0,8245.0,5777.0,20747.0
24,2017,6,Madhya Pradesh,Guna,3765.0,49.0,14762.0,45.0,4568.0,8382.0,6823.0,21630.0
25,2016,6,Madhya Pradesh,Datia,4308.0,23.0,11235.0,138.0,585.0,4916.0,3249.0,14622.0
25,2017,6,Madhya Pradesh,Datia,5557.0,81.0,15716.0,168.0,2009.0,7647.0,5781.0,21665.0
26,2016,6,Madhya Pradesh,Morena,11579.0,65.0,23132.0,171.0,2314.0,13958.0,6963.0,30266.0
26,2017,6,Madhya Pradesh,Morena,14178.0,143.0,20536.0,351.0,4662.0,18983.0,7496.0,28383.0
27,2016,6,Madhya Pradesh,Bhind,10004.0,48.0,18118.0,133.0,3004.0,13056.0,7761.0,26012.0
27,2017,6,Madhya Pradesh,Bhind,9872.0,64.0,18323.0,193.0,4342.0,14278.0,9944.0,28460.0
28,2016,6,Madhya Pradesh,Indore,15201.0,2350.0,26245.0,4601.0,10347.0,27898.0,12930.0,43776.0
28,2017,6,Madhya Pradesh,Indore,12326.0,1804.0,27269.0,3818.0,8357.0,22487.0,12113.0,43200.0
29,2016,6,Madhya Pradesh,Ratlam,15369.0,1449.0,19763.0,2240.0,8686.0,25504.0,8827.0,30830.0
29,2017,6,Madhya Pradesh,Ratlam,16586.0,2618.0,18798.0,2188.0,9670.0,28874.0,7440.0,28426.0
30,2016,6,Madhya Pradesh,Ujjain,13822.0,2159.0,32629.0,3262.0,13318.0,29299.0,15307.0,51198.0
30,2017,6,Madhya Pradesh,Ujjain,12156.0,2327.0,29874.0,3242.0,16797.0,31280.0,14159.0,47275.0
31,2016,6,Madhya Pradesh,Mandsaur,14185.0,2769.0,16261.0,2469.0,8615.0,25569.0,6093.0,24823.0
31,2017,6,Madhya Pradesh,Mandsaur,12742.0,2483.0,13231.0,1906.0,9511.0,24736.0,3661.0,18798.0
32,2016,6,Madhya Pradesh,Dewas,12162.0,1872.0,21731.0,2779.0,9536.0,23570.0,9115.0,33625.0
32,2017,6,Madhya Pradesh,Dewas,9930.0,1724.0,17750.0,1776.0,10111.0,21765.0,5517.0,25043.0
33,2016,6,Madhya Pradesh,Dhar,33049.0,3746.0,35559.0,4675.0,16986.0,53781.0,17814.0,58048.0
33,2017,6,Madhya Pradesh,Dhar,35285.0,5101.0,30811.0,2275.0,19474.0,59860.0,12943.0,46029.0
34,2016,6,Madhya Pradesh,Jhabua,14862.0,686.0,8381.0,147.0,4407.0,19955.0,2584.0,11112.0
34,2017,6,Madhya Pradesh,Jhabua,14247.0,1030.0,6927.0,184.0,4521.0,19798.0,1651.0,8762.0
35,2016,6,Madhya Pradesh,Khargone,32309.0,6488.0,19747.0,1601.0,16679.0,55476.0,9378.0,30726.0
35,2017,6,Madhya Pradesh,Khargone,38057.0,7968.0,22222.0,2093.0,19195.0,65220.0,9777.0,34092.0
36,2016,6,Madhya Pradesh,Khandwa,14159.0,2317.0,17627.0,1467.0,6660.0,23136.0,7217.0,26311.0
36,2017,6,Madhya Pradesh,Khandwa,16447.0,2581.0,14675.0,711.0,8374.0,27402.0,5981.0,21367.0
37,2016,6,Madhya Pradesh,Sehore,9993.0,397.0,34139.0,1179.0,8134.0,18524.0,14789.0,50107.0
37,2017,6,Madhya Pradesh,Sehore,13013.0,221.0,28009.0,565.0,11371.0,24605.0,11955.0,40529.0
38,2016,6,Madhya Pradesh,Raisen,13270.0,552.0,19772.0,180.0,11527.0,25349.0,9082.0,29034.0
38,2017,6,Madhya Pradesh,Raisen,17272.0,528.0,23567.0,348.0,15312.0,33112.0,8571.0,32486.0
39,2016,6,Madhya Pradesh,Vidisha,6091.0,134.0,23173.0,477.0,8338.0,14563.0,11186.0,34836.0
39,2017,6,Madhya Pradesh,Vidisha,7006.0,353.0,16622.0,447.0,10993.0,18352.0,9807.0,26876.0
40,2016,6,Madhya Pradesh,Betul,18232.0,738.0,13814.0,891.0,6717.0,25687.0,4077.0,18782.0
40,2017,6,Madhya Pradesh,Betul,20812.0,898.0,11829.0,654.0,6943.0,28653.0,3700.0,16183.0
41,2016,6,Madhya Pradesh,Rajgarh,15125.0,551.0,22974.0,1272.0,12362.0,28038.0,11852.0,36098.0
41,2017,6,Madhya Pradesh,Rajgarh,16005.0,610.0,19194.0,599.0,13875.0,30490.0,7626.0,27419.0
42,2016,6,Madhya Pradesh,Shajapur,8274.0,1176.0,13380.0,1206.0,13348.0,22798.0,8002.0,22588.0
42,2017,6,Madhya Pradesh,Shajapur,6224.0,1122.0,11357.0,1275.0,9666.0,17012.0,6182.0,18814.0
43,2016,6,Madhya Pradesh,Hoshangabad,15222.0,901.0,43767.0,1083.0,11321.0,27444.0,15630.0,60480.0
43,2017,6,Madhya Pradesh,Hoshangabad,22762.0,1271.0,41149.0,1549.0,20723.0,44756.0,14225.0,56923.0
44,2016,1,Andhra Pradesh,Srikakulam,29113.0,5554.0,7955.0,1678.0,9272.0,43939.0,3592.0,13225.0
44,2017,1,Andhra Pradesh,Srikakulam,27031.0,6761.0,11040.0,1699.0,9306.0,43098.0,4124.0,16863.0
45,2016,1,Andhra Pradesh,Visakhapatnam,15613.0,1733.0,6155.0,844.0,3126.0,20472.0,1203.0,8202.0
45,2017,1,Andhra Pradesh,Visakhapatnam,13848.0,1820.0,17040.0,1115.0,2930.0,18598.0,1122.0,19277.0
46,2016,1,Andhra Pradesh,East Godavari,41923.0,11506.0,64299.0,14735.0,15408.0,68837.0,25298.0,104332.0
46,2017,1,Andhra Pradesh,East Godavari,34321.0,13594.0,49925.0,14790.0,9887.0,57802.0,20975.0,85690.0
47,2016,1,Andhra Pradesh,West Godavari,46522.0,21042.0,81615.0,28914.0,24789.0,92353.0,40722.0,151251.0
47,2017,1,Andhra Pradesh,West Godavari,36800.0,19846.0,69391.0,27017.0,15176.0,71822.0,34402.0,130810.0
48,2016,1,Andhra Pradesh,Krishna,51780.0,7515.0,43140.0,14652.0,23721.0,83016.0,16592.0,74384.0
48,2017,1,Andhra Pradesh,Krishna,51562.0,11461.0,32967.0,9307.0,22895.0,85918.0,16210.0,58484.0
49,2016,1,Andhra Pradesh,Guntur,61470.0,7052.0,100381.0,18836.0,32063.0,100585.0,50610.0,169827.0
49,2017,1,Andhra Pradesh,Guntur,68623.0,6605.0,77220.0,14282.0,37040.0,112268.0,38019.0,129521.0
50,2016,1,Andhra Pradesh,S.P.S.Nellore,23354.0,6639.0,50705.0,11166.0,10796.0,40789.0,16367.0,78238.0
50,2017,1,Andhra Pradesh,S.P.S.Nellore,13826.0,3822.0,61644.0,13594.0,4654.0,22302.0,21293.0,96531.0
51,2016,1,Andhra Pradesh,Kurnool,77739.0,11977.0,60879.0,14187.0,51845.0,141561.0,40581.0,115647.0
51,2017,1,Andhra Pradesh,Kurnool,73543.0,12882.0,57372.0,10463.0,44370.0,130795.0,30966.0,98801.0
52,2016,1,Andhra Pradesh,Anantapur,25832.0,4781.0,16151.0,4888.0,15892.0,46505.0,11708.0,32747.0
52,2017,1,Andhra Pradesh,Anantapur,18014.0,5879.0,20274.0,6191.0,11215.0,35108.0,14912.0,41377.0
53,2016,1,Andhra Pradesh,Kadapa YSR,22592.0,4012.0,22677.0,5688.0,12786.0,39390.0,11221.0,39586.0
53,2017,1,Andhra Pradesh,Kadapa YSR,17814.0,5976.0,29347.0,6800.0,12268.0,36058.0,11858.0,48005.0
54,2016,1,Andhra Pradesh,Chittoor,17197.0,3473.0,19921.0,4118.0,6467.0,27137.0,9305.0,33344.0
54,2017,1,Andhra Pradesh,Chittoor,14898.0,3274.0,28422.0,5688.0,6085.0,24257.0,9875.0,43985.0
55,2016,20,Telangana,Hyderabad,14646.495067264577,2299.760513372032,15392.545506655584,2376.1179486947344,5656.113901345294,22602.35515695069,6433.417133530525,24202.084304819196
55,2017,20,Telangana,Hyderabad,14646.495067264577,2299.760513372032,15392.545506655584,2376.1179486947344,5656.113901345294,22602.35515695069,6433.417133530525,24202.084304819196
56,2016,20,Telangana,Nizamabad,47003.0,4247.0,54986.0,4326.0,13902.0,65152.0,14544.0,73856.0
56,2017,20,Telangana,Nizamabad,42880.0,4562.0,35456.0,4277.0,12141.0,59583.0,11782.0,51515.0
57,2016,20,Telangana,Medak,34434.0,1597.0,27339.0,1924.0,9186.0,45217.0,8611.0,37874.0
57,2017,20,Telangana,Medak,30796.0,938.0,10942.0,1884.0,5000.0,36734.0,3148.0,15974.0
58,2016,20,Telangana,Mahabubnagar,57778.0,1814.0,32809.0,2415.0,21491.0,81083.0,16476.0,51700.0
58,2017,20,Telangana,Mahabubnagar,36159.0,3211.0,19909.0,2172.0,16756.0,56126.0,9270.0,31351.0
59,2016,20,Telangana,Nalgonda,56892.0,7473.0,65496.0,8970.0,22012.0,86377.0,20710.0,95176.0
59,2017,20,Telangana,Nalgonda,48076.0,5641.0,31937.0,5992.0,16431.0,70148.0,15022.0,52951.0
60,2016,20,Telangana,Warangal,83197.0,9398.0,57118.0,10560.0,24381.0,116976.0,16803.0,84481.0
60,2017,20,Telangana,Warangal,3650.0,1382.0,11812.0,657.0,4318.0,9350.0,3818.0,16287.0
61,2016,20,Telangana,Khammam,52264.0,6319.0,40320.0,7008.0,23505.0,82088.0,16135.0,63463.0
61,2017,20,Telangana,Khammam,41782.0,8390.0,34731.0,6320.0,17701.0,67873.0,13664.0,54715.0
62,2016,20,Telangana,Karimnagar,78595.0,9071.0,74036.0,25178.0,22409.0,110075.0,19996.0,119210.0
62,2017,20,Telangana,Karimnagar,58996.0,5978.0,41733.0,4606.0,14292.0,79266.0,12707.0,59046.0
63,2016,20,Telangana,Adilabad,64589.0,6098.0,21187.0,1842.0,17434.0,88121.0,7176.0,30205.0
63,2017,20,Telangana,Adilabad,54539.0,5606.0,5109.0,664.0,10381.0,70526.0,3121.0,8894.0
65,2016,5,Karnataka,Kolar,6795.0,1528.0,4441.0,1583.0,4326.0,12649.0,3515.0,9539.0
65,2017,5,Karnataka,Kolar,7017.0,1433.0,7157.0,1907.0,3788.0,12238.0,4446.0,13510.0
66,2016,5,Karnataka,Tumkur,14851.0,2294.0,6434.0,2244.0,7562.0,24707.0,4763.0,13441.0
66,2017,5,Karnataka,Tumkur,14086.0,2433.0,10462.0,3913.0,6133.0,22652.0,7157.0,21532.0
67,2016,5,Karnataka,Mysore,21143.0,6495.0,10901.0,3964.0,12742.0,40380.0,6767.0,21632.0
67,2017,5,Karnataka,Mysore,20167.0,6554.0,14116.0,4028.0,9624.0,36345.0,6867.0,25011.0
68,2016,5,Karnataka,Mandya,21737.0,3475.0,17090.0,5130.0,7118.0,32330.0,6009.0,28229.0
68,2017,5,Karnataka,Mandya,19079.0,3103.0,29965.0,6196.0,5363.0,27545.0,8492.0,44653.0
69,2016,5,Karnataka,Hassan,26840.0,8625.0,6842.0,4188.0,15496.0,50961.0,6441.0,17471.0
69,2017,5,Karnataka,Hassan,23766.0,11085.0,9128.0,4354.0,12325.0,47176.0,6766.0,20248.0
70,2016,5,Karnataka,Shimoge,20888.0,7463.0,6905.0,3923.0,11071.0,39422.0,6360.0,17188.0
70,2017,5,Karnataka,Shimoge,19584.0,9464.0,9434.0,4913.0,10808.0,39856.0,6633.0,20980.0
71,2016,5,Karnataka,Chickmagalur,22036.0,13785.0,7786.0,5148.0,13293.0,49114.0,5814.0,18748.0
71,2017,5,Karnataka,Chickmagalur,20445.0,15072.0,8388.0,5257.0,12220.0,47737.0,5562.0,19207.0
72,2016,5,Karnataka,Chitradurga,15725.0,2328.0,4650.0,1210.0,7629.0,25682.0,4342.0,10202.0
72,2017,5,Karnataka,Chitradurga,9159.0,1500.0,5137.0,2108.0,5324.0,15983.0,3290.0,10535.0
73,2016,5,Karnataka,Bellary,52906.0,7537.0,16777.0,6432.0,28066.0,88509.0,11611.0,34820.0
73,2017,5,Karnataka,Bellary,33472.0,6345.0,37197.0,7146.0,19825.0,59642.0,17638.0,61981.0
74,2016,5,Karnataka,Dharwad,15904.0,1647.0,4836.0,1706.0,8060.0,25611.0,5228.0,11770.0
74,2017,5,Karnataka,Dharwad,12277.0,2117.0,3380.0,1535.0,5994.0,20388.0,2642.0,7557.0
75,2016,5,Karnataka,Belgaum,56661.0,17170.0,43438.0,17680.0,21990.0,95821.0,23053.0,84171.0
75,2017,5,Karnataka,Belgaum,44499.0,14876.0,48379.0,18388.0,18324.0,77699.0,20905.0,87672.0
76,2016,5,Karnataka,Bijapur,17092.0,2823.0,11965.0,3734.0,11325.0,31240.0,7290.0,22989.0
76,2017,5,Karnataka,Bijapur,14351.0,4081.0,13495.0,3280.0,9957.0,28389.0,6575.0,23350.0
77,2016,5,Karnataka,Bidar,7059.0,742.0,4799.0,1046.0,5145.0,12946.0,5867.0,11712.0
77,2017,5,Karnataka,Bidar,6694.0,1449.0,3581.0,939.0,4578.0,12721.0,3919.0,8439.0
78,2016,5,Karnataka,Raichur,47715.0,7351.0,18773.0,4108.0,25991.0,81057.0,13298.0,36179.0
78,2017,5,Karnataka,Raichur,41851.0,6994.0,38478.0,7104.0,24632.0,73477.0,20179.0,65761.0
79,2016,5,Karnataka,Gulbarga,15360.0,1510.0,10566.0,2398.0,14451.0,31321.0,9745.0,22709.0
79,2017,5,Karnataka,Gulbarga,14531.0,2283.0,4926.0,1015.0,12680.0,29494.0,2340.0,8281.0
80,2016,5,Karnataka,Dakshina Kannada,3397.0,2952.0,3508.0,4251.0,1753.0,8102.0,2727.0,10486.0
80,2017,5,Karnataka,Dakshina Kannada,3150.0,3457.0,4049.0,3981.0,1901.0,8508.0,2937.0,10967.0
81,2016,5,Karnataka,Uttara Kannada,6704.0,1751.0,1942.0,1101.0,2241.0,10696.0,1578.0,4621.0
81,2017,5,Karnataka,Uttara Kannada,7012.0,2534.0,1769.0,1311.0,2828.0,12374.0,1222.0,4302.0
82,2016,5,Karnataka,Kodagu,12320.0,7362.0,5196.0,4300.0,7414.0,27096.0,4354.0,13850.0
82,2017,5,Karnataka,Kodagu,13806.0,10738.0,5851.0,2812.0,8288.0,32832.0,3695.0,12358.0
83,2016,11,Tamil Nadu,Kancheepuram,6416.0,1155.0,10639.0,2279.0,2973.0,10544.0,3594.0,16512.0
83,2017,11,Tamil Nadu,Kancheepuram,4490.0,861.0,15679.0,3886.0,1823.0,7174.0,5773.0,25338.0
84,2016,11,Tamil Nadu,South Arcot Cuddalore,16182.0,4784.0,19743.0,6810.0,6900.0,27866.0,8287.0,34840.0
84,2017,11,Tamil Nadu,South Arcot Cuddalore,10666.0,5786.0,22631.0,7192.0,3847.0,20299.0,9719.0,39542.0
85,2016,11,Tamil Nadu,North Arcot Vellore,13923.0,3127.0,18363.0,4604.0,5545.0,22595.0,6792.0,29759.0
85,2017,11,Tamil Nadu,North Arcot Vellore,10140.0,3356.0,25105.0,4758.0,3362.0,16858.0,8449.0,38312.0
86,2016,11,Tamil Nadu,Salem,9700.0,4450.0,10156.0,5457.0,5430.0,19580.0,5724.0,21337.0
86,2017,11,Tamil Nadu,Salem,7022.0,4053.0,7316.0,8235.0,2833.0,13908.0,9688.0,25239.0
87,2016,11,Tamil Nadu,Coimbatore,7179.0,7443.0,8037.0,4640.0,3459.0,18081.0,2892.0,15569.0
87,2017,11,Tamil Nadu,Coimbatore,5194.0,6806.0,6973.0,5278.0,3371.0,15371.0,3764.0,16015.0
88,2016,11,Tamil Nadu,Tiruchirapalli Trichy,9231.0,3190.0,15037.0,7397.0,4907.0,17328.0,6146.0,28580.0
88,2017,11,Tamil Nadu,Tiruchirapalli Trichy,5848.0,4638.0,14988.0,6970.0,2538.0,13024.0,6347.0,28305.0
89,2016,11,Tamil Nadu,Thanjavur,15209.0,2860.0,24897.0,6229.0,3927.0,21996.0,8508.0,39634.0
89,2017,11,Tamil Nadu,Thanjavur,13407.0,4372.0,4428.0,8926.0,2392.0,20171.0,6790.0,20144.0
90,2016,11,Tamil Nadu,Madurai,5259.0,1573.0,7921.0,3194.0,3250.0,10082.0,2933.0,14048.0
90,2017,11,Tamil Nadu,Madurai,4642.0,1529.0,7811.0,2547.0,1627.0,7798.0,3080.0,13438.0
91,2016,11,Tamil Nadu,Ramananthapuram,1284.0,127.0,4551.0,283.0,990.0,2401.0,2593.0,7427.0
91,2017,11,Tamil Nadu,Ramananthapuram,1361.0,64.0,9932.0,286.0,883.0,2308.0,1281.0,11499.0
92,2016,11,Tamil Nadu,Thirunelveli,11435.0,2033.0,12041.0,2744.0,5151.0,18619.0,7674.0,22459.0
92,2017,11,Tamil Nadu,Thirunelveli,3531.0,1161.0,15658.0,3755.0,1251.0,5943.0,4820.0,24233.0
93,2016,11,Tamil Nadu,The Nilgiris,2583.0,1365.0,1882.0,1140.0,525.0,4473.0,226.0,3248.0
93,2017,11,Tamil Nadu,The Nilgiris,3010.0,1068.0,1838.0,832.0,499.0,4577.0,900.0,3570.0
94,2016,11,Tamil Nadu,Kanyakumari,3316.0,601.0,5475.0,1429.0,1681.0,5598.0,3559.0,10463.0
94,2017,11,Tamil Nadu,Kanyakumari,3587.0,708.0,6182.0,1735.0,702.0,4997.0,2965.0,10882.0
96,2016,7,Maharashtra,Thane,11204.0,272.0,3528.0,980.0,547.0,12023.0,1303.0,5811.0
96,2017,7,Maharashtra,Thane,4231.0,175.0,2140.0,528.0,195.0,4601.0,586.0,3254.0
97,2016,7,Maharashtra,Raigarh,8884.0,917.0,2034.0,712.0,1520.0,11321.0,937.0,3683.0
97,2017,7,Maharashtra,Raigarh,8097.0,450.0,858.0,769.0,809.0,9356.0,426.0,2053.0
98,2016,7,Maharashtra,Ratnagiri,5952.0,1266.0,269.0,189.0,1811.0,9029.0,473.0,931.0
98,2017,7,Maharashtra,Ratnagiri,6380.0,1127.0,110.0,90.0,1740.0,9247.0,32.0,232.0
99,2016,7,Maharashtra,Nasik,48601.0,9399.0,42310.0,13552.0,22152.0,80152.0,27356.0,83218.0
99,2017,7,Maharashtra,Nasik,53739.0,15047.0,46240.0,19165.0,29698.0,98484.0,34408.0,99813.0
100,2016,7,Maharashtra,Dhule,23608.0,7795.0,14117.0,4162.0,8424.0,39827.0,5960.0,24239.0
100,2017,7,Maharashtra,Dhule,26008.0,9956.0,11885.0,4671.0,10136.0,46100.0,6320.0,22876.0
101,2016,7,Maharashtra,Jalgaon,63587.0,35668.0,43359.0,23895.0,23294.0,122549.0,22647.0,89901.0
101,2017,7,Maharashtra,Jalgaon,64392.0,54243.0,32380.0,19915.0,28487.0,147122.0,19209.0,71504.0
102,2016,7,Maharashtra,Ahmednagar,43650.0,12006.0,55356.0,19520.0,20536.0,76192.0,33904.0,108780.0
102,2017,7,Maharashtra,Ahmednagar,50288.0,17515.0,54876.0,24368.0,27171.0,94974.0,39102.0,118346.0
103,2016,7,Maharashtra,Pune,42977.0,10566.0,52366.0,18856.0,16658.0,70201.0,25458.0,96680.0
103,2017,7,Maharashtra,Pune,44520.0,14635.0,52718.0,19821.0,19715.0,78870.0,28575.0,101114.0
104,2016,7,Maharashtra,Satara,23324.0,8074.0,28067.0,9641.0,12234.0,43632.0,12113.0,49821.0
104,2017,7,Maharashtra,Satara,23298.0,9231.0,25966.0,10695.0,11438.0,43967.0,14366.0,51027.0
105,2016,7,Maharashtra,Sangli,26709.0,12671.0,28998.0,13139.0,13287.0,52667.0,16017.0,58154.0
105,2017,7,Maharashtra,Sangli,24179.0,13219.0,30441.0,11459.0,13109.0,50507.0,14841.0,56741.0
106,2016,7,Maharashtra,Solapur,31586.0,6990.0,56121.0,19059.0,12903.0,51479.0,23370.0,98550.0
106,2017,7,Maharashtra,Solapur,44653.0,20828.0,57103.0,17515.0,23479.0,88960.0,25788.0,100406.0
107,2016,7,Maharashtra,Kolhapur,37362.0,13922.0,41250.0,18934.0,14208.0,65492.0,21800.0,81984.0
107,2017,7,Maharashtra,Kolhapur,31647.0,14214.0,39349.0,16366.0,11816.0,57677.0,19208.0,74923.0
108,2016,7,Maharashtra,Aurangabad,55868.0,13409.0,31599.0,12482.0,22264.0,91541.0,19399.0,63480.0
108,2017,7,Maharashtra,Aurangabad,61092.0,16388.0,19836.0,6145.0,24614.0,102094.0,11861.0,37842.0
109,2016,7,Maharashtra,Parbhani,21190.0,4899.0,11944.0,3539.0,10795.0,36884.0,8666.0,24149.0
109,2017,7,Maharashtra,Parbhani,21106.0,7373.0,12282.0,3325.0,14578.0,43057.0,9231.0,24838.0
110,2016,7,Maharashtra,Bid,21305.0,8347.0,25616.0,9072.0,15598.0,45250.0,18533.0,53221.0
110,2017,7,Maharashtra,Bid,37518.0,11464.0,22803.0,9661.0,23768.0,72750.0,17620.0,50084.0
111,2016,7,Maharashtra,Nanded,42619.0,11432.0,44090.0,13767.0,21288.0,75339.0,29314.0,87171.0
111,2017,7,Maharashtra,Nanded,52126.0,19679.0,23238.0,10363.0,32402.0,104207.0,24289.0,57890.0
112,2016,7,Maharashtra,Osmanabad,9224.0,2055.0,9721.0,2671.0,9584.0,20863.0,6057.0,18449.0
112,2017,7,Maharashtra,Osmanabad,12982.0,4472.0,12439.0,3644.0,11855.0,29309.0,8329.0,24412.0
113,2016,7,Maharashtra,Buldhana,32186.0,6432.0,21995.0,6165.0,17588.0,56206.0,19675.0,47835.0
113,2017,7,Maharashtra,Buldhana,32175.0,8340.0,14659.0,5316.0,20218.0,60733.0,17725.0,37700.0
114,2016,7,Maharashtra,Akola,15357.0,3959.0,7139.0,1979.0,8354.0,27670.0,6178.0,15296.0
114,2017,7,Maharashtra,Akola,17156.0,5944.0,6092.0,2521.0,13395.0,36495.0,6200.0,14813.0
115,2016,7,Maharashtra,Amarawati,20976.0,6452.0,12366.0,4381.0,12346.0,39774.0,10431.0,27178.0
115,2017,7,Maharashtra,Amarawati,21632.0,8740.0,13409.0,4727.0,14682.0,45054.0,10934.0,29070.0
116,2016,7,Maharashtra,Yeotmal,36667.0,11020.0,22706.0,5678.0,13302.0,60989.0,13673.0,42057.0
116,2017,7,Maharashtra,Yeotmal,39257.0,14748.0,9458.0,3929.0,21729.0,75734.0,10472.0,23859.0
117,2016,7,Maharashtra,Wardha,27413.0,9794.0,12833.0,3994.0,15072.0,52279.0,9183.0,26010.0
117,2017,7,Maharashtra,Wardha,25500.0,13914.0,4904.0,2512.0,15637.0,55051.0,5436.0,12852.0
118,2016,7,Maharashtra,Nagpur,25516.0,5969.0,16951.0,2286.0,12977.0,44462.0,8352.0,27589.0
118,2017,7,Maharashtra,Nagpur,33374.0,8459.0,17293.0,2414.0,19715.0,61548.0,10607.0,30314.0
119,2016,7,Maharashtra,Bhandara,26696.0,2150.0,7115.0,481.0,9953.0,38799.0,4789.0,12385.0
119,2017,7,Maharashtra,Bhandara,16551.0,1018.0,6353.0,311.0,6492.0,24061.0,3925.0,10589.0
120,2016,7,Maharashtra,Chandrapur,29916.0,2901.0,8283.0,1214.0,11695.0,44512.0,6054.0,15551.0
120,2017,7,Maharashtra,Chandrapur,33798.0,4597.0,6139.0,867.0,16284.0,54679.0,4914.0,11920.0
121,2016,3,Gujarat,Ahmedabad,26839.0,316.0,39572.0,502.0,7711.0,34866.0,7828.0,47902.0
121,2017,3,Gujarat,Ahmedabad,30668.0,530.0,39530.0,372.0,7442.0,38640.0,8913.0,48815.0
122,2016,3,Gujarat,Amreli,30086.0,1815.0,12890.0,467.0,14346.0,46247.0,4961.0,18318.0
122,2017,3,Gujarat,Amreli,36416.0,2147.0,10963.0,664.0,17977.0,56540.0,6299.0,17926.0
123,2016,3,Gujarat,Banaskantha,45248.0,4264.0,67503.0,9496.0,13126.0,62638.0,22318.0,99317.0
123,2017,3,Gujarat,Banaskantha,44276.0,3012.0,75850.0,9787.0,11403.0,58691.0,24643.0,110280.0
124,2016,3,Gujarat,Bharuch,14319.0,2458.0,11830.0,2738.0,3078.0,19855.0,3099.0,17667.0
124,2017,3,Gujarat,Bharuch,18131.0,3635.0,13048.0,3891.0,3950.0,25716.0,4210.0,21149.0
125,2016,3,Gujarat,Vadodara,33167.0,3686.0,35136.0,3549.0,6425.0,43278.0,4880.0,43565.0
125,2017,3,Gujarat,Vadodara,22062.0,1928.0,25108.0,2734.0,3813.0,27803.0,4186.0,32028.0
126,2016,3,Gujarat,Bhavnagar,35285.0,2876.0,17039.0,1369.0,17419.0,55580.0,6422.0,24830.0
126,2017,3,Gujarat,Bhavnagar,32715.0,2612.0,14677.0,1919.0,14735.0,50062.0,6461.0,23057.0
127,2016,3,Gujarat,Valsad,7682.0,2140.0,3734.0,1858.0,2920.0,12742.0,961.0,6553.0
127,2017,3,Gujarat,Valsad,7639.0,1366.0,3195.0,1421.0,2716.0,11721.0,1186.0,5802.0
128,2016,3,Gujarat,Dangs,421.0,47.0,253.0,146.0,89.0,557.0,211.0,610.0
128,2017,3,Gujarat,Dangs,427.0,43.0,76.0,13.0,83.0,553.0,24.0,113.0
129,2016,3,Gujarat,Jamnagar,19991.0,2261.0,15487.0,1151.0,14079.0,36331.0,7845.0,24483.0
129,2017,3,Gujarat,Jamnagar,20455.0,2026.0,13154.0,1430.0,12557.0,35038.0,7717.0,22301.0
130,2016,3,Gujarat,Junagadh,18198.0,2993.0,30010.0,2184.0,11644.0,32835.0,12895.0,45089.0
130,2017,3,Gujarat,Junagadh,17049.0,2360.0,19647.0,1586.0,10417.0,29826.0,10134.0,31367.0
131,2016,3,Gujarat,Kheda,31828.0,1266.0,38883.0,1703.0,3660.0,36754.0,3826.0,44412.0
131,2017,3,Gujarat,Kheda,27514.0,691.0,33102.0,1023.0,3607.0,31812.0,4271.0,38396.0
132,2016,3,Gujarat,Kutch,19498.0,792.0,24791.0,590.0,5944.0,26234.0,6903.0,32284.0
132,2017,3,Gujarat,Kutch,23126.0,1236.0,27864.0,1345.0,7763.0,32125.0,8270.0,37479.0
133,2016,3,Gujarat,Mehsana,14591.0,737.0,32316.0,1849.0,3062.0,18390.0,6426.0,40591.0
133,2017,3,Gujarat,Mehsana,15246.0,928.0,33110.0,1488.0,3434.0,19608.0,6895.0,41493.0
134,2016,3,Gujarat,Panchmahal,22718.0,703.0,22407.0,521.0,2714.0,26135.0,2503.0,25431.0
134,2017,3,Gujarat,Panchmahal,15875.0,532.0,13570.0,473.0,2016.0,18423.0,1913.0,15956.0
135,2016,3,Gujarat,Rajkot,45490.0,7075.0,32792.0,3729.0,24932.0,77497.0,12830.0,49351.0
135,2017,3,Gujarat,Rajkot,44293.0,5991.0,32145.0,4244.0,24152.0,74436.0,16937.0,53326.0
136,2016,3,Gujarat,Sabarkantha,30223.0,7211.0,45373.0,7613.0,9526.0,46960.0,11725.0,64711.0
136,2017,3,Gujarat,Sabarkantha,21260.0,3360.0,29270.0,4000.0,6977.0,31597.0,8167.0,41437.0
137,2016,3,Gujarat,Surat,29304.0,8459.0,24807.0,10159.0,9416.0,47179.0,12270.0,47236.0
137,2017,3,Gujarat,Surat,35570.0,11449.0,27433.0,12637.0,11017.0,58036.0,14838.0,54908.0
138,2016,3,Gujarat,Surendranagar,38375.0,1830.0,34561.0,768.0,14850.0,55055.0,11515.0,46844.0
138,2017,3,Gujarat,Surendranagar,40089.0,1100.0,32130.0,636.0,14902.0,56091.0,12057.0,44823.0
139,2016,10,Rajasthan,Ajmer,7501.0,49.0,8981.0,45.0,4049.0,11599.0,4149.0,13175.0
139,2017,10,Rajasthan,Ajmer,4653.0,25.0,5919.0,37.0,3288.0,7966.0,3002.0,8958.0
140,2016,10,Rajasthan,Alwar,18820.0,494.0,31347.0,101.0,9374.0,28688.0,2997.0,34445.0
140,2017,10,Rajasthan,Alwar,13308.0,665.0,24272.0,672.0,1377.0,15350.0,4336.0,29280.0
141,2016,10,Rajasthan,Banswara,12307.0,118.0,21367.0,151.0,2659.0,15084.0,3471.0,24989.0
141,2017,10,Rajasthan,Banswara,12054.0,75.0,14776.0,108.0,1308.0,13437.0,2391.0,17275.0
142,2016,10,Rajasthan,Barmer,6883.0,206.0,5866.0,114.0,1477.0,8566.0,1177.0,7157.0
142,2017,10,Rajasthan,Barmer,4152.0,206.0,8760.0,74.0,1283.0,5641.0,1083.0,9917.0
143,2016,10,Rajasthan,Bharatpur,21328.0,136.0,25865.0,36.0,6067.0,27531.0,5424.0,31325.0
143,2017,10,Rajasthan,Bharatpur,20113.0,244.0,21984.0,165.0,8484.0,28841.0,5869.0,28018.0
144,2016,10,Rajasthan,Bhilwara,13827.0,228.0,21632.0,105.0,6634.0,20689.0,6396.0,28133.0
144,2017,10,Rajasthan,Bhilwara,9536.0,40.0,12771.0,199.0,2717.0,12293.0,2509.0,15479.0
145,2016,10,Rajasthan,Bikaner,9676.0,72.0,18991.0,24.0,5954.0,15702.0,4409.0,23424.0
145,2017,10,Rajasthan,Bikaner,5200.0,163.0,17288.0,70.0,5293.0,10656.0,5352.0,22710.0
146,2016,10,Rajasthan,Bundi,18766.0,240.0,22674.0,167.0,7206.0,26212.0,6335.0,29176.0
146,2017,10,Rajasthan,Bundi,15761.0,183.0,24402.0,199.0,5462.0,21406.0,6853.0,31454.0
147,2016,10,Rajasthan,Chittorgarh,14706.0,502.0,30124.0,369.0,9006.0,24214.0,10330.0,40823.0
147,2017,10,Rajasthan,Chittorgarh,15381.0,414.0,23624.0,749.0,5500.0,21295.0,9398.0,33771.0
148,2016,10,Rajasthan,Churu,4082.0,0.0,5557.0,0.0,1357.0,5439.0,1349.0,6906.0
148,2017,10,Rajasthan,Churu,2943.0,35.0,5123.0,4.0,867.0,3845.0,943.0,6070.0
149,2016,10,Rajasthan,Dungarpur,2181.0,135.0,4307.0,40.0,944.0,3260.0,2238.0,6585.0
149,2017,10,Rajasthan,Dungarpur,2547.0,25.0,3595.0,48.0,153.0,2725.0,706.0,4349.0
150,2016,10,Rajasthan,Ganganagar,16804.0,496.0,44200.0,354.0,12210.0,29510.0,10268.0,54822.0
150,2017,10,Rajasthan,Ganganagar,26564.0,2454.0,48592.0,1366.0,18031.0,47049.0,16287.0,66245.0
151,2016,10,Rajasthan,Jaipur,20502.0,979.0,25788.0,203.0,8710.0,30191.0,7731.0,33722.0
151,2017,10,Rajasthan,Jaipur,16480.0,1291.0,20487.0,1146.0,6978.0,24749.0,9353.0,30986.0
152,2016,10,Rajasthan,Jaisalmer,3673.0,5.0,5701.0,45.0,2015.0,5693.0,1907.0,7653.0
152,2017,10,Rajasthan,Jaisalmer,3040.0,65.0,4798.0,17.0,1645.0,4750.0,1545.0,6360.0
153,2016,10,Rajasthan,Jalore,10704.0,544.0,23162.0,653.0,2821.0,14069.0,2902.0,26717.0
153,2017,10,Rajasthan,Jalore,9469.0,901.0,20213.0,600.0,3320.0,13690.0,2856.0,23669.0
154,2016,10,Rajasthan,Jhalawar,16512.0,281.0,21429.0,326.0,6448.0,23241.0,7839.0,29594.0
154,2017,10,Rajasthan,Jhalawar,13099.0,182.0,17376.0,164.0,6235.0,19516.0,7849.0,25389.0
155,2016,10,Rajasthan,Jhunjhunu,7785.0,17.0,6390.0,11.0,1120.0,8922.0,1245.0,7646.0
155,2017,10,Rajasthan,Jhunjhunu,5689.0,42.0,7079.0,30.0,1580.0,7311.0,1929.0,9038.0
156,2016,10,Rajasthan,Jodhpur,15524.0,616.0,19624.0,548.0,10932.0,27072.0,5642.0,25814.0
156,2017,10,Rajasthan,Jodhpur,18396.0,1058.0,17276.0,726.0,10584.0,30038.0,6475.0,24477.0
157,2016,10,Rajasthan,Kota,16558.0,408.0,28795.0,529.0,11659.0,28625.0,10637.0,39961.0
157,2017,10,Rajasthan,Kota,15965.0,949.0,28034.0,599.0,9422.0,26336.0,10467.0,39100.0
158,2016,10,Rajasthan,Nagaur,14448.0,371.0,12230.0,502.0,8840.0,23659.0,5751.0,18483.0
158,2017,10,Rajasthan,Nagaur,12457.0,941.0,12012.0,453.0,7828.0,21226.0,5704.0,18169.0
159,2016,10,Rajasthan,Pali,8078.0,245.0,10906.0,17.0,6711.0,15034.0,2746.0,13669.0
159,2017,10,Rajasthan,Pali,6189.0,348.0,7559.0,255.0,7691.0,14228.0,3428.0,11242.0
160,2016,10,Rajasthan,Swami Madhopur,12130.0,109.0,19691.0,0.0,5753.0,17992.0,5015.0,24706.0
160,2017,10,Rajasthan,Swami Madhopur,8913.0,118.0,11065.0,97.0,1800.0,10831.0,3045.0,14207.0
161,2016,10,Rajasthan,Sikar,8174.0,143.0,8346.0,38.0,2155.0,10472.0,2801.0,11185.0
161,2017,10,Rajasthan,Sikar,8072.0,148.0,7522.0,138.0,2561.0,10781.0,2682.0,10342.0
162,2016,10,Rajasthan,Sirohi,5247.0,184.0,10699.0,428.0,1658.0,7089.0,2209.0,13336.0
162,2017,10,Rajasthan,Sirohi,4241.0,227.0,10290.0,179.0,2541.0,7009.0,1762.0,12231.0
163,2016,10,Rajasthan,Tonk,10936.0,118.0,20188.0,64.0,7735.0,18789.0,5377.0,25629.0
163,2017,10,Rajasthan,Tonk,8442.0,73.0,14111.0,136.0,5864.0,14379.0,4081.0,18328.0
164,2016,10,Rajasthan,Udaipur,8926.0,529.0,20269.0,1057.0,2898.0,12353.0,5511.0,26837.0
164,2017,10,Rajasthan,Udaipur,9422.0,880.0,12123.0,1349.0,3603.0,13905.0,3145.0,16617.0
165,2016,9,Punjab,Gurdaspur,45754.0,1695.0,45722.0,2420.3503341276896,10106.0,57554.0,10283.0,56005.0
165,2017,9,Punjab,Gurdaspur,45478.0,1612.0,42147.0,681.0,9358.0,56448.0,7488.0,50316.0
166,2016,9,Punjab,Amritsar,39524.0,2715.0,39721.0,2420.3503341276896,12470.0,54708.0,16385.0,56106.0
166,2017,9,Punjab,Amritsar,39248.0,2632.0,36145.0,681.0,11722.0,53602.0,13589.0,50415.0
167,2016,9,Punjab,Kapurthala,22254.0,1695.0,24965.0,2420.3503341276896,4126.0,28074.0,6042.0,31007.0
167,2017,9,Punjab,Kapurthala,21978.0,1612.0,21390.0,669.0,3378.0,26968.0,3247.0,25306.0
168,2016,9,Punjab,Jalandhar,35074.0,2595.0,38581.0,2420.3503341276896,11106.0,48774.0,17365.0,55946.0
168,2017,9,Punjab,Jalandhar,34798.0,2512.0,35006.0,673.0,10358.0,47668.0,14570.0,50249.0
169,2016,9,Punjab,Hoshiarpur,22738.0,1947.0,27287.0,2420.3503341276896,7700.0,32385.0,14493.0,41779.0
169,2017,9,Punjab,Hoshiarpur,22462.0,1864.0,23712.0,681.0,6953.0,31279.0,11698.0,36091.0
170,2016,9,Punjab,Roopnagar,10000.0,1347.0,14807.0,2420.3503341276896,2194.0,13541.0,8557.0,23363.0
170,2017,9,Punjab,Roopnagar,9724.0,1264.0,11232.0,698.0,1447.0,12435.0,5761.0,17691.0
171,2016,9,Punjab,Ludhiana,80874.0,1395.0,80708.0,2420.3503341276896,12866.0,95134.0,15283.0,95991.0
171,2017,9,Punjab,Ludhiana,85198.0,1312.0,77133.0,670.0,12118.0,98628.0,12487.0,90290.0
172,2016,9,Punjab,Ferozpur,45694.0,1689.0,45757.0,2420.3503341276896,16926.0,64308.0,17761.0,63518.0
172,2017,9,Punjab,Ferozpur,45418.0,1606.0,42182.0,681.0,16178.0,63202.0,14965.0,57828.0
173,2016,9,Punjab,Faridkot,20214.0,1413.0,22957.0,2420.3503341276896,5886.0,27512.0,8364.0,31321.0
173,2017,9,Punjab,Faridkot,19938.0,1330.0,19382.0,681.0,5138.0,26406.0,5568.0,25631.0
174,2016,9,Punjab,Bhatinda,42814.0,2895.0,44099.0,2420.3503341276896,9646.0,55354.0,11916.0,56015.0
174,2017,9,Punjab,Bhatinda,42538.0,2812.0,40524.0,681.0,8898.0,54248.0,9121.0,50326.0
175,2016,9,Punjab,Sangrur,48134.0,1395.0,53217.0,2420.3503341276896,11646.0,61174.0,16268.0,69485.0
175,2017,9,Punjab,Sangrur,47858.0,1312.0,49641.0,698.0,10898.0,60068.0,13472.0,63811.0
176,2016,9,Punjab,Patiala,69185.0,2582.0,62194.0,2420.3503341276896,12316.0,84082.0,3716.0,65910.0
176,2017,9,Punjab,Patiala,68909.0,2499.0,58619.0,922.0,11569.0,82977.0,920.0,60461.0
177,2016,4,Haryana,Hissar,26459.0,1085.0,46416.0,1341.0,10574.0,38118.0,13183.0,60940.0
177,2017,4,Haryana,Hissar,28976.0,1821.0,46458.0,1097.0,13057.0,43854.0,11400.0,58955.0
178,2016,4,Haryana,Sirsa,42313.0,2470.0,60861.0,2763.0,17375.0,62158.0,18461.0,82085.0
178,2017,4,Haryana,Sirsa,47046.0,4247.0,59338.0,1273.0,19613.0,70906.0,15831.0,76442.0
179,2016,4,Haryana,Bhiwani,18772.0,730.0,31752.0,748.0,9279.0,28781.0,10504.0,43004.0
179,2017,4,Haryana,Bhiwani,21135.0,2267.0,34646.0,1461.0,11060.0,34462.0,12010.0,48117.0
180,2016,4,Haryana,Gurgaon,3196.0,224.0,5483.0,232.0,1722.0,5142.0,2192.0,7907.0
180,2017,4,Haryana,Gurgaon,4024.0,344.0,6358.0,367.0,2247.0,6615.0,2471.0,9196.0
181,2016,4,Haryana,Jind,32767.0,2248.0,41975.0,2784.0,9804.0,44819.0,9730.0,54489.0
181,2017,4,Haryana,Jind,35026.0,2713.0,51753.0,1979.0,10009.0,47748.0,9936.0,63668.0
182,2016,4,Haryana,Mahendragarh,13496.0,484.0,18433.0,411.0,8317.0,22297.0,4536.0,23380.0
182,2017,4,Haryana,Mahendragarh,12337.0,681.0,16030.0,511.0,7491.0,20509.0,4996.0,21537.0
183,2016,4,Haryana,Ambala,16622.0,959.0,18262.0,1512.0,4529.0,22110.0,4944.0,24718.0
183,2017,4,Haryana,Ambala,19930.0,1145.0,18976.0,800.0,3742.0,24817.0,6340.0,26116.0
184,2016,4,Haryana,Karnal,46368.0,1428.0,45916.0,1293.0,9582.0,57378.0,10331.0,57540.0
184,2017,4,Haryana,Karnal,51210.0,2785.0,47233.0,709.0,9215.0,63210.0,10233.0,58175.0
185,2016,4,Haryana,Kurukshetra,29065.0,1924.0,32995.0,1193.0,8792.0,39781.0,7759.0,41947.0
185,2017,4,Haryana,Kurukshetra,34398.0,2586.0,33220.0,1300.0,7192.0,44176.0,9720.0,44240.0
186,2016,4,Haryana,Rohtak,13920.0,784.0,17203.0,235.0,5283.0,19987.0,4380.0,21818.0
186,2017,4,Haryana,Rohtak,12994.0,580.0,19597.0,255.0,3649.0,17223.0,4489.0,24341.0
187,2016,4,Haryana,Sonepat,29396.0,1163.0,31885.0,745.0,9072.0,39631.0,7737.0,40367.0
187,2017,4,Haryana,Sonepat,28702.0,1388.0,32129.0,561.0,7257.0,37347.0,6282.0,38972.0
188,2016,4,Haryana,Faridabad,2068.0,23.0,2972.0,28.0,683.0,2774.0,983.0,3983.0
188,2017,4,Haryana,Faridabad,2171.0,50.0,4338.0,74.0,678.0,2899.0,1187.0,5599.0
189,2016,12,Uttar Pradesh,Saharanpur,20242.0,1883.0,31748.0,2356.0,6864.0,28989.0,13692.0,47796.0
189,2017,12,Uttar Pradesh,Saharanpur,27187.0,1450.0,19642.0,1071.0,6162.0,34799.0,8795.0,29508.0
190,2016,12,Uttar Pradesh,Muzaffarnagar,18935.0,1761.0,34531.0,2562.0,6421.0,27117.0,14893.0,51986.0
190,2017,12,Uttar Pradesh,Muzaffarnagar,21552.0,1366.0,15169.0,1779.0,5017.0,27935.0,9694.0,26642.0
191,2016,12,Uttar Pradesh,Meerut,15076.0,1402.0,25834.0,1917.0,5112.0,21590.0,11142.0,38893.0
191,2017,12,Uttar Pradesh,Meerut,25323.0,1282.0,21946.0,1965.0,5631.0,32236.0,11871.0,35782.0
192,2016,12,Uttar Pradesh,Buland Shahar,20965.0,1950.0,30516.0,2264.0,7109.0,30024.0,13161.0,45941.0
192,2017,12,Uttar Pradesh,Buland Shahar,28810.0,2622.0,32548.0,2738.0,6846.0,38278.0,18199.0,53485.0
193,2016,12,Uttar Pradesh,Ghaziabad,3215.0,299.0,7110.0,528.0,1090.0,4604.0,3067.0,10705.0
193,2017,12,Uttar Pradesh,Ghaziabad,8502.0,354.0,7345.0,348.0,1824.0,10680.0,3142.0,10835.0
194,2016,12,Uttar Pradesh,Aligarh,28357.0,2641.0,30980.0,2299.0,9626.0,40624.0,13361.0,46640.0
194,2017,12,Uttar Pradesh,Aligarh,68332.0,4922.0,28758.0,2500.0,15348.0,88602.0,16396.0,47654.0
195,2016,12,Uttar Pradesh,Mathura,16473.0,1532.0,28464.0,2112.0,5586.0,23591.0,12276.0,42852.0
195,2017,12,Uttar Pradesh,Mathura,52107.0,2359.0,27068.0,1948.0,11163.0,65629.0,16698.0,45714.0
196,2016,12,Uttar Pradesh,Agra,18584.0,1729.0,27996.0,2077.0,6301.0,26614.0,12074.0,42147.0
196,2017,12,Uttar Pradesh,Agra,73601.0,8697.0,41664.0,12580.0,17273.0,99571.0,24580.0,78824.0
197,2016,12,Uttar Pradesh,Mainpuri,14281.0,1328.0,20370.0,1512.0,4842.0,20451.0,8785.0,30667.0
197,2017,12,Uttar Pradesh,Mainpuri,15510.0,1040.0,28035.0,1318.0,3644.0,20194.0,12916.0,42269.0
198,2016,12,Uttar Pradesh,Etah,14590.0,1357.0,19092.0,1417.0,4947.0,20894.0,8234.0,28743.0
198,2017,12,Uttar Pradesh,Etah,23169.0,2551.0,26227.0,1770.0,5586.0,31306.0,13790.0,41787.0
199,2016,12,Uttar Pradesh,Bareilly,26788.0,2492.0,36071.0,2677.0,9083.0,38363.0,15557.0,54305.0
199,2017,12,Uttar Pradesh,Bareilly,24230.0,2066.0,37017.0,1509.0,5929.0,32225.0,12536.0,51062.0
200,2016,12,Uttar Pradesh,Budaun,30040.0,2794.0,38761.0,2876.0,10186.0,43020.0,16717.0,58354.0
200,2017,12,Uttar Pradesh,Budaun,21633.0,1777.0,37613.0,2147.0,5417.0,28827.0,13733.0,53493.0
201,2016,12,Uttar Pradesh,Moradabad,15242.0,1418.0,21234.0,1576.0,5168.0,21828.0,9158.0,31968.0
201,2017,12,Uttar Pradesh,Moradabad,5830.0,534.0,21750.0,1245.0,1643.0,8007.0,4428.0,27423.0
202,2016,12,Uttar Pradesh,Shahjahanpur,30736.0,2859.0,39385.0,2922.0,10422.0,44017.0,16986.0,59293.0
202,2017,12,Uttar Pradesh,Shahjahanpur,57838.0,5073.0,51297.0,2684.0,13420.0,76331.0,20901.0,74882.0
203,2016,12,Uttar Pradesh,Pilibhit,20740.0,1929.0,26748.0,1985.0,7032.0,29701.0,11536.0,40269.0
203,2017,12,Uttar Pradesh,Pilibhit,14390.0,2124.0,29562.0,1793.0,3904.0,20418.0,8829.0,40184.0
204,2016,12,Uttar Pradesh,Rampur,16778.0,1561.0,23122.0,1716.0,5689.0,24028.0,9972.0,34810.0
204,2017,12,Uttar Pradesh,Rampur,7268.0,293.0,19625.0,758.0,1885.0,9446.0,3464.0,23847.0
205,2016,12,Uttar Pradesh,Bijnor,26564.0,2471.0,39564.0,2936.0,9007.0,38042.0,17063.0,59563.0
205,2017,12,Uttar Pradesh,Bijnor,19853.0,1693.0,22544.0,1734.0,4966.0,26512.0,9414.0,33692.0
206,2016,12,Uttar Pradesh,Farrukhabad,8018.0,746.0,14073.0,1044.0,2719.0,11483.0,6070.0,21187.0
206,2017,12,Uttar Pradesh,Farrukhabad,13263.0,3777.0,38737.0,2589.0,3887.0,20927.0,10443.0,51769.0
207,2016,12,Uttar Pradesh,Etawah,9699.0,902.0,13689.0,1016.0,3289.0,13890.0,5904.0,20609.0
207,2017,12,Uttar Pradesh,Etawah,16266.0,785.0,19468.0,914.0,3606.0,20657.0,12377.0,32759.0
209,2016,12,Uttar Pradesh,Fatehpur,20699.0,1925.0,27253.0,2022.0,7019.0,29643.0,11754.0,41029.0
209,2017,12,Uttar Pradesh,Fatehpur,20004.0,1137.0,29647.0,1726.0,4691.0,25832.0,15969.0,47342.0
210,2016,12,Uttar Pradesh,Allahabad,20200.0,1879.0,28001.0,2078.0,6849.0,28928.0,12077.0,42156.0
210,2017,12,Uttar Pradesh,Allahabad,30190.0,4748.0,53487.0,6319.0,7734.0,42672.0,23862.0,83668.0
211,2016,12,Uttar Pradesh,Jhansi,19733.0,1836.0,34864.0,2587.0,6691.0,28260.0,15036.0,52487.0
211,2017,12,Uttar Pradesh,Jhansi,16135.0,267.0,21403.0,1055.0,3659.0,20061.0,18673.0,41131.0
212,2016,12,Uttar Pradesh,Lalitpur,21790.0,2027.0,31084.0,2306.0,7389.0,31206.0,13406.0,46796.0
212,2017,12,Uttar Pradesh,Lalitpur,7379.0,214.0,22066.0,998.0,1999.0,9592.0,24067.0,47131.0
213,2016,12,Uttar Pradesh,Jalaun,7001.0,651.0,33718.0,2502.0,2374.0,10026.0,14542.0,50762.0
213,2017,12,Uttar Pradesh,Jalaun,8144.0,69.0,25946.0,1041.0,1758.0,9971.0,16230.0,43217.0
214,2016,12,Uttar Pradesh,Hamirpur,12472.0,1160.0,26388.0,1958.0,4229.0,17861.0,11381.0,39727.0
214,2017,12,Uttar Pradesh,Hamirpur,5022.0,123.0,19916.0,771.0,1299.0,6444.0,13025.0,33712.0
215,2016,12,Uttar Pradesh,Banda,13734.0,1278.0,30637.0,2273.0,4657.0,19669.0,13213.0,46123.0
215,2017,12,Uttar Pradesh,Banda,7638.0,452.0,12920.0,1152.0,1933.0,10023.0,10548.0,24620.0
216,2016,12,Uttar Pradesh,Varanasi,8506.0,791.0,9116.0,676.0,2884.0,12181.0,3932.0,13724.0
216,2017,12,Uttar Pradesh,Varanasi,31204.0,2231.0,22736.0,1314.0,6899.0,40334.0,10975.0,35025.0
217,2016,12,Uttar Pradesh,Mirzpur,12605.0,1172.0,14487.0,1075.0,4274.0,18051.0,6248.0,21810.0
217,2017,12,Uttar Pradesh,Mirzpur,30826.0,441.0,13787.0,640.0,6384.0,37651.0,9300.0,23727.0
218,2016,12,Uttar Pradesh,Jaunpur,24045.0,2237.0,26156.0,1941.0,8153.0,34435.0,11281.0,39378.0
218,2017,12,Uttar Pradesh,Jaunpur,18795.0,764.0,29382.0,1559.0,4423.0,23982.0,13357.0,44298.0
219,2016,12,Uttar Pradesh,Ghazipur,18088.0,1683.0,23408.0,1737.0,6133.0,25904.0,10096.0,35241.0
219,2017,12,Uttar Pradesh,Ghazipur,25360.0,1252.0,22231.0,1212.0,5699.0,32311.0,12507.0,35950.0
220,2016,12,Uttar Pradesh,Ballia,15426.0,1435.0,20423.0,1515.0,5231.0,22092.0,8808.0,30746.0
220,2017,12,Uttar Pradesh,Ballia,12112.0,1030.0,23189.0,1425.0,3011.0,16153.0,12272.0,36886.0
221,2016,12,Uttar Pradesh,Gorakhpur,16209.0,1508.0,22027.0,1634.0,5496.0,23213.0,9500.0,33161.0
221,2017,12,Uttar Pradesh,Gorakhpur,15652.0,2611.0,28738.0,1717.0,4189.0,22452.0,8527.0,38982.0
222,2016,12,Uttar Pradesh,Deoria,15350.0,1428.0,17778.0,1319.0,5205.0,21983.0,7667.0,26764.0
222,2017,12,Uttar Pradesh,Deoria,7797.0,707.0,22080.0,1914.0,2078.0,10582.0,9445.0,33439.0
223,2016,12,Uttar Pradesh,Basti,15103.0,1405.0,20886.0,1550.0,5121.0,21629.0,9008.0,31444.0
223,2017,12,Uttar Pradesh,Basti,9516.0,958.0,27344.0,1100.0,2480.0,12954.0,9713.0,38157.0
224,2016,12,Uttar Pradesh,Azamgarh,24522.0,2281.0,29764.0,2209.0,8315.0,35118.0,12837.0,44810.0
224,2017,12,Uttar Pradesh,Azamgarh,15927.0,640.0,25814.0,1185.0,3843.0,20410.0,11681.0,38680.0
225,2016,12,Uttar Pradesh,Lucknow,6654.0,619.0,11130.0,826.0,2256.0,9529.0,4800.0,16756.0
225,2017,12,Uttar Pradesh,Lucknow,8833.0,200.0,12241.0,421.0,1923.0,10956.0,7792.0,20454.0
226,2016,12,Uttar Pradesh,Unnao,20334.0,1891.0,28998.0,2152.0,6895.0,29120.0,12507.0,43657.0
226,2017,12,Uttar Pradesh,Unnao,16412.0,649.0,24728.0,945.0,3841.0,20902.0,12431.0,38104.0
227,2016,12,Uttar Pradesh,Rae - Bareily,12633.0,1175.0,16980.0,1260.0,4284.0,18092.0,7323.0,25563.0
227,2017,12,Uttar Pradesh,Rae - Bareily,29699.0,986.0,33898.0,1920.0,6330.0,37015.0,18042.0,53860.0
228,2016,12,Uttar Pradesh,Sitapur,35087.0,3264.0,45366.0,3366.0,11897.0,50248.0,19566.0,68298.0
228,2017,12,Uttar Pradesh,Sitapur,50723.0,5551.0,37483.0,1904.0,12291.0,68565.0,19991.0,59378.0
229,2016,12,Uttar Pradesh,Hardoi,32209.0,2996.0,43469.0,3225.0,10921.0,46126.0,18747.0,65441.0
229,2017,12,Uttar Pradesh,Hardoi,48015.0,878.0,46898.0,1928.0,10294.0,59187.0,24742.0,73568.0
230,2016,12,Uttar Pradesh,Kheri,44297.0,4120.0,53646.0,3981.0,15020.0,63437.0,23137.0,80764.0
230,2017,12,Uttar Pradesh,Kheri,18422.0,1922.0,27376.0,2270.0,5173.0,25517.0,10391.0,40037.0
231,2016,12,Uttar Pradesh,Faizabad,14097.0,1312.0,19245.0,1428.0,4782.0,20191.0,8300.0,28973.0
231,2017,12,Uttar Pradesh,Faizabad,11821.0,293.0,19876.0,2276.0,2701.0,14815.0,9822.0,31974.0
232,2016,12,Uttar Pradesh,Gonda,24946.0,2320.0,28510.0,2116.0,8459.0,35725.0,12296.0,42922.0
232,2017,12,Uttar Pradesh,Gonda,16320.0,1571.0,26504.0,2380.0,4209.0,22100.0,11655.0,40539.0
233,2016,12,Uttar Pradesh,Bahraich,26475.0,2463.0,29571.0,2194.0,8977.0,37915.0,12753.0,44518.0
233,2017,12,Uttar Pradesh,Bahraich,39595.0,6769.0,27366.0,4798.0,10307.0,56671.0,14126.0,46290.0
234,2016,12,Uttar Pradesh,Sultanpur,17004.0,1582.0,14709.0,1091.0,5766.0,24352.0,6344.0,22144.0
234,2017,12,Uttar Pradesh,Sultanpur,15827.0,652.0,18272.0,729.0,3652.0,20131.0,8684.0,27685.0
235,2016,12,Uttar Pradesh,Pratapgarh,14978.0,1393.0,17916.0,1329.0,5079.0,21450.0,7727.0,26972.0
235,2017,12,Uttar Pradesh,Pratapgarh,7434.0,2271.0,21558.0,1939.0,2470.0,12175.0,9396.0,32893.0
236,2016,12,Uttar Pradesh,Barabanki,21664.0,2016.0,29692.0,2203.0,7351.0,31031.0,12806.0,44701.0
236,2017,12,Uttar Pradesh,Barabanki,25819.0,1046.0,31709.0,1887.0,5810.0,32675.0,11659.0,45255.0
237,2016,16,Uttarakhand,Nainital,4706.0,172.0,4931.0,421.0,446.0,5324.0,1121.0,6473.0
237,2017,16,Uttarakhand,Nainital,5379.0,124.0,3911.0,453.0,349.0,5852.0,1025.0,5389.0
238,2016,16,Uttarakhand,Almorah,102.0,5.0,105.0,11.0,15.0,122.0,40.0,156.0
238,2017,16,Uttarakhand,Almorah,78.0,4.0,122.0,11.0,12.0,94.0,23.0,156.0
239,2016,16,Uttarakhand,Pithorgarh,149.0,4.0,164.0,6.0,28.0,181.0,26.0,196.0
239,2017,16,Uttarakhand,Pithorgarh,124.0,4.0,63.0,8.0,24.0,152.0,28.0,99.0
240,2016,16,Uttarakhand,Chamoli,69.0,0.0,47.0,2.0,28.0,97.0,47.0,96.0
240,2017,16,Uttarakhand,Chamoli,56.0,2.0,30.0,0.0,20.0,78.0,25.0,55.0
241,2016,16,Uttarakhand,Uttar Kashi,59.0,2.0,53.0,8.0,20.0,81.0,71.0,132.0
241,2017,16,Uttarakhand,Uttar Kashi,50.0,2.0,87.0,31.0,27.0,79.0,121.0,239.0
242,2016,16,Uttarakhand,Tehri Garhwal,30.0,0.0,60.0,0.0,4.0,34.0,31.0,91.0
242,2017,16,Uttarakhand,Tehri Garhwal,45.0,1.0,30.0,2420.3503341276896,15.0,61.0,17.0,47.0
243,2016,16,Uttarakhand,Garhwal,150.0,2.0,211.0,0.0,42.0,194.0,72.0,283.0
243,2017,16,Uttarakhand,Garhwal,142.0,1.0,232.0,4.0,32.0,175.0,71.0,307.0
244,2016,16,Uttarakhand,Dehradun,1636.0,57.0,1924.0,65.0,213.0,1906.0,647.0,2636.0
244,2017,16,Uttarakhand,Dehradun,1520.0,25.0,1799.0,73.0,253.0,1798.0,634.0,2506.0
501,2016,14,Chhattisgarh,Rajnandgaon,20347.0,3662.0,7284.0,1973.0,12611.0,36620.0,4724.0,13981.0
501,2017,14,Chhattisgarh,Rajnandgaon,23092.0,3968.0,2910.0,434.0,12364.0,39424.0,2482.0,5826.0
502,2016,6,Madhya Pradesh,Bhopal,4478.0,398.0,20855.0,409.0,3069.0,7945.0,6132.0,27396.0
502,2017,6,Madhya Pradesh,Bhopal,5810.0,302.0,17072.0,330.0,4444.0,10556.0,6416.0,23818.0
503,2016,1,Andhra Pradesh,Vizianagaram,22888.0,5736.0,9920.0,2664.0,8154.0,36778.0,2825.0,15409.0
503,2017,1,Andhra Pradesh,Vizianagaram,20625.0,6042.0,13835.0,3070.0,8579.0,35246.0,2989.0,19894.0
504,2016,1,Andhra Pradesh,Prakasam,21717.0,2522.0,41336.0,8990.0,12133.0,36372.0,22714.0,73040.0
504,2017,1,Andhra Pradesh,Prakasam,19068.0,2087.0,41238.0,6862.0,11286.0,32441.0,20978.0,69078.0
506,2016,11,Tamil Nadu,Dharmapuri,4299.0,1353.0,4984.0,1709.0,2573.0,8225.0,2454.0,9147.0
506,2017,11,Tamil Nadu,Dharmapuri,5091.0,1788.0,8115.0,2516.0,2699.0,9578.0,4857.0,15488.0
507,2016,11,Tamil Nadu,Periyar(Erode),12103.0,4919.0,11546.0,4190.0,5856.0,22878.0,4772.0,20508.0
507,2017,11,Tamil Nadu,Periyar(Erode),7549.0,4895.0,16179.0,4894.0,2958.0,15402.0,5876.0,26949.0
508,2016,11,Tamil Nadu,Pudukkottai,5435.0,1656.0,11961.0,5238.0,1856.0,8947.0,6109.0,23308.0
508,2017,11,Tamil Nadu,Pudukkottai,4434.0,1870.0,4179.0,4351.0,1199.0,7503.0,3186.0,11716.0
509,2016,11,Tamil Nadu,Dindigul Anna,5078.0,2313.0,6417.0,2321.0,3537.0,10928.0,3972.0,12710.0
509,2017,11,Tamil Nadu,Dindigul Anna,3219.0,1906.0,10081.0,3186.0,2039.0,7164.0,4700.0,17967.0
510,2016,11,Tamil Nadu,Virudhunagar Kamarajar,2696.0,485.0,4239.0,1235.0,2018.0,5199.0,1613.0,7087.0
510,2017,11,Tamil Nadu,Virudhunagar Kamarajar,2219.0,546.0,4603.0,1197.0,1415.0,4180.0,1257.0,7057.0
512,2016,11,Tamil Nadu,Sivagangai Pasumpon,1986.0,344.0,3033.0,823.0,856.0,3186.0,1030.0,4886.0
512,2017,11,Tamil Nadu,Sivagangai Pasumpon,1684.0,271.0,20874.0,722.0,751.0,2706.0,1072.0,22668.0
513,2016,11,Tamil Nadu,Chidambanar Toothukudi,4127.0,372.0,4128.0,616.0,3797.0,8296.0,2438.0,7182.0
513,2017,11,Tamil Nadu,Chidambanar Toothukudi,2106.0,325.0,6583.0,1813.0,2190.0,4621.0,2504.0,10900.0
514,2016,7,Maharashtra,Jalna,36601.0,9743.0,28845.0,8097.0,21608.0,67952.0,17872.0,54814.0
514,2017,7,Maharashtra,Jalna,38436.0,12228.0,16818.0,7013.0,23398.0,74062.0,12589.0,36420.0
515,2016,7,Maharashtra,Latur,12235.0,2318.0,16367.0,4104.0,11411.0,25964.0,12243.0,32714.0
515,2017,7,Maharashtra,Latur,15798.0,5377.0,15798.0,5626.0,15525.0,36700.0,14736.0,36160.0
516,2016,7,Maharashtra,Gadchiroli,13032.0,494.0,3223.0,81.0,3953.0,17479.0,2193.0,5497.0
516,2017,7,Maharashtra,Gadchiroli,13533.0,1073.0,2836.0,341.0,4087.0,18693.0,1926.0,5103.0
517,2016,7,Maharashtra,Sindhudurg,3663.0,909.0,852.0,368.0,980.0,5552.0,501.0,1721.0
517,2017,7,Maharashtra,Sindhudurg,3972.0,993.0,583.0,154.0,1228.0,6193.0,303.0,1040.0
518,2016,3,Gujarat,Gandhinagar,10156.0,767.0,13803.0,2159.0,2107.0,13030.0,2708.0,18670.0
518,2017,3,Gujarat,Gandhinagar,12615.0,920.0,14697.0,1705.0,2205.0,15740.0,3638.0,20040.0
519,2016,10,Rajasthan,Dholpur,8514.0,94.0,14946.0,18.0,2558.0,11166.0,2254.0,17218.0
519,2017,10,Rajasthan,Dholpur,9161.0,132.0,10537.0,59.0,4509.0,13802.0,1516.0,12112.0
520,2016,20,Telangana,Rangareddy,50991.0,8702.0,27167.0,8113.0,27518.0,87211.0,18371.0,53651.0
520,2017,20,Telangana,Rangareddy,19252.0,11049.0,12629.0,5725.0,10203.0,40504.0,6570.0,24924.0
521,2016,11,Tamil Nadu,Thiruvannamalai,12009.0,3315.0,14215.0,4086.0,4637.0,19961.0,5424.0,23725.0
521,2017,11,Tamil Nadu,Thiruvannamalai,5085.0,2919.0,28100.0,7291.0,2289.0,10293.0,9000.0,44391.0
523,2016,4,Haryana,Yamunanagar,30966.0,2706.0,38965.0,3498.0,8746.0,42418.0,9745.0,52208.0
523,2017,4,Haryana,Yamunanagar,34952.0,2088.0,31165.0,1561.0,6237.0,43277.0,6877.0,39603.0
524,2016,4,Haryana,Kaithal,29956.0,885.0,35549.0,328.0,7032.0,37873.0,5569.0,41446.0
524,2017,4,Haryana,Kaithal,34873.0,1106.0,38727.0,304.0,5381.0,41360.0,6821.0,45852.0
525,2016,4,Haryana,Panipat,20986.0,388.0,19660.0,213.0,4543.0,25917.0,3897.0,23770.0
525,2017,4,Haryana,Panipat,20789.0,686.0,22024.0,436.0,4100.0,25575.0,3288.0,25748.0
526,2016,4,Haryana,Rewari,12288.0,313.0,17527.0,696.0,6599.0,19200.0,5345.0,23568.0
526,2017,4,Haryana,Rewari,10463.0,595.0,18186.0,507.0,5716.0,16774.0,5006.0,23699.0
527,2016,16,Uttarakhand,Haridwar,15996.0,2389.0,12563.0,239.0,5334.0,23719.0,4778.0,17580.0
527,2017,16,Uttarakhand,Haridwar,14048.0,773.0,13828.0,635.0,2685.0,17506.0,5149.0,19612.0
528,2016,12,Uttar Pradesh,Firozabad,10292.0,957.0,18147.0,1347.0,3490.0,14739.0,7827.0,27321.0
528,2017,12,Uttar Pradesh,Firozabad,33842.0,1386.0,27188.0,1724.0,7196.0,42424.0,17791.0,46703.0
529,2016,12,Uttar Pradesh,Sonbhadra,9091.0,846.0,11088.0,823.0,3083.0,13020.0,4782.0,16693.0
529,2017,12,Uttar Pradesh,Sonbhadra,27701.0,789.0,6294.0,476.0,5802.0,34292.0,4455.0,11225.0
530,2016,12,Uttar Pradesh,Mau,9411.0,875.0,11797.0,875.0,3191.0,13477.0,5088.0,17760.0
530,2017,12,Uttar Pradesh,Mau,18956.0,1266.0,18853.0,1307.0,4263.0,24485.0,11029.0,31189.0
531,2016,12,Uttar Pradesh,Mahrajgani,18269.0,1699.0,19525.0,1449.0,6195.0,26163.0,8421.0,29395.0
531,2017,12,Uttar Pradesh,Mahrajgani,36370.0,2911.0,30609.0,2380.0,8330.0,47611.0,12078.0,45067.0
532,2016,12,Uttar Pradesh,Sidharthnagar,16971.0,1579.0,18487.0,1372.0,5754.0,24304.0,7973.0,27832.0
532,2017,12,Uttar Pradesh,Sidharthnagar,14811.0,3153.0,22082.0,1728.0,4207.0,22171.0,9070.0,32880.0
533,2016,12,Uttar Pradesh,Mahoba,11205.0,1042.0,22680.0,1683.0,3799.0,16046.0,9782.0,34145.0
533,2017,12,Uttar Pradesh,Mahoba,3261.0,110.0,5048.0,662.0,925.0,4296.0,5331.0,11041.0
536,2016,10,Rajasthan,Baran,18747.0,384.0,33557.0,245.0,8732.0,27863.0,11504.0,45306.0
536,2017,10,Rajasthan,Baran,13802.0,141.0,24785.0,174.0,5905.0,19848.0,10534.0,35493.0
537,2016,10,Rajasthan,Dausa,11165.0,216.0,14810.0,68.0,3908.0,15289.0,2531.0,17409.0
537,2017,10,Rajasthan,Dausa,10575.0,67.0,13034.0,254.0,3053.0,13695.0,3271.0,16559.0
538,2016,10,Rajasthan,Rajsamand,2824.0,32.0,4694.0,32.0,1878.0,4734.0,1474.0,6200.0
538,2017,10,Rajasthan,Rajsamand,1948.0,22.0,4648.0,81.0,580.0,2550.0,824.0,5553.0
539,2016,10,Rajasthan,Hanumangarh,13738.0,308.0,30451.0,198.0,9056.0,23102.0,7248.0,37897.0
539,2017,10,Rajasthan,Hanumangarh,24362.0,1560.0,37655.0,145.0,12185.0,38107.0,11591.0,49391.0
542,2016,11,Tamil Nadu,Nagapattinam,6949.0,903.0,11058.0,2155.0,2580.0,10432.0,2932.0,16145.0
542,2017,11,Tamil Nadu,Nagapattinam,6326.0,1452.0,11347.0,2821.0,1278.0,9056.0,3816.0,17984.0
543,2016,11,Tamil Nadu,Villupuram,21755.0,5149.0,24943.0,7174.0,9094.0,35998.0,7793.0,39910.0
543,2017,11,Tamil Nadu,Villupuram,11676.0,4503.0,40164.0,10880.0,4285.0,20464.0,14052.0,65096.0
545,2016,9,Punjab,Mansa,28234.0,3195.0,29014.0,2420.3503341276896,3990.0,35418.0,4671.0,33685.0
545,2017,9,Punjab,Mansa,27958.0,3112.0,25438.0,670.0,3242.0,34312.0,1875.0,27983.0
546,2016,9,Punjab,Fatehgarh Sahib,15946.0,1991.0,19580.0,2420.3503341276896,4458.0,22394.0,8405.0,27985.0
546,2017,9,Punjab,Fatehgarh Sahib,15670.0,1908.0,16005.0,681.0,3710.0,21288.0,5609.0,22295.0
547,2016,12,Uttar Pradesh,Kanpur Nagar,9918.0,923.0,17618.0,1307.0,3363.0,14204.0,7598.0,26523.0
547,2017,12,Uttar Pradesh,Kanpur Nagar,38034.0,1773.0,39698.0,2180.0,8114.0,47921.0,19381.0,61259.0
548,2016,12,Uttar Pradesh,Kanpur Dehat,11320.0,1053.0,19882.0,1475.0,3839.0,16212.0,8575.0,29932.0
548,2017,12,Uttar Pradesh,Kanpur Dehat,16131.0,1657.0,80786.0,2110.0,3880.0,21668.0,13755.0,96651.0
549,2016,5,Karnataka,Bangalore(Rural),6305.0,800.0,3515.0,883.0,4582.0,11687.0,3175.0,7573.0
549,2017,5,Karnataka,Bangalore(Rural),6261.0,954.0,3970.0,959.0,4145.0,11360.0,3090.0,8019.0
550,2016,5,Karnataka,Bangalore(Urban),7945.0,1261.0,5575.0,1115.0,4224.0,13430.0,3191.0,9881.0
550,2017,5,Karnataka,Bangalore(Urban),7151.0,1390.0,6371.0,1311.0,3206.0,11747.0,3672.0,11354.0
601,2016,17,Assam,Cachar,2861.0,680.0,3663.0,1013.0,533.0,4074.0,1065.0,5741.0
601,2017,17,Assam,Cachar,2914.0,893.0,3749.0,1020.0,918.0,4725.0,1211.0,5980.0
602,2016,17,Assam,Darrang,2733.0,649.0,3500.0,968.0,509.0,3891.0,1018.0,5486.0
602,2017,17,Assam,Darrang,2784.0,853.0,3581.0,974.0,877.0,4514.0,1157.0,5712.0
603,2016,17,Assam,Dibrugarh,3534.0,840.0,4525.0,1252.0,658.0,5032.0,1316.0,7093.0
603,2017,17,Assam,Dibrugarh,3600.0,1103.0,4631.0,1260.0,1134.0,5837.0,1496.0,7387.0
604,2016,17,Assam,Goalpara,2679.0,637.0,3431.0,949.0,500.0,3816.0,998.0,5378.0
604,2017,17,Assam,Goalpara,2729.0,836.0,3510.0,955.0,860.0,4425.0,1134.0,5599.0
605,2016,17,Assam,Kamrup,3399.0,808.0,4353.0,1204.0,634.0,4841.0,1266.0,6823.0
605,2017,17,Assam,Kamrup,3463.0,1061.0,4454.0,1212.0,1091.0,5615.0,1439.0,7105.0
606,2016,17,Assam,Karbi Anglong,1385.0,329.0,1774.0,491.0,258.0,1972.0,516.0,2781.0
606,2017,17,Assam,Karbi Anglong,1411.0,432.0,1815.0,494.0,445.0,2288.0,587.0,2896.0
607,2016,17,Assam,Lakhimpur,2793.0,664.0,3577.0,990.0,520.0,3977.0,1040.0,5607.0
607,2017,17,Assam,Lakhimpur,2846.0,872.0,3660.0,996.0,896.0,4614.0,1183.0,5839.0
608,2016,17,Assam,North Cachar Hil,1582.0,376.0,2026.0,560.0,294.0,2252.0,589.0,3175.0
608,2017,17,Assam,North Cachar Hil,1612.0,494.0,2073.0,564.0,508.0,2614.0,670.0,3307.0
609,2016,17,Assam,Nagaon,3534.0,840.0,4525.0,1252.0,659.0,5033.0,1313.0,7090.0
609,2017,17,Assam,Nagaon,3600.0,1103.0,4631.0,1260.0,1134.0,5837.0,1496.0,7387.0
610,2016,17,Assam,Sibsagar,1582.0,376.0,2026.0,560.0,294.0,2252.0,589.0,3175.0
610,2017,17,Assam,Sibsagar,1612.0,494.0,2073.0,564.0,508.0,2614.0,670.0,3307.0
615,2016,17,Assam,Barpeta,3157.0,750.0,4042.0,1118.0,588.0,4495.0,1176.0,6336.0
615,2017,17,Assam,Barpeta,3216.0,985.0,4136.0,1125.0,1013.0,5214.0,1336.0,6597.0
616,2016,17,Assam,Dhubri,3870.0,920.0,4956.0,1371.0,721.0,5511.0,1441.0,7768.0
616,2017,17,Assam,Dhubri,3943.0,1208.0,5072.0,1380.0,1242.0,6393.0,1639.0,8091.0
617,2016,17,Assam,Golaghat,1784.0,424.0,2284.0,632.0,332.0,2540.0,664.0,3580.0
617,2017,17,Assam,Golaghat,1817.0,557.0,2337.0,636.0,572.0,2946.0,755.0,3728.0
618,2016,17,Assam,Jorhat,2589.0,615.0,3316.0,917.0,482.0,3686.0,964.0,5197.0
618,2017,17,Assam,Jorhat,2638.0,808.0,3393.0,923.0,831.0,4277.0,1096.0,5412.0
619,2016,17,Assam,Karimganj,2591.0,616.0,3319.0,918.0,482.0,3689.0,965.0,5202.0
619,2017,17,Assam,Karimganj,2640.0,809.0,3396.0,924.0,832.0,4281.0,1097.0,5417.0
620,2016,17,Assam,Kokrajhar,2696.0,640.0,3452.0,955.0,502.0,3838.0,1004.0,5411.0
620,2017,17,Assam,Kokrajhar,2746.0,841.0,3532.0,961.0,865.0,4452.0,1141.0,5634.0
621,2016,17,Assam,Nalbari,3265.0,776.0,4180.0,1156.0,608.0,4649.0,1216.0,6552.0
621,2017,17,Assam,Nalbari,3326.0,1019.0,4278.0,1164.0,1048.0,5393.0,1382.0,6824.0
622,2016,17,Assam,Sonitpur,3130.0,744.0,4008.0,1109.0,583.0,4457.0,1166.0,6283.0
622,2017,17,Assam,Sonitpur,3189.0,977.0,4101.0,1116.0,1004.0,5170.0,1325.0,6542.0
626,2016,18,Himachal Pradesh,Bilashpur,1097.0,24.0,632.0,38.0,48.0,1169.0,69.0,739.0
626,2017,18,Himachal Pradesh,Bilashpur,1187.0,5.0,728.0,40.0,11.0,1203.0,96.0,864.0
627,2016,18,Himachal Pradesh,Chamba,854.0,9.0,269.0,55.0,20.0,883.0,83.0,407.0
627,2017,18,Himachal Pradesh,Chamba,885.0,11.0,249.0,52.0,20.0,916.0,68.0,369.0
628,2016,18,Himachal Pradesh,Hamirpur,1407.0,13.0,543.0,49.0,24.0,1444.0,94.0,686.0
628,2017,18,Himachal Pradesh,Hamirpur,1530.0,42.0,538.0,55.0,85.0,1657.0,101.0,694.0
629,2016,18,Himachal Pradesh,Kangra,2460.0,195.0,3450.0,525.0,448.0,3103.0,1075.0,5050.0
629,2017,18,Himachal Pradesh,Kangra,2650.0,197.0,3648.0,553.0,390.0,3237.0,1088.0,5289.0
630,2016,18,Himachal Pradesh,Kinnaur,30.0,13.0,80.0,83.0,18.0,61.0,63.0,226.0
630,2017,18,Himachal Pradesh,Kinnaur,25.0,8.0,86.0,81.0,14.0,47.0,50.0,217.0
631,2016,18,Himachal Pradesh,Kullu,1025.0,280.0,1645.0,1519.0,416.0,1721.0,1058.0,4222.0
631,2017,18,Himachal Pradesh,Kullu,1039.0,183.0,1747.0,1699.0,292.0,1514.0,1092.0,4538.0
632,2016,18,Himachal Pradesh,Lahul & Spiti,130.0,100.0,65.0,35.0,145.0,375.0,45.0,145.0
632,2017,18,Himachal Pradesh,Lahul & Spiti,72.0,42.0,110.0,67.0,81.0,195.0,102.0,279.0
633,2016,18,Himachal Pradesh,Solan,1469.0,187.0,967.0,139.0,387.0,2043.0,258.0,1364.0
633,2017,18,Himachal Pradesh,Solan,1412.0,61.0,1017.0,192.0,109.0,1582.0,365.0,1574.0
634,2016,18,Himachal Pradesh,Mandi,2236.0,172.0,2154.0,682.0,325.0,2733.0,853.0,3689.0
634,2017,18,Himachal Pradesh,Mandi,2227.0,152.0,2151.0,740.0,293.0,2672.0,859.0,3750.0
635,2016,18,Himachal Pradesh,Shimla,1818.0,574.0,3698.0,5523.0,462.0,2854.0,2580.0,11801.0
635,2017,18,Himachal Pradesh,Shimla,1923.0,450.0,4188.0,5601.0,343.0,2716.0,2545.0,12334.0
636,2016,18,Himachal Pradesh,Sirmaur,1832.0,163.0,1419.0,232.0,331.0,2326.0,381.0,2032.0
636,2017,18,Himachal Pradesh,Sirmaur,1796.0,83.0,1579.0,304.0,162.0,2041.0,503.0,2386.0
637,2016,18,Himachal Pradesh,Una,2389.0,288.0,2890.0,384.0,675.0,3352.0,793.0,4067.0
637,2017,18,Himachal Pradesh,Una,2492.0,299.0,3321.0,263.0,585.0,3376.0,517.0,4101.0
651,2016,19,Kerala,Alappuzha,1370.0,1060.0,2662.0,1810.0,817.0,3247.0,1446.0,5918.0
651,2017,19,Kerala,Alappuzha,3892.0,1061.0,5855.0,1568.0,812.0,5765.0,1775.0,9198.0
652,2016,19,Kerala,Kannur,2102.0,2050.0,1797.0,1608.0,1264.0,5416.0,1155.0,4560.0
652,2017,19,Kerala,Kannur,2101.0,2050.0,3029.0,1956.0,1240.0,5391.0,1229.0,6214.0
653,2016,19,Kerala,Eranakulam,6683.0,3527.0,6130.0,2954.0,3791.0,14001.0,2818.0,11902.0
653,2017,19,Kerala,Eranakulam,8640.0,3526.0,6818.0,3268.0,3581.0,15747.0,2349.0,12435.0
654,2016,19,Kerala,Idukki,4096.0,4589.0,2749.0,3162.0,2482.0,11167.0,2748.0,8659.0
654,2017,19,Kerala,Idukki,10052.0,4590.0,5989.0,3420.0,2442.0,17084.0,2339.0,11748.0
655,2016,19,Kerala,Kottayam,4402.0,3275.0,3521.0,3458.0,3073.0,10750.0,2319.0,9298.0
655,2017,19,Kerala,Kottayam,6157.0,3276.0,6716.0,3088.0,2942.0,12375.0,2320.0,12124.0
656,2016,19,Kerala,Kozhikode,2607.0,1641.0,2853.0,1665.0,1571.0,5819.0,1036.0,5554.0
656,2017,19,Kerala,Kozhikode,2606.0,1641.0,2044.0,1608.0,1487.0,5734.0,780.0,4432.0
657,2016,19,Kerala,Malappuram,2910.0,2903.0,2503.0,1966.0,1930.0,7743.0,1141.0,5610.0
657,2017,19,Kerala,Malappuram,4499.0,2903.0,4629.0,2601.0,1883.0,9285.0,1498.0,8728.0
658,2016,19,Kerala,Palakkad,6947.0,3658.0,4838.0,2105.0,2811.0,13416.0,1423.0,8366.0
658,2017,19,Kerala,Palakkad,19531.0,3665.0,8645.0,3052.0,2795.0,25991.0,2476.0,14173.0
659,2016,19,Kerala,Kollam,1859.0,1756.0,1109.0,1084.0,1404.0,5019.0,821.0,3014.0
659,2017,19,Kerala,Kollam,1859.0,1752.0,1371.0,789.0,1314.0,4925.0,530.0,2690.0
660,2016,19,Kerala,Thrissur,2354.0,2012.0,3643.0,2820.0,1446.0,5812.0,1567.0,8030.0
660,2017,19,Kerala,Thrissur,5515.0,2012.0,6997.0,2520.0,1428.0,8955.0,1629.0,11146.0
661,2016,19,Kerala,Thiruvananthapuram,1288.0,462.0,1053.0,494.0,857.0,2607.0,605.0,2152.0
661,2017,19,Kerala,Thiruvananthapuram,3695.0,464.0,2805.0,345.0,849.0,5008.0,590.0,3740.0
662,2016,19,Kerala,Kasaragod,589.0,626.0,481.0,606.0,488.0,1703.0,413.0,1500.0
662,2017,19,Kerala,Kasaragod,580.0,626.0,3449.0,954.0,484.0,1690.0,563.0,4966.0
663,2016,19,Kerala,Pathanamthitta,1509.0,1005.0,925.0,658.0,963.0,3477.0,574.0,2157.0
663,2017,19,Kerala,Pathanamthitta,1754.0,1005.0,1523.0,670.0,939.0,3698.0,776.0,2969.0
664,2016,19,Kerala,Wayanad,2854.0,2442.0,2746.0,3248.0,1365.0,6661.0,864.0,6858.0
664,2017,19,Kerala,Wayanad,2853.0,2443.0,4609.0,3622.0,1328.0,6624.0,916.0,9147.0
701,2016,8,Orissa,Balasore,15291.0,3660.0,10923.0,3610.0,8015.0,26966.0,6374.0,20907.0
701,2017,8,Orissa,Balasore,13535.0,5346.0,7294.0,2004.0,7796.0,26677.0,3981.0,13279.0
702,2016,8,Orissa,Bolangir,11259.0,3799.0,3778.0,1810.0,6427.0,21485.0,3121.0,8709.0
702,2017,8,Orissa,Bolangir,13548.0,2410.0,2643.0,530.0,4401.0,20359.0,869.0,4042.0
703,2016,8,Orissa,Cuttack,9454.0,1469.0,5688.0,665.0,1889.0,12812.0,1667.0,8020.0
703,2017,8,Orissa,Cuttack,9188.0,1394.0,3476.0,500.0,2046.0,12628.0,1263.0,5239.0
704,2016,8,Orissa,Dhenkanal,3807.0,721.0,580.0,129.0,1764.0,6292.0,585.0,1294.0
704,2017,8,Orissa,Dhenkanal,2885.0,602.0,536.0,197.0,1194.0,4681.0,343.0,1076.0
705,2016,8,Orissa,Ganjam,19806.0,2098.0,6528.0,938.0,3081.0,24985.0,1152.0,8618.0
705,2017,8,Orissa,Ganjam,21582.0,2720.0,4546.0,1106.0,4793.0,29095.0,1422.0,7074.0
706,2016,8,Orissa,Kalahandi,13583.0,2065.0,5290.0,1391.0,4530.0,20178.0,2799.0,9480.0
706,2017,8,Orissa,Kalahandi,17267.0,3246.0,3172.0,1253.0,6949.0,27462.0,1815.0,6240.0
707,2016,8,Orissa,Keonjhar,6741.0,913.0,953.0,151.0,2085.0,9739.0,1223.0,2327.0
707,2017,8,Orissa,Keonjhar,8026.0,1263.0,1159.0,462.0,3126.0,12415.0,575.0,2196.0
708,2016,8,Orissa,Koraput,7950.0,2346.0,2948.0,956.0,3218.0,13514.0,1727.0,5631.0
708,2017,8,Orissa,Koraput,8614.0,2394.0,492.0,124.0,3947.0,14955.0,286.0,902.0
709,2016,8,Orissa,Mayurbhanja,12914.0,1536.0,2097.0,458.0,3276.0,17726.0,1723.0,4278.0
709,2017,8,Orissa,Mayurbhanja,12204.0,2304.0,1030.0,102.0,4573.0,19081.0,293.0,1425.0
710,2016,8,Orissa,Phulbani(Kandhamal),1240.0,228.0,442.0,152.0,591.0,2059.0,492.0,1086.0
710,2017,8,Orissa,Phulbani(Kandhamal),653.0,204.0,668.0,112.0,448.0,1305.0,228.0,1008.0
711,2016,8,Orissa,Puri,6144.0,1817.0,3663.0,1031.0,1757.0,9718.0,2166.0,6860.0
711,2017,8,Orissa,Puri,6478.0,2279.0,3404.0,1064.0,1970.0,10727.0,1884.0,6352.0
712,2016,8,Orissa,Sambalpur,11537.0,2152.0,4693.0,1242.0,5777.0,19466.0,2760.0,8695.0
712,2017,8,Orissa,Sambalpur,14719.0,3164.0,5103.0,1159.0,6366.0,24249.0,2437.0,8699.0
713,2016,8,Orissa,Sundargarh,10586.0,1411.0,1089.0,191.0,11386.0,23383.0,483.0,1763.0
713,2017,8,Orissa,Sundargarh,10492.0,1646.0,918.0,135.0,12045.0,24183.0,549.0,1602.0
714,2016,8,Orissa,Bhadrak,10745.0,2002.0,1943.0,546.0,3531.0,16278.0,1441.0,3930.0
714,2017,8,Orissa,Bhadrak,9611.0,2911.0,895.0,402.0,6237.0,18759.0,596.0,1893.0
716,2016,8,Orissa,Jagatsinghapur,5174.0,1092.0,2314.0,868.0,2653.0,8919.0,1646.0,4828.0
716,2017,8,Orissa,Jagatsinghapur,4709.0,1652.0,1401.0,373.0,2950.0,9311.0,959.0,2733.0
717,2016,8,Orissa,Jajapur,6990.0,1458.0,2602.0,1047.0,2378.0,10826.0,1549.0,5198.0
717,2017,8,Orissa,Jajapur,9062.0,2681.0,1949.0,832.0,3742.0,15485.0,1154.0,3935.0
718,2016,8,Orissa,Kendrapara,4266.0,345.0,622.0,167.0,2048.0,6659.0,504.0,1293.0
718,2017,8,Orissa,Kendrapara,3874.0,456.0,751.0,223.0,1995.0,6325.0,561.0,1535.0
719,2016,8,Orissa,Angul,3622.0,638.0,806.0,240.0,1338.0,5598.0,509.0,1555.0
719,2017,8,Orissa,Angul,3434.0,648.0,920.0,205.0,1546.0,5628.0,479.0,1604.0
720,2016,8,Orissa,Gajapati,2885.0,265.0,425.0,8.0,629.0,3779.0,201.0,634.0
720,2017,8,Orissa,Gajapati,3131.0,243.0,444.0,0.0,946.0,4320.0,221.0,665.0
721,2016,8,Orissa,Nuapada,4767.0,746.0,1028.0,67.0,1526.0,7039.0,701.0,1796.0
721,2017,8,Orissa,Nuapada,5455.0,824.0,236.0,80.0,2227.0,8506.0,167.0,483.0
722,2016,8,Orissa,Malkangiri,4030.0,508.0,343.0,106.0,1438.0,5976.0,295.0,744.0
722,2017,8,Orissa,Malkangiri,5603.0,441.0,1752.0,480.0,1402.0,7446.0,1479.0,3711.0
723,2016,8,Orissa,Nawarangpur,18782.0,3232.0,4561.0,723.0,5659.0,27673.0,2743.0,8027.0
723,2017,8,Orissa,Nawarangpur,23643.0,3063.0,2872.0,1551.0,5651.0,32357.0,1718.0,6141.0
724,2016,8,Orissa,Rayagada,7044.0,1243.0,1031.0,150.0,2078.0,10365.0,242.0,1423.0
724,2017,8,Orissa,Rayagada,9177.0,1349.0,1027.0,183.0,3350.0,13876.0,282.0,1492.0
725,2016,8,Orissa,Khurda,4003.0,816.0,1192.0,303.0,952.0,5771.0,690.0,2185.0
725,2017,8,Orissa,Khurda,4590.0,1141.0,2808.0,1057.0,1303.0,7034.0,1590.0,5455.0
726,2016,8,Orissa,Nayagarh,4477.0,552.0,818.0,110.0,1017.0,6046.0,561.0,1489.0
726,2017,8,Orissa,Nayagarh,4517.0,1013.0,1167.0,171.0,1753.0,7283.0,554.0,1892.0
728,2016,8,Orissa,Boudh,3562.0,410.0,555.0,241.0,1397.0,5369.0,213.0,1009.0
728,2017,8,Orissa,Boudh,3192.0,523.0,407.0,36.0,1009.0,4724.0,6.0,449.0
729,2016,8,Orissa,Bargarh,12146.0,2958.0,829.0,673.0,6734.0,21838.0,923.0,2425.0
729,2017,8,Orissa,Bargarh,17257.0,4348.0,15965.0,4005.0,8662.0,30267.0,7033.0,27003.0
730,2016,8,Orissa,Deogarh,2138.0,377.0,325.0,24.0,945.0,3460.0,162.0,511.0
730,2017,8,Orissa,Deogarh,1896.0,430.0,197.0,30.0,944.0,3270.0,147.0,374.0
731,2016,8,Orissa,Jharsuguda,3006.0,550.0,292.0,23.0,1492.0,5048.0,247.0,562.0
731,2017,8,Orissa,Jharsuguda,2977.0,700.0,395.0,22.0,1271.0,4948.0,130.0,547.0
732,2016,8,Orissa,Sonepur,4471.0,1065.0,1657.0,531.0,1603.0,7139.0,776.0,2964.0
732,2017,8,Orissa,Sonepur,4198.0,1128.0,1905.0,590.0,1906.0,7232.0,797.0,3292.0
801,2016,13,West Bengal,24 - Paraganas South,8854.0,3070.0,17356.0,6045.0,4927.0,16851.0,13402.0,36803.0
801,2017,13,West Bengal,24 - Paraganas South,8874.0,3030.0,16654.0,5103.0,4956.0,16860.0,8819.0,30576.0
802,2016,13,West Bengal,24 - Paraganas North,15286.0,6234.0,23789.0,9278.0,6153.0,27673.0,10602.0,43669.0
802,2017,13,West Bengal,24 - Paraganas North,13467.0,6352.0,20922.0,9264.0,6184.0,26003.0,10488.0,40674.0
803,2016,13,West Bengal,Nadia,19796.0,7393.0,34362.0,8818.0,9423.0,36612.0,16912.0,60092.0
803,2017,13,West Bengal,Nadia,20640.0,8266.0,33774.0,9446.0,10167.0,39073.0,14687.0,57907.0
804,2016,13,West Bengal,Murshidabad,28477.0,9793.0,49126.0,11912.0,11157.0,49427.0,22156.0,83194.0
804,2017,13,West Bengal,Murshidabad,31190.0,11023.0,42269.0,14738.0,14893.0,57106.0,21677.0,78684.0
805,2016,13,West Bengal,Burdwan,31144.0,13078.0,46920.0,23625.0,18953.0,63175.0,30664.0,101209.0
805,2017,13,West Bengal,Burdwan,30497.0,15787.0,46639.0,27273.0,18450.0,64734.0,34026.0,107938.0
806,2016,13,West Bengal,Birbhum,23108.0,7661.0,26354.0,6614.0,9994.0,40763.0,8214.0,41182.0
806,2017,13,West Bengal,Birbhum,21525.0,7897.0,27163.0,9673.0,10371.0,39793.0,11918.0,48754.0
807,2016,13,West Bengal,Bankura,17037.0,7126.0,19155.0,9125.0,9627.0,33790.0,13023.0,41303.0
807,2017,13,West Bengal,Bankura,15844.0,9004.0,18280.0,11303.0,11525.0,36373.0,15137.0,44720.0
810,2016,13,West Bengal,Hooghly,16737.0,12131.0,37373.0,26214.0,14319.0,43187.0,31622.0,95209.0
810,2017,13,West Bengal,Hooghly,15261.0,11857.0,36076.0,27311.0,12786.0,39904.0,32035.0,95422.0
811,2016,13,West Bengal,Howrah,3121.0,892.0,7154.0,3142.0,1273.0,5286.0,4926.0,15222.0
811,2017,13,West Bengal,Howrah,2076.0,1082.0,7992.0,3908.0,1235.0,4393.0,4739.0,16639.0
812,2016,13,West Bengal,Jalpaiguri,29644.0,13990.0,35746.0,14277.0,5640.0,49274.0,16189.0,66212.0
812,2017,13,West Bengal,Jalpaiguri,25630.0,17626.0,37805.0,18661.0,5788.0,49044.0,18729.0,75195.0
813,2016,13,West Bengal,Darjeeling,14646.495067264577,2299.760513372032,15392.545506655584,2376.1179486947344,5656.113901345294,22602.35515695069,6433.417133530525,24202.084304819196
813,2017,13,West Bengal,Darjeeling,290.0,195.0,1488.0,274.0,3.0,488.0,20.0,1782.0
814,2016,13,West Bengal,Malda,18916.0,7076.0,39112.0,10510.0,6359.0,32351.0,16000.0,65622.0
814,2017,13,West Bengal,Malda,14268.0,7203.0,32122.0,12180.0,4950.0,26421.0,18324.0,62626.0
815,2016,13,West Bengal,Kalimpong,14646.495067264577,2299.760513372032,15392.545506655584,2376.1179486947344,5656.113901345294,22602.35515695069,6433.417133530525,24202.084304819196
815,2017,13,West Bengal,Kalimpong,14646.495067264577,2299.760513372032,15392.545506655584,2376.1179486947344,5656.113901345294,22602.35515695069,6433.417133530525,24202.084304819196
816,2016,13,West Bengal,Cooch Behar,6649.0,1927.0,18015.0,5142.0,3038.0,11614.0,9006.0,32163.0
816,2017,13,West Bengal,Cooch Behar,5083.0,1954.0,18617.0,8019.0,2310.0,9347.0,12117.0,38753.0
817,2016,13,West Bengal,Purulia,7727.0,1191.0,1613.0,296.0,2770.0,11688.0,796.0,2705.0
817,2017,13,West Bengal,Purulia,7714.0,1324.0,2582.0,737.0,2660.0,11698.0,833.0,4152.0
819,2016,13,West Bengal,Uttar Dinajpur,20932.0,7622.0,41565.0,10975.0,5421.0,33975.0,19500.0,72040.0
819,2017,13,West Bengal,Uttar Dinajpur,18295.0,8273.0,38436.0,13751.0,5709.0,32277.0,21392.0,73579.0
820,2016,13,West Bengal,Dakshin Dinajpur,9300.0,4668.0,25646.0,10425.0,4465.0,18433.0,12023.0,48094.0
820,2017,13,West Bengal,Dakshin Dinajpur,9968.0,6985.0,24009.0,13994.0,4259.0,21212.0,12678.0,50681.0
821,2016,13,West Bengal,Kolkata,14646.495067264577,2299.760513372032,15392.545506655584,2376.1179486947344,5656.113901345294,22602.35515695069,6433.417133530525,24202.084304819196
821,2017,13,West Bengal,Kolkata,14646.495067264577,2299.760513372032,15392.545506655584,2376.1179486947344,5656.113901345294,22602.35515695069,6433.417133530525,24202.084304819196
823,2016,13,West Bengal,East Midnapore Purba Midnapore,13973.0,4613.0,22356.0,8647.0,8452.0,27038.0,18965.0,49968.0
823,2017,13,West Bengal,East Midnapore Purba Midnapore,10665.0,5641.0,22108.0,13638.0,7779.0,24085.0,17961.0,53707.0
824,2016,13,West Bengal,West Midnapore,22739.0,13999.0,40425.0,22806.0,15185.0,51923.0,31050.0,94281.0
824,2017,13,West Bengal,West Midnapore,24636.0,16117.0,43931.0,29165.0,19274.0,60027.0,37219.0,110315.0
902,2016,2,Bihar,Muzaffarpur,13683.0,1580.0,22837.0,4676.0,1921.0,17184.0,9013.0,36526.0
902,2017,2,Bihar,Muzaffarpur,14888.0,2356.0,25373.0,5269.0,5331.0,22575.0,10332.0,40974.0
903,2016,2,Bihar,Darbhanga,8375.0,682.0,12650.0,2490.0,703.0,9760.0,5596.0,20736.0
903,2017,2,Bihar,Darbhanga,8642.0,643.0,14039.0,3542.0,2836.0,12121.0,6098.0,23679.0
904,2016,2,Bihar,Saharsa,6294.0,827.0,13537.0,3863.0,869.0,7990.0,4940.0,22340.0
904,2017,2,Bihar,Saharsa,7025.0,2141.0,13250.0,3409.0,1357.0,10523.0,5863.0,22522.0
905,2016,2,Bihar,Purnea,17394.0,2616.0,40692.0,12146.0,3947.0,23957.0,18390.0,71228.0
905,2017,2,Bihar,Purnea,15670.0,4265.0,40288.0,10273.0,3821.0,23756.0,20218.0,70779.0
906,2016,2,Bihar,Saran,9551.0,8.0,16754.0,255.0,565.0,10124.0,4202.0,21211.0
906,2017,2,Bihar,Saran,12907.0,488.0,16145.0,1529.0,2512.0,15907.0,6040.0,23714.0
907,2016,2,Bihar,Patna,17801.0,579.0,20117.0,3710.0,2998.0,21378.0,7548.0,31375.0
907,2017,2,Bihar,Patna,20760.0,631.0,18265.0,1079.0,4585.0,25976.0,4712.0,24056.0
908,2016,2,Bihar,Mungair,3026.0,253.0,4119.0,919.0,353.0,3632.0,746.0,5784.0
908,2017,2,Bihar,Mungair,3053.0,217.0,4787.0,726.0,666.0,3936.0,1259.0,6772.0
909,2016,2,Bihar,Bhagalpur,11658.0,2081.0,23645.0,5382.0,2214.0,15953.0,6453.0,35480.0
909,2017,2,Bihar,Bhagalpur,14210.0,2882.0,26378.0,5391.0,4441.0,21533.0,8724.0,40493.0
910,2016,15,Jharkhand,Santhal Paragana Dumka,4963.0,16.0,2011.0,3.0,1038.0,6017.0,716.0,2730.0
910,2017,15,Jharkhand,Santhal Paragana Dumka,4337.0,56.0,1224.0,1049.0,2461.0,6854.0,3045.0,5318.0
912,2016,2,Bihar,Gaya,19918.0,254.0,15131.0,456.0,4178.0,24350.0,4842.0,20429.0
912,2017,2,Bihar,Gaya,17546.0,827.0,16112.0,1006.0,6893.0,25266.0,4959.0,22077.0
913,2016,15,Jharkhand,Hazaribagh,6711.0,108.0,2853.0,63.0,2014.0,8833.0,1323.0,4239.0
913,2017,15,Jharkhand,Hazaribagh,5408.0,172.0,1259.0,568.0,2468.0,8048.0,3057.0,4884.0
914,2016,15,Jharkhand,Dhanbad,106.0,0.0,50.0,0.0,7.0,113.0,30.0,80.0
914,2017,15,Jharkhand,Dhanbad,126.0,2307.427238075092,41.0,54.0,52.0,178.0,95.0,190.0
915,2016,15,Jharkhand,Palamau,6428.0,43.0,1303.0,39.0,970.0,7441.0,542.0,1884.0
915,2017,15,Jharkhand,Palamau,6047.0,52.0,1123.0,900.0,1205.0,7304.0,2845.0,4868.0
916,2016,15,Jharkhand,Ranchi,14477.0,523.0,5479.0,174.0,4767.0,19767.0,3010.0,8663.0
916,2017,15,Jharkhand,Ranchi,13875.0,969.0,2136.0,1706.0,7341.0,22185.0,5171.0,9013.0
918,2016,2,Bihar,Nalanda,22811.0,661.0,22682.0,996.0,5352.0,28824.0,6653.0,30331.0
918,2017,2,Bihar,Nalanda,26142.0,652.0,25732.0,1916.0,7039.0,33833.0,8436.0,36084.0
919,2016,2,Bihar,Nawada,7957.0,63.0,4986.0,24.0,908.0,8928.0,1148.0,6158.0
919,2017,2,Bihar,Nawada,6238.0,94.0,6517.0,213.0,1571.0,7903.0,1385.0,8115.0
920,2016,2,Bihar,Aurangabad,20480.0,369.0,12583.0,455.0,5333.0,26182.0,4809.0,17847.0
920,2017,2,Bihar,Aurangabad,17705.0,762.0,15729.0,721.0,6869.0,25336.0,4906.0,21356.0
921,2016,2,Bihar,Bhojpur,17170.0,169.0,15984.0,445.0,2866.0,20205.0,4911.0,21340.0
921,2017,2,Bihar,Bhojpur,15559.0,587.0,22675.0,928.0,4176.0,20322.0,7814.0,31417.0
922,2016,2,Bihar,Rohtas,27516.0,1184.0,26571.0,2476.0,6780.0,35480.0,10666.0,39713.0
922,2017,2,Bihar,Rohtas,28604.0,2493.0,30638.0,1937.0,9066.0,40163.0,9997.0,42572.0
923,2016,2,Bihar,Siwan,7210.0,4.0,11825.0,121.0,373.0,7587.0,1885.0,13831.0
923,2017,2,Bihar,Siwan,10824.0,65.0,12655.0,782.0,1052.0,11941.0,4139.0,17576.0
924,2016,2,Bihar,Gopalganj,4379.0,46.0,6135.0,317.0,257.0,4682.0,727.0,7179.0
924,2017,2,Bihar,Gopalganj,6316.0,47.0,6837.0,624.0,263.0,6626.0,2204.0,9665.0
925,2016,2,Bihar,Champaran(East),23871.0,975.0,28014.0,4153.0,3753.0,28599.0,10358.0,42525.0
925,2017,2,Bihar,Champaran(East),25553.0,2356.0,25885.0,4843.0,7622.0,35531.0,11667.0,42395.0
926,2016,2,Bihar,Champaran(West),25013.0,1553.0,22312.0,6592.0,4140.0,30706.0,9125.0,38029.0
926,2017,2,Bihar,Champaran(West),23543.0,2813.0,20039.0,3079.0,5642.0,31998.0,9581.0,32699.0
927,2016,2,Bihar,Vaishali,16327.0,2541.0,24748.0,6626.0,3883.0,22751.0,10299.0,41673.0
927,2017,2,Bihar,Vaishali,18004.0,3348.0,23459.0,6272.0,9047.0,30399.0,10138.0,39869.0
928,2016,2,Bihar,Sitamarhi,10683.0,257.0,11539.0,1884.0,877.0,11817.0,5063.0,18486.0
928,2017,2,Bihar,Sitamarhi,10469.0,1100.0,12764.0,2339.0,2689.0,14258.0,4714.0,19817.0
929,2016,2,Bihar,Madhubani,7997.0,662.0,11995.0,2659.0,1499.0,10158.0,6191.0,20845.0
929,2017,2,Bihar,Madhubani,10667.0,625.0,12546.0,1865.0,3788.0,15080.0,7020.0,21431.0
930,2016,2,Bihar,Samastipur,12279.0,2263.0,22076.0,4471.0,2217.0,16759.0,7449.0,33996.0
930,2017,2,Bihar,Samastipur,12355.0,2970.0,21627.0,3694.0,4105.0,19430.0,7681.0,33002.0
931,2016,2,Bihar,Begusarai,10646.0,2945.0,29089.0,8821.0,6093.0,19684.0,14309.0,52219.0
931,2017,2,Bihar,Begusarai,13843.0,2574.0,22749.0,6214.0,4700.0,21117.0,11156.0,40119.0
932,2016,2,Bihar,Katihar,13305.0,1971.0,29642.0,7793.0,3281.0,18557.0,13655.0,51090.0
932,2017,2,Bihar,Katihar,10674.0,2813.0,29318.0,9038.0,2734.0,16221.0,14703.0,53059.0
933,2016,15,Jharkhand,Giridih,1608.0,3.0,581.0,0.0,333.0,1944.0,236.0,817.0
933,2017,15,Jharkhand,Giridih,1548.0,7.0,280.0,269.0,463.0,2018.0,685.0,1234.0
934,2016,2,Bihar,Jehanabad,6622.0,36.0,4224.0,97.0,463.0,7121.0,919.0,5240.0
934,2017,2,Bihar,Jehanabad,5703.0,90.0,4808.0,293.0,955.0,6748.0,905.0,6006.0
935,2016,2,Bihar,Madhepura,7878.0,1517.0,17885.0,6050.0,1446.0,10841.0,6917.0,30852.0
935,2017,2,Bihar,Madhepura,10106.0,2233.0,20801.0,5005.0,2416.0,14755.0,9665.0,35471.0
936,2016,2,Bihar,Khagaria,6783.0,420.0,27439.0,7883.0,1099.0,8302.0,9770.0,45092.0
936,2017,2,Bihar,Khagaria,8467.0,1875.0,32206.0,6706.0,2069.0,12411.0,10900.0,49812.0
937,2016,15,Jharkhand,Godda,1991.0,8.0,1162.0,0.0,292.0,2291.0,224.0,1386.0
937,2017,15,Jharkhand,Godda,1760.0,8.0,784.0,314.0,469.0,2237.0,1955.0,3053.0
938,2016,15,Jharkhand,Sahebganj,2960.0,0.0,1883.0,0.0,199.0,3159.0,237.0,2120.0
938,2017,15,Jharkhand,Sahebganj,2138.0,22.0,682.0,375.0,706.0,2866.0,1717.0,2774.0
940,2016,15,Jharkhand,Devghar Deogarh,14073.0,347.0,7458.0,486.0,2834.0,17254.0,3381.0,11325.0
940,2017,15,Jharkhand,Devghar Deogarh,11853.0,460.0,3818.0,4881.0,6351.0,18664.0,9540.0,18239.0
941,2016,15,Jharkhand,Lohardagga,5999.0,265.0,1948.0,101.0,2277.0,8541.0,1586.0,3635.0
941,2017,15,Jharkhand,Lohardagga,5929.0,363.0,927.0,698.0,2898.0,9190.0,2276.0,3901.0
942,2016,15,Jharkhand,Gumla,2699.0,29.0,888.0,0.0,379.0,3107.0,147.0,1035.0
942,2017,15,Jharkhand,Gumla,3192.0,42.0,438.0,111.0,662.0,3896.0,1061.0,1610.0
943,2016,15,Jharkhand,Singhbhum East,315.0,13.0,168.0,0.0,5.0,333.0,14.0,182.0
943,2017,15,Jharkhand,Singhbhum East,696.0,11.0,109.0,2420.3503341276896,81.0,788.0,275.0,384.0
944,2016,15,Jharkhand,Singhbhum West,980.0,7.0,321.0,0.0,306.0,1293.0,91.0,412.0
944,2017,15,Jharkhand,Singhbhum West,1320.0,17.0,201.0,94.0,777.0,2114.0,414.0,709.0
945,2016,2,Bihar,Araria,12793.0,2292.0,30107.0,10482.0,2494.0,17579.0,12188.0,52777.0
945,2017,2,Bihar,Araria,12440.0,3653.0,28603.0,7361.0,3380.0,19473.0,12847.0,48811.0
946,2016,2,Bihar,Kishanganj,4098.0,214.0,6124.0,767.0,846.0,5158.0,1958.0,8849.0
946,2017,2,Bihar,Kishanganj,3318.0,422.0,8290.0,1282.0,761.0,4501.0,4073.0,13645.0
947,2016,2,Bihar,Buxar,13119.0,145.0,13357.0,273.0,1789.0,15053.0,2685.0,16315.0
947,2017,2,Bihar,Buxar,13794.0,551.0,18657.0,356.0,3139.0,17484.0,6153.0,25166.0
948,2016,2,Bihar,Bhabhua Kaimur,14134.0,143.0,11084.0,381.0,2522.0,16799.0,3270.0,14735.0
948,2017,2,Bihar,Bhabhua Kaimur,15250.0,568.0,17751.0,514.0,4908.0,20726.0,5545.0,23810.0
949,2016,2,Bihar,Banka,8715.0,800.0,10885.0,969.0,2010.0,11525.0,2419.0,14273.0
949,2017,2,Bihar,Banka,9740.0,1318.0,10451.0,1620.0,3587.0,14645.0,2554.0,14625.0
950,2016,2,Bihar,Jamui,11546.0,322.0,12077.0,1198.0,2558.0,14426.0,4426.0,17701.0
950,2017,2,Bihar,Jamui,12332.0,973.0,11864.0,1165.0,4495.0,17800.0,3322.0,16351.0
951,2016,2,Bihar,Supaul,7025.0,1145.0,13817.0,4627.0,2688.0,10858.0,6709.0,25153.0
951,2017,2,Bihar,Supaul,7655.0,2253.0,16152.0,3889.0,2901.0,12809.0,8173.0,28214.0
952,2016,15,Jharkhand,Chatra,1962.0,12.0,384.0,0.0,603.0,2577.0,126.0,510.0
952,2017,15,Jharkhand,Chatra,2141.0,38.0,438.0,147.0,904.0,3083.0,1101.0,1686.0
953,2016,15,Jharkhand,Bokaro,717.0,3.0,344.0,7.0,160.0,880.0,118.0,469.0
953,2017,15,Jharkhand,Bokaro,705.0,12.0,84.0,73.0,256.0,973.0,200.0,357.0
954,2016,15,Jharkhand,Gadva Garhwa,3694.0,12.0,1126.0,0.0,418.0,4124.0,212.0,1338.0
954,2017,15,Jharkhand,Gadva Garhwa,3895.0,11.0,936.0,467.0,668.0,4574.0,2393.0,3796.0
955,2016,15,Jharkhand,Khodrama Koderma,3816.0,34.0,1091.0,71.0,861.0,4711.0,308.0,1470.0
955,2017,15,Jharkhand,Khodrama Koderma,1964.0,40.0,270.0,105.0,711.0,2715.0,684.0,1059.0
956,2016,2,Bihar,Lakhisarai,3035.0,80.0,2633.0,98.0,602.0,3717.0,737.0,3468.0
956,2017,2,Bihar,Lakhisarai,2963.0,74.0,3360.0,259.0,730.0,3767.0,688.0,4307.0
957,2016,15,Jharkhand,Pakund Pakur,1405.0,0.0,1028.0,0.0,21.0,1426.0,341.0,1369.0
957,2017,15,Jharkhand,Pakund Pakur,1377.0,2307.427238075092,511.0,105.0,474.0,1850.0,1266.0,1882.0
958,2016,2,Bihar,Sheikapura,5506.0,24.0,3739.0,36.0,642.0,6172.0,1236.0,5011.0
958,2017,2,Bihar,Sheikapura,4901.0,60.0,5136.0,290.0,1326.0,6287.0,1250.0,6676.0
960,2016,2,Bihar,Sheohar,1715.0,45.0,2056.0,303.0,153.0,1913.0,603.0,2962.0
960,2017,2,Bihar,Sheohar,1529.0,152.0,2977.0,353.0,433.0,2114.0,737.0,4067.0
961,2016,2,Bihar,Arwal,5720.0,33.0,3884.0,71.0,553.0,6306.0,807.0,4762.0
961,2017,2,Bihar,Arwal,4837.0,179.0,4122.0,184.0,956.0,5972.0,821.0,5127.0
962,2016,15,Jharkhand,Jamtara,797.0,0.0,305.0,0.0,21.0,818.0,3.0,308.0
962,2017,15,Jharkhand,Jamtara,594.0,2307.427238075092,107.0,33.0,42.0,636.0,263.0,403.0
963,2016,15,Jharkhand,Latehar,3287.0,65.0,796.0,30.0,855.0,4207.0,335.0,1161.0
963,2017,15,Jharkhand,Latehar,3747.0,34.0,314.0,239.0,1058.0,4839.0,790.0,1343.0
964,2016,15,Jharkhand,Sariakela Kharsawan,212.0,0.0,20.0,0.0,13.0,225.0,0.0,20.0
964,2017,15,Jharkhand,Sariakela Kharsawan,261.0,0.0,15429.93057412009,2548.5975050974644,53.0,314.0,5810.318097415504,0.0
965,2016,15,Jharkhand,Simdega,754.0,0.0,56.0,0.0,29.0,783.0,8.0,64.0
965,2017,15,Jharkhand,Simdega,826.0,2307.427238075092,23.0,9.0,111.0,937.0,60.0,92.0
999,2016,11,Tamil Nadu,Chennai,14646.495067264577,2299.760513372032,15392.545506655584,2376.1179486947344,5656.113901345294,22602.35515695069,6433.417133530525,24202.084304819196
999,2017,11,Tamil Nadu,Chennai,14646.495067264577,2299.760513372032,15392.545506655584,2376.1179486947344,5656.113901345294,22602.35515695069,6433.417133530525,24202.084304819196
1001,2016,3,Gujarat,Anand,24591.0,1761.0,39495.0,2626.0,2976.0,29328.0,3772.0,45893.0
1001,2017,3,Gujarat,Anand,28959.0,2107.0,33604.0,3244.0,4032.0,35098.0,4097.0,40945.0
1002,2016,3,Gujarat,Dahod,15166.0,259.0,6577.0,11.0,1832.0,17257.0,825.0,7413.0
1002,2017,3,Gujarat,Dahod,17342.0,16.0,6427.0,4.0,2781.0,20139.0,968.0,7399.0
1003,2016,3,Gujarat,Narmada,7852.0,1306.0,3807.0,1148.0,1021.0,10179.0,547.0,5502.0
1003,2017,3,Gujarat,Narmada,9237.0,1836.0,5556.0,1299.0,1329.0,12402.0,802.0,7657.0
1004,2016,3,Gujarat,Navsari,11902.0,2710.0,8176.0,3213.0,3692.0,18304.0,2584.0,13973.0
1004,2017,3,Gujarat,Navsari,13346.0,3691.0,7453.0,2541.0,3857.0,20894.0,3081.0,13075.0
1005,2016,3,Gujarat,Patan,7980.0,134.0,20257.0,247.0,1563.0,9677.0,4989.0,25493.0
1005,2017,3,Gujarat,Patan,8772.0,144.0,24540.0,275.0,2095.0,11011.0,6473.0,31288.0
1006,2016,3,Gujarat,Porbandar,3027.0,280.0,2889.0,420.0,2161.0,5468.0,1141.0,4450.0
1006,2017,3,Gujarat,Porbandar,4208.0,370.0,3403.0,226.0,2949.0,7527.0,1752.0,5381.0
1007,2016,4,Haryana,Fatehabad,27503.0,1296.0,36537.0,751.0,8943.0,37742.0,8846.0,46134.0
1007,2017,4,Haryana,Fatehabad,32928.0,2523.0,39952.0,857.0,8702.0,44153.0,8592.0,49401.0
1008,2016,4,Haryana,Jhajjar,8474.0,303.0,13283.0,202.0,3339.0,12116.0,3813.0,17298.0
1008,2017,4,Haryana,Jhajjar,7894.0,338.0,14184.0,268.0,3882.0,12114.0,4214.0,18666.0
1009,2016,4,Haryana,Panchkula,2200.0,163.0,2886.0,133.0,766.0,3129.0,618.0,3637.0
1009,2017,4,Haryana,Panchkula,3178.0,214.0,2735.0,27.0,792.0,4184.0,688.0,3450.0
1010,2016,5,Karnataka,Bagalkote,26195.0,8063.0,19364.0,7865.0,13260.0,47518.0,10066.0,37295.0
1010,2017,5,Karnataka,Bagalkote,21103.0,7649.0,25028.0,8510.0,10871.0,39623.0,10004.0,43542.0
1011,2016,5,Karnataka,Chamaraja Nagar,6072.0,3365.0,5225.0,2229.0,4078.0,13515.0,2834.0,10288.0
1011,2017,5,Karnataka,Chamaraja Nagar,6876.0,4333.0,5761.0,3273.0,3371.0,14580.0,3144.0,12178.0
1012,2016,5,Karnataka,Davanagere,42237.0,7646.0,12181.0,3721.0,23122.0,73005.0,10736.0,26638.0
1012,2017,5,Karnataka,Davanagere,29791.0,5697.0,19360.0,4585.0,14774.0,50262.0,13000.0,36945.0
1013,2016,5,Karnataka,Gadag,10109.0,1656.0,3366.0,671.0,5498.0,17263.0,1981.0,6018.0
1013,2017,5,Karnataka,Gadag,8588.0,1648.0,4454.0,1136.0,4579.0,14815.0,2417.0,8007.0
1014,2016,5,Karnataka,Haveri,28721.0,3452.0,9188.0,2103.0,11461.0,43634.0,10076.0,21367.0
1014,2017,5,Karnataka,Haveri,24882.0,4822.0,9007.0,1645.0,8695.0,38399.0,6739.0,17391.0
1015,2016,5,Karnataka,Koppal,30905.0,7504.0,9904.0,2647.0,15311.0,53720.0,7281.0,19832.0
1015,2017,5,Karnataka,Koppal,17436.0,4450.0,18067.0,4208.0,8603.0,30489.0,9203.0,31478.0
1016,2016,5,Karnataka,Udupi,1940.0,1176.0,918.0,703.0,926.0,4042.0,486.0,2107.0
1016,2017,5,Karnataka,Udupi,1574.0,1096.0,927.0,613.0,753.0,3423.0,499.0,2039.0
1017,2016,9,Punjab,S.B.S Nagar,13029.0,1361.0,15431.0,2420.3503341276896,4058.0,18448.0,6267.0,21697.0
1017,2017,9,Punjab,S.B.S Nagar,12753.0,1279.0,11856.0,906.0,3311.0,17343.0,3472.0,16234.0
1018,2016,9,Punjab,Shri Mukatsar Sahib,42092.0,1395.0,41540.0,2420.3503341276896,7806.0,51292.0,9959.0,51499.0
1018,2017,9,Punjab,Shri Mukatsar Sahib,41816.0,1312.0,37965.0,670.0,7058.0,50186.0,7164.0,45799.0
1019,2016,9,Punjab,Moga,41174.0,3195.0,41795.0,2420.3503341276896,9343.0,53712.0,10482.0,52276.0
1019,2017,9,Punjab,Moga,40898.0,3112.0,38220.0,670.0,8376.0,52386.0,7686.0,46576.0
1020,2016,10,Rajasthan,Karoli,31263.0,167.0,12305.0,1.0,5032.0,36462.0,2131.0,14437.0
1020,2017,10,Rajasthan,Karoli,8773.0,26.0,11222.0,92.0,4351.0,13150.0,3396.0,14710.0
1022,2016,11,Tamil Nadu,Karur,1610.0,416.0,2439.0,1099.0,606.0,2632.0,827.0,4365.0
1022,2017,11,Tamil Nadu,Karur,915.0,477.0,3263.0,1222.0,304.0,1696.0,1021.0,5506.0
1023,2016,11,Tamil Nadu,Namakkal,2713.0,905.0,4021.0,910.0,1326.0,4944.0,2399.0,7330.0
1023,2017,11,Tamil Nadu,Namakkal,1760.0,1295.0,5137.0,2443.0,1041.0,4096.0,3074.0,10654.0
1024,2016,11,Tamil Nadu,Perambular,4319.0,741.0,3772.0,1505.0,3222.0,8282.0,2060.0,7337.0
1024,2017,11,Tamil Nadu,Perambular,4164.0,982.0,11111.0,1245.0,1742.0,6888.0,2147.0,14503.0
1025,2016,11,Tamil Nadu,Theni,4828.0,1679.0,6545.0,2484.0,2415.0,8922.0,4437.0,13466.0
1025,2017,11,Tamil Nadu,Theni,2797.0,1610.0,5842.0,2404.0,1271.0,5678.0,3185.0,11431.0
1026,2016,11,Tamil Nadu,Tiruvarur,7048.0,1682.0,16021.0,5107.0,1115.0,9845.0,3661.0,24789.0
1026,2017,11,Tamil Nadu,Tiruvarur,8078.0,2279.0,17965.0,4021.0,2956.0,13313.0,6854.0,28840.0
1027,2016,11,Tamil Nadu,Thiruvallur,10806.0,1583.0,13818.0,3180.0,4936.0,17325.0,5188.0,22186.0
1027,2017,11,Tamil Nadu,Thiruvallur,7678.0,1716.0,17511.0,3172.0,2945.0,12339.0,7042.0,27725.0
1028,2016,12,Uttar Pradesh,Ambedkar Nagar,13084.0,1217.0,16875.0,1252.0,4437.0,18738.0,7278.0,25405.0
1028,2017,12,Uttar Pradesh,Ambedkar Nagar,12852.0,503.0,18156.0,1085.0,2940.0,16295.0,7979.0,27220.0
1029,2016,12,Uttar Pradesh,Kushi Nagar Padrauna,21569.0,2006.0,22420.0,1664.0,7314.0,30889.0,9669.0,33753.0
1029,2017,12,Uttar Pradesh,Kushi Nagar Padrauna,14543.0,1552.0,18393.0,1153.0,3781.0,19876.0,7869.0,27415.0
1030,2016,16,Uttarakhand,Udham Singh Nagar,78168.0,2793.0,41975.0,3030.0,6997.0,87958.0,9018.0,54023.0
1030,2017,16,Uttarakhand,Udham Singh Nagar,63418.0,2235.0,44682.0,3504.0,5569.0,71222.0,8374.0,56560.0
1031,2016,12,Uttar Pradesh,Auraiya,10146.0,944.0,13858.0,1028.0,3440.0,14530.0,5977.0,20863.0
1031,2017,12,Uttar Pradesh,Auraiya,12780.0,308.0,19347.0,545.0,2799.0,15887.0,9215.0,29107.0
1032,2016,16,Uttarakhand,Bageshwar,137.0,8.0,122.0,24.0,36.0,181.0,75.0,221.0
1032,2017,16,Uttarakhand,Bageshwar,121.0,3.0,107.0,18.0,26.0,150.0,51.0,176.0
1033,2016,12,Uttar Pradesh,Bagpat,8137.0,757.0,14684.0,1090.0,2759.0,11653.0,6333.0,22107.0
1033,2017,12,Uttar Pradesh,Bagpat,17629.0,1584.0,11914.0,886.0,4073.0,23286.0,6256.0,19056.0
1034,2016,12,Uttar Pradesh,Balrampur,17371.0,1616.0,22696.0,1684.0,5890.0,24877.0,9788.0,34168.0
1034,2017,12,Uttar Pradesh,Balrampur,4684.0,342.0,13003.0,913.0,1414.0,6440.0,4568.0,18484.0
1035,2016,16,Uttarakhand,Champavat,174.0,14.0,148.0,23.0,29.0,217.0,56.0,227.0
1035,2017,16,Uttarakhand,Champavat,145.0,17.0,143.0,18.0,33.0,195.0,42.0,203.0
1036,2016,12,Uttar Pradesh,Chandauli,11605.0,1079.0,11823.0,877.0,3935.0,16619.0,5099.0,17799.0
1036,2017,12,Uttar Pradesh,Chandauli,19726.0,716.0,14217.0,445.0,4298.0,24740.0,4732.0,19394.0
1037,2016,12,Uttar Pradesh,Chitrakoot,6630.0,617.0,12752.0,946.0,2248.0,9495.0,5500.0,19198.0
1037,2017,12,Uttar Pradesh,Chitrakoot,1955.0,70.0,9052.0,372.0,554.0,2579.0,6145.0,15569.0
1038,2016,12,Uttar Pradesh,G.B.Nagar,2897.0,269.0,6805.0,505.0,982.0,4148.0,2935.0,10245.0
1038,2017,12,Uttar Pradesh,G.B.Nagar,7277.0,314.0,8726.0,349.0,1568.0,9159.0,3302.0,12377.0
1039,2016,12,Uttar Pradesh,Hathras,14640.0,1362.0,15423.0,1144.0,4964.0,20966.0,6652.0,23219.0
1039,2017,12,Uttar Pradesh,Hathras,28356.0,4740.0,21760.0,2779.0,7248.0,40344.0,14184.0,38723.0
1040,2016,12,Uttar Pradesh,Amroha J.B.Fulenagar,11444.0,1064.0,19123.0,1419.0,3880.0,16388.0,8248.0,28790.0
1040,2017,12,Uttar Pradesh,Amroha J.B.Fulenagar,10402.0,942.0,21723.0,916.0,2561.0,13905.0,4574.0,27213.0
1041,2016,12,Uttar Pradesh,Kannauj,9705.0,903.0,13841.0,1027.0,3291.0,13899.0,5969.0,20837.0
1041,2017,12,Uttar Pradesh,Kannauj,21282.0,2780.0,24360.0,1787.0,5176.0,29238.0,7607.0,33754.0
1042,2016,12,Uttar Pradesh,Kushambi,9832.0,915.0,10528.0,781.0,3334.0,14081.0,4540.0,15849.0
1042,2017,12,Uttar Pradesh,Kushambi,9844.0,1292.0,14867.0,833.0,2521.0,13657.0,5711.0,21411.0
1043,2016,16,Uttarakhand,Rudraprayag,14646.495067264577,2299.760513372032,15392.545506655584,2376.1179486947344,5656.113901345294,22602.35515695069,6433.417133530525,24202.084304819196
1043,2017,16,Uttarakhand,Rudraprayag,14646.495067264577,2299.760513372032,15392.545506655584,2376.1179486947344,5656.113901345294,22602.35515695069,6433.417133530525,24202.084304819196
1044,2016,12,Uttar Pradesh,Santh Ravi Das Nagar Bhadoi,4124.0,384.0,5593.0,415.0,1398.0,5906.0,2412.0,8420.0
1044,2017,12,Uttar Pradesh,Santh Ravi Das Nagar Bhadoi,2210.0,354.0,6579.0,353.0,630.0,3194.0,4814.0,11746.0
1045,2016,12,Uttar Pradesh,Santh Kabir Nagar,9844.0,916.0,11633.0,863.0,3338.0,14098.0,5017.0,17513.0
1045,2017,12,Uttar Pradesh,Santh Kabir Nagar,4100.0,292.0,10864.0,486.0,1110.0,5502.0,5296.0,16646.0
1046,2016,12,Uttar Pradesh,Shravasti,10101.0,940.0,11304.0,839.0,3425.0,14466.0,4875.0,17018.0
1046,2017,12,Uttar Pradesh,Shravasti,3876.0,221.0,5385.0,428.0,1052.0,5149.0,3505.0,9318.0
1047,2016,17,Assam,Bongaigaon,2928.0,696.0,3750.0,1037.0,546.0,4170.0,1091.0,5878.0
1047,2017,17,Assam,Bongaigaon,2983.0,914.0,3837.0,1044.0,940.0,4837.0,1140.0,6021.0
1048,2016,17,Assam,Dhemaji,1649.0,392.0,2112.0,584.0,307.0,2348.0,614.0,3310.0
1048,2017,17,Assam,Dhemaji,1680.0,515.0,2161.0,583.0,529.0,2724.0,698.0,3442.0
1049,2016,17,Assam,Hailakandi,2639.0,627.0,3379.0,935.0,491.0,3757.0,983.0,5297.0
1049,2017,17,Assam,Hailakandi,2688.0,823.0,3457.0,940.0,847.0,4358.0,1117.0,5514.0
1050,2016,17,Assam,Marigaon,3130.0,744.0,4008.0,1109.0,583.0,4457.0,1166.0,6283.0
1050,2017,17,Assam,Marigaon,3189.0,977.0,4101.0,1116.0,1004.0,5170.0,1325.0,6542.0
1051,2016,17,Assam,Tinsukia,2997.0,712.0,3838.0,1062.0,558.0,4267.0,1116.0,6016.0
1051,2017,17,Assam,Tinsukia,3053.0,935.0,3927.0,1069.0,962.0,4950.0,1269.0,6265.0
1055,2016,14,Chhattisgarh,Dantewara,8.0,1.0,13.0,11.0,6.0,15.0,22.0,46.0
1055,2017,14,Chhattisgarh,Dantewara,0.0,0.0,0.0,0.0,0.0,0.0,0.0,0.0
1056,2016,14,Chhattisgarh,Dhamtari,14424.0,2124.0,5732.0,1372.0,8614.0,25162.0,6350.0,13454.0
1056,2017,14,Chhattisgarh,Dhamtari,11240.0,1304.0,3677.0,663.0,5538.0,18082.0,2208.0,6548.0
1057,2016,6,Madhya Pradesh,Dindori,1844.0,7.0,228.0,10.0,1032.0,2883.0,82.0,320.0
1057,2017,6,Madhya Pradesh,Dindori,1777.0,6.0,254.0,3.0,843.0,2626.0,80.0,337.0
1058,2016,6,Madhya Pradesh,Harda,5263.0,304.0,21386.0,499.0,5066.0,10633.0,9244.0,31129.0
1058,2017,6,Madhya Pradesh,Harda,5686.0,335.0,18110.0,1932.0,7587.0,13608.0,8516.0,28558.0
1059,2016,14,Chhattisgarh,Janjgir,22171.0,1107.0,3778.0,895.0,10994.0,34272.0,1796.0,6469.0
1059,2017,14,Chhattisgarh,Janjgir,28079.0,770.0,2025.0,797.0,10655.0,39504.0,1398.0,4220.0
1060,2016,6,Madhya Pradesh,Barwani,17192.0,2844.0,8714.0,713.0,6906.0,26942.0,4727.0,14154.0
1060,2017,6,Madhya Pradesh,Barwani,18013.0,4086.0,7911.0,829.0,7634.0,29733.0,4856.0,13596.0
1061,2016,6,Madhya Pradesh,Katni,8099.0,65.0,14036.0,145.0,3781.0,11945.0,7134.0,21315.0
1061,2017,6,Madhya Pradesh,Katni,9248.0,117.0,13941.0,146.0,4980.0,14345.0,6982.0,21069.0
1062,2016,6,Madhya Pradesh,Neemuch,7664.0,1200.0,9631.0,1094.0,4002.0,12866.0,3553.0,14278.0
1062,2017,6,Madhya Pradesh,Neemuch,8394.0,1333.0,8712.0,803.0,4726.0,14453.0,2503.0,12018.0
1063,2016,6,Madhya Pradesh,Sheopur Kalan,6472.0,160.0,9143.0,29.0,2308.0,8940.0,3227.0,12399.0
1063,2017,6,Madhya Pradesh,Sheopur Kalan,7091.0,139.0,8177.0,46.0,4111.0,11341.0,2178.0,10401.0
1064,2016,6,Madhya Pradesh,Umaria,1026.0,9.0,1754.0,11.0,634.0,1669.0,1217.0,2982.0
1064,2017,6,Madhya Pradesh,Umaria,1546.0,8.0,1943.0,26.0,898.0,2452.0,1242.0,3211.0
1065,2016,14,Chhattisgarh,Koriya,6770.0,763.0,2255.0,139.0,2236.0,9769.0,343.0,2737.0
1065,2017,14,Chhattisgarh,Koriya,2951.0,506.0,1759.0,114.0,1929.0,5386.0,533.0,2406.0
1066,2016,14,Chhattisgarh,Jashpur,3530.0,382.0,511.0,381.0,2213.0,6125.0,930.0,1822.0
1066,2017,14,Chhattisgarh,Jashpur,1665.0,264.0,252.0,137.0,1325.0,3254.0,192.0,581.0
1067,2016,14,Chhattisgarh,Korba,4497.0,273.0,1086.0,133.0,2736.0,7506.0,340.0,1559.0
1067,2017,14,Chhattisgarh,Korba,3230.0,344.0,439.0,75.0,1606.0,5180.0,171.0,685.0
1068,2016,14,Chhattisgarh,Kawardha,11968.0,1954.0,4311.0,838.0,8091.0,22013.0,2246.0,7395.0
1068,2017,14,Chhattisgarh,Kawardha,11416.0,2558.0,1560.0,536.0,7258.0,21232.0,953.0,3049.0
1069,2016,14,Chhattisgarh,Mahasmund,18211.0,1929.0,7130.0,1992.0,9608.0,29748.0,3969.0,13091.0
1069,2017,14,Chhattisgarh,Mahasmund,18070.0,2941.0,1993.0,1371.0,7768.0,28779.0,2489.0,5853.0
1070,2016,14,Chhattisgarh,Kanker,5799.0,1374.0,6386.0,1003.0,4947.0,12120.0,1400.0,8789.0
1070,2017,14,Chhattisgarh,Kanker,6068.0,1506.0,5487.0,656.0,3757.0,11331.0,2229.0,8372.0
1071,2016,6,Madhya Pradesh,Anuppur,1242.0,20.0,448.0,6.0,779.0,2041.0,253.0,707.0
1071,2017,6,Madhya Pradesh,Anuppur,1548.0,34.0,362.0,8.0,1028.0,2610.0,191.0,561.0
1072,2016,7,Maharashtra,Gondia,14507.0,648.0,6533.0,372.0,5147.0,20302.0,4915.0,11820.0
1072,2017,7,Maharashtra,Gondia,12870.0,560.0,3392.0,155.0,4520.0,17950.0,2351.0,5898.0
1073,2016,7,Maharashtra,Hingoli,10248.0,3010.0,6997.0,1897.0,7305.0,20563.0,4574.0,13468.0
1073,2017,7,Maharashtra,Hingoli,13343.0,4302.0,5783.0,1574.0,9713.0,27358.0,5716.0,13073.0
1074,2016,7,Maharashtra,Nandurbar,21131.0,6196.0,15499.0,4591.0,6441.0,33768.0,6340.0,26430.0
1074,2017,7,Maharashtra,Nandurbar,25294.0,9494.0,11124.0,4179.0,8107.0,42895.0,5717.0,21020.0
1075,2016,7,Maharashtra,Washim,10328.0,920.0,7935.0,1367.0,6791.0,18039.0,6388.0,15690.0
1075,2017,7,Maharashtra,Washim,6694.0,1490.0,4417.0,834.0,6284.0,14468.0,4820.0,10071.0
1076,2016,7,Maharashtra,Mumbai sub,14646.495067264577,2299.760513372032,15392.545506655584,2376.1179486947344,5656.113901345294,22602.35515695069,6433.417133530525,24202.084304819196
1076,2017,7,Maharashtra,Mumbai sub,14646.495067264577,2299.760513372032,15392.545506655584,2376.1179486947344,5656.113901345294,22602.35515695069,6433.417133530525,24202.084304819196
1077,2016,11,Tamil Nadu,Ariyalur,3209.0,540.0,5166.0,1355.0,1671.0,5420.0,2769.0,9290.0
1077,2017,11,Tamil Nadu,Ariyalur,2964.0,786.0,5473.0,1121.0,1224.0,4974.0,2049.0,8643.0
1080,2016,11,Tamil Nadu,Krishnagiri,5308.0,1224.0,4973.0,1368.0,4543.0,11075.0,3797.0,10138.0
1080,2017,11,Tamil Nadu,Krishnagiri,5197.0,1385.0,7070.0,1391.0,2626.0,9208.0,3912.0,12373.0
1081,2016,6,Madhya Pradesh,Ashoknagar,2478.0,46.0,7315.0,181.0,3869.0,6393.0,4327.0,11823.0
1081,2017,6,Madhya Pradesh,Ashoknagar,2571.0,144.0,8522.0,78.0,4726.0,7441.0,6445.0,15045.0
1082,2016,6,Madhya Pradesh,Burhanpur,10009.0,6898.0,6807.0,4342.0,4122.0,21029.0,2218.0,13367.0
1082,2017,6,Madhya Pradesh,Burhanpur,10620.0,9111.0,7264.0,4906.0,4865.0,24596.0,2942.0,15112.0
2001,2016,3,Gujarat,Tapi,10417.0,1367.0,4745.0,1174.0,2160.0,13944.0,1626.0,7545.0
2001,2017,3,Gujarat,Tapi,11847.0,1806.0,5224.0,1321.0,2476.0,16129.0,1980.0,8525.0
2002,2016,4,Haryana,Mewat,8658.0,492.0,11513.0,208.0,4786.0,13936.0,4863.0,16584.0
2002,2017,4,Haryana,Mewat,7665.0,253.0,11768.0,586.0,3353.0,11271.0,4308.0,16662.0
2003,2016,4,Haryana,Palwal,25684.0,1339.0,36968.0,2095.0,5755.0,32778.0,8875.0,47938.0
2003,2017,4,Haryana,Palwal,23331.0,1586.0,26431.0,1284.0,5159.0,30076.0,7048.0,34763.0
2004,2016,5,Karnataka,Ramanagaram,5102.0,349.0,4655.0,440.0,1053.0,6504.0,540.0,5635.0
2004,2017,5,Karnataka,Ramanagaram,6291.0,336.0,7510.0,380.0,882.0,7509.0,684.0,8574.0
2005,2016,5,Karnataka,Chikkaballapur,9080.0,1592.0,5318.0,1855.0,5416.0,16088.0,5097.0,12270.0
2005,2017,5,Karnataka,Chikkaballapur,8373.0,1743.0,7384.0,2082.0,4328.0,14444.0,5800.0,15266.0
2006,2016,6,Madhya Pradesh,Alirajpur,6424.0,12.0,2480.0,5.0,1569.0,8005.0,781.0,3266.0
2006,2017,6,Madhya Pradesh,Alirajpur,7493.0,3.0,2378.0,5.0,1588.0,9084.0,568.0,2951.0
2007,2016,6,Madhya Pradesh,Singrauli,1950.0,5.0,2246.0,3.0,808.0,2763.0,979.0,3228.0
2007,2017,6,Madhya Pradesh,Singrauli,3446.0,16.0,2032.0,1.0,1605.0,5067.0,887.0,2920.0
2009,2016,9,Punjab,Taran Taran,32534.0,1695.0,33469.0,2420.3503341276896,6886.0,41114.0,8498.0,41967.0
2009,2017,9,Punjab,Taran Taran,32258.0,1612.0,29894.0,698.0,6138.0,40008.0,5702.0,36294.0
2010,2016,9,Punjab,Barnala,20034.0,1395.0,22851.0,2420.3503341276896,5218.0,26646.0,9340.0,32191.0
2010,2017,9,Punjab,Barnala,19758.0,1312.0,19276.0,681.0,4691.0,25761.0,6545.0,26502.0
2011,2016,9,Punjab,S.A.S Nagar,7188.0,1347.0,10450.0,2420.3503341276896,2810.0,11344.0,4133.0,14583.0
2011,2017,9,Punjab,S.A.S Nagar,6912.0,1264.0,6875.0,670.0,2062.0,10238.0,1337.0,8882.0
2012,2016,10,Rajasthan,Pratapgarh,7523.0,451.0,11162.0,510.0,2278.0,10252.0,4140.0,15812.0
2012,2017,10,Rajasthan,Pratapgarh,7874.0,533.0,13178.0,240.0,4455.0,12862.0,5698.0,19116.0
2013,2016,12,Uttar Pradesh,Kasganj Khansi Ram Nagar,27772.0,2583.0,13943.0,1035.0,9417.0,39772.0,6013.0,20991.0
2013,2017,12,Uttar Pradesh,Kasganj Khansi Ram Nagar,6839.0,436.0,14853.0,765.0,2101.0,9376.0,6676.0,22294.0
2014,2016,14,Chhattisgarh,Bijapur,680.0,21.0,3.0,0.0,420.0,1121.0,0.0,3.0
2014,2017,14,Chhattisgarh,Bijapur,739.0,12.0,15429.93057412009,3.0,458.0,1209.0,5790.7917698204665,1.0
2015,2016,14,Chhattisgarh,Narayanpur,426.0,79.0,19.0,13.0,431.0,936.0,32.0,64.0
2015,2017,14,Chhattisgarh,Narayanpur,352.0,87.0,50.0,3.0,270.0,709.0,4.0,57.0
2017,2016,17,Assam,Udalguri,1504.0,357.0,1926.0,533.0,280.0,2141.0,560.0,3019.0
2017,2017,17,Assam,Udalguri,1533.0,469.0,1971.0,536.0,483.0,2485.0,637.0,3144.0
2018,2016,17,Assam,Baksa,1918.0,456.0,2457.0,650.0,357.0,2731.0,714.0,3821.0
2018,2017,17,Assam,Baksa,1954.0,599.0,2514.0,685.0,616.0,3169.0,812.0,4011.0
2019,2016,17,Assam,Chirang,1382.0,328.0,1770.0,490.0,257.0,1967.0,515.0,2775.0
2019,2017,17,Assam,Chirang,1408.0,431.0,1811.0,493.0,443.0,2282.0,685.0,2989.0
2020,2016,11,Tamil Nadu,Thiruppur,4786.0,2608.0,4089.0,1909.0,2668.0,10062.0,2067.0,8065.0
2020,2017,11,Tamil Nadu,Thiruppur,2109.0,1935.0,8565.0,3884.0,1219.0,5263.0,4241.0,16690.0
2023,2016,15,Jharkhand,Khunti,1264.0,19.0,313.0,3.0,247.0,1530.0,85.0,401.0
2023,2017,15,Jharkhand,Khunti,1369.0,11.0,178.0,42.0,353.0,1733.0,442.0,662.0
2024,2016,15,Jharkhand,Ramgadh,1458.0,0.0,258.0,12.0,164.0,1622.0,46.0,316.0
2024,2017,15,Jharkhand,Ramgadh,1360.0,18.0,180.0,65.0,257.0,1635.0,455.0,700.0
2025,2016,5,Karnataka,Yadagiri,24969.0,3744.0,25365.0,5410.0,16926.0,45639.0,14974.0,45749.0
2025,2017,5,Karnataka,Yadagiri,29177.0,4979.0,21656.0,4274.0,19661.0,53817.0,11320.0,37250.0
2026,2016,12,Uttar Pradesh,Amethi C.S.M.Nagar,17289.0,1608.0,15512.0,1151.0,5863.0,24760.0,6690.0,23353.0
2026,2017,12,Uttar Pradesh,Amethi C.S.M.Nagar,9888.0,603.0,18282.0,789.0,2496.0,12987.0,11549.0,30620.0
2027,2016,7,Maharashtra,Mumbai City,14646.495067264577,2299.760513372032,15392.545506655584,2376.1179486947344,5656.113901345294,22602.35515695069,6433.417133530525,24202.084304819196
2027,2017,7,Maharashtra,Mumbai City,14646.495067264577,2299.760513372032,15392.545506655584,2376.1179486947344,5656.113901345294,22602.35515695069,6433.417133530525,24202.084304819196
2028,2016,17,Assam,Kamrup(Metro),14646.495067264577,2299.760513372032,15392.545506655584,2376.1179486947344,5656.113901345294,22602.35515695069,6433.417133530525,24202.084304819196
2028,2017,17,Assam,Kamrup(Metro),14646.495067264577,2299.760513372032,15392.545506655584,2376.1179486947344,5656.113901345294,22602.35515695069,6433.417133530525,24202.084304819196
2030,2016,9,Punjab,Pathankot,14646.495067264577,2299.760513372032,15392.545506655584,2376.1179486947344,5656.113901345294,22602.35515695069,6433.417133530525,24202.084304819196
2030,2017,9,Punjab,Pathankot,14646.495067264577,2299.760513372032,15392.545506655584,2376.1179486947344,5656.113901345294,22602.35515695069,6433.417133530525,24202.084304819196
2031,2016,12,Uttar Pradesh,Sambhal,16271.0,1514.0,21539.0,1598.0,5517.0,23302.0,9289.0,32426.0
2031,2017,12,Uttar Pradesh,Sambhal,9381.0,775.0,19114.0,1134.0,2426.0,12582.0,11459.0,31707.0
2032,2016,12,Uttar Pradesh,Shamli,8852.0,823.0,10315.0,765.0,3001.0,12676.0,4448.0,15528.0
2032,2017,12,Uttar Pradesh,Shamli,17802.0,279.0,7106.0,610.0,3730.0,21811.0,3920.0,11636.0
2033,2016,12,Uttar Pradesh,Hapur,6054.0,563.0,10666.0,791.0,2053.0,8670.0,4600.0,16057.0
2033,2017,12,Uttar Pradesh,Hapur,17595.0,849.0,14005.0,761.0,3796.0,22240.0,5077.0,19843.0
2034,2016,14,Chhattisgarh,Balod,16544.0,3693.0,5379.0,1764.0,10126.0,30363.0,5053.0,12196.0
2034,2017,14,Chhattisgarh,Balod,15595.0,3475.0,4911.0,601.0,7824.0,26894.0,2724.0,8236.0
2035,2016,14,Chhattisgarh,Baloda Bazar,19653.0,1942.0,2015.0,886.0,8200.0,29795.0,3113.0,6014.0
2035,2017,14,Chhattisgarh,Baloda Bazar,16928.0,2154.0,4275.0,950.0,7850.0,26932.0,2576.0,7801.0
2036,2016,14,Chhattisgarh,Balrampur,3377.0,829.0,835.0,247.0,3292.0,7498.0,1066.0,2148.0
2036,2017,14,Chhattisgarh,Balrampur,2260.0,279.0,1513.0,313.0,1287.0,3826.0,1075.0,2901.0
2037,2016,14,Chhattisgarh,Bemetra,14528.0,2445.0,4715.0,837.0,9070.0,26043.0,4053.0,9605.0
2037,2017,14,Chhattisgarh,Bemetra,13083.0,2246.0,5180.0,376.0,9264.0,24593.0,4954.0,10510.0
2038,2016,14,Chhattisgarh,Gariaband,16908.0,2135.0,5215.0,371.0,6520.0,25563.0,2938.0,8524.0
2038,2017,14,Chhattisgarh,Gariaband,6730.0,1620.0,1949.0,243.0,3928.0,12278.0,1152.0,3344.0
2039,2016,14,Chhattisgarh,Kondagaon,2801.0,1077.0,806.0,226.0,2138.0,6016.0,334.0,1366.0
2039,2017,14,Chhattisgarh,Kondagaon,2250.0,520.0,757.0,169.0,1721.0,4491.0,487.0,1413.0
2040,2016,14,Chhattisgarh,Mungli,12150.0,1495.0,6384.0,508.0,5441.0,19086.0,1558.0,8450.0
2040,2017,14,Chhattisgarh,Mungli,7576.0,1481.0,1794.0,209.0,4472.0,13529.0,743.0,2746.0
2041,2016,14,Chhattisgarh,Sukma,261.0,35.0,30.0,16.0,158.0,454.0,34.0,80.0
2041,2017,14,Chhattisgarh,Sukma,232.0,13.0,3.0,1.0,160.0,405.0,6438.764949918082,4.0
2042,2016,14,Chhattisgarh,Surajpur,4578.0,797.0,1859.0,686.0,3050.0,8425.0,2447.0,4992.0
2042,2017,14,Chhattisgarh,Surajpur,3728.0,702.0,880.0,204.0,2281.0,6711.0,509.0,1593.0
2043,2016,9,Punjab,Fazilka,14646.495067264577,2299.760513372032,15392.545506655584,2376.1179486947344,5656.113901345294,22602.35515695069,6433.417133530525,24202.084304819196
2043,2017,9,Punjab,Fazilka,14646.495067264577,2299.760513372032,15392.545506655584,2376.1179486947344,5656.113901345294,22602.35515695069,6433.417133530525,24202.084304819196
2044,2016,17,Assam,Biswanath,14646.495067264577,2299.760513372032,15392.545506655584,2376.1179486947344,5656.113901345294,22602.35515695069,6433.417133530525,24202.084304819196
2044,2017,17,Assam,Biswanath,14646.495067264577,2299.760513372032,15392.545506655584,2376.1179486947344,5656.113901345294,22602.35515695069,6433.417133530525,24202.084304819196
2045,2016,17,Assam,Charaideo,14646.495067264577,2299.760513372032,15392.545506655584,2376.1179486947344,5656.113901345294,22602.35515695069,6433.417133530525,24202.084304819196
2045,2017,17,Assam,Charaideo,14646.495067264577,2299.760513372032,15392.545506655584,2376.1179486947344,5656.113901345294,22602.35515695069,6433.417133530525,24202.084304819196
2046,2016,17,Assam,Hojai,14646.495067264577,2299.760513372032,15392.545506655584,2376.1179486947344,5656.113901345294,22602.35515695069,6433.417133530525,24202.084304819196
2046,2017,17,Assam,Hojai,14646.495067264577,2299.760513372032,15392.545506655584,2376.1179486947344,5656.113901345294,22602.35515695069,6433.417133530525,24202.084304819196
2047,2016,17,Assam,Majuli,14646.495067264577,2299.760513372032,15392.545506655584,2376.1179486947344,5656.113901345294,22602.35515695069,6433.417133530525,24202.084304819196
2047,2017,17,Assam,Majuli,14646.495067264577,2299.760513372032,15392.545506655584,2376.1179486947344,5656.113901345294,22602.35515695069,6433.417133530525,24202.084304819196
2048,2016,17,Assam,South Salmara - Mankachar,14646.495067264577,2299.760513372032,15392.545506655584,2376.1179486947344,5656.113901345294,22602.35515695069,6433.417133530525,24202.084304819196
2048,2017,17,Assam,South Salmara - Mankachar,14646.495067264577,2299.760513372032,15392.545506655584,2376.1179486947344,5656.113901345294,22602.35515695069,6433.417133530525,24202.084304819196
2049,2016,17,Assam,West Karbi Anglong,14646.495067264577,2299.760513372032,15392.545506655584,2376.1179486947344,5656.113901345294,22602.35515695069,6433.417133530525,24202.084304819196
2049,2017,17,Assam,West Karbi Anglong,14646.495067264577,2299.760513372032,15392.545506655584,2376.1179486947344,5656.113901345294,22602.35515695069,6433.417133530525,24202.084304819196
2050,2016,3,Gujarat,Aravalli,14646.495067264577,2299.760513372032,15392.545506655584,2376.1179486947344,5656.113901345294,22602.35515695069,6433.417133530525,24202.084304819196
2050,2017,3,Gujarat,Aravalli,13359.0,2929.0,17858.0,3820.0,3559.0,19847.0,5064.0,26742.0
2051,2016,3,Gujarat,Botad,14646.495067264577,2299.760513372032,15392.545506655584,2376.1179486947344,5656.113901345294,22602.35515695069,6433.417133530525,24202.084304819196
2051,2017,3,Gujarat,Botad,17561.0,1009.0,6209.0,354.0,9314.0,27884.0,3140.0,9703.0
2052,2016,3,Gujarat,Chhota Udaipur,14646.495067264577,2299.760513372032,15392.545506655584,2376.1179486947344,5656.113901345294,22602.35515695069,6433.417133530525,24202.084304819196
2052,2017,3,Gujarat,Chhota Udaipur,19876.0,2254.0,10852.0,2043.0,4364.0,26494.0,2008.0,14903.0
2053,2016,3,Gujarat,Devbhoomi Dwarka,14646.495067264577,2299.760513372032,15392.545506655584,2376.1179486947344,5656.113901345294,22602.35515695069,6433.417133530525,24202.084304819196
2053,2017,3,Gujarat,Devbhoomi Dwarka,5228.0,620.0,5406.0,581.0,4583.0,10431.0,3192.0,9179.0
2054,2016,3,Gujarat,Gir Somnath,14646.495067264577,2299.760513372032,15392.545506655584,2376.1179486947344,5656.113901345294,22602.35515695069,6433.417133530525,24202.084304819196
2054,2017,3,Gujarat,Gir Somnath,9829.0,1160.0,10570.0,1346.0,3816.0,14805.0,4369.0,16285.0
2055,2016,3,Gujarat,Mahi Sagar,14646.495067264577,2299.760513372032,15392.545506655584,2376.1179486947344,5656.113901345294,22602.35515695069,6433.417133530525,24202.084304819196
2055,2017,3,Gujarat,Mahi Sagar,11896.0,212.0,10551.0,222.0,1427.0,13535.0,1234.0,12007.0
2056,2016,3,Gujarat,Morbi,14646.495067264577,2299.760513372032,15392.545506655584,2376.1179486947344,5656.113901345294,22602.35515695069,6433.417133530525,24202.084304819196
2056,2017,3,Gujarat,Morbi,25555.0,2099.0,20406.0,1610.0,10214.0,37868.0,9259.0,31275.0
2057,2016,4,Haryana,Charkhi Dadri,14646.495067264577,2299.760513372032,15392.545506655584,2376.1179486947344,5656.113901345294,22602.35515695069,6433.417133530525,24202.084304819196
2057,2017,4,Haryana,Charkhi Dadri,14646.495067264577,2299.760513372032,15392.545506655584,2376.1179486947344,5656.113901345294,22602.35515695069,6433.417133530525,24202.084304819196
2058,2016,6,Madhya Pradesh,Agar Malwa,4287.0,350.0,6107.0,396.0,4574.0,9211.0,2113.0,8616.0
2058,2017,6,Madhya Pradesh,Agar Malwa,3519.0,248.0,6179.0,362.0,4029.0,7796.0,1920.0,8461.0
2059,2016,7,Maharashtra,Palghar,534.0,333.0,1186.0,339.0,333.0,1200.0,381.0,1906.0
2059,2017,7,Maharashtra,Palghar,7780.0,481.0,2411.0,837.0,609.0,8870.0,1220.0,4468.0
2060,2016,13,West Bengal,Alipurduar,14646.495067264577,2299.760513372032,15392.545506655584,2376.1179486947344,5656.113901345294,22602.35515695069,6433.417133530525,24202.084304819196
2060,2017,13,West Bengal,Alipurduar,14646.495067264577,2299.760513372032,15392.545506655584,2376.1179486947344,5656.113901345294,22602.35515695069,6433.417133530525,24202.084304819196
2061,2016,13,West Bengal,Jhargram,14646.495067264577,2299.760513372032,15392.545506655584,2376.1179486947344,5656.113901345294,22602.35515695069,6433.417133530525,24202.084304819196
2061,2017,13,West Bengal,Jhargram,14646.495067264577,2299.760513372032,15392.545506655584,2376.1179486947344,5656.113901345294,22602.35515695069,6433.417133530525,24202.084304819196
2063,2016,13,West Bengal,Paschim Bardhaman,14646.495067264577,2299.760513372032,15392.545506655584,2376.1179486947344,5656.113901345294,22602.35515695069,6433.417133530525,24202.084304819196
2063,2017,13,West Bengal,Paschim Bardhaman,14646.495067264577,2299.760513372032,15392.545506655584,2376.1179486947344,5656.113901345294,22602.35515695069,6433.417133530525,24202.084304819196
2101,2016,20,Telangana,Kumurambheem Asifabad,14646.495067264577,2299.760513372032,15392.545506655584,2376.1179486947344,5656.113901345294,22602.35515695069,6433.417133530525,24202.084304819196
2101,2017,20,Telangana,Kumurambheem Asifabad,3268.0,975.0,2066.0,64.0,3090.0,7333.0,1429.0,3559.0
2102,2016,20,Telangana,Macherial,14646.495067264577,2299.760513372032,15392.545506655584,2376.1179486947344,5656.113901345294,22602.35515695069,6433.417133530525,24202.084304819196
2102,2017,20,Telangana,Macherial,4851.0,2755.0,6445.0,1062.0,5568.0,13174.0,3334.0,10841.0
2103,2016,20,Telangana,Nirmal,14646.495067264577,2299.760513372032,15392.545506655584,2376.1179486947344,5656.113901345294,22602.35515695069,6433.417133530525,24202.084304819196
2103,2017,20,Telangana,Nirmal,3823.0,1844.0,13131.0,338.0,3950.0,9617.0,1928.0,15397.0
2104,2016,20,Telangana,Jagityal,14646.495067264577,2299.760513372032,15392.545506655584,2376.1179486947344,5656.113901345294,22602.35515695069,6433.417133530525,24202.084304819196
2104,2017,20,Telangana,Jagityal,3034.0,541.0,6110.0,558.0,1461.0,5036.0,2564.0,9232.0
2105,2016,20,Telangana,Peddapally,14646.495067264577,2299.760513372032,15392.545506655584,2376.1179486947344,5656.113901345294,22602.35515695069,6433.417133530525,24202.084304819196
2105,2017,20,Telangana,Peddapally,5155.0,2089.0,9155.0,1714.0,4636.0,11880.0,3902.0,14771.0
2106,2016,20,Telangana,Rajanna Siricilla,14646.495067264577,2299.760513372032,15392.545506655584,2376.1179486947344,5656.113901345294,22602.35515695069,6433.417133530525,24202.084304819196
2106,2017,20,Telangana,Rajanna Siricilla,1233.0,758.0,3628.0,100.0,1451.0,3442.0,1482.0,5210.0
2107,2016,20,Telangana,Bhadradri,14646.495067264577,2299.760513372032,15392.545506655584,2376.1179486947344,5656.113901345294,22602.35515695069,6433.417133530525,24202.084304819196
2107,2017,20,Telangana,Bhadradri,10324.0,2885.0,8652.0,1669.0,7022.0,20231.0,3972.0,14293.0
2108,2016,20,Telangana,Jogulamba,14646.495067264577,2299.760513372032,15392.545506655584,2376.1179486947344,5656.113901345294,22602.35515695069,6433.417133530525,24202.084304819196
2108,2017,20,Telangana,Jogulamba,6307.0,1862.0,5828.0,993.0,6423.0,14592.0,3264.0,10085.0
2109,2016,20,Telangana,Nagarkurnool,14646.495067264577,2299.760513372032,15392.545506655584,2376.1179486947344,5656.113901345294,22602.35515695069,6433.417133530525,24202.084304819196
2109,2017,20,Telangana,Nagarkurnool,2560.0,1333.0,7772.0,541.0,3122.0,7015.0,2382.0,10695.0
2110,2016,20,Telangana,Wanaparthy,14646.495067264577,2299.760513372032,15392.545506655584,2376.1179486947344,5656.113901345294,22602.35515695069,6433.417133530525,24202.084304819196
2110,2017,20,Telangana,Wanaparthy,2727.0,614.0,4919.0,685.0,1907.0,5248.0,1573.0,7177.0
2111,2016,20,Telangana,Sangareddy,14646.495067264577,2299.760513372032,15392.545506655584,2376.1179486947344,5656.113901345294,22602.35515695069,6433.417133530525,24202.084304819196
2111,2017,20,Telangana,Sangareddy,3503.0,1198.0,3617.0,668.0,4017.0,8718.0,2081.0,6366.0
2112,2016,20,Telangana,Siddipet,14646.495067264577,2299.760513372032,15392.545506655584,2376.1179486947344,5656.113901345294,22602.35515695069,6433.417133530525,24202.084304819196
2112,2017,20,Telangana,Siddipet,5168.0,2082.0,11325.0,1256.0,6680.0,13930.0,4517.0,17098.0
2113,2016,20,Telangana,Suryapet,14646.495067264577,2299.760513372032,15392.545506655584,2376.1179486947344,5656.113901345294,22602.35515695069,6433.417133530525,24202.084304819196
2113,2017,20,Telangana,Suryapet,12343.0,2977.0,20700.0,2628.0,7349.0,22669.0,7414.0,30742.0
2114,2016,20,Telangana,Yadadri Bhuvanagiri,14646.495067264577,2299.760513372032,15392.545506655584,2376.1179486947344,5656.113901345294,22602.35515695069,6433.417133530525,24202.084304819196
2114,2017,20,Telangana,Yadadri Bhuvanagiri,2968.0,2190.0,6349.0,574.0,3301.0,8459.0,2856.0,9779.0
2115,2016,20,Telangana,Kamareddy,14646.495067264577,2299.760513372032,15392.545506655584,2376.1179486947344,5656.113901345294,22602.35515695069,6433.417133530525,24202.084304819196
2115,2017,20,Telangana,Kamareddy,1434.0,957.0,13284.0,1412.0,1382.0,3773.0,4728.0,19424.0
2116,2016,20,Telangana,Malkaigiri,14646.495067264577,2299.760513372032,15392.545506655584,2376.1179486947344,5656.113901345294,22602.35515695069,6433.417133530525,24202.084304819196
2116,2017,20,Telangana,Malkaigiri,18265.0,6516.0,11700.0,3841.0,9156.0,33937.0,6124.0,21665.0
2117,2016,20,Telangana,Vikarabad,14646.495067264577,2299.760513372032,15392.545506655584,2376.1179486947344,5656.113901345294,22602.35515695069,6433.417133530525,24202.084304819196
2117,2017,20,Telangana,Vikarabad,5767.0,718.0,2568.0,287.0,3705.0,10190.0,1832.0,4687.0
2118,2016,20,Telangana,Jayashankar Bhuppaly,14646.495067264577,2299.760513372032,15392.545506655584,2376.1179486947344,5656.113901345294,22602.35515695069,6433.417133530525,24202.084304819196
2118,2017,20,Telangana,Jayashankar Bhuppaly,2514.0,1439.0,6178.0,642.0,1756.0,5709.0,2383.0,9203.0
2119,2016,20,Telangana,Janagaon,14646.495067264577,2299.760513372032,15392.545506655584,2376.1179486947344,5656.113901345294,22602.35515695069,6433.417133530525,24202.084304819196
2119,2017,20,Telangana,Janagaon,3148.0,1545.0,5141.0,662.0,3269.0,7962.0,2755.0,8558.0
2120,2016,20,Telangana,Warangal Urban,14646.495067264577,2299.760513372032,15392.545506655584,2376.1179486947344,5656.113901345294,22602.35515695069,6433.417133530525,24202.084304819196
2120,2017,20,Telangana,Warangal Urban,68460.0,5653.0,33056.0,5433.0,10973.0,85086.0,7854.0,46343.0
2121,2016,20,Telangana,Mahabubabad,14646.495067264577,2299.760513372032,15392.545506655584,2376.1179486947344,5656.113901345294,22602.35515695069,6433.417133530525,24202.084304819196
2121,2017,20,Telangana,Mahabubabad,2137.0,473.0,5730.0,392.0,2272.0,4882.0,1846.0,7968.0
2122,2016,20,Telangana,Narayanpet,14646.495067264577,2299.760513372032,15392.545506655584,2376.1179486947344,5656.113901345294,22602.35515695069,6433.417133530525,24202.084304819196
2122,2017,20,Telangana,Narayanpet,14646.495067264577,2299.760513372032,15392.545506655584,2376.1179486947344,5656.113901345294,22602.35515695069,6433.417133530525,24202.084304819196
2123,2016,20,Telangana,Mulugu,14646.495067264577,2299.760513372032,15392.545506655584,2376.1179486947344,5656.113901345294,22602.35515695069,6433.417133530525,24202.084304819196
2123,2017,20,Telangana,Mulugu,14646.495067264577,2299.760513372032,15392.545506655584,2376.1179486947344,5656.113901345294,22602.35515695069,6433.417133530525,24202.084304819196
2124,2016,11,Tamil Nadu,Tenkasi,14646.495067264577,2299.760513372032,15392.545506655584,2376.1179486947344,5656.113901345294,22602.35515695069,6433.417133530525,24202.084304819196
2124,2017,11,Tamil Nadu,Tenkasi,14646.495067264577,2299.760513372032,15392.545506655584,2376.1179486947344,5656.113901345294,22602.35515695069,6433.417133530525,24202.084304819196
2125,2016,11,Tamil Nadu,Kallakurichi,14646.495067264577,2299.760513372032,15392.545506655584,2376.1179486947344,5656.113901345294,22602.35515695069,6433.417133530525,24202.084304819196
2125,2017,11,Tamil Nadu,Kallakurichi,14646.495067264577,2299.760513372032,15392.545506655584,2376.1179486947344,5656.113901345294,22602.35515695069,6433.417133530525,24202.084304819196
2126,2016,11,Tamil Nadu,Tirupattur,14646.495067264577,2299.760513372032,15392.545506655584,2376.1179486947344,5656.113901345294,22602.35515695069,6433.417133530525,24202.084304819196
2126,2017,11,Tamil Nadu,Tirupattur,14646.495067264577,2299.760513372032,15392.545506655584,2376.1179486947344,5656.113901345294,22602.35515695069,6433.417133530525,24202.084304819196
2127,2016,11,Tamil Nadu,Ranipet,14646.495067264577,2299.760513372032,15392.545506655584,2376.1179486947344,5656.113901345294,22602.35515695069,6433.417133530525,24202.084304819196
2127,2017,11,Tamil Nadu,Ranipet,14646.495067264577,2299.760513372032,15392.545506655584,2376.1179486947344,5656.113901345294,22602.35515695069,6433.417133530525,24202.084304819196
2128,2016,11,Tamil Nadu,Chengalpattu,14646.495067264577,2299.760513372032,15392.545506655584,2376.1179486947344,5656.113901345294,22602.35515695069,6433.417133530525,24202.084304819196
2128,2017,11,Tamil Nadu,Chengalpattu,14646.495067264577,2299.760513372032,15392.545506655584,2376.1179486947344,5656.113901345294,22602.35515695069,6433.417133530525,24202.084304819196
2129,2016,11,Tamil Nadu,Mayiladuthurai,14646.495067264577,2299.760513372032,15392.545506655584,2376.1179486947344,5656.113901345294,22602.35515695069,6433.417133530525,24202.084304819196
2129,2017,11,Tamil Nadu,Mayiladuthurai,14646.495067264577,2299.760513372032,15392.545506655584,2376.1179486947344,5656.113901345294,22602.35515695069,6433.417133530525,24202.084304819196
2130,2016,14,Chhattisgarh,Gaurela-Pendra-Marwahi?,14646.495067264577,2299.760513372032,15392.545506655584,2376.1179486947344,5656.113901345294,22602.35515695069,6433.417133530525,24202.084304819196
2130,2017,14,Chhattisgarh,Gaurela-Pendra-Marwahi?,14646.495067264577,2299.760513372032,15392.545506655584,2376.1179486947344,5656.113901345294,22602.35515695069,6433.417133530525,24202.084304819196
2131,2016,6,Madhya Pradesh,Niwari,14646.495067264577,2299.760513372032,15392.545506655584,2376.1179486947344,5656.113901345294,22602.35515695069,6433.417133530525,24202.084304819196
2131,2017,6,Madhya Pradesh,Niwari,14646.495067264577,2299.760513372032,15392.545506655584,2376.1179486947344,5656.113901345294,22602.35515695069,6433.417133530525,24202.084304819196
