Dist Code,Year,State Code,State Name,Dist Name,RICE IRRIGATED AREA (1000 ha),WHEAT IRRIGATED AREA (1000 ha),KHARIF SORGHUM IRRIGATED AREA (1000 ha),RABI SORGHUM IRRIGATED AREA (1000 ha),SORGHUM IRRIGATED AREA (1000 ha),PEARL MILLET IRRIGATED AREA (1000 ha),MAIZE IRRIGATED AREA (1000 ha),FINGER MILLET IRRIGATED AREA (1000 ha),BARLEY IRRIGATED AREA (1000 ha),CHICKPEA IRRIGATED AREA (1000 ha),PIGEONPEA IRRIGATED AREA (1000 ha),MINOR PULSES IRRIGATED AREA (1000 ha),PULSES IRRIGATED AREA (1000 ha),GROUNDNUT IRRIGATED AREA (1000 ha),SESAMUM IRRIGATED AREA (1000 ha),LINSEED IRRIGATED AREA (1000 ha),SUGARCANE IRRIGATED AREA (1000 ha),COTTON IRRIGATED AREA (1000 ha),FRUITS AND VEGETABLES IRRIGATED AREA (1000 ha),FODDER IRRIGATED AREA (1000 ha)
1,2016,14,Chhattisgarh,Durg,92.02,6.1,0.01,0.0,0.02,0.0,0.18,0.0,0.0,7.55,0.01,0.24,7.8,11.722834033779968,0.01,0.04687606462978414,0.41,0.02,9.88,0.026
1,2017,14,Chhattisgarh,Durg,81.806,6.292,0.001,0.0,0.001,0.005,0.391,0.0,0.0,12.571,0.019,0.415,13.005,0.0,0.015,0.033,0.319,0.049,8.509,0.014
2,2016,14,Chhattisgarh,Bastar,2.06,0.25,0.0,0.0,0.0,0.0,1.09,0.0,0.0,0.05,0.0,0.12,0.17,0.0,0.0,0.01,0.76,0.0,2.11,0.0
2,2017,14,Chhattisgarh,Bastar,2.023,0.435,0.0,0.0,0.0,0.0,1.769,0.0,0.0,0.106,0.0,0.207,0.313,0.0,0.0,0.002,0.613,0.0,2.156,0.0
3,2016,14,Chhattisgarh,Raipur,148.88,2.72,0.0,0.0,0.0,0.0,0.28,0.0,0.0,1.68,0.0,0.22,1.9,0.05,0.04,0.0,0.18,0.01,3.9,0.04
3,2017,14,Chhattisgarh,Raipur,131.62,3.901,0.0,0.0,0.0,0.0,0.32,0.0,0.0,2.568,0.022,0.355,2.945,0.046,0.063,0.03,0.168,0.013,3.985,0.013
4,2016,14,Chhattisgarh,Bilaspur,90.56,5.02,0.0,0.0,0.0,0.0,0.0,0.0,0.0,0.91,0.0,0.32,1.23,0.0,0.01,0.03,0.05,0.0,3.31,0.0
4,2017,14,Chhattisgarh,Bilaspur,94.252,5.584,0.0,0.0,0.0,0.0,0.007,0.0,0.0,1.273,0.009,0.186,1.468,0.004,0.0,0.01,0.063,0.0,2.844,0.0
5,2016,14,Chhattisgarh,Raigarh,55.7,2.77,0.0,0.0,0.0,0.0,0.05,0.0,0.0,0.15,0.0,2.28,2.43,2.37,0.01,0.0,0.44,0.0,5.06,0.0
5,2017,14,Chhattisgarh,Raigarh,48.777,2.991,0.0,0.0,0.0,0.0,0.044,0.0,0.0,0.084,0.0,1.126,1.21,1.778,0.01,0.0,0.328,0.0,4.176,0.0
6,2016,14,Chhattisgarh,Surguja,4.92,4.75,0.0,0.0,0.0,0.0,0.09,0.0,0.0,0.0,0.0,0.0,0.0,0.01,0.0,0.0,2.03,0.0,5.07,0.0
6,2017,14,Chhattisgarh,Surguja,5.654,4.975,0.0,0.0,0.0,0.0,0.124,0.0,0.0,0.0,0.0,0.0,0.0,0.001,0.0,0.0,1.97,0.0,5.275,0.0
7,2016,6,Madhya Pradesh,Jabalpur,35.06,125.51,0.0,0.0,0.0,0.0,0.0,0.0,0.0,33.24,0.0,36.18,69.42,0.0,0.0,0.0,2.83,0.0,10.45,0.333
7,2017,6,Madhya Pradesh,Jabalpur,54.33,135.06,0.0,0.0,0.0,0.0,0.0,0.0,0.0,41.74,0.02,36.46,78.22,0.0,0.0,0.0,3.38,0.0,11.3,0.362
8,2016,6,Madhya Pradesh,Balaghat,159.27,10.21,0.0,0.0,0.0,0.0,0.0,0.0,0.0,1.36,0.0,0.68,2.04,0.39,0.0,0.0,1.77,0.0,2.27,0.182
8,2017,6,Madhya Pradesh,Balaghat,150.87,10.84,0.0,0.0,0.0,0.0,0.0,0.0,0.0,2.68,0.0,0.54,3.23,0.34,0.0,0.0,2.36,0.0,2.24,0.154
9,2016,6,Madhya Pradesh,Chhindwara,0.15,136.87,0.0,0.0,0.0,0.0,0.04,0.0,0.0,21.97,0.67,6.53,29.16,0.52,0.0,0.03,7.94,3.71,31.04,0.265
9,2017,6,Madhya Pradesh,Chhindwara,0.21,167.17,0.0,0.0,0.0,0.0,0.0,0.0,0.0,22.48,0.69,5.93,29.1,0.28,0.0,0.07,7.14,4.64,27.55,0.121
10,2016,6,Madhya Pradesh,Narsinghpur,28.54,101.35,0.0,0.0,0.0,0.0,0.0,0.0,0.0,65.34,0.0,36.86,102.2,0.0,0.0,0.0,58.06,0.0,5.79,0.694
10,2017,6,Madhya Pradesh,Narsinghpur,27.63,95.13,0.0,0.0,0.0,0.0,0.0,0.0,0.0,83.86,0.0,25.37,109.23,0.0,0.0,0.0,58.68,0.0,4.29,0.72
11,2016,6,Madhya Pradesh,Seoni,46.02,126.76,0.0,0.0,0.0,0.0,0.28,0.0,0.0,14.79,0.0,4.11,18.9,0.19,0.0,0.08,0.92,0.0,5.72,0.012
11,2017,6,Madhya Pradesh,Seoni,39.02,143.98,0.0,0.0,0.0,0.0,0.35,0.0,0.0,15.57,0.0,4.22,19.78,0.02,0.1,0.02,0.88,0.0,4.93,0.009
12,2016,6,Madhya Pradesh,Mandla,19.99,25.76,0.0,0.0,0.0,0.0,0.0,0.0,0.0,0.34,0.0,0.08,0.42,0.0,0.0,0.02,3.02,0.0,1.86,0.008
12,2017,6,Madhya Pradesh,Mandla,23.59,26.77,0.0,0.0,0.0,0.0,0.0,0.0,0.0,0.41,0.0,0.1,0.51,0.0,0.0,0.01,2.81,0.0,1.71,0.009
13,2016,6,Madhya Pradesh,Sagar,0.0,218.84,0.0,0.0,0.0,0.0,0.0,0.0,1.76,86.63,0.0,27.78,114.42,0.0,0.0,0.18,0.42,0.0,12.16,0.0
13,2017,6,Madhya Pradesh,Sagar,0.0,230.22,0.01,0.0,0.01,0.0,0.0,0.0,0.76,108.34,0.0,42.7,151.05,0.0,0.0,0.16,0.29,0.0,8.88,0.0
14,2016,6,Madhya Pradesh,Damoh,3.73,82.14,0.0,0.0,0.0,0.0,0.0,0.0,0.0,85.69,0.0,24.11,109.8,0.0,0.0,0.0,0.24,0.0,3.41,0.0
14,2017,6,Madhya Pradesh,Damoh,3.77,98.79,0.0,0.0,0.0,0.0,0.0,0.0,0.01,97.58,0.0,2.43,100.0,0.0,0.0,0.0,0.04,0.0,0.8,0.0
15,2016,6,Madhya Pradesh,Tikamgarh,0.0,161.59,0.0,0.0,0.0,0.0,0.0,0.0,13.25,7.83,0.0,10.09,17.92,18.42,0.0,0.0,0.3,0.0,11.65,1.747
15,2017,6,Madhya Pradesh,Tikamgarh,0.0,97.35,0.0,0.0,0.0,0.0,0.0,0.0,6.15,7.32,0.0,4.87,12.19,14.91,0.0,0.02,0.14,0.0,4.73,0.434
16,2016,6,Madhya Pradesh,Chhatarpur,0.02,179.3,0.0,0.0,0.0,0.0,0.0,0.0,18.67,29.51,0.0,10.01,39.51,0.01,0.0,0.22,0.19,0.0,5.66,0.389
16,2017,6,Madhya Pradesh,Chhatarpur,0.0,173.07,0.0,0.0,0.0,0.0,0.0,0.0,12.31,35.78,0.0,10.88,46.66,0.01,0.0,5.53,0.09,0.0,4.47,6.873
17,2016,6,Madhya Pradesh,Panna,11.84,60.77,0.0,0.0,0.01,0.0,0.0,0.0,1.32,33.91,0.0,12.36,46.26,0.0,0.0,0.0,0.22,0.0,3.91,0.0
17,2017,6,Madhya Pradesh,Panna,13.53,65.86,0.0,0.0,0.0,0.0,0.0,0.0,1.09,45.81,0.13,10.95,56.89,0.0,0.0,0.03,0.08,0.0,2.1,0.0
18,2016,6,Madhya Pradesh,Rewa,45.82,111.52,0.0,0.0,0.0,0.0,0.0,0.0,0.51,5.04,0.0,0.59,5.63,0.0,0.0,0.01,0.03,0.0,7.7,0.093
18,2017,6,Madhya Pradesh,Rewa,58.01,125.02,0.0,0.0,0.0,0.0,0.0,0.0,0.62,6.17,0.0,0.75,6.92,0.0,0.0,0.39,0.04,0.0,7.37,0.131
19,2016,6,Madhya Pradesh,Sidhi,25.46,44.18,0.0,0.0,0.0,0.0,0.0,0.0,0.06,0.62,0.0,0.21,0.83,0.0,0.0,0.0,0.0,0.0,1.73,0.0
19,2017,6,Madhya Pradesh,Sidhi,29.78,46.76,0.0,0.0,0.0,0.0,0.0,0.0,0.08,0.63,0.0,0.18,0.81,0.0,0.0,0.0,0.0,0.0,1.79,0.0
20,2016,6,Madhya Pradesh,Satna,27.01,133.34,0.0,0.0,0.0,0.0,0.0,0.0,3.97,24.59,0.0,2.29,26.87,0.0,0.0,0.01,0.19,0.0,11.78,0.012
20,2017,6,Madhya Pradesh,Satna,46.89,164.14,0.0,0.0,0.0,0.0,0.0,0.0,3.74,19.46,0.03,1.88,21.36,0.02,0.02,0.01,0.22,0.0,2.35,0.013
21,2016,6,Madhya Pradesh,Shahdol,0.0,27.21,0.0,0.0,0.0,0.0,0.0,0.0,0.14,1.66,0.0,0.33,1.98,0.0,0.0,0.03,0.01,0.0,2.36,0.0
21,2017,6,Madhya Pradesh,Shahdol,0.0,27.22,0.0,0.0,0.0,0.0,0.0,0.0,0.15,1.56,0.0,0.34,1.9,0.0,0.0,0.07,0.05,0.0,2.16,0.0
22,2016,6,Madhya Pradesh,Gwalior,58.81,114.67,0.0,0.0,0.0,0.0,0.01,0.0,0.68,1.99,0.0,2.34,4.33,0.0,0.0,0.0,1.18,0.0,3.35,2.73
22,2017,6,Madhya Pradesh,Gwalior,30.19,91.42,0.93,0.0,0.93,0.0,0.0,0.0,0.61,5.24,0.0,4.4,9.63,0.0,0.0,0.0,2.25,0.0,3.11,3.247
23,2016,6,Madhya Pradesh,Shivpuri,12.56,187.13,0.0,0.0,0.0,0.0,0.0,0.0,2.87,50.03,0.0,4.73,54.76,0.0,0.0,0.02,0.88,0.0,7.24,2.464
23,2017,6,Madhya Pradesh,Shivpuri,10.12,180.64,0.0,0.0,0.0,0.0,0.0,0.0,2.78,76.34,0.0,4.25,80.59,0.0,0.0,0.0,0.72,0.0,6.51,1.286
24,2016,6,Madhya Pradesh,Guna,0.29,135.0,0.0,0.0,0.0,0.0,0.0,0.0,0.01,60.45,0.0,1.22,61.67,0.0,0.0,0.0,0.49,0.0,1.31,0.0
24,2017,6,Madhya Pradesh,Guna,0.35,87.29,0.0,0.0,0.0,0.0,0.0,0.0,0.0,161.12,0.0,1.42,162.54,0.0,0.0,0.0,0.58,0.0,1.55,0.17
25,2016,6,Madhya Pradesh,Datia,15.35,143.66,0.0,0.0,0.0,0.0,0.0,0.0,4.19,7.46,0.0,18.7,26.16,0.1,0.0,0.0,5.71,0.0,2.08,1.753
25,2017,6,Madhya Pradesh,Datia,15.2,148.51,0.0,0.0,0.0,0.0,0.0,0.0,3.76,10.44,0.0,14.72,25.16,0.21,0.0,0.0,6.62,0.0,2.03,1.494
26,2016,6,Madhya Pradesh,Morena,1.05,119.74,0.02,0.0,0.02,0.0,0.0,0.0,1.85,3.43,4.93,0.57,8.92,0.0,0.0,0.0,0.37,0.0,5.56,1.689
26,2017,6,Madhya Pradesh,Morena,2.01,118.66,0.0,0.0,0.0,0.04,0.0,0.0,1.09,3.62,3.88,0.47,7.97,0.0,0.01,0.01,0.18,0.0,4.84,1.061
27,2016,6,Madhya Pradesh,Bhind,7.0,125.8,0.0,0.0,0.0,0.0,0.0,0.0,4.21,0.88,0.0,7.2,8.07,0.0,0.0,0.0,0.02,0.0,2.03,2.951
27,2017,6,Madhya Pradesh,Bhind,6.53,113.94,0.01,0.0,0.01,0.09,0.0,0.0,3.43,0.99,0.0,3.88,4.86,0.0,0.0,0.0,0.01,0.0,1.65,2.2
28,2016,6,Madhya Pradesh,Indore,0.0,120.29,0.0,0.0,0.0,0.0,0.0,0.0,0.0,58.24,0.0,0.95,59.18,0.0,0.0,0.0,0.04,0.01,27.88,1.578
28,2017,6,Madhya Pradesh,Indore,0.0,141.73,0.0,0.01,0.01,0.0,0.01,0.0,0.0,44.09,0.0,0.95,45.05,0.0,0.0,0.0,0.03,0.0,29.43,0.95
29,2016,6,Madhya Pradesh,Ratlam,0.0,119.24,0.0,0.0,0.0,0.0,0.52,0.0,0.03,36.93,0.0,4.22,41.14,0.0,0.0,2.05,0.01,1.77,7.13,2.061
29,2017,6,Madhya Pradesh,Ratlam,0.0,127.25,0.0,0.0,0.0,0.0,0.31,0.0,0.03,50.06,0.0,4.74,54.8,0.0,0.0,2.91,0.01,0.77,9.26,1.759
30,2016,6,Madhya Pradesh,Ujjain,0.0,271.28,0.0,0.0,0.0,0.0,0.0,0.0,0.0,72.04,0.0,1.8,73.83,0.0,0.0,0.03,0.03,0.0,27.73,2.775
30,2017,6,Madhya Pradesh,Ujjain,0.0,241.4,0.0,0.0,0.0,0.0,0.0,0.0,0.01,122.12,0.0,3.75,125.87,0.0,0.0,0.11,0.02,0.0,31.04,2.066
31,2016,6,Madhya Pradesh,Mandsaur,0.0,101.81,0.0,0.0,0.0,0.0,0.0,0.0,0.25,12.05,0.0,8.0,20.05,0.0,0.0,4.74,0.0,0.26,9.86,2.308
31,2017,6,Madhya Pradesh,Mandsaur,0.0,111.36,0.0,0.0,0.0,0.0,0.0,0.0,0.28,25.9,0.0,8.1,34.0,0.0,0.0,8.32,0.01,0.23,10.0,2.235
32,2016,6,Madhya Pradesh,Dewas,0.0,205.17,0.0,0.0,0.0,0.0,0.0,0.0,0.0,77.23,0.0,1.22,78.45,0.0,0.0,0.0,0.15,2.19,27.7,1.529
32,2017,6,Madhya Pradesh,Dewas,0.0,146.79,0.0,0.0,0.0,0.0,0.0,0.0,0.22,219.34,0.0,1.75,221.09,0.0,0.0,0.0,0.21,2.62,14.94,0.182
33,2016,6,Madhya Pradesh,Dhar,0.0,241.61,0.0,0.04,0.04,0.0,7.68,0.0,0.0,51.49,0.06,1.33,52.89,0.0,0.0,0.02,2.57,66.8,19.12,1.878
33,2017,6,Madhya Pradesh,Dhar,0.0,183.58,0.0,0.0,0.0,0.0,3.99,0.0,0.01,128.12,0.05,1.28,129.46,0.02,0.02,0.0,2.53,69.66,19.17,2.59
34,2016,6,Madhya Pradesh,Jhabua,0.0,41.3,0.0,0.0,0.0,0.0,5.87,0.0,0.09,7.89,0.0,0.1,7.99,0.0,0.0,0.0,0.02,4.5,3.39,0.156
34,2017,6,Madhya Pradesh,Jhabua,0.0,55.68,0.0,0.0,0.0,0.0,6.71,0.0,0.02,9.4,0.0,0.08,9.48,0.0,0.0,0.0,0.01,5.05,2.74,0.184
35,2016,6,Madhya Pradesh,Khargone,0.0,141.31,0.0,0.0,0.0,0.0,5.3,0.0,0.0,32.32,1.06,0.14,33.52,0.62,0.0,0.0,2.16,165.65,7.9,1.899
35,2017,6,Madhya Pradesh,Khargone,0.0,158.29,0.0,0.01,0.01,0.0,4.74,0.0,0.0,118.95,0.84,0.08,119.86,0.3,0.01,0.01,2.92,173.87,7.72,0.647
36,2016,6,Madhya Pradesh,Khandwa,0.0,116.62,0.0,0.0,0.0,0.0,4.43,0.0,0.0,17.03,2.2,2.49,21.72,0.0,0.0,0.05,0.36,33.85,16.76,0.033
36,2017,6,Madhya Pradesh,Khandwa,0.0,122.8,0.0,0.01,0.01,0.0,3.96,0.0,0.0,43.78,2.51,1.38,47.67,0.0,0.0,0.03,0.46,24.42,12.58,0.029
37,2016,6,Madhya Pradesh,Sehore,28.13,257.94,0.0,0.0,0.0,0.0,0.0,0.0,0.01,62.55,0.0,38.03,100.58,0.0,0.0,0.02,1.23,0.0,9.14,2.743
37,2017,6,Madhya Pradesh,Sehore,31.7,246.18,0.0,0.0,0.0,0.0,0.0,0.0,0.03,77.7,0.0,41.74,119.44,0.0,0.0,0.01,0.95,0.0,8.08,3.402
38,2016,6,Madhya Pradesh,Raisen,108.78,227.14,0.0,0.0,0.0,0.0,0.0,0.0,0.03,72.66,0.0,7.18,79.83,0.0,0.0,0.0,0.82,0.0,4.25,0.396
38,2017,6,Madhya Pradesh,Raisen,126.74,216.06,0.0,0.0,0.0,0.0,0.0,0.0,0.02,96.2,0.0,6.88,103.09,0.0,0.0,0.0,1.2,0.0,3.54,0.428
39,2016,6,Madhya Pradesh,Vidisha,0.08,282.05,0.0,0.0,0.0,0.0,0.0,0.0,0.15,102.44,0.0,31.01,133.45,0.0,0.0,0.0,0.16,0.0,6.04,0.299
39,2017,6,Madhya Pradesh,Vidisha,0.25,229.3,0.0,0.0,0.0,0.0,0.0,0.0,0.11,180.55,0.0,36.96,217.51,0.0,0.0,0.0,0.05,0.0,4.19,0.469
40,2016,6,Madhya Pradesh,Betul,12.7,138.86,0.0,0.0,0.0,0.0,0.28,0.0,0.0,13.94,0.0,4.72,18.66,0.0,0.0,0.01,12.83,0.39,7.47,0.008
40,2017,6,Madhya Pradesh,Betul,13.44,153.15,0.0,0.0,0.0,0.0,0.0,0.0,0.0,13.99,0.0,4.29,18.27,0.0,0.01,0.01,13.81,0.03,2.94,0.076
41,2016,6,Madhya Pradesh,Rajgarh,0.0,202.42,0.0,0.0,0.0,0.0,0.0,0.0,0.12,56.26,0.0,28.67,84.93,0.0,0.0,0.0,0.01,0.0,8.96,2.752
41,2017,6,Madhya Pradesh,Rajgarh,0.0,186.63,0.0,0.0,0.0,0.0,0.0,0.0,0.13,73.31,0.0,42.0,115.31,0.0,0.0,0.01,0.01,0.0,10.51,1.972
42,2016,6,Madhya Pradesh,Shajapur,0.0,134.09,0.0,0.0,0.0,0.0,0.0,0.0,0.01,25.31,0.0,20.4,45.71,0.0,0.0,0.0,0.04,0.0,20.97,1.637
42,2017,6,Madhya Pradesh,Shajapur,0.0,111.35,0.0,0.0,0.0,0.0,0.0,0.0,0.0,44.85,0.0,28.59,73.44,0.0,0.0,0.0,0.03,0.0,20.63,1.323
43,2016,6,Madhya Pradesh,Hoshangabad,101.12,277.68,0.0,0.02,0.02,0.0,0.0,0.0,0.01,12.36,0.01,64.17,76.53,0.0,0.01,0.01,3.32,0.0,3.93,0.605
43,2017,6,Madhya Pradesh,Hoshangabad,103.94,269.5,0.0,0.0,0.0,0.0,0.08,0.0,0.0,31.6,0.0,85.3,116.91,0.0,0.03,0.0,4.15,0.0,2.84,0.366
44,2016,1,Andhra Pradesh,Srikakulam,179.02,103.5285444566669,0.1111599838067184,0.01,0.01,1.9262954618610135,6.57,0.71,0.838791517309739,6.609493929711032,0.0,0.04460219806688853,0.0,3.97,0.186069185240257,0.04687606462978414,9.73,3.106992256667674,6.91,3.456050940844997
44,2017,1,Andhra Pradesh,Srikakulam,185.86,0.0,0.0,0.0,0.0,0.0,21.81,3.91,0.0,0.0,0.0,0.0,0.0,5.37,0.0,0.0,10.5,0.0,6.28,0.0
45,2016,1,Andhra Pradesh,Visakhapatnam,88.8,91.68799512559704,0.12536551594918838,0.39002598815002426,0.5950344304881086,0.4918624007905441,1.29,0.22,0.838791517309739,6.167536805820945,0.28730642458832245,3.061038063512704,9.69747390835456,0.63,0.01,0.028089477587975725,41.0,2.550302010345655,8.63,0.755
45,2017,1,Andhra Pradesh,Visakhapatnam,89.12,0.0,0.0,0.0,0.0,0.0,1.34,0.29,0.0,0.0,0.0,0.0,0.0,0.61,0.44,0.0,45.25,0.0,8.06,1.18
46,2016,1,Andhra Pradesh,East Godavari,372.49,227.63261253774948,0.1111599838067184,0.08,0.08,4.120513885702053,9.69,0.0077032764855216596,0.838791517309739,6.609493929711032,1.6990798777341278,0.17,0.17,0.13,0.06,0.04687606462978414,19.63,0.08,37.18,0.339
46,2017,1,Andhra Pradesh,East Godavari,375.58,0.0,0.0,0.04,0.04,0.0,11.26,0.0,0.0,0.12,0.0,0.01,0.13,0.06,0.08,0.0,19.6,0.02,34.28,0.427
47,2016,1,Andhra Pradesh,West Godavari,398.3,211.1127891694859,0.023339448749275384,0.0,0.0,1.9262954618610135,58.29,0.07393441412150442,0.838791517309739,6.609493929711032,0.06,7.42,7.47,4.08,0.26,0.04687606462978414,17.55,0.7,27.18,0.669
47,2017,1,Andhra Pradesh,West Godavari,392.44,0.01,0.0,0.0,0.0,0.0,59.43,0.0,0.0,0.02,0.05,11.66,11.73,2.55,0.27,0.0,17.63,0.6,27.9,0.847
48,2016,1,Andhra Pradesh,Krishna,231.41,137.0809769326066,0.1111599838067184,0.01,0.01,0.3179314359550114,16.99,0.183013077245408,0.838791517309739,6.609493929711032,1.3775307030967823,0.18,0.18,0.28,0.07,0.04687606462978414,20.75,7.768769785526741,16.6,1.338
48,2017,1,Andhra Pradesh,Krishna,258.73,0.0,0.01,0.52,0.54,0.0,25.66,0.0,0.0,0.0,0.0,0.0,0.0,0.47,0.0,0.0,23.26,0.11,25.12,1.459
49,2016,1,Andhra Pradesh,Guntur,175.94,85.20740634608852,1.125958268589971,8.28,8.28,2.7675091913086116,35.04,0.25063305126486257,0.838791517309739,4.3181506975144845,11.44,2.6801702428937304,11.44,3.38,1.0729295655337667,0.04687606462978414,0.46,59.19,22.23,0.261
49,2017,1,Andhra Pradesh,Guntur,202.49,0.0,0.0,33.85,33.85,0.0,58.1,0.3,0.0,0.0,0.83,20.21,21.04,3.87,0.0,0.0,0.32,53.51,23.57,0.791
50,2016,1,Andhra Pradesh,S.P.S.Nellore,204.01,122.68827342706032,0.1111599838067184,0.43,0.43,1.14,0.92,0.18,0.838791517309739,6.609493929711032,0.9837507928660955,0.15,0.15,15.56,0.3452035988753214,0.04687606462978414,2.07,7.46,26.24,0.148
50,2017,1,Andhra Pradesh,S.P.S.Nellore,224.34,0.0,0.0,0.26,0.26,1.27,0.85,0.1,0.0,0.0,0.0,0.0,0.0,12.06,0.0,0.0,1.65,4.71,25.25,0.277
51,2016,1,Andhra Pradesh,Kurnool,107.49,65.64438833096635,1.88,15.13,17.01,0.16,18.33,0.33585243566870454,0.9478158264891092,9.52,3.88,20.0,33.4,18.62,0.19,0.020141076664190675,0.5,16.32,39.61,0.022
51,2017,1,Andhra Pradesh,Kurnool,100.65,0.0,0.38,15.59,15.96,0.18,27.71,0.0,0.0,14.41,1.59,9.18,25.18,15.22,0.93,0.0,0.66,11.45,30.1,0.005
52,2016,1,Andhra Pradesh,Anantapur,22.88,59.322548192186744,0.09,0.99,1.09,1.43,7.66,2.05,1.5410452776778454,0.37,0.04,0.11,0.51,31.63,0.6159236032659805,0.0629384592744774,0.21,3.19,73.03,0.433
52,2017,1,Andhra Pradesh,Anantapur,30.89,0.01,0.7,1.61,2.31,2.1,9.82,1.92,0.0,0.64,0.03,0.2,0.87,32.72,0.0,0.0,0.12,2.76,76.26,0.223
53,2016,1,Andhra Pradesh,Kadapa YSR,50.33,0.0,0.21,2.07,2.28,3.73,2.66,0.15,0.5374715203015831,0.66,0.07,1.47,2.2,18.67,4.15,0.22,0.35,3.85,59.08,0.834
53,2017,1,Andhra Pradesh,Kadapa YSR,54.98,0.01,0.21,1.47,1.68,5.36,3.27,0.17,0.0,0.21,0.11,1.05,1.37,23.14,2.87,0.22,0.46,4.36,69.76,0.705
54,2016,1,Andhra Pradesh,Chittoor,46.68,86.35189043788507,0.20610674782826024,0.2696880195101595,0.30889818418362397,1.4,1.67,1.22,1.8104994358405637,0.0,0.05,2.29,2.34,21.25,0.64,0.04965414067625121,35.37,0.76,53.6,6.647
54,2017,1,Andhra Pradesh,Chittoor,64.77,0.0,0.01,0.02,0.03,0.93,1.8,1.62,0.0,0.0,0.04,1.7,1.74,20.41,0.37,0.01,35.36,0.5,58.0,7.695
55,2016,20,Telangana,Hyderabad,47.01976313276025,56.65204497035457,0.1080683886329922,0.3799574237125202,0.5046674108329201,1.9073150785567023,4.132510983763142,0.3079757120833313,0.8094260103953461,6.529436567757514,0.5356575902319936,3.2896311705700487,10.19107673706325,5.3981987760765175,0.2209658499351308,0.045850834082436766,7.5041996686820935,7.726752834214871,8.112705826170007,3.0313528880499003
55,2017,20,Telangana,Hyderabad,47.01976313276025,56.65204497035457,0.1080683886329922,0.3799574237125202,0.5046674108329201,1.9073150785567023,4.132510983763142,0.3079757120833313,0.8094260103953461,6.529436567757514,0.5356575902319936,3.2896311705700487,10.19107673706325,5.3981987760765175,0.2209658499351308,0.045850834082436766,7.5041996686820935,7.726752834214871,8.112705826170007,3.0313528880499003
56,2016,20,Telangana,Nizamabad,186.02,0.12,0.07484863550146473,0.13,0.13,9.37,24.1,0.5191489616645917,0.1642211556659121,0.9834994442286771,0.024,0.663,0.687,0.343,3.225,0.04687606462978414,0.604,14.518061432192303,5.753,19.569
56,2017,20,Telangana,Nizamabad,173.28,0.08,0.0,0.05,0.05,4.75,26.34,0.0,0.0,0.162,0.0,0.371,0.533,0.221,3.853,0.0,0.632,0.0,5.272,19.757
57,2016,20,Telangana,Medak,77.22,0.25,0.10290480024707177,0.5,0.5,0.0,9.93,0.47920487043546245,0.838791517309739,6.609493929711032,0.001,0.069,0.07,0.309,0.011,0.04687606462978414,1.799,7.768769785526741,5.367,0.024
57,2017,20,Telangana,Medak,77.54,0.19,0.0,0.47,0.47,0.0,5.99,0.0,0.0,0.0,0.0,0.02,0.02,0.118,0.003,0.0,2.623,0.0,5.207,0.005
58,2016,20,Telangana,Mahabubnagar,52.12,41.00226205583956,0.07956175909162423,0.11,0.11,3.9975445674990766,0.42,0.233,0.39902442798004584,0.005,0.0676051488300195,0.076,0.081,14.864,0.17866415979242592,0.037059019068931776,0.993,0.002,12.124,0.813
58,2017,20,Telangana,Mahabubnagar,58.77,0.0,0.0,0.04,0.04,0.0,0.18,0.244,0.0,0.004,0.0,0.017,0.021,18.934,0.199,0.0,0.952,0.0,12.274,0.983
59,2016,20,Telangana,Nalgonda,137.55,0.0,0.1111599838067184,0.5220585347257959,0.43690118701066294,7.073939756068257,0.2,0.5219544627208708,0.838791517309739,6.609493929711032,2.125596604172701,0.817,0.817,4.764,0.098,0.04687606462978414,0.756,1.359,36.306,0.093
59,2017,20,Telangana,Nalgonda,160.74,0.0,0.0,0.0,0.0,0.0,0.04,0.0,0.0,0.0,0.0,0.303,0.303,4.965,0.0,0.0,0.517,0.0,30.219,0.129
60,2016,20,Telangana,Warangal,56.85,63.32637055625325,0.10124836491323413,0.02,0.02,1.4771282807205495,23.64,0.2697283460024469,0.9146167109728841,0.092,0.002,0.361,0.455,4.48,0.077,0.02209316324445243,11.614841380134923,43.124,8.254,6.329131558862044
60,2017,20,Telangana,Warangal,54.0,0.0,0.0,0.0,0.0,0.0,24.24,0.0,0.0,0.588,0.003,0.372,0.963,4.204,0.012,0.0,0.002,50.631,9.593,0.0
61,2016,20,Telangana,Khammam,66.86,54.3924918509504,0.05888607130632269,0.01,0.01,0.30689974831844336,10.35,0.32297241442819336,0.0917852582014903,0.017,0.011,1.638,1.666,2.563,0.006,0.027599358959346856,8.257,7.461,4.576,0.25
61,2017,20,Telangana,Khammam,104.13,0.0,0.0,0.13,0.13,0.0,27.16,0.0,0.0,0.007,0.013,1.079,1.099,1.73,0.002,0.0,7.62,10.2,4.687,0.115
62,2016,20,Telangana,Karimnagar,94.98,58.60648403062737,0.41924535328749096,1.9536051736796867,2.4282243295074637,1.9262954618610135,25.55,0.31840831484293813,0.838791517309739,6.609493929711032,0.01,0.388,0.398,2.331,0.005,0.0026051550460474276,16.581645377682243,15.906,5.861,2.7502912886324618
62,2017,20,Telangana,Karimnagar,101.89,0.0,0.0,0.0,0.0,0.0,14.48,0.0,0.0,0.008,0.007,0.132,0.147,1.834,0.009,0.0,0.0,18.922,4.052,0.0
63,2016,20,Telangana,Adilabad,0.5,1.68,0.46103944251438533,2.62,2.62,0.3512780415326465,1.24,0.4182821401100516,0.47624115284376545,10.621,0.001,0.034,10.656,1.314,0.177,0.049573005204907566,0.01,12.9,2.309,0.037
63,2017,20,Telangana,Adilabad,0.17,1.67,0.0,2.91,2.91,0.0,1.13,0.0,0.0,15.702,0.0,0.033,15.735,1.01,0.198,0.0,0.006,23.739,3.028,0.052
65,2016,5,Karnataka,Kolar,1.16,0.0,0.0,0.0,0.0,0.0,0.13,0.84,0.0,0.0,0.3,0.0,0.3,0.16,0.0,0.0,0.08,0.0,13.0,6.447
65,2017,5,Karnataka,Kolar,1.18,0.0,0.0,0.0,0.0,0.0,0.08,1.31,0.0,0.0,0.08,0.0,0.08,0.03,0.0,0.0,0.01,0.0,11.7,0.537
66,2016,5,Karnataka,Tumkur,10.2,0.0,0.0,0.0,0.0,0.0,3.24,4.94,0.0,0.0,0.58,0.16,0.75,6.37,0.0,0.14,0.86,0.85,14.61,2.094
66,2017,5,Karnataka,Tumkur,4.86,0.0,0.0,0.0,0.0,0.0,2.83,3.18,0.0,0.02,3.34,0.14,3.51,5.08,0.0,0.2,1.15,0.51,15.32,3.433
67,2016,5,Karnataka,Mysore,65.64,0.0,0.0,0.01,0.01,0.0,4.06,1.86,0.0,0.01,0.0,0.26,0.27,0.0,0.0,0.02,5.6,0.0,13.85,0.017
67,2017,5,Karnataka,Mysore,65.13,0.0,0.0,0.0,0.0,0.0,6.04,3.69,0.0,0.02,0.0,0.02,0.04,0.0,0.0,0.0,4.15,0.0,15.42,0.0
68,2016,5,Karnataka,Mandya,43.66,0.0,0.0,0.0,0.0,0.0,1.13,8.9,0.0,0.0,0.2,0.51,0.72,0.08,0.04,0.0,22.87,0.0,11.26,1.085
68,2017,5,Karnataka,Mandya,33.85,0.0,0.0,0.0,0.0,0.0,7.59,29.81,0.0,0.01,0.01,0.01,0.03,0.13,0.0,0.0,20.94,0.0,9.03,0.049
69,2016,5,Karnataka,Hassan,16.38,0.0,0.0,0.0,0.0,0.0,5.68,3.02,0.0,0.0,0.0,0.01,0.01,0.03,0.0,0.0,2.04,0.0,12.6,0.0
69,2017,5,Karnataka,Hassan,11.18,0.0,0.0,0.01,0.01,0.0,4.74,4.97,0.0,0.01,0.0,0.01,0.02,0.12,0.0,0.0,2.16,0.0,15.79,0.0
70,2016,5,Karnataka,Shimoge,73.07,0.0,0.02,0.05,0.07,0.0,5.71,0.19,0.0,0.01,0.17,0.5,0.68,0.04,0.0,0.0,2.63,0.02,6.86,0.012
70,2017,5,Karnataka,Shimoge,64.63,0.0,0.01,0.03,0.04,0.0,13.88,0.11,0.0,0.01,0.09,0.44,0.54,0.12,0.01,0.0,2.16,0.0,6.88,0.05
71,2016,5,Karnataka,Chickmagalur,11.22,0.0,0.01,0.0,0.01,0.0,0.0,0.0,0.0,0.0,0.0,0.2,0.2,0.16,0.0,0.0,1.81,0.0,7.55,0.0
71,2017,5,Karnataka,Chickmagalur,8.24,0.0,0.0,0.0,0.0,0.0,0.02,0.0,0.0,0.0,0.0,0.18,0.18,0.03,0.0,0.0,1.66,0.0,8.39,0.0
72,2016,5,Karnataka,Chitradurga,0.84,0.16,0.72,0.58,1.3,0.0,9.12,4.95,0.0,0.12,0.04,0.32,0.48,1.47,0.0,0.0,0.01,2.73,44.07,0.0
72,2017,5,Karnataka,Chitradurga,1.58,0.27,0.35,0.52,0.87,0.0,7.63,5.35,0.0,0.07,0.01,0.41,0.48,1.55,0.0,0.0,0.0,4.41,44.06,0.005
73,2016,5,Karnataka,Bellary,86.51,0.04,6.88,8.91,15.79,2.56,28.13,0.75,0.0,4.69,2.71,1.39,8.79,6.45,0.22,0.0,9.17,20.89,18.57,0.0
73,2017,5,Karnataka,Bellary,101.6,0.55,4.09,17.0,21.09,1.13,30.2,1.0,0.0,6.32,1.54,1.53,9.38,8.67,0.0,0.0,7.27,27.36,19.58,0.0
74,2016,5,Karnataka,Dharwad,2.73,4.1,0.0,2.19,2.19,0.0,8.56,0.0,0.0,5.12,0.0,0.45,5.57,0.59,0.0,0.0,7.55,3.94,5.85,0.009
74,2017,5,Karnataka,Dharwad,2.67,6.63,0.08,4.7,4.78,0.0,4.07,0.0,0.0,8.81,0.07,1.35,10.23,0.9,0.0,0.0,8.75,4.94,7.51,0.016
75,2016,5,Karnataka,Belgaum,6.48,35.16,11.57,28.44,40.0,0.53,112.62,0.32,0.0,65.36,0.82,1.58,67.75,10.91,0.01,0.0,194.48,13.17,19.06,0.804
75,2017,5,Karnataka,Belgaum,2.61,38.79,1.96,6.45,8.41,0.53,94.72,0.0,0.0,26.22,0.12,0.61,26.94,10.36,0.0,0.0,221.09,6.59,29.69,0.06
76,2016,5,Karnataka,Bijapur,0.01,18.47,0.0,8.81,8.81,11.59,52.39,0.0,0.0,22.94,43.52,0.0,66.46,32.39,0.0,0.0,44.16,9.27,32.97,0.149
76,2017,5,Karnataka,Bijapur,0.03,33.5,0.0,13.81,13.81,2.65,45.29,0.0,0.0,50.69,29.22,0.06,79.97,30.71,0.0,0.0,49.27,9.97,34.57,0.115
77,2016,5,Karnataka,Bidar,0.47,4.0,0.0,1.85,1.85,0.0,0.29,0.0,0.0,6.35,0.0,0.0,6.35,0.05,0.0,0.0,20.69,0.01,2.65,0.006
77,2017,5,Karnataka,Bidar,0.98,2.2,0.0,2.14,2.14,0.0,0.15,0.0,0.0,5.29,0.0,0.0,5.29,0.06,0.0,0.0,19.18,0.0,3.39,0.006
78,2016,5,Karnataka,Raichur,122.46,0.03,0.0,7.74,7.74,6.2,0.96,0.0,0.0,6.7,2.64,0.46,9.8,32.83,0.0,0.0,0.3,12.62,3.04,0.0
78,2017,5,Karnataka,Raichur,110.93,0.08,0.0,19.75,19.75,4.92,0.77,0.0,0.0,20.68,0.72,0.02,21.42,17.98,0.0,0.0,0.0,24.11,1.68,0.0
79,2016,5,Karnataka,Gulbarga,6.81,8.11,0.0,6.42,6.42,0.05,1.53,0.0,0.0,4.83,1.76,0.01,6.6,4.65,0.0,0.0,38.63,10.8,16.93,0.366
79,2017,5,Karnataka,Gulbarga,7.83,9.01,0.0,3.82,3.82,0.0,0.86,0.0,0.0,7.9,3.15,0.0,11.05,7.62,0.0,0.0,43.49,24.9,18.09,0.056
80,2016,5,Karnataka,Dakshina Kannada,10.76,0.0,0.0,0.0,0.0,0.0,0.0,0.0,0.0,0.0,0.0,0.0,0.0,0.0,0.0,0.0,0.01,0.0,3.97,0.0
80,2017,5,Karnataka,Dakshina Kannada,9.82,0.0,0.0,0.0,0.0,0.0,0.0,0.0,0.0,0.0,0.0,0.0,0.0,0.0,0.0,0.0,0.0,0.0,4.21,0.0
81,2016,5,Karnataka,Uttara Kannada,5.54,0.0,0.0,0.0,0.0,0.0,0.43,0.0,0.0,0.0,0.0,0.18,0.18,0.0,0.0,0.0,5.93,0.0,3.65,0.0
81,2017,5,Karnataka,Uttara Kannada,5.46,0.0,0.0,0.0,0.0,0.0,1.03,0.0,0.0,0.01,0.0,0.48,0.48,0.0,0.0,0.0,7.06,0.0,3.72,0.0
82,2016,5,Karnataka,Kodagu,1.39,0.0,0.0,0.0,0.0,0.0,0.02,0.0,0.0,0.0,0.0,0.02,0.02,0.0,0.0,0.0,0.0,0.0,0.0,0.0
82,2017,5,Karnataka,Kodagu,2.3,0.0,0.0,0.0,0.0,0.0,0.0,0.0,0.0,0.0,0.0,0.01,0.01,0.01,0.0,0.0,0.0,0.0,0.0,0.0
83,2016,11,Tamil Nadu,Kancheepuram,67.99,0.0,0.0,0.0,0.0,0.09,0.02,0.31,0.0,0.04,0.04,3.73,3.81,8.37,0.8,0.0,2.02,0.0,5.72,0.002
83,2017,11,Tamil Nadu,Kancheepuram,89.352,0.004,0.001,0.005,0.043,0.0,0.156,0.0,0.0,0.0,0.003,0.003,0.0,89.559,0.0,0.017,0.576,1.969,2.545,2.562
84,2016,11,Tamil Nadu,South Arcot Cuddalore,131.91,0.0,0.0,0.0,0.0,1.21,0.77,0.04,0.0,0.0,0.0,3.21,3.21,6.3,0.89,0.0,21.63,0.15,13.06,0.022
84,2017,11,Tamil Nadu,South Arcot Cuddalore,131.222,0.003,0.0,0.003,1.964,0.749,0.12,0.0,0.0,0.004,0.0,0.004,0.0,134.062,0.0,0.005,0.013,2.773,2.786,2.791
85,2016,11,Tamil Nadu,North Arcot Vellore,44.57,0.0,0.01,0.17,0.17,1.29,2.15,2.74,0.0,0.0,0.0,2.59,2.59,2.67,0.25,0.0,5.94,0.19,10.09,0.614
85,2017,11,Tamil Nadu,North Arcot Vellore,54.938,0.141,0.113,0.254,0.281,1.834,4.578,0.0,0.0,0.003,0.0,0.003,0.0,61.888,0.0,0.036,0.031,1.792,1.823,1.859
86,2016,11,Tamil Nadu,Salem,3.99,0.0,1.24,2.9,4.14,0.25,14.44,0.54,0.0,0.01,0.4,1.34,1.75,1.74,0.23,0.0,5.96,4.62,18.9,1.108
86,2017,11,Tamil Nadu,Salem,17.581,1.599,9.133,10.732,0.046,24.549,2.325,0.0,0.0,0.0,0.002,0.002,0.0,55.235,0.0,0.279,0.641,1.075,1.716,1.995
87,2016,11,Tamil Nadu,Coimbatore,0.87,0.0,0.52,0.74,1.26,0.01,2.63,0.0,0.0,0.0,0.02,0.63,0.64,0.21,0.01,0.0,0.79,0.26,15.88,0.824
87,2017,11,Tamil Nadu,Coimbatore,0.68,0.274,0.152,0.426,0.065,2.805,0.001,0.0,0.0,0.002,0.0,0.002,0.0,3.979,0.0,0.002,0.329,0.161,0.49,0.492
88,2016,11,Tamil Nadu,Tiruchirapalli Trichy,26.87,0.0,0.57,1.18,1.75,0.06,0.29,0.0,0.0,0.0,0.05,0.99,1.05,1.27,0.68,0.0,2.38,1.0,14.08,0.264
88,2017,11,Tamil Nadu,Tiruchirapalli Trichy,46.553,0.216,1.125,1.341,0.035,0.375,0.001,0.0,0.0,0.001,0.0,0.001,0.0,48.306,0.001,0.02,0.125,0.942,1.067,1.088
89,2016,11,Tamil Nadu,Thanjavur,147.19,0.0,0.0,0.0,0.0,0.0,0.54,0.01,0.0,0.0,0.06,14.64,14.7,7.2,2.1,0.0,5.66,1.74,4.38,0.22
89,2017,11,Tamil Nadu,Thanjavur,170.697,0.004,0.001,0.005,0.003,0.9,0.003,0.0,0.0,0.017,0.002,0.019,0.0,171.627,0.003,0.072,7.193,8.345,15.538,15.613
90,2016,11,Tamil Nadu,Madurai,10.41,0.0,0.05,1.02,1.07,0.07,3.78,0.04,0.0,0.0,0.08,1.06,1.15,0.29,0.14,0.0,2.72,2.31,9.09,0.053
90,2017,11,Tamil Nadu,Madurai,20.928,1.22,0.487,1.707,0.149,0.304,0.001,0.0,0.0,0.0,0.002,0.002,0.0,23.091,0.0,0.087,0.597,0.34,0.937,1.024
91,2016,11,Tamil Nadu,Ramananthapuram,50.37,0.0,0.0,0.14,0.14,0.02,0.05,0.04,0.0,0.0,0.0,0.12,0.12,0.1,0.09,0.0,0.32,0.71,0.88,0.009
91,2017,11,Tamil Nadu,Ramananthapuram,64.159,0.0,0.19,0.19,0.013,0.034,0.068,0.0,0.0,0.0,0.098,0.098,0.0,64.562,0.0,0.001,0.001,0.076,0.077,0.078
92,2016,11,Tamil Nadu,Thirunelveli,29.88,0.0,1.95,0.08,2.04,0.04,1.06,0.01,0.0,0.0,0.03,3.14,3.17,0.78,0.04,0.0,2.44,1.79,21.96,0.171
92,2017,11,Tamil Nadu,Thirunelveli,63.311,0.291,0.038,0.329,0.121,2.209,0.025,0.0,0.0,0.025,0.0,0.025,0.0,66.02,0.0,0.011,0.221,1.565,1.786,1.797
93,2016,11,Tamil Nadu,The Nilgiris,47.01976313276025,56.65204497035457,0.1080683886329922,0.3799574237125202,0.5046674108329201,1.9073150785567023,4.132510983763142,0.3079757120833313,0.8094260103953461,6.529436567757514,0.5356575902319936,3.2896311705700487,10.19107673706325,5.3981987760765175,0.2209658499351308,0.045850834082436766,7.5041996686820935,7.726752834214871,8.112705826170007,3.0313528880499003
93,2017,11,Tamil Nadu,The Nilgiris,0.0,0.0,0.0,0.0,0.0,0.0,0.0,0.006,0.0,0.0,0.0,0.0,0.0,0.006,0.0,0.0,0.0,0.0,0.0,0.0
94,2016,11,Tamil Nadu,Kanyakumari,12.16,0.0,0.0,0.0,0.0,0.0,0.03,0.0,0.0,0.0,0.0,0.04,0.04,0.02,0.0,0.0,0.0,0.0,6.72,0.0
94,2017,11,Tamil Nadu,Kanyakumari,9.628,0.001,0.0,0.001,0.0,0.004,0.0,0.0,0.0,0.0,0.0,0.0,0.0,9.633,0.0,0.0,0.02,0.041,0.061,0.061
96,2016,7,Maharashtra,Thane,47.01976313276025,56.65204497035457,0.1080683886329922,0.3799574237125202,0.5046674108329201,1.9073150785567023,4.132510983763142,0.3079757120833313,0.8094260103953461,6.529436567757514,0.5356575902319936,3.2896311705700487,10.19107673706325,5.3981987760765175,0.2209658499351308,0.045850834082436766,7.5041996686820935,7.726752834214871,8.112705826170007,3.0313528880499003
96,2017,7,Maharashtra,Thane,47.01976313276025,56.65204497035457,0.1080683886329922,0.3799574237125202,0.5046674108329201,1.9073150785567023,4.132510983763142,0.3079757120833313,0.8094260103953461,6.529436567757514,0.5356575902319936,3.2896311705700487,10.19107673706325,5.3981987760765175,0.2209658499351308,0.045850834082436766,7.5041996686820935,7.726752834214871,8.112705826170007,3.0313528880499003
97,2016,7,Maharashtra,Raigarh,47.01976313276025,56.65204497035457,0.1080683886329922,0.3799574237125202,0.5046674108329201,1.9073150785567023,4.132510983763142,0.3079757120833313,0.8094260103953461,6.529436567757514,0.5356575902319936,3.2896311705700487,10.19107673706325,5.3981987760765175,0.2209658499351308,0.045850834082436766,7.5041996686820935,7.726752834214871,8.112705826170007,3.0313528880499003
97,2017,7,Maharashtra,Raigarh,47.01976313276025,56.65204497035457,0.1080683886329922,0.3799574237125202,0.5046674108329201,1.9073150785567023,4.132510983763142,0.3079757120833313,0.8094260103953461,6.529436567757514,0.5356575902319936,3.2896311705700487,10.19107673706325,5.3981987760765175,0.2209658499351308,0.045850834082436766,7.5041996686820935,7.726752834214871,8.112705826170007,3.0313528880499003
98,2016,7,Maharashtra,Ratnagiri,47.01976313276025,56.65204497035457,0.1080683886329922,0.3799574237125202,0.5046674108329201,1.9073150785567023,4.132510983763142,0.3079757120833313,0.8094260103953461,6.529436567757514,0.5356575902319936,3.2896311705700487,10.19107673706325,5.3981987760765175,0.2209658499351308,0.045850834082436766,7.5041996686820935,7.726752834214871,8.112705826170007,3.0313528880499003
98,2017,7,Maharashtra,Ratnagiri,47.01976313276025,56.65204497035457,0.1080683886329922,0.3799574237125202,0.5046674108329201,1.9073150785567023,4.132510983763142,0.3079757120833313,0.8094260103953461,6.529436567757514,0.5356575902319936,3.2896311705700487,10.19107673706325,5.3981987760765175,0.2209658499351308,0.045850834082436766,7.5041996686820935,7.726752834214871,8.112705826170007,3.0313528880499003
99,2016,7,Maharashtra,Nasik,47.01976313276025,56.65204497035457,0.1080683886329922,0.3799574237125202,0.5046674108329201,1.9073150785567023,4.132510983763142,0.3079757120833313,0.8094260103953461,6.529436567757514,0.5356575902319936,3.2896311705700487,10.19107673706325,5.3981987760765175,0.2209658499351308,0.045850834082436766,7.5041996686820935,7.726752834214871,8.112705826170007,3.0313528880499003
99,2017,7,Maharashtra,Nasik,47.01976313276025,56.65204497035457,0.1080683886329922,0.3799574237125202,0.5046674108329201,1.9073150785567023,4.132510983763142,0.3079757120833313,0.8094260103953461,6.529436567757514,0.5356575902319936,3.2896311705700487,10.19107673706325,5.3981987760765175,0.2209658499351308,0.045850834082436766,7.5041996686820935,7.726752834214871,8.112705826170007,3.0313528880499003
100,2016,7,Maharashtra,Dhule,47.01976313276025,56.65204497035457,0.1080683886329922,0.3799574237125202,0.5046674108329201,1.9073150785567023,4.132510983763142,0.3079757120833313,0.8094260103953461,6.529436567757514,0.5356575902319936,3.2896311705700487,10.19107673706325,5.3981987760765175,0.2209658499351308,0.045850834082436766,7.5041996686820935,7.726752834214871,8.112705826170007,3.0313528880499003
100,2017,7,Maharashtra,Dhule,47.01976313276025,56.65204497035457,0.1080683886329922,0.3799574237125202,0.5046674108329201,1.9073150785567023,4.132510983763142,0.3079757120833313,0.8094260103953461,6.529436567757514,0.5356575902319936,3.2896311705700487,10.19107673706325,5.3981987760765175,0.2209658499351308,0.045850834082436766,7.5041996686820935,7.726752834214871,8.112705826170007,3.0313528880499003
101,2016,7,Maharashtra,Jalgaon,47.01976313276025,56.65204497035457,0.1080683886329922,0.3799574237125202,0.5046674108329201,1.9073150785567023,4.132510983763142,0.3079757120833313,0.8094260103953461,6.529436567757514,0.5356575902319936,3.2896311705700487,10.19107673706325,5.3981987760765175,0.2209658499351308,0.045850834082436766,7.5041996686820935,7.726752834214871,8.112705826170007,3.0313528880499003
101,2017,7,Maharashtra,Jalgaon,47.01976313276025,56.65204497035457,0.1080683886329922,0.3799574237125202,0.5046674108329201,1.9073150785567023,4.132510983763142,0.3079757120833313,0.8094260103953461,6.529436567757514,0.5356575902319936,3.2896311705700487,10.19107673706325,5.3981987760765175,0.2209658499351308,0.045850834082436766,7.5041996686820935,7.726752834214871,8.112705826170007,3.0313528880499003
102,2016,7,Maharashtra,Ahmednagar,47.01976313276025,56.65204497035457,0.1080683886329922,0.3799574237125202,0.5046674108329201,1.9073150785567023,4.132510983763142,0.3079757120833313,0.8094260103953461,6.529436567757514,0.5356575902319936,3.2896311705700487,10.19107673706325,5.3981987760765175,0.2209658499351308,0.045850834082436766,7.5041996686820935,7.726752834214871,8.112705826170007,3.0313528880499003
102,2017,7,Maharashtra,Ahmednagar,47.01976313276025,56.65204497035457,0.1080683886329922,0.3799574237125202,0.5046674108329201,1.9073150785567023,4.132510983763142,0.3079757120833313,0.8094260103953461,6.529436567757514,0.5356575902319936,3.2896311705700487,10.19107673706325,5.3981987760765175,0.2209658499351308,0.045850834082436766,7.5041996686820935,7.726752834214871,8.112705826170007,3.0313528880499003
103,2016,7,Maharashtra,Pune,47.01976313276025,56.65204497035457,0.1080683886329922,0.3799574237125202,0.5046674108329201,1.9073150785567023,4.132510983763142,0.3079757120833313,0.8094260103953461,6.529436567757514,0.5356575902319936,3.2896311705700487,10.19107673706325,5.3981987760765175,0.2209658499351308,0.045850834082436766,7.5041996686820935,7.726752834214871,8.112705826170007,3.0313528880499003
103,2017,7,Maharashtra,Pune,47.01976313276025,56.65204497035457,0.1080683886329922,0.3799574237125202,0.5046674108329201,1.9073150785567023,4.132510983763142,0.3079757120833313,0.8094260103953461,6.529436567757514,0.5356575902319936,3.2896311705700487,10.19107673706325,5.3981987760765175,0.2209658499351308,0.045850834082436766,7.5041996686820935,7.726752834214871,8.112705826170007,3.0313528880499003
104,2016,7,Maharashtra,Satara,47.01976313276025,56.65204497035457,0.1080683886329922,0.3799574237125202,0.5046674108329201,1.9073150785567023,4.132510983763142,0.3079757120833313,0.8094260103953461,6.529436567757514,0.5356575902319936,3.2896311705700487,10.19107673706325,5.3981987760765175,0.2209658499351308,0.045850834082436766,7.5041996686820935,7.726752834214871,8.112705826170007,3.0313528880499003
104,2017,7,Maharashtra,Satara,47.01976313276025,56.65204497035457,0.1080683886329922,0.3799574237125202,0.5046674108329201,1.9073150785567023,4.132510983763142,0.3079757120833313,0.8094260103953461,6.529436567757514,0.5356575902319936,3.2896311705700487,10.19107673706325,5.3981987760765175,0.2209658499351308,0.045850834082436766,7.5041996686820935,7.726752834214871,8.112705826170007,3.0313528880499003
105,2016,7,Maharashtra,Sangli,47.01976313276025,56.65204497035457,0.1080683886329922,0.3799574237125202,0.5046674108329201,1.9073150785567023,4.132510983763142,0.3079757120833313,0.8094260103953461,6.529436567757514,0.5356575902319936,3.2896311705700487,10.19107673706325,5.3981987760765175,0.2209658499351308,0.045850834082436766,7.5041996686820935,7.726752834214871,8.112705826170007,3.0313528880499003
105,2017,7,Maharashtra,Sangli,47.01976313276025,56.65204497035457,0.1080683886329922,0.3799574237125202,0.5046674108329201,1.9073150785567023,4.132510983763142,0.3079757120833313,0.8094260103953461,6.529436567757514,0.5356575902319936,3.2896311705700487,10.19107673706325,5.3981987760765175,0.2209658499351308,0.045850834082436766,7.5041996686820935,7.726752834214871,8.112705826170007,3.0313528880499003
106,2016,7,Maharashtra,Solapur,47.01976313276025,56.65204497035457,0.1080683886329922,0.3799574237125202,0.5046674108329201,1.9073150785567023,4.132510983763142,0.3079757120833313,0.8094260103953461,6.529436567757514,0.5356575902319936,3.2896311705700487,10.19107673706325,5.3981987760765175,0.2209658499351308,0.045850834082436766,7.5041996686820935,7.726752834214871,8.112705826170007,3.0313528880499003
106,2017,7,Maharashtra,Solapur,47.01976313276025,56.65204497035457,0.1080683886329922,0.3799574237125202,0.5046674108329201,1.9073150785567023,4.132510983763142,0.3079757120833313,0.8094260103953461,6.529436567757514,0.5356575902319936,3.2896311705700487,10.19107673706325,5.3981987760765175,0.2209658499351308,0.045850834082436766,7.5041996686820935,7.726752834214871,8.112705826170007,3.0313528880499003
107,2016,7,Maharashtra,Kolhapur,47.01976313276025,56.65204497035457,0.1080683886329922,0.3799574237125202,0.5046674108329201,1.9073150785567023,4.132510983763142,0.3079757120833313,0.8094260103953461,6.529436567757514,0.5356575902319936,3.2896311705700487,10.19107673706325,5.3981987760765175,0.2209658499351308,0.045850834082436766,7.5041996686820935,7.726752834214871,8.112705826170007,3.0313528880499003
107,2017,7,Maharashtra,Kolhapur,47.01976313276025,56.65204497035457,0.1080683886329922,0.3799574237125202,0.5046674108329201,1.9073150785567023,4.132510983763142,0.3079757120833313,0.8094260103953461,6.529436567757514,0.5356575902319936,3.2896311705700487,10.19107673706325,5.3981987760765175,0.2209658499351308,0.045850834082436766,7.5041996686820935,7.726752834214871,8.112705826170007,3.0313528880499003
108,2016,7,Maharashtra,Aurangabad,47.01976313276025,56.65204497035457,0.1080683886329922,0.3799574237125202,0.5046674108329201,1.9073150785567023,4.132510983763142,0.3079757120833313,0.8094260103953461,6.529436567757514,0.5356575902319936,3.2896311705700487,10.19107673706325,5.3981987760765175,0.2209658499351308,0.045850834082436766,7.5041996686820935,7.726752834214871,8.112705826170007,3.0313528880499003
108,2017,7,Maharashtra,Aurangabad,47.01976313276025,56.65204497035457,0.1080683886329922,0.3799574237125202,0.5046674108329201,1.9073150785567023,4.132510983763142,0.3079757120833313,0.8094260103953461,6.529436567757514,0.5356575902319936,3.2896311705700487,10.19107673706325,5.3981987760765175,0.2209658499351308,0.045850834082436766,7.5041996686820935,7.726752834214871,8.112705826170007,3.0313528880499003
109,2016,7,Maharashtra,Parbhani,47.01976313276025,56.65204497035457,0.1080683886329922,0.3799574237125202,0.5046674108329201,1.9073150785567023,4.132510983763142,0.3079757120833313,0.8094260103953461,6.529436567757514,0.5356575902319936,3.2896311705700487,10.19107673706325,5.3981987760765175,0.2209658499351308,0.045850834082436766,7.5041996686820935,7.726752834214871,8.112705826170007,3.0313528880499003
109,2017,7,Maharashtra,Parbhani,47.01976313276025,56.65204497035457,0.1080683886329922,0.3799574237125202,0.5046674108329201,1.9073150785567023,4.132510983763142,0.3079757120833313,0.8094260103953461,6.529436567757514,0.5356575902319936,3.2896311705700487,10.19107673706325,5.3981987760765175,0.2209658499351308,0.045850834082436766,7.5041996686820935,7.726752834214871,8.112705826170007,3.0313528880499003
110,2016,7,Maharashtra,Bid,47.01976313276025,56.65204497035457,0.1080683886329922,0.3799574237125202,0.5046674108329201,1.9073150785567023,4.132510983763142,0.3079757120833313,0.8094260103953461,6.529436567757514,0.5356575902319936,3.2896311705700487,10.19107673706325,5.3981987760765175,0.2209658499351308,0.045850834082436766,7.5041996686820935,7.726752834214871,8.112705826170007,3.0313528880499003
110,2017,7,Maharashtra,Bid,47.01976313276025,56.65204497035457,0.1080683886329922,0.3799574237125202,0.5046674108329201,1.9073150785567023,4.132510983763142,0.3079757120833313,0.8094260103953461,6.529436567757514,0.5356575902319936,3.2896311705700487,10.19107673706325,5.3981987760765175,0.2209658499351308,0.045850834082436766,7.5041996686820935,7.726752834214871,8.112705826170007,3.0313528880499003
111,2016,7,Maharashtra,Nanded,47.01976313276025,56.65204497035457,0.1080683886329922,0.3799574237125202,0.5046674108329201,1.9073150785567023,4.132510983763142,0.3079757120833313,0.8094260103953461,6.529436567757514,0.5356575902319936,3.2896311705700487,10.19107673706325,5.3981987760765175,0.2209658499351308,0.045850834082436766,7.5041996686820935,7.726752834214871,8.112705826170007,3.0313528880499003
111,2017,7,Maharashtra,Nanded,47.01976313276025,56.65204497035457,0.1080683886329922,0.3799574237125202,0.5046674108329201,1.9073150785567023,4.132510983763142,0.3079757120833313,0.8094260103953461,6.529436567757514,0.5356575902319936,3.2896311705700487,10.19107673706325,5.3981987760765175,0.2209658499351308,0.045850834082436766,7.5041996686820935,7.726752834214871,8.112705826170007,3.0313528880499003
112,2016,7,Maharashtra,Osmanabad,47.01976313276025,56.65204497035457,0.1080683886329922,0.3799574237125202,0.5046674108329201,1.9073150785567023,4.132510983763142,0.3079757120833313,0.8094260103953461,6.529436567757514,0.5356575902319936,3.2896311705700487,10.19107673706325,5.3981987760765175,0.2209658499351308,0.045850834082436766,7.5041996686820935,7.726752834214871,8.112705826170007,3.0313528880499003
112,2017,7,Maharashtra,Osmanabad,47.01976313276025,56.65204497035457,0.1080683886329922,0.3799574237125202,0.5046674108329201,1.9073150785567023,4.132510983763142,0.3079757120833313,0.8094260103953461,6.529436567757514,0.5356575902319936,3.2896311705700487,10.19107673706325,5.3981987760765175,0.2209658499351308,0.045850834082436766,7.5041996686820935,7.726752834214871,8.112705826170007,3.0313528880499003
113,2016,7,Maharashtra,Buldhana,47.01976313276025,56.65204497035457,0.1080683886329922,0.3799574237125202,0.5046674108329201,1.9073150785567023,4.132510983763142,0.3079757120833313,0.8094260103953461,6.529436567757514,0.5356575902319936,3.2896311705700487,10.19107673706325,5.3981987760765175,0.2209658499351308,0.045850834082436766,7.5041996686820935,7.726752834214871,8.112705826170007,3.0313528880499003
113,2017,7,Maharashtra,Buldhana,47.01976313276025,56.65204497035457,0.1080683886329922,0.3799574237125202,0.5046674108329201,1.9073150785567023,4.132510983763142,0.3079757120833313,0.8094260103953461,6.529436567757514,0.5356575902319936,3.2896311705700487,10.19107673706325,5.3981987760765175,0.2209658499351308,0.045850834082436766,7.5041996686820935,7.726752834214871,8.112705826170007,3.0313528880499003
114,2016,7,Maharashtra,Akola,47.01976313276025,56.65204497035457,0.1080683886329922,0.3799574237125202,0.5046674108329201,1.9073150785567023,4.132510983763142,0.3079757120833313,0.8094260103953461,6.529436567757514,0.5356575902319936,3.2896311705700487,10.19107673706325,5.3981987760765175,0.2209658499351308,0.045850834082436766,7.5041996686820935,7.726752834214871,8.112705826170007,3.0313528880499003
114,2017,7,Maharashtra,Akola,47.01976313276025,56.65204497035457,0.1080683886329922,0.3799574237125202,0.5046674108329201,1.9073150785567023,4.132510983763142,0.3079757120833313,0.8094260103953461,6.529436567757514,0.5356575902319936,3.2896311705700487,10.19107673706325,5.3981987760765175,0.2209658499351308,0.045850834082436766,7.5041996686820935,7.726752834214871,8.112705826170007,3.0313528880499003
115,2016,7,Maharashtra,Amarawati,47.01976313276025,56.65204497035457,0.1080683886329922,0.3799574237125202,0.5046674108329201,1.9073150785567023,4.132510983763142,0.3079757120833313,0.8094260103953461,6.529436567757514,0.5356575902319936,3.2896311705700487,10.19107673706325,5.3981987760765175,0.2209658499351308,0.045850834082436766,7.5041996686820935,7.726752834214871,8.112705826170007,3.0313528880499003
115,2017,7,Maharashtra,Amarawati,47.01976313276025,56.65204497035457,0.1080683886329922,0.3799574237125202,0.5046674108329201,1.9073150785567023,4.132510983763142,0.3079757120833313,0.8094260103953461,6.529436567757514,0.5356575902319936,3.2896311705700487,10.19107673706325,5.3981987760765175,0.2209658499351308,0.045850834082436766,7.5041996686820935,7.726752834214871,8.112705826170007,3.0313528880499003
116,2016,7,Maharashtra,Yeotmal,47.01976313276025,56.65204497035457,0.1080683886329922,0.3799574237125202,0.5046674108329201,1.9073150785567023,4.132510983763142,0.3079757120833313,0.8094260103953461,6.529436567757514,0.5356575902319936,3.2896311705700487,10.19107673706325,5.3981987760765175,0.2209658499351308,0.045850834082436766,7.5041996686820935,7.726752834214871,8.112705826170007,3.0313528880499003
116,2017,7,Maharashtra,Yeotmal,47.01976313276025,56.65204497035457,0.1080683886329922,0.3799574237125202,0.5046674108329201,1.9073150785567023,4.132510983763142,0.3079757120833313,0.8094260103953461,6.529436567757514,0.5356575902319936,3.2896311705700487,10.19107673706325,5.3981987760765175,0.2209658499351308,0.045850834082436766,7.5041996686820935,7.726752834214871,8.112705826170007,3.0313528880499003
117,2016,7,Maharashtra,Wardha,47.01976313276025,56.65204497035457,0.1080683886329922,0.3799574237125202,0.5046674108329201,1.9073150785567023,4.132510983763142,0.3079757120833313,0.8094260103953461,6.529436567757514,0.5356575902319936,3.2896311705700487,10.19107673706325,5.3981987760765175,0.2209658499351308,0.045850834082436766,7.5041996686820935,7.726752834214871,8.112705826170007,3.0313528880499003
117,2017,7,Maharashtra,Wardha,47.01976313276025,56.65204497035457,0.1080683886329922,0.3799574237125202,0.5046674108329201,1.9073150785567023,4.132510983763142,0.3079757120833313,0.8094260103953461,6.529436567757514,0.5356575902319936,3.2896311705700487,10.19107673706325,5.3981987760765175,0.2209658499351308,0.045850834082436766,7.5041996686820935,7.726752834214871,8.112705826170007,3.0313528880499003
118,2016,7,Maharashtra,Nagpur,47.01976313276025,56.65204497035457,0.1080683886329922,0.3799574237125202,0.5046674108329201,1.9073150785567023,4.132510983763142,0.3079757120833313,0.8094260103953461,6.529436567757514,0.5356575902319936,3.2896311705700487,10.19107673706325,5.3981987760765175,0.2209658499351308,0.045850834082436766,7.5041996686820935,7.726752834214871,8.112705826170007,3.0313528880499003
118,2017,7,Maharashtra,Nagpur,47.01976313276025,56.65204497035457,0.1080683886329922,0.3799574237125202,0.5046674108329201,1.9073150785567023,4.132510983763142,0.3079757120833313,0.8094260103953461,6.529436567757514,0.5356575902319936,3.2896311705700487,10.19107673706325,5.3981987760765175,0.2209658499351308,0.045850834082436766,7.5041996686820935,7.726752834214871,8.112705826170007,3.0313528880499003
119,2016,7,Maharashtra,Bhandara,47.01976313276025,56.65204497035457,0.1080683886329922,0.3799574237125202,0.5046674108329201,1.9073150785567023,4.132510983763142,0.3079757120833313,0.8094260103953461,6.529436567757514,0.5356575902319936,3.2896311705700487,10.19107673706325,5.3981987760765175,0.2209658499351308,0.045850834082436766,7.5041996686820935,7.726752834214871,8.112705826170007,3.0313528880499003
119,2017,7,Maharashtra,Bhandara,47.01976313276025,56.65204497035457,0.1080683886329922,0.3799574237125202,0.5046674108329201,1.9073150785567023,4.132510983763142,0.3079757120833313,0.8094260103953461,6.529436567757514,0.5356575902319936,3.2896311705700487,10.19107673706325,5.3981987760765175,0.2209658499351308,0.045850834082436766,7.5041996686820935,7.726752834214871,8.112705826170007,3.0313528880499003
120,2016,7,Maharashtra,Chandrapur,47.01976313276025,56.65204497035457,0.1080683886329922,0.3799574237125202,0.5046674108329201,1.9073150785567023,4.132510983763142,0.3079757120833313,0.8094260103953461,6.529436567757514,0.5356575902319936,3.2896311705700487,10.19107673706325,5.3981987760765175,0.2209658499351308,0.045850834082436766,7.5041996686820935,7.726752834214871,8.112705826170007,3.0313528880499003
120,2017,7,Maharashtra,Chandrapur,47.01976313276025,56.65204497035457,0.1080683886329922,0.3799574237125202,0.5046674108329201,1.9073150785567023,4.132510983763142,0.3079757120833313,0.8094260103953461,6.529436567757514,0.5356575902319936,3.2896311705700487,10.19107673706325,5.3981987760765175,0.2209658499351308,0.045850834082436766,7.5041996686820935,7.726752834214871,8.112705826170007,3.0313528880499003
121,2016,3,Gujarat,Ahmedabad,147.8,111.8,0.0,0.0,0.0,0.9,0.1,0.0,0.0,0.1,0.5,2.5,3.1,0.0,0.7,0.0,0.0,20.0,5.5,0.0
121,2017,3,Gujarat,Ahmedabad,151.8,102.7,0.0,0.0,0.0,0.7,1.2,0.0,0.0,9.4,0.0,0.6,10.0,0.1,0.0,0.0,0.1,25.9,7.1,0.0
122,2016,3,Gujarat,Amreli,0.0,12.4,0.0,0.1,0.1,0.9,0.3,0.0,0.0,2.7,2.0,1.0,5.7,93.0,2.4,0.0,0.1,77.8,15.9,0.0
122,2017,3,Gujarat,Amreli,0.0,8.6,0.0,0.1,0.1,1.4,0.0,0.0,0.0,6.9,1.3,0.4,8.6,47.6,1.1,0.0,0.0,148.0,19.0,0.0
123,2016,3,Gujarat,Banaskantha,0.0,75.9,0.0,0.0,0.0,153.4,0.1,0.0,2.3,0.1,0.0,1.9,2.0,67.9,0.0,0.0,0.0,33.3,120.7,0.0
123,2017,3,Gujarat,Banaskantha,0.0,74.5,0.0,0.0,0.0,145.0,4.3,0.0,0.0,0.3,0.0,3.5,3.8,110.8,0.0,0.0,0.0,18.7,118.1,0.0
124,2016,3,Gujarat,Bharuch,7.2,18.1,0.0,0.4,0.4,0.2,0.0,0.0,0.0,0.5,8.0,1.0,9.5,0.4,0.0,0.0,45.0,24.0,21.1,0.0
124,2017,3,Gujarat,Bharuch,6.9,16.3,0.1,0.6,0.6,0.3,0.0,0.0,0.0,0.2,10.0,2.5,12.7,0.1,0.0,0.0,47.6,43.0,25.2,0.0
125,2016,3,Gujarat,Vadodara,23.0,21.9,0.0,1.0,1.0,12.4,6.1,0.0,0.0,0.1,38.6,0.6,39.3,0.1,0.3,0.0,17.3,64.0,27.6,0.0
125,2017,3,Gujarat,Vadodara,25.3,20.1,0.0,0.2,0.2,7.6,7.3,0.0,0.0,0.4,41.9,1.1,43.4,0.0,0.0,0.0,15.1,84.1,16.0,0.0
126,2016,3,Gujarat,Bhavnagar,0.0,10.7,0.0,0.1,0.1,3.0,0.0,0.0,0.0,0.5,0.1,0.6,1.3,16.4,1.0,0.0,2.1,100.8,50.3,0.0
126,2017,3,Gujarat,Bhavnagar,0.0,14.5,0.0,0.0,0.0,1.6,0.0,0.0,0.0,3.1,0.0,1.0,4.1,11.9,0.9,0.0,0.8,126.9,44.8,0.0
127,2016,3,Gujarat,Valsad,31.5,0.0,0.0,0.0,0.0,0.0,0.0,0.0,0.0,0.0,0.0,0.2,0.2,0.0,0.0,0.0,9.0,0.0,33.2,0.0
127,2017,3,Gujarat,Valsad,46.0,0.0,0.0,0.2,0.2,0.0,0.0,0.0,0.0,2.0,4.5,5.9,12.3,0.1,0.0,0.0,6.1,0.0,50.3,0.0
128,2016,3,Gujarat,Dangs,0.0,1.2,0.0,0.0,0.0,0.0,0.0,0.0,0.0,15.0,1.5,1.3,17.8,1.0,0.0,0.0,0.2,0.0,2.3,0.0
128,2017,3,Gujarat,Dangs,0.0,2.3,0.0,0.0,0.0,0.0,0.0,0.0,0.0,14.0,0.0,2.9,16.9,1.1,0.0,0.0,0.2,0.0,1.4,0.0
129,2016,3,Gujarat,Jamnagar,0.0,3.5,0.0,0.0,0.0,0.4,0.0,0.0,0.0,3.7,1.1,2.5,7.2,68.8,1.3,0.0,0.0,167.1,4.1,0.0
129,2017,3,Gujarat,Jamnagar,0.0,7.0,0.0,0.0,0.0,0.5,0.1,0.0,0.0,9.9,0.7,1.1,11.7,39.1,2.3,0.0,0.0,162.4,5.9,0.0
130,2016,3,Gujarat,Junagadh,0.0,50.7,0.0,2.7,2.7,2.7,0.0,0.0,0.0,13.2,1.8,12.7,27.7,49.8,5.0,0.0,0.0,51.6,19.4,0.0
130,2017,3,Gujarat,Junagadh,0.0,43.0,0.0,3.0,3.0,2.3,0.0,0.0,0.0,34.9,1.0,7.4,43.4,84.4,5.8,0.0,0.2,51.6,22.6,0.0
131,2016,3,Gujarat,Kheda,110.1,72.5,0.0,0.0,0.0,22.6,0.5,0.0,0.0,0.4,0.2,1.9,2.6,0.8,0.5,0.0,0.0,15.9,33.7,0.0
131,2017,3,Gujarat,Kheda,116.0,80.1,0.0,0.0,0.0,26.8,0.1,0.0,0.0,0.6,0.1,1.3,2.0,0.9,0.1,0.0,0.0,8.5,41.4,0.0
132,2016,3,Gujarat,Kutch,0.0,21.7,1.8,0.0,1.8,4.5,1.6,0.0,0.0,0.0,0.0,1.5,1.6,27.8,4.6,0.0,0.0,40.1,33.0,0.0
132,2017,3,Gujarat,Kutch,0.0,21.3,1.0,0.0,1.0,4.6,0.1,0.0,0.0,0.1,0.0,7.4,7.5,32.3,6.3,0.0,0.0,50.7,22.9,0.0
133,2016,3,Gujarat,Mehsana,4.7,63.2,0.0,0.3,0.3,10.5,0.2,0.0,1.0,0.4,0.0,4.9,5.3,16.9,0.1,0.0,0.0,32.6,25.2,0.0
133,2017,3,Gujarat,Mehsana,7.4,73.9,0.0,0.0,0.0,15.2,0.0,0.0,1.1,0.6,0.0,0.3,0.9,11.5,0.2,0.0,0.0,42.5,27.4,0.0
134,2016,3,Gujarat,Panchmahal,2.5,21.9,0.0,0.0,0.0,3.8,36.3,0.0,0.0,2.2,0.0,1.4,3.6,1.8,0.3,0.0,0.0,5.3,9.5,0.0
134,2017,3,Gujarat,Panchmahal,5.9,12.5,0.0,0.0,0.0,0.7,53.3,0.0,0.0,2.5,0.0,1.0,3.5,0.6,0.1,0.0,0.0,1.1,5.2,0.0
135,2016,3,Gujarat,Rajkot,0.0,17.4,0.0,0.0,0.0,0.3,0.1,0.0,0.0,4.3,2.7,0.5,7.4,40.2,1.1,0.0,0.1,216.2,6.6,0.0
135,2017,3,Gujarat,Rajkot,0.0,58.6,0.0,0.0,0.0,0.3,0.3,0.0,0.0,13.9,1.6,0.5,16.0,9.3,1.6,0.0,0.1,240.2,8.1,0.0
136,2016,3,Gujarat,Sabarkantha,6.5,74.7,0.0,0.0,0.0,3.0,9.1,0.0,0.0,0.8,0.0,2.4,3.2,46.2,0.1,0.0,0.0,64.0,25.5,0.0
136,2017,3,Gujarat,Sabarkantha,7.5,89.0,0.0,0.0,0.0,3.2,4.1,0.0,0.0,1.4,0.0,3.6,4.9,26.4,0.1,0.0,0.0,79.8,22.5,0.0
137,2016,3,Gujarat,Surat,40.9,5.5,0.1,2.1,2.2,0.1,0.9,0.0,0.0,1.3,4.8,3.4,9.5,0.7,0.2,0.0,116.3,2.2,22.9,0.0
137,2017,3,Gujarat,Surat,52.0,7.5,0.6,2.9,3.5,0.1,2.1,0.0,0.0,1.9,5.2,2.8,9.9,0.4,0.3,0.0,103.3,2.4,26.5,0.0
138,2016,3,Gujarat,Surendranagar,0.4,32.7,0.0,0.0,0.0,1.0,0.0,0.0,0.0,0.7,0.4,4.2,5.3,16.3,7.9,0.0,0.0,230.6,8.1,0.0
138,2017,3,Gujarat,Surendranagar,0.0,37.1,0.0,5.3,5.3,0.3,0.0,0.0,0.0,3.4,0.0,2.0,5.4,9.4,3.6,0.0,0.0,274.4,5.3,0.0
139,2016,10,Rajasthan,Ajmer,0.0,54.4,0.02,0.0,0.02,0.01,0.76,0.0,21.21,4.63,0.0,1.12,5.74,0.87,0.0,0.01,0.02,9.82,6.86,8.88
139,2017,10,Rajasthan,Ajmer,0.0,39.96,0.0,0.0,0.0,0.0,0.75,0.0,15.5,6.61,0.0,0.46,7.06,0.62,0.0,0.02,0.0,11.97,6.34,8.295
140,2016,10,Rajasthan,Alwar,0.27,215.68,0.02,0.0,0.02,1.63,0.08,0.0,7.76,2.46,1.1,0.5,4.05,1.11,0.0,0.0,0.03,35.46,14.82,5.901
140,2017,10,Rajasthan,Alwar,0.24,203.83,0.01,0.0,0.01,3.15,0.32,0.0,7.42,2.62,0.56,0.41,3.59,0.39,0.01,0.0,0.02,46.16,11.9,6.281
141,2016,10,Rajasthan,Banswara,0.0,81.75,0.0,0.0,0.0,0.0,17.9,0.0,0.68,7.47,0.0,0.84,8.31,0.0,0.0,0.0,0.01,0.06,0.21,0.959
141,2017,10,Rajasthan,Banswara,0.0,86.32,0.0,0.0,0.0,0.0,13.53,0.0,0.72,7.69,0.0,0.51,8.2,0.0,0.0,0.0,0.01,0.01,0.2,0.888
142,2016,10,Rajasthan,Barmer,0.0,15.67,0.11,0.0,0.11,44.75,0.01,0.0,0.02,0.08,0.0,1.56,1.64,4.06,0.14,0.01,0.0,0.0,0.52,4.899
142,2017,10,Rajasthan,Barmer,0.0,13.03,0.11,0.0,0.11,41.36,0.02,0.0,0.02,0.15,0.0,3.5,3.65,4.37,0.07,0.01,0.0,0.0,1.32,3.722
143,2016,10,Rajasthan,Bharatpur,1.23,160.5,0.0,0.0,0.0,0.0,0.0,0.0,2.08,0.49,0.01,0.15,0.65,0.0,0.0,0.0,0.01,5.92,5.91,2.143
143,2017,10,Rajasthan,Bharatpur,0.95,156.37,0.01,0.0,0.01,0.01,0.0,0.0,2.1,0.69,0.0,0.17,0.86,0.0,0.0,0.0,0.01,5.77,5.35,2.141
144,2016,10,Rajasthan,Bhilwara,0.47,139.68,0.0,0.0,0.0,0.0,0.39,0.0,26.25,8.72,0.0,11.62,20.34,0.19,0.0,0.02,0.03,28.2,2.24,7.838
144,2017,10,Rajasthan,Bhilwara,0.54,102.75,0.01,0.0,0.01,0.0,2.79,0.0,21.36,18.4,0.0,6.67,25.07,0.22,0.0,0.03,0.04,38.0,2.18,8.063
145,2016,10,Rajasthan,Bikaner,0.01,113.18,0.01,0.0,0.01,2.04,0.0,0.0,4.52,218.78,0.01,26.56,245.36,174.95,0.1,0.0,0.0,0.66,1.82,117.612
145,2017,10,Rajasthan,Bikaner,0.0,108.3,0.1,0.0,0.1,2.19,0.0,0.0,4.83,242.55,0.0,28.13,270.68,220.55,0.24,0.0,0.0,2.4,1.79,105.913
146,2016,10,Rajasthan,Bundi,44.35,162.25,0.01,0.0,0.01,0.02,0.62,0.0,1.04,7.02,0.0,32.57,39.59,0.1,0.0,0.06,1.01,0.11,3.0,2.433
146,2017,10,Rajasthan,Bundi,47.01,146.75,0.0,0.0,0.0,0.0,0.9,0.0,1.89,48.18,0.0,5.46,53.64,0.09,0.0,0.02,0.77,0.21,2.88,1.296
147,2016,10,Rajasthan,Chittorgarh,0.85,157.88,0.0,0.0,0.0,0.0,0.01,0.0,9.58,4.91,0.0,1.3,6.21,0.54,0.04,0.11,1.45,8.29,1.82,6.582
147,2017,10,Rajasthan,Chittorgarh,1.05,153.59,0.0,0.0,0.0,0.0,0.01,0.0,9.68,12.86,0.0,1.01,13.86,0.25,0.02,0.17,1.78,10.86,4.65,6.323
148,2016,10,Rajasthan,Churu,0.0,35.11,0.0,0.0,0.0,7.3,0.0,0.0,6.67,48.23,0.0,1.51,49.73,52.51,0.01,0.03,0.0,0.86,1.14,4.291
148,2017,10,Rajasthan,Churu,0.0,33.48,0.0,0.0,0.0,8.97,0.0,0.0,7.73,57.51,0.0,1.08,58.58,63.45,0.0,0.0,0.0,1.19,0.63,5.105
149,2016,10,Rajasthan,Dungarpur,0.0,45.46,0.2,0.0,0.2,0.0,0.16,0.0,0.39,1.06,0.0,0.25,1.31,0.01,0.0,0.0,0.01,0.45,0.15,0.618
149,2017,10,Rajasthan,Dungarpur,0.0,46.23,0.0,0.0,0.0,0.0,0.19,0.0,0.39,0.97,0.0,0.16,1.14,0.02,0.0,0.0,0.01,0.47,0.14,0.727
150,2016,10,Rajasthan,Ganganagar,13.77,248.12,0.21,0.0,0.21,13.05,0.15,0.0,39.91,55.71,3.13,78.62,137.46,3.45,0.76,0.05,3.5,89.09,11.32,261.987
150,2017,10,Rajasthan,Ganganagar,10.54,262.04,0.02,0.0,0.02,7.81,0.05,0.0,55.9,77.19,0.08,46.34,123.6,5.32,0.76,0.06,2.08,128.31,11.89,290.693
151,2016,10,Rajasthan,Jaipur,0.0,156.91,0.05,0.0,0.05,3.35,0.13,0.0,56.25,8.08,0.0,10.69,18.77,25.52,0.08,0.0,0.03,0.08,26.47,15.929
151,2017,10,Rajasthan,Jaipur,0.0,140.9,0.01,0.0,0.01,4.3,0.3,0.0,51.74,5.21,0.0,9.53,14.74,24.66,0.03,0.0,0.04,0.19,27.06,15.977
152,2016,10,Rajasthan,Jaisalmer,0.0,9.44,0.05,0.0,0.05,9.58,0.0,0.0,0.01,151.17,0.0,35.53,186.69,19.79,2.71,0.0,0.0,0.04,0.48,21.861
152,2017,10,Rajasthan,Jaisalmer,0.0,8.48,0.14,0.0,0.14,8.29,0.0,0.0,0.0,156.23,0.0,28.25,184.49,25.67,2.33,0.0,0.0,0.18,0.39,24.984
153,2016,10,Rajasthan,Jalore,0.0,46.64,0.51,0.0,0.52,26.61,0.04,0.0,0.22,2.46,0.0,0.37,2.84,17.77,0.05,0.0,0.0,0.26,3.07,6.257
153,2017,10,Rajasthan,Jalore,0.0,43.9,0.01,0.0,0.01,15.78,0.02,0.0,0.21,3.92,0.0,0.08,4.0,15.97,0.08,0.0,0.0,0.56,3.1,5.504
154,2016,10,Rajasthan,Jhalawar,4.38,109.04,0.0,0.0,0.0,0.0,0.0,0.0,0.32,16.07,0.0,10.54,26.61,0.0,0.0,0.8,0.02,0.0,15.98,1.415
154,2017,10,Rajasthan,Jhalawar,4.42,102.2,0.0,0.0,0.0,0.0,0.0,0.0,0.21,55.36,0.0,8.66,64.02,0.0,0.0,0.92,0.01,0.0,15.93,1.343
155,2016,10,Rajasthan,Jhunjhunu,0.0,86.55,0.0,0.0,0.0,2.14,0.0,0.0,9.89,47.97,0.0,0.46,48.43,3.73,0.02,0.0,0.0,3.81,4.76,6.71
155,2017,10,Rajasthan,Jhunjhunu,0.0,85.96,0.0,0.0,0.0,2.71,0.0,0.0,8.87,57.93,0.0,0.69,58.62,4.26,0.0,0.0,0.0,8.69,4.45,6.981
156,2016,10,Rajasthan,Jodhpur,0.0,74.38,0.2,0.0,0.2,54.4,0.01,0.0,0.35,4.52,0.0,34.56,39.08,115.42,2.42,0.02,0.0,40.55,24.37,39.447
156,2017,10,Rajasthan,Jodhpur,0.0,65.51,0.11,0.0,0.11,49.99,0.0,0.0,0.31,14.43,0.0,39.13,53.56,129.42,1.94,0.01,0.0,46.71,25.6,34.813
157,2016,10,Rajasthan,Kota,22.71,141.6,0.0,0.0,0.0,0.0,0.0,0.0,0.27,7.77,0.0,0.12,7.89,0.0,0.0,0.12,0.0,0.0,1.74,0.616
157,2017,10,Rajasthan,Kota,21.83,120.47,0.0,0.0,0.0,0.0,0.0,0.0,0.41,50.61,0.0,0.09,50.7,0.01,0.0,0.19,0.01,0.0,1.84,0.515
158,2016,10,Rajasthan,Nagaur,0.0,61.61,0.19,0.0,0.19,13.49,0.02,0.0,8.48,8.66,0.0,4.72,13.39,13.89,0.05,4.27,0.0,51.39,11.69,3.33
158,2017,10,Rajasthan,Nagaur,0.0,53.47,0.23,0.0,0.23,11.84,0.02,0.0,7.7,12.12,0.0,3.85,15.97,16.6,0.04,0.8,0.0,53.73,10.89,2.899
159,2016,10,Rajasthan,Pali,0.0,81.99,0.0,0.0,0.0,0.0,0.45,0.0,4.96,14.2,0.0,0.03,14.22,0.0,0.0,0.01,0.0,9.99,1.8,4.144
159,2017,10,Rajasthan,Pali,0.0,78.57,0.0,0.0,0.0,0.0,0.18,0.0,4.8,28.31,0.0,0.02,28.33,0.0,0.0,0.01,0.0,14.38,1.66,4.516
160,2016,10,Rajasthan,Swami Madhopur,1.63,85.23,0.0,0.0,0.0,0.0,0.0,0.0,0.53,11.37,0.0,2.44,13.81,0.08,0.0,0.0,0.02,0.0,1.98,0.766
160,2017,10,Rajasthan,Swami Madhopur,1.39,64.26,0.0,0.0,0.0,0.0,0.0,0.0,0.45,34.35,0.02,0.22,34.58,0.28,0.0,0.01,0.01,0.0,1.13,0.597
161,2016,10,Rajasthan,Sikar,0.0,92.03,0.0,0.0,0.0,9.71,0.0,0.0,27.7,33.58,0.0,1.54,35.12,21.74,0.02,0.0,0.01,0.03,15.83,12.23
161,2017,10,Rajasthan,Sikar,0.0,86.09,0.0,0.0,0.0,16.73,0.0,0.0,25.7,35.29,0.0,2.97,38.25,22.54,0.01,0.0,0.02,0.02,15.88,14.985
162,2016,10,Rajasthan,Sirohi,0.0,37.27,0.02,0.0,0.02,3.65,0.15,0.0,1.02,1.03,0.0,0.06,1.09,13.71,0.04,0.0,0.0,1.39,3.51,5.59
162,2017,10,Rajasthan,Sirohi,0.0,22.23,0.01,0.0,0.01,6.69,0.02,0.0,0.6,0.86,0.0,0.06,0.92,14.05,0.0,0.0,0.0,2.82,2.57,5.152
163,2016,10,Rajasthan,Tonk,0.0,68.42,0.0,0.0,0.0,0.0,0.03,0.0,5.05,20.26,0.0,9.23,29.49,0.05,0.0,0.0,0.04,0.77,3.67,3.609
163,2017,10,Rajasthan,Tonk,0.0,45.78,0.0,0.0,0.0,0.0,0.07,0.0,4.04,69.89,0.0,1.98,71.87,0.03,0.0,0.0,0.02,0.96,3.09,2.781
164,2016,10,Rajasthan,Udaipur,0.0,80.07,0.0,0.0,0.0,0.0,0.04,0.0,9.38,1.8,0.0,0.98,2.78,0.02,0.0,0.01,0.23,1.0,0.92,2.227
164,2017,10,Rajasthan,Udaipur,0.0,80.64,0.0,0.0,0.0,0.0,0.03,0.0,9.09,2.08,0.0,0.85,2.92,0.02,0.0,0.01,0.23,0.99,0.9,2.19
165,2016,9,Punjab,Gurdaspur,172.57,179.1,0.0,0.0,0.0,1.09,0.54,0.0,0.01,0.01,0.0,0.34,0.34,0.0,0.06,0.0,20.51,0.0,2.29,21.748
165,2017,9,Punjab,Gurdaspur,165.49,178.94,0.0,0.0,0.0,0.0,0.29,0.0,0.13,0.01,0.0,0.3,0.31,0.0,0.08,0.0,20.51,0.0,2.41,20.153
166,2016,9,Punjab,Amritsar,179.51,187.76,0.0,0.0,0.0,0.0,0.63,0.0,0.01,0.01,0.35,1.45,1.81,0.0,0.67,0.0,4.21,0.0,3.42,30.023
166,2017,9,Punjab,Amritsar,179.51,189.03,0.0,0.0,0.0,0.0,1.87,0.0,0.01,0.01,0.35,1.94,2.29,0.0,0.67,0.0,6.29,0.0,3.42,30.023
167,2016,9,Punjab,Kapurthala,118.16,106.21,0.0,0.0,0.0,0.0,9.37,0.0,0.0,0.0,0.01,0.1,0.12,0.0,0.0,0.01,4.29,0.0,21.01,14.183
167,2017,9,Punjab,Kapurthala,118.42,108.27,0.0,0.0,0.0,0.0,1.43,0.0,0.0,0.0,0.01,0.38,0.39,0.0,0.0,0.0,4.09,0.0,18.37,13.36
168,2016,9,Punjab,Jalandhar,170.27,166.42,0.0,0.0,0.0,0.0,7.08,0.0,0.0,0.01,0.35,0.04,0.4,0.0,0.16,0.01,10.42,0.03,21.95,29.823
168,2017,9,Punjab,Jalandhar,170.72,169.66,0.0,0.0,0.0,0.0,5.98,0.0,0.0,0.0,0.33,0.03,0.36,0.0,0.03,0.02,10.95,0.03,20.81,27.883
169,2016,9,Punjab,Hoshiarpur,72.67,145.47,0.0,0.0,0.0,0.0,44.66,0.0,0.0,0.06,0.03,0.24,0.32,0.51,0.05,0.0,22.39,0.0,6.25,34.165
169,2017,9,Punjab,Hoshiarpur,74.7,137.3,0.0,0.0,0.0,0.0,46.88,0.0,0.0,0.01,0.02,0.12,0.15,0.6,0.03,0.0,22.38,0.0,5.23,25.812
170,2016,9,Punjab,Roopnagar,37.77,63.66,0.0,0.0,0.0,0.42,2.7,0.0,0.12,0.01,0.05,0.01,0.07,0.0,0.0,0.39,2.61,0.0,1.01,4.32
170,2017,9,Punjab,Roopnagar,39.84,65.88,0.0,0.0,0.0,0.22,2.83,0.0,0.14,0.01,0.02,0.12,0.15,0.01,0.05,0.0,3.71,0.0,0.72,7.624
171,2016,9,Punjab,Ludhiana,258.66,249.92,0.0,0.0,0.0,0.0,7.61,0.0,1.32,0.01,0.73,3.08,3.82,0.0,0.0,0.0,2.44,0.09,24.37,42.048
171,2017,9,Punjab,Ludhiana,257.47,251.41,0.0,0.0,0.0,0.0,1.36,0.0,1.39,0.02,0.68,0.47,1.17,0.0,0.0,0.0,3.03,0.08,13.98,19.699
172,2016,9,Punjab,Ferozpur,186.59,184.3,0.0,0.0,0.0,0.02,0.01,0.0,0.3,0.01,0.12,0.82,0.95,0.0,0.53,0.0,0.03,0.54,5.65,22.846
172,2017,9,Punjab,Ferozpur,185.19,187.31,0.0,0.0,0.0,0.04,0.04,0.0,0.01,0.0,0.08,0.51,0.58,0.0,0.37,0.0,0.18,0.04,12.05,28.023
173,2016,9,Punjab,Faridkot,114.94,116.55,0.0,0.0,0.0,0.0,0.37,0.0,0.09,0.03,0.06,0.08,0.17,0.0,0.0,0.0,0.03,2.03,2.52,5.254
173,2017,9,Punjab,Faridkot,114.69,116.12,0.0,0.0,0.0,0.0,0.02,0.0,0.1,0.03,0.05,0.04,0.12,0.0,0.0,0.0,0.06,1.92,2.56,6.054
174,2016,9,Punjab,Bhatinda,152.15,249.51,0.0,0.0,0.0,0.34,0.27,0.0,1.09,0.15,0.2,0.44,0.8,0.0,0.0,0.0,0.07,97.07,9.81,26.137
174,2017,9,Punjab,Bhatinda,159.92,254.37,0.0,0.0,0.0,0.19,0.31,0.0,0.84,0.14,0.06,0.33,0.53,0.04,0.0,0.0,0.06,98.87,8.56,26.482
175,2016,9,Punjab,Sangrur,279.46,286.23,0.0,0.0,0.0,0.26,0.49,0.0,1.5,0.11,0.26,0.24,0.61,0.01,0.0,0.0,2.65,6.62,5.16,37.421
175,2017,9,Punjab,Sangrur,284.13,288.28,0.0,0.0,0.0,0.25,0.31,0.0,1.53,0.09,0.22,0.73,1.04,0.0,0.0,0.0,3.81,5.67,4.78,35.136
176,2016,9,Punjab,Patiala,231.97,230.81,0.0,0.0,0.0,0.0,1.32,0.0,0.54,0.02,0.03,0.73,0.78,0.0,0.0,0.0,1.99,0.59,12.23,27.305
176,2017,9,Punjab,Patiala,232.99,232.22,0.0,0.0,0.0,0.0,1.0,0.0,0.47,0.03,0.02,0.31,0.35,0.0,0.0,0.0,2.3,0.54,11.11,25.793
177,2016,4,Haryana,Hissar,68.0,226.0,0.0,0.0,0.0,30.0,0.0,0.0,3.0,3.0,0.0,2.0,5.0,0.0,0.0,0.0,2.0,114.0,0.0,0.0
177,2017,4,Haryana,Hissar,70.0,224.0,0.0,0.0,0.0,22.0,0.0,0.0,3.0,6.0,0.0,2.0,8.0,0.0,0.0,0.0,2.0,131.0,0.0,0.0
178,2016,4,Haryana,Sirsa,85.0,304.0,0.0,0.0,0.0,3.0,1.0,0.0,3.0,2.0,0.0,2.0,4.0,0.0,0.0,0.0,0.0,179.0,0.0,0.0
178,2017,4,Haryana,Sirsa,95.0,295.0,0.0,0.0,0.0,3.0,0.0,0.0,3.0,4.0,0.0,0.0,4.0,0.0,0.0,0.0,0.0,199.0,0.0,0.0
179,2016,4,Haryana,Bhiwani,28.0,120.0,0.0,0.0,2.0,22.0,0.0,0.0,3.0,1.0,0.0,3.0,4.0,0.0,0.0,0.0,4.0,87.0,0.0,0.0
179,2017,4,Haryana,Bhiwani,22.0,117.0,0.0,0.0,0.0,11.0,0.0,0.0,3.0,2.0,0.0,0.0,2.0,0.0,0.0,0.0,3.0,86.0,0.0,0.0
180,2016,4,Haryana,Gurgaon,6.0,48.0,0.0,0.0,1.0,31.0,0.0,0.0,1.0,0.0,0.0,1.0,1.0,0.0,0.0,0.0,0.0,1.0,0.0,0.0
180,2017,4,Haryana,Gurgaon,5.0,43.0,0.0,0.0,0.0,32.0,0.0,0.0,1.0,0.0,0.0,1.0,1.0,0.0,0.0,0.0,0.0,2.0,0.0,0.0
181,2016,4,Haryana,Jind,135.0,217.0,0.0,0.0,0.0,15.0,0.0,0.0,0.0,0.0,0.0,0.0,0.0,0.0,0.0,0.0,5.0,59.0,0.0,0.0
181,2017,4,Haryana,Jind,136.0,216.0,0.0,0.0,0.0,11.0,0.0,0.0,0.0,0.0,0.0,0.0,0.0,0.0,0.0,0.0,5.0,63.0,0.0,0.0
182,2016,4,Haryana,Mahendragarh,0.0,50.0,0.0,0.0,1.0,6.0,0.0,0.0,0.0,1.0,0.0,2.0,3.0,0.0,0.0,0.0,0.0,14.0,0.0,0.0
182,2017,4,Haryana,Mahendragarh,0.0,49.0,0.0,0.0,0.0,7.0,0.0,0.0,1.0,2.0,0.0,1.0,3.0,0.0,0.0,0.0,0.0,26.0,0.0,0.0
183,2016,4,Haryana,Ambala,83.0,86.0,0.0,0.0,0.0,0.0,0.0,0.0,0.0,0.0,0.0,0.0,0.0,0.0,0.0,0.0,10.0,0.0,0.0,0.0
183,2017,4,Haryana,Ambala,85.0,87.0,0.0,0.0,0.0,0.0,0.0,0.0,0.0,0.0,0.0,0.0,0.0,0.0,0.0,0.0,12.0,0.0,0.0,0.0
184,2016,4,Haryana,Karnal,175.0,197.0,0.0,0.0,0.0,1.0,0.0,0.0,0.0,0.0,0.0,0.0,0.0,0.0,0.0,0.0,12.0,0.0,0.0,0.0
184,2017,4,Haryana,Karnal,174.0,176.0,0.0,0.0,0.0,1.0,0.0,0.0,0.0,0.0,0.0,0.0,0.0,0.0,0.0,0.0,13.0,0.0,0.0,0.0
185,2016,4,Haryana,Kurukshetra,116.0,106.0,0.0,0.0,2.0,0.0,1.0,0.0,0.0,0.0,0.0,1.0,1.0,0.0,0.0,0.0,10.0,0.0,0.0,0.0
185,2017,4,Haryana,Kurukshetra,121.0,113.0,0.0,0.0,0.0,0.0,0.0,0.0,0.0,0.0,0.0,1.0,1.0,0.0,0.0,0.0,12.0,0.0,0.0,0.0
186,2016,4,Haryana,Rohtak,47.0,105.0,0.0,0.0,11.0,5.0,0.0,0.0,2.0,0.0,0.0,1.0,1.0,0.0,0.0,0.0,10.0,15.0,0.0,0.0
186,2017,4,Haryana,Rohtak,49.0,104.0,0.0,0.0,14.0,5.0,1.0,0.0,1.0,0.0,0.0,1.0,1.0,0.0,0.0,0.0,11.0,14.0,0.0,0.0
187,2016,4,Haryana,Sonepat,109.0,144.0,0.0,0.0,6.0,5.0,1.0,0.0,0.0,0.0,0.0,1.0,1.0,0.0,0.0,0.0,8.0,3.0,0.0,0.0
187,2017,4,Haryana,Sonepat,108.0,144.0,0.0,0.0,4.0,6.0,0.0,0.0,0.0,0.0,0.0,0.0,0.0,0.0,0.0,0.0,9.0,4.0,0.0,0.0
188,2016,4,Haryana,Faridabad,12.0,30.0,0.0,0.0,1.0,4.0,0.0,0.0,0.0,0.0,0.0,0.0,0.0,0.0,0.0,0.0,1.0,0.0,0.0,0.0
188,2017,4,Haryana,Faridabad,12.0,30.0,0.0,0.0,1.0,2.0,0.0,0.0,0.0,0.0,0.0,0.0,0.0,0.0,0.0,0.0,1.0,0.0,0.0,0.0
189,2016,12,Uttar Pradesh,Saharanpur,79.83,139.5,0.12,0.0,0.12,0.05,0.53,0.0,0.84,0.03,0.01,2.56,2.6,0.09,0.04,0.0,107.43,0.01,33.1,0.0
189,2017,12,Uttar Pradesh,Saharanpur,80.272,139.271,0.124,0.0,0.124,0.053,0.544,0.0,0.828,0.031,0.012,2.583,2.626,0.097,0.035,0.001,107.153,0.009,33.216,49.896
190,2016,12,Uttar Pradesh,Muzaffarnagar,14.06,82.05,0.0,0.0,0.0,0.0,0.06,0.0,0.96,0.02,0.02,1.66,1.69,0.0,0.01,0.0,159.59,0.01,9.12,0.0
190,2017,12,Uttar Pradesh,Muzaffarnagar,13.759,82.131,0.0,0.0,0.0,0.0,0.037,0.0,0.975,0.046,0.014,1.65,1.71,0.0,0.005,0.0,161.991,0.005,9.158,47.022
191,2016,12,Uttar Pradesh,Meerut,19.16,78.12,0.0,0.0,0.0,0.04,0.33,0.0,0.16,0.02,0.93,2.13,3.08,0.0,0.01,0.0,126.35,0.01,21.34,0.0
191,2017,12,Uttar Pradesh,Meerut,19.367,78.487,0.0,0.0,0.0,0.036,0.334,0.0,0.16,0.017,0.937,2.131,3.085,0.0,0.006,0.0,126.51,0.008,21.506,46.821
192,2016,12,Uttar Pradesh,Buland Shahar,113.18,202.46,0.02,0.0,0.02,15.5,36.01,0.01,5.03,0.25,6.75,6.1,13.1,0.0,0.21,0.0,46.86,0.43,32.8,0.0
192,2017,12,Uttar Pradesh,Buland Shahar,113.178,198.73,0.105,0.0,0.105,16.767,36.972,0.012,4.148,0.068,6.779,6.171,13.018,0.001,0.071,0.0,46.76,0.363,34.342,58.443
193,2016,12,Uttar Pradesh,Ghaziabad,9.33,27.83,0.0,0.0,0.0,0.07,0.09,0.0,0.04,0.0,0.44,0.1,0.54,0.0,0.0,0.0,21.63,0.0,2.23,0.0
193,2017,12,Uttar Pradesh,Ghaziabad,9.221,26.747,0.002,0.0,0.002,0.066,0.076,0.0,0.053,0.0,0.33,0.044,0.374,0.0,0.0,0.0,21.985,0.0,2.102,13.909
194,2016,12,Uttar Pradesh,Aligarh,104.04,221.86,0.03,0.0,0.03,10.55,16.77,0.0,3.99,0.03,8.71,11.99,20.73,0.09,0.23,0.0,5.4,2.36,42.15,0.0
194,2017,12,Uttar Pradesh,Aligarh,104.482,221.492,0.03,0.0,0.03,10.531,16.842,0.0,3.998,0.03,8.715,11.94,20.685,0.087,0.228,0.0,5.402,2.364,42.615,31.672
195,2016,12,Uttar Pradesh,Mathura,48.01,194.34,0.02,0.0,0.02,0.95,0.66,0.0,4.7,0.0,1.86,2.4,4.26,0.0,0.0,0.0,0.41,1.47,19.42,0.0
195,2017,12,Uttar Pradesh,Mathura,49.581,194.037,0.024,0.0,0.024,0.952,0.666,0.0,4.687,0.0,1.877,2.439,4.316,0.0,0.002,0.0,0.36,1.524,19.323,20.411
196,2016,12,Uttar Pradesh,Agra,9.94,133.04,0.0,0.0,0.0,0.32,0.66,0.0,3.66,0.11,0.53,2.18,2.82,0.0,0.1,0.0,0.11,2.96,85.55,0.0
196,2017,12,Uttar Pradesh,Agra,9.795,129.731,0.0,0.0,0.0,0.31,0.657,0.0,3.669,0.117,0.53,2.173,2.82,0.001,0.068,0.0,0.106,2.709,83.292,12.29
197,2016,12,Uttar Pradesh,Mainpuri,67.09,137.61,0.22,0.0,0.22,21.95,38.56,0.0,0.56,0.9,0.58,5.94,7.42,2.37,0.26,0.0,0.28,0.0,29.06,0.0
197,2017,12,Uttar Pradesh,Mainpuri,67.011,137.517,0.217,0.0,0.217,21.947,38.615,0.0,0.559,0.821,0.577,5.867,7.265,2.374,0.259,0.0,0.279,0.0,29.455,5.895
198,2016,12,Uttar Pradesh,Etah,35.18,143.39,0.24,0.0,0.24,40.21,24.59,0.0,0.27,0.17,1.98,5.23,7.38,0.59,0.58,0.0,0.14,0.04,21.17,0.0
198,2017,12,Uttar Pradesh,Etah,32.353,144.013,0.253,0.0,0.253,39.715,25.309,0.003,0.412,0.169,1.901,5.195,7.265,0.593,0.575,0.0,0.142,0.028,22.169,10.499
199,2016,12,Uttar Pradesh,Bareilly,167.7,205.78,0.27,0.0,0.27,0.26,0.22,0.0,0.15,0.02,0.0,1.36,1.39,0.03,0.19,0.0,79.02,0.0,12.58,0.0
199,2017,12,Uttar Pradesh,Bareilly,168.305,205.863,0.268,0.0,0.268,0.264,0.215,0.0,0.146,0.022,0.004,1.363,1.389,0.027,0.19,0.0,78.839,0.0,12.595,6.848
200,2016,12,Uttar Pradesh,Budaun,83.41,250.15,0.05,0.0,0.05,3.5,8.66,0.0,0.35,0.39,0.08,8.98,9.45,0.06,0.03,0.0,22.51,0.0,25.96,0.0
200,2017,12,Uttar Pradesh,Budaun,84.913,249.957,0.052,0.0,0.052,3.512,8.671,0.001,0.349,0.387,0.082,8.979,9.448,0.056,0.034,0.001,24.13,0.0,26.018,4.355
201,2016,12,Uttar Pradesh,Moradabad,91.56,116.76,0.04,0.0,0.04,0.0,0.28,0.0,0.04,0.0,0.01,1.04,1.05,0.0,0.01,0.0,50.08,0.0,7.35,0.0
201,2017,12,Uttar Pradesh,Moradabad,91.813,117.152,0.043,0.0,0.043,0.0,0.283,0.0,0.038,0.001,0.014,1.037,1.052,0.0,0.007,0.002,50.248,0.0,7.58,11.185
202,2016,12,Uttar Pradesh,Shahjahanpur,205.55,265.78,0.11,0.0,0.11,1.42,0.73,0.03,0.01,0.12,0.57,1.63,2.32,0.19,1.02,0.02,55.92,0.0,12.58,0.0
202,2017,12,Uttar Pradesh,Shahjahanpur,205.56,265.815,0.111,0.0,0.111,1.423,0.725,0.027,0.006,0.119,0.569,1.634,2.322,0.185,1.021,0.017,55.909,0.0,12.583,5.046
203,2016,12,Uttar Pradesh,Pilibhit,153.24,163.8,0.0,0.0,0.0,0.0,0.03,0.0,0.01,0.12,0.0,0.33,0.45,0.01,0.07,0.0,64.48,0.0,3.47,0.0
203,2017,12,Uttar Pradesh,Pilibhit,152.437,156.085,0.0,0.0,0.0,0.0,0.035,0.0,0.007,0.121,0.003,0.313,0.437,0.007,0.068,0.0,65.247,0.0,3.481,4.694
204,2016,12,Uttar Pradesh,Rampur,136.63,147.6,0.0,0.0,0.0,0.19,0.23,0.0,0.19,0.05,0.06,1.92,2.04,0.0,0.11,0.0,23.03,0.0,10.39,0.0
204,2017,12,Uttar Pradesh,Rampur,137.051,148.173,0.0,0.0,0.0,0.193,0.232,0.001,0.189,0.054,0.064,1.921,2.039,0.0,0.109,0.0,23.086,0.0,10.687,7.824
205,2016,12,Uttar Pradesh,Bijnor,45.94,101.85,0.0,0.0,0.0,0.01,0.02,0.0,0.15,0.06,0.0,2.02,2.08,0.05,0.08,0.0,215.63,0.0,8.98,0.0
205,2017,12,Uttar Pradesh,Bijnor,47.084,101.145,0.0,0.0,0.0,0.009,0.017,0.0,0.147,0.055,0.003,2.026,2.084,0.052,0.078,0.0,215.533,0.0,8.956,20.207
206,2016,12,Uttar Pradesh,Farrukhabad,14.73,73.93,3.05,0.0,3.05,2.59,32.73,0.0,0.03,0.28,0.72,4.38,5.38,0.69,1.57,0.0,8.53,0.0,50.91,0.0
206,2017,12,Uttar Pradesh,Farrukhabad,14.638,73.94,3.038,0.0,3.038,2.587,32.683,0.004,0.025,0.283,0.723,4.335,5.341,0.686,1.508,0.0,8.541,0.0,50.899,7.28
207,2016,12,Uttar Pradesh,Etawah,55.08,99.57,0.0,0.0,0.0,1.57,4.88,0.0,0.83,0.57,0.03,6.5,7.11,0.06,0.05,0.0,0.27,0.0,20.18,0.0
207,2017,12,Uttar Pradesh,Etawah,55.599,98.888,0.002,0.0,0.002,1.508,4.874,0.004,0.82,0.56,0.027,6.374,6.961,0.059,0.054,0.001,0.273,0.0,20.15,2.382
209,2016,12,Uttar Pradesh,Fatehpur,86.03,176.59,0.26,0.0,0.26,0.43,0.06,0.0,0.24,1.27,1.0,7.08,9.34,0.08,0.35,0.01,7.64,0.0,17.37,0.0
209,2017,12,Uttar Pradesh,Fatehpur,88.696,175.539,0.259,0.0,0.259,0.429,0.06,0.0,0.159,1.267,0.996,6.94,9.203,0.08,0.354,0.009,7.669,0.0,17.36,3.458
210,2016,12,Uttar Pradesh,Allahabad,235.37,238.57,0.07,0.0,0.07,0.79,0.1,0.02,0.13,0.38,0.42,7.09,7.89,0.03,0.07,0.01,0.25,0.05,17.31,0.0
210,2017,12,Uttar Pradesh,Allahabad,235.851,238.745,0.093,0.0,0.093,0.877,0.102,0.019,0.151,0.384,0.504,7.213,8.101,0.031,0.09,0.009,0.25,0.047,17.402,2.236
211,2016,12,Uttar Pradesh,Jhansi,9.84,159.19,0.0,0.0,0.0,0.0,0.0,0.0,2.91,13.46,0.0,40.05,53.5,0.02,0.0,0.11,0.09,0.0,3.09,0.0
211,2017,12,Uttar Pradesh,Jhansi,9.837,159.3,0.001,0.0,0.001,0.0,0.001,0.0,2.913,13.463,0.0,40.03,53.493,0.018,0.0,0.107,0.088,0.0,3.098,0.366
212,2016,12,Uttar Pradesh,Lalitpur,0.0,153.12,0.0,0.0,0.0,0.0,0.0,0.0,7.25,8.07,0.0,52.46,60.53,0.0,0.0,0.0,0.03,0.0,1.9,0.0
212,2017,12,Uttar Pradesh,Lalitpur,0.0,157.195,0.0,0.0,0.0,0.0,0.001,0.0,7.495,8.717,0.0,51.312,60.029,0.0,0.0,0.0,0.031,0.0,2.054,0.078
213,2016,12,Uttar Pradesh,Jalaun,1.29,175.9,0.08,0.0,0.08,0.12,0.0,0.0,5.64,1.08,0.02,73.78,74.88,0.0,0.31,0.01,0.91,0.0,9.78,0.0
213,2017,12,Uttar Pradesh,Jalaun,1.395,166.845,0.079,0.0,0.079,0.122,0.001,0.0,5.637,1.066,0.019,73.653,74.738,0.002,0.312,0.005,0.823,0.0,9.906,0.367
214,2016,12,Uttar Pradesh,Hamirpur,0.16,130.56,0.0,0.0,0.0,0.0,0.0,0.0,3.51,13.1,0.0,24.91,38.01,0.01,0.0,0.27,3.6,0.0,1.72,0.0
214,2017,12,Uttar Pradesh,Hamirpur,0.985,130.772,0.0,0.0,0.0,0.0,0.0,0.0,3.203,16.768,0.0,23.246,40.014,0.131,0.0,0.188,3.533,0.0,1.719,0.265
215,2016,12,Uttar Pradesh,Banda,68.64,186.78,0.0,0.0,0.0,0.0,0.0,0.0,0.29,3.06,0.0,5.05,8.11,0.05,0.0,0.06,0.34,0.0,1.75,0.0
215,2017,12,Uttar Pradesh,Banda,73.255,189.034,0.0,0.0,0.0,0.006,0.0,0.0,0.431,3.265,0.007,4.328,7.6,0.027,0.001,0.056,0.341,0.0,1.414,0.592
216,2016,12,Uttar Pradesh,Varanasi,53.19,71.45,0.02,0.0,0.02,0.01,0.04,0.0,0.06,0.22,0.04,2.04,2.3,0.0,0.01,0.0,2.65,0.0,6.55,0.0
216,2017,12,Uttar Pradesh,Varanasi,53.16,71.279,0.015,0.0,0.015,0.014,0.031,0.0,0.055,0.221,0.036,2.037,2.294,0.0,0.01,0.001,2.651,0.0,6.57,0.748
217,2016,12,Uttar Pradesh,Mirzpur,107.28,124.29,0.0,0.0,0.0,0.05,0.03,0.0,0.26,0.12,0.02,0.54,0.69,0.02,0.02,0.0,1.03,0.0,5.03,0.0
217,2017,12,Uttar Pradesh,Mirzpur,106.892,123.092,0.003,0.0,0.003,0.052,0.025,0.003,0.254,0.122,0.024,0.543,0.689,0.021,0.016,0.001,1.013,0.0,5.004,0.639
218,2016,12,Uttar Pradesh,Jaunpur,159.97,215.93,0.02,0.0,0.02,0.17,0.44,0.0,0.3,0.19,0.14,5.93,6.25,0.0,0.01,0.0,7.66,0.0,12.67,0.0
218,2017,12,Uttar Pradesh,Jaunpur,159.982,215.902,0.019,0.0,0.019,0.172,0.442,0.003,0.297,0.149,0.136,5.962,6.247,0.001,0.007,0.001,7.669,0.0,12.68,1.505
219,2016,12,Uttar Pradesh,Ghazipur,171.85,186.46,0.04,0.0,0.04,0.22,0.35,0.01,1.76,1.27,0.08,3.25,4.6,0.0,0.0,0.0,4.31,0.0,15.0,0.0
219,2017,12,Uttar Pradesh,Ghazipur,173.736,185.385,0.04,0.0,0.04,0.222,0.343,0.007,2.014,1.258,0.079,3.774,5.111,0.0,0.004,0.003,4.321,0.002,15.234,4.2
220,2016,12,Uttar Pradesh,Ballia,114.06,146.84,0.1,0.0,0.1,0.34,2.63,0.0,0.35,0.34,0.19,1.27,1.8,0.06,0.02,0.0,4.03,0.0,10.02,0.0
220,2017,12,Uttar Pradesh,Ballia,114.179,146.859,0.103,0.0,0.103,0.335,2.612,0.0,0.348,0.362,0.187,1.206,1.755,0.064,0.018,0.0,4.006,0.0,9.98,1.087
221,2016,12,Uttar Pradesh,Gorakhpur,59.99,204.84,0.86,0.0,0.86,0.03,0.47,0.0,0.52,0.46,0.09,2.66,3.21,0.32,0.0,0.0,1.91,0.0,6.29,0.0
221,2017,12,Uttar Pradesh,Gorakhpur,60.013,189.178,0.858,0.0,0.858,0.03,0.469,0.002,0.515,0.463,0.087,2.668,3.218,0.32,0.003,0.001,1.91,0.0,6.293,1.918
222,2016,12,Uttar Pradesh,Deoria,125.46,159.73,0.01,0.0,0.01,0.03,4.58,0.0,0.03,0.23,0.02,1.49,1.74,0.2,0.0,0.0,5.74,0.0,2.6,0.0
222,2017,12,Uttar Pradesh,Deoria,125.453,159.734,0.014,0.0,0.014,0.033,4.577,0.003,0.025,0.227,0.024,1.494,1.745,0.195,0.001,0.0,5.74,0.0,2.6,0.289
223,2016,12,Uttar Pradesh,Basti,132.91,129.96,0.0,0.0,0.0,0.0,0.6,0.0,0.01,0.11,0.29,3.26,3.66,0.0,0.04,0.0,43.68,0.0,2.35,0.0
223,2017,12,Uttar Pradesh,Basti,132.531,131.028,0.0,0.0,0.0,0.0,0.529,0.0,0.005,0.083,0.289,3.186,3.558,0.001,0.037,0.002,43.621,0.0,2.359,2.311
224,2016,12,Uttar Pradesh,Azamgarh,214.39,234.21,0.07,0.0,0.07,0.13,1.33,0.0,0.48,2.46,0.31,5.36,8.13,0.0,0.01,0.0,16.23,0.0,6.39,0.0
224,2017,12,Uttar Pradesh,Azamgarh,215.082,235.025,0.066,0.0,0.066,0.129,1.339,0.001,0.438,2.418,0.316,5.291,8.025,0.002,0.01,0.0,15.536,0.002,6.366,2.413
225,2016,12,Uttar Pradesh,Lucknow,54.5,80.82,0.0,0.0,0.0,0.01,0.16,0.0,0.04,0.01,0.01,1.38,1.4,0.0,0.0,0.0,0.12,0.0,37.69,0.0
225,2017,12,Uttar Pradesh,Lucknow,54.2,79.387,0.0,0.0,0.0,0.0,0.148,0.0,0.038,0.009,0.0,1.236,1.245,0.014,0.002,0.0,0.121,0.0,37.571,2.227
226,2016,12,Uttar Pradesh,Unnao,104.29,243.15,0.22,0.0,0.22,0.06,2.72,0.0,0.24,0.35,0.05,3.84,4.24,0.12,0.18,0.0,0.5,0.0,36.49,0.0
226,2017,12,Uttar Pradesh,Unnao,107.836,243.149,0.181,0.0,0.181,0.106,2.209,0.0,0.236,0.354,0.064,3.75,4.168,0.139,0.404,0.004,1.247,0.0,36.547,2.605
227,2016,12,Uttar Pradesh,Rae - Bareily,127.19,170.46,0.03,0.0,0.03,0.16,0.01,0.0,0.29,0.27,0.12,4.72,5.11,0.0,0.07,0.02,1.69,0.0,9.56,0.0
227,2017,12,Uttar Pradesh,Rae - Bareily,128.303,171.181,0.03,0.0,0.03,0.159,0.009,0.0,0.288,0.269,0.12,4.741,5.13,0.0,0.064,0.015,1.695,0.0,9.528,3.569
228,2016,12,Uttar Pradesh,Sitapur,167.97,218.88,0.5,0.0,0.5,0.39,0.35,0.01,0.03,0.04,0.37,3.52,3.93,0.0,0.26,0.0,144.68,0.0,7.62,0.0
228,2017,12,Uttar Pradesh,Sitapur,168.445,219.598,0.107,0.0,0.107,0.212,0.35,0.0,0.026,0.035,0.252,3.464,3.751,0.001,0.25,0.0,145.576,0.0,7.583,2.778
229,2016,12,Uttar Pradesh,Hardoi,134.31,329.66,0.01,0.0,0.01,0.02,5.72,0.0,0.8,0.1,0.02,5.08,5.2,0.2,0.2,0.0,36.38,0.0,22.78,0.0
229,2017,12,Uttar Pradesh,Hardoi,133.804,329.262,0.01,0.0,0.01,0.02,5.758,0.0,0.805,0.097,0.019,5.087,5.203,0.199,0.201,0.0,36.443,0.0,22.769,2.74
230,2016,12,Uttar Pradesh,Kheri,154.43,180.12,0.03,0.0,0.03,0.0,2.06,0.0,0.06,0.02,0.68,2.73,3.43,0.12,0.09,0.0,272.74,0.0,3.7,0.0
230,2017,12,Uttar Pradesh,Kheri,155.778,180.014,0.027,0.0,0.027,0.256,1.912,0.0,0.055,0.094,0.176,0.886,1.156,0.021,0.029,0.0,281.515,0.0,4.599,5.952
231,2016,12,Uttar Pradesh,Faizabad,102.07,105.26,0.06,0.0,0.06,0.12,3.89,0.0,0.0,0.72,0.25,6.01,6.97,0.0,0.01,0.01,26.29,0.0,10.15,0.0
231,2017,12,Uttar Pradesh,Faizabad,102.099,105.277,0.055,0.0,0.055,0.12,3.896,0.001,0.004,0.716,0.245,6.012,6.973,0.0,0.01,0.007,26.299,0.0,10.206,3.827
232,2016,12,Uttar Pradesh,Gonda,128.18,162.56,0.0,0.0,0.0,0.02,2.27,0.04,0.01,0.36,0.07,6.68,7.1,0.0,0.01,0.0,69.27,0.0,6.48,0.0
232,2017,12,Uttar Pradesh,Gonda,128.183,162.548,0.001,0.0,0.001,0.022,2.269,0.04,0.012,0.358,0.068,6.676,7.102,0.0,0.009,0.001,69.272,0.0,6.475,2.882
233,2016,12,Uttar Pradesh,Bahraich,63.44,185.09,0.0,0.0,0.0,0.0,4.16,0.0,0.27,0.26,0.13,2.47,2.87,0.04,0.08,0.0,19.52,0.0,4.1,0.0
233,2017,12,Uttar Pradesh,Bahraich,63.486,185.242,0.0,0.0,0.0,0.0,4.199,0.0,0.202,0.262,0.134,2.466,2.862,0.041,0.077,0.0,19.582,0.0,4.231,1.866
234,2016,12,Uttar Pradesh,Sultanpur,103.72,109.59,0.0,0.0,0.0,0.01,0.42,0.0,0.35,0.12,0.02,10.03,10.17,0.0,0.03,0.0,8.74,0.0,9.43,0.0
234,2017,12,Uttar Pradesh,Sultanpur,103.876,109.595,0.001,0.0,0.001,0.008,0.427,0.001,0.347,0.117,0.017,10.039,10.173,0.0,0.027,0.001,8.707,0.0,9.399,3.336
235,2016,12,Uttar Pradesh,Pratapgarh,146.51,155.21,0.37,0.0,0.37,0.33,1.26,0.0,0.21,0.22,0.22,12.45,12.89,0.0,0.03,0.0,0.85,0.0,9.94,0.0
235,2017,12,Uttar Pradesh,Pratapgarh,148.543,155.252,0.37,0.0,0.37,0.331,1.256,0.0,0.213,0.235,0.222,12.232,12.689,0.0,0.025,0.0,0.854,0.0,9.902,4.593
236,2016,12,Uttar Pradesh,Barabanki,198.46,169.02,0.01,0.0,0.01,0.04,0.38,0.0,0.11,0.05,0.07,2.78,2.9,0.0,0.03,0.0,9.07,0.0,21.4,0.0
236,2017,12,Uttar Pradesh,Barabanki,198.735,169.068,0.005,0.0,0.005,0.042,0.377,0.0,0.105,0.053,0.067,2.779,2.899,0.001,0.025,0.001,8.925,0.0,21.439,3.464
237,2016,16,Uttarakhand,Nainital,10.09,17.0,0.0,0.0,0.0,0.0,0.01,0.01,0.01,0.44,0.0,0.14,0.57,0.0,0.0,0.0,3.46,0.0,3.98,1.207
237,2017,16,Uttarakhand,Nainital,10.51,16.91,0.0,0.0,0.0,0.0,0.02,0.03,0.1,0.34,0.0,0.3,0.64,0.0,0.0,0.0,3.11,0.0,4.07,1.25
238,2016,16,Uttarakhand,Almorah,4.37,3.84,0.0,0.0,0.0,0.0,0.01,0.05,0.11,0.0,0.0,0.04,0.04,0.0,0.0,0.0,0.0,0.0,0.23,0.005
238,2017,16,Uttarakhand,Almorah,4.76,4.88,0.0,0.0,0.0,0.0,0.0,0.01,0.06,0.0,0.0,0.04,0.04,0.0,0.0,0.0,0.0,0.0,0.16,0.0
239,2016,16,Uttarakhand,Pithorgarh,3.26,2.75,0.0,0.0,0.0,0.0,0.03,0.0,0.02,0.0,0.0,0.02,0.02,0.0,0.0,0.0,0.0,0.0,0.01,0.0
239,2017,16,Uttarakhand,Pithorgarh,2.67,2.03,0.0,0.0,0.0,0.0,0.01,0.0,0.04,0.0,0.0,0.02,0.02,0.0,0.0,0.0,0.0,0.0,0.04,0.0
240,2016,16,Uttarakhand,Chamoli,1.47,1.37,0.0,0.0,0.0,0.0,0.0,0.0,0.01,0.0,0.0,0.0,0.0,0.0,0.0,0.0,0.0,0.0,0.01,0.0
240,2017,16,Uttarakhand,Chamoli,1.23,1.11,0.0,0.0,0.0,0.0,0.0,0.0,0.0,0.0,0.0,0.0,0.0,0.0,0.0,0.0,0.0,0.0,0.0,0.0
241,2016,16,Uttarakhand,Uttar Kashi,5.02,3.43,0.0,0.0,0.0,0.0,0.0,0.0,0.02,0.0,0.0,0.25,0.25,0.0,0.0,0.0,0.0,0.0,0.24,0.0
241,2017,16,Uttarakhand,Uttar Kashi,4.89,3.39,0.0,0.0,0.0,0.0,0.0,0.0,0.03,0.0,0.0,0.3,0.31,0.0,0.0,0.0,0.0,0.0,0.23,0.0
242,2016,16,Uttarakhand,Tehri Garhwal,7.71,6.46,0.0,0.0,0.0,0.0,0.0,0.0,0.12,0.0,0.0,0.02,0.02,0.0,0.0,0.0,0.0,0.0,0.35,0.0
242,2017,16,Uttarakhand,Tehri Garhwal,6.71,5.69,0.0,0.0,0.0,0.0,0.0,0.02,0.13,0.0,0.0,0.02,0.02,0.0,0.0,0.0,0.0,0.0,0.31,0.001
243,2016,16,Uttarakhand,Garhwal,4.09,4.43,0.0,0.0,0.0,0.0,0.05,0.0,0.01,0.03,0.0,0.26,0.28,0.0,0.01,0.0,0.0,0.0,0.27,0.106
243,2017,16,Uttarakhand,Garhwal,4.19,4.0,0.0,0.0,0.0,0.0,0.05,0.0,0.02,0.03,0.0,0.26,0.29,0.0,0.01,0.0,0.0,0.0,0.24,0.126
244,2016,16,Uttarakhand,Dehradun,9.55,10.86,0.0,0.0,0.0,0.0,0.01,0.0,0.02,0.0,0.0,0.02,0.02,0.0,0.0,0.0,4.01,0.0,2.44,1.138
244,2017,16,Uttarakhand,Dehradun,8.9,11.52,0.0,0.0,0.0,0.0,0.02,0.0,0.01,0.0,0.0,0.13,0.13,0.0,0.0,0.0,3.86,0.0,2.46,0.861
501,2016,14,Chhattisgarh,Rajnandgaon,92.5,10.86,0.0,0.0,0.0,0.0,0.49,0.0,0.01,22.5,0.0,0.8,23.3,0.0,0.0,0.0,0.12,0.01,6.57,0.0
501,2017,14,Chhattisgarh,Rajnandgaon,80.126,10.922,0.0,0.002,0.002,0.0,0.911,0.0,0.0,42.399,0.0,0.6,42.999,0.0,0.0,0.002,0.153,0.04,9.655,0.01
502,2016,6,Madhya Pradesh,Bhopal,0.0,89.81,0.0,0.0,0.0,0.0,0.0,0.0,0.0,9.33,0.0,1.1,10.44,0.0,0.0,0.0,0.21,0.0,2.94,1.09
502,2017,6,Madhya Pradesh,Bhopal,0.0,130.06,0.0,0.0,0.0,0.0,0.0,0.0,0.02,6.02,0.0,0.43,6.45,0.0,0.0,0.0,0.03,0.0,1.09,0.179
503,2016,1,Andhra Pradesh,Vizianagaram,118.13,65.24355784930802,0.18421390547129687,0.8796303125593739,1.2236091876242903,2.4911732000652966,18.53,0.47,0.838791517309739,2.0869264512740764,5.592950967447212,5.5219649773996435,7.973225615747048,1.31,3.8,0.04687606462978414,19.78,0.0,19.8,0.041
503,2017,1,Andhra Pradesh,Vizianagaram,123.57,0.0,0.0,0.0,0.0,0.0,19.61,0.7,0.0,0.02,0.0,0.0,0.02,1.07,3.83,0.0,17.63,0.29,17.03,0.043
504,2016,1,Andhra Pradesh,Prakasam,39.92,52.86558257115321,0.11,1.46,1.56,2.12,6.87,0.93,1.1028184226093156,1.45,0.37,1.6,3.42,6.17,0.03,0.046474818953360364,0.68,7.99,23.93,2.596
504,2017,1,Andhra Pradesh,Prakasam,47.2,0.0,0.05,0.1,0.16,2.32,17.18,0.53,0.0,2.15,0.0,0.16,2.32,4.26,0.0,0.0,0.31,16.33,21.71,2.388
506,2016,11,Tamil Nadu,Dharmapuri,11.4,0.0,0.03,0.01,0.05,0.19,3.44,1.58,0.0,0.0,0.07,0.33,0.4,1.31,0.0,0.0,8.2,2.01,12.82,1.854
506,2017,11,Tamil Nadu,Dharmapuri,22.23,0.267,0.139,0.406,0.094,3.173,5.599,0.0,0.0,0.007,0.0,0.007,0.0,31.509,0.076,0.182,0.375,0.182,0.557,0.815
507,2016,11,Tamil Nadu,Periyar(Erode),0.69,0.0,0.0,0.0,0.0,0.01,8.43,0.08,0.0,0.0,0.26,0.46,0.71,2.01,0.14,0.0,19.37,0.68,20.9,8.222
507,2017,11,Tamil Nadu,Periyar(Erode),10.76,0.019,0.102,0.121,0.061,10.914,0.046,0.0,0.0,0.001,0.001,0.002,0.0,21.904,0.0,0.081,0.376,0.767,1.143,1.224
508,2016,11,Tamil Nadu,Pudukkottai,59.73,0.0,0.02,0.02,0.04,0.0,3.19,0.02,0.0,0.0,0.22,4.29,4.5,6.8,0.73,0.0,3.47,0.05,4.56,0.041
508,2017,11,Tamil Nadu,Pudukkottai,77.459,0.002,0.008,0.01,0.002,3.412,0.008,0.0,0.0,0.033,0.002,0.035,0.0,80.926,0.0,0.343,0.905,2.759,3.664,4.007
509,2016,11,Tamil Nadu,Dindigul Anna,1.52,0.0,0.45,1.35,1.8,0.16,7.3,0.0,0.0,0.0,0.03,0.3,0.33,1.06,0.02,0.0,2.37,2.3,20.05,0.65
509,2017,11,Tamil Nadu,Dindigul Anna,8.802,0.486,1.359,1.845,0.067,12.158,0.001,0.0,0.0,0.001,0.001,0.002,0.0,22.875,0.001,0.027,0.149,0.076,0.225,0.253
510,2016,11,Tamil Nadu,Virudhunagar Kamarajar,12.95,0.0,0.0,0.3,0.31,0.15,3.46,0.02,0.0,0.0,0.0,0.4,0.4,0.39,0.05,0.0,2.19,2.18,6.76,0.154
510,2017,11,Tamil Nadu,Virudhunagar Kamarajar,17.62,0.055,0.114,0.169,0.043,4.216,0.007,0.0,0.0,0.0,0.0,0.0,0.0,22.055,0.0,0.002,0.148,0.338,0.486,0.488
512,2016,11,Tamil Nadu,Sivagangai Pasumpon,47.1,0.0,0.07,0.01,0.07,0.02,0.02,0.03,0.0,0.0,0.02,0.46,0.48,1.21,0.01,0.0,4.26,0.8,3.58,0.054
512,2017,11,Tamil Nadu,Sivagangai Pasumpon,52.412,0.019,0.07,0.089,0.001,0.015,0.028,0.0,0.0,0.015,0.022,0.037,0.0,52.582,0.004,0.006,0.258,0.069,0.327,0.337
513,2016,11,Tamil Nadu,Chidambanar Toothukudi,4.81,0.0,0.0,0.01,0.01,0.06,0.38,0.0,0.0,0.0,0.0,0.07,0.07,0.17,0.02,0.0,0.16,0.47,14.41,0.009
513,2017,11,Tamil Nadu,Chidambanar Toothukudi,13.686,0.0,0.005,0.005,0.002,0.884,0.0,0.0,0.0,0.0,0.001,0.001,0.0,14.578,0.0,0.001,0.007,0.305,0.312,0.313
514,2016,7,Maharashtra,Jalna,47.01976313276025,56.65204497035457,0.1080683886329922,0.3799574237125202,0.5046674108329201,1.9073150785567023,4.132510983763142,0.3079757120833313,0.8094260103953461,6.529436567757514,0.5356575902319936,3.2896311705700487,10.19107673706325,5.3981987760765175,0.2209658499351308,0.045850834082436766,7.5041996686820935,7.726752834214871,8.112705826170007,3.0313528880499003
514,2017,7,Maharashtra,Jalna,47.01976313276025,56.65204497035457,0.1080683886329922,0.3799574237125202,0.5046674108329201,1.9073150785567023,4.132510983763142,0.3079757120833313,0.8094260103953461,6.529436567757514,0.5356575902319936,3.2896311705700487,10.19107673706325,5.3981987760765175,0.2209658499351308,0.045850834082436766,7.5041996686820935,7.726752834214871,8.112705826170007,3.0313528880499003
515,2016,7,Maharashtra,Latur,47.01976313276025,56.65204497035457,0.1080683886329922,0.3799574237125202,0.5046674108329201,1.9073150785567023,4.132510983763142,0.3079757120833313,0.8094260103953461,6.529436567757514,0.5356575902319936,3.2896311705700487,10.19107673706325,5.3981987760765175,0.2209658499351308,0.045850834082436766,7.5041996686820935,7.726752834214871,8.112705826170007,3.0313528880499003
515,2017,7,Maharashtra,Latur,47.01976313276025,56.65204497035457,0.1080683886329922,0.3799574237125202,0.5046674108329201,1.9073150785567023,4.132510983763142,0.3079757120833313,0.8094260103953461,6.529436567757514,0.5356575902319936,3.2896311705700487,10.19107673706325,5.3981987760765175,0.2209658499351308,0.045850834082436766,7.5041996686820935,7.726752834214871,8.112705826170007,3.0313528880499003
516,2016,7,Maharashtra,Gadchiroli,47.01976313276025,56.65204497035457,0.1080683886329922,0.3799574237125202,0.5046674108329201,1.9073150785567023,4.132510983763142,0.3079757120833313,0.8094260103953461,6.529436567757514,0.5356575902319936,3.2896311705700487,10.19107673706325,5.3981987760765175,0.2209658499351308,0.045850834082436766,7.5041996686820935,7.726752834214871,8.112705826170007,3.0313528880499003
516,2017,7,Maharashtra,Gadchiroli,47.01976313276025,56.65204497035457,0.1080683886329922,0.3799574237125202,0.5046674108329201,1.9073150785567023,4.132510983763142,0.3079757120833313,0.8094260103953461,6.529436567757514,0.5356575902319936,3.2896311705700487,10.19107673706325,5.3981987760765175,0.2209658499351308,0.045850834082436766,7.5041996686820935,7.726752834214871,8.112705826170007,3.0313528880499003
517,2016,7,Maharashtra,Sindhudurg,47.01976313276025,56.65204497035457,0.1080683886329922,0.3799574237125202,0.5046674108329201,1.9073150785567023,4.132510983763142,0.3079757120833313,0.8094260103953461,6.529436567757514,0.5356575902319936,3.2896311705700487,10.19107673706325,5.3981987760765175,0.2209658499351308,0.045850834082436766,7.5041996686820935,7.726752834214871,8.112705826170007,3.0313528880499003
517,2017,7,Maharashtra,Sindhudurg,47.01976313276025,56.65204497035457,0.1080683886329922,0.3799574237125202,0.5046674108329201,1.9073150785567023,4.132510983763142,0.3079757120833313,0.8094260103953461,6.529436567757514,0.5356575902319936,3.2896311705700487,10.19107673706325,5.3981987760765175,0.2209658499351308,0.045850834082436766,7.5041996686820935,7.726752834214871,8.112705826170007,3.0313528880499003
518,2016,3,Gujarat,Gandhinagar,9.2,27.6,0.0,0.0,0.0,6.0,0.0,0.0,0.0,0.0,0.0,0.2,0.3,1.4,0.1,0.0,0.0,21.3,29.6,0.0
518,2017,3,Gujarat,Gandhinagar,10.0,29.8,0.0,0.1,0.1,6.8,0.0,0.0,0.0,0.8,0.0,0.1,0.9,3.7,0.0,0.0,0.0,23.7,28.8,0.0
519,2016,10,Rajasthan,Dholpur,0.0,65.67,0.0,0.0,0.0,0.0,0.0,0.0,0.55,0.37,0.0,0.12,0.49,0.02,0.0,0.0,0.02,0.08,10.4,1.251
519,2017,10,Rajasthan,Dholpur,0.0,61.17,0.0,0.0,0.0,0.0,0.0,0.0,0.52,0.36,0.0,0.11,0.47,0.0,0.0,0.0,0.01,0.08,9.35,1.272
520,2016,20,Telangana,Rangareddy,18.41,0.06,0.08546893636435175,0.33,0.33,0.0,1.69,0.001,0.9114616306529921,0.062,0.6434615086549892,0.004,0.066,1.165,0.3766519947425971,0.03283864591548742,0.032,5.164535930339608,24.217,2.977
520,2017,20,Telangana,Rangareddy,25.36,0.04,0.0,0.4,0.4,0.0,2.05,0.0,0.0,0.004,0.0,0.01,0.014,1.335,0.0,0.0,0.001,0.0,25.206,2.86
521,2016,11,Tamil Nadu,Thiruvannamalai,78.04,0.0,0.07,0.03,0.1,0.59,1.5,0.92,0.0,0.01,0.36,13.18,13.55,19.04,0.55,0.0,25.4,0.25,7.15,0.16
521,2017,11,Tamil Nadu,Thiruvannamalai,161.709,0.086,0.379,0.465,1.114,1.99,3.632,0.0,0.0,0.004,0.028,0.032,0.0,168.942,0.005,0.388,1.549,12.119,13.668,14.061
523,2016,4,Haryana,Yamunanagar,75.0,89.0,0.0,0.0,0.0,0.0,1.0,0.0,0.0,0.0,0.0,0.0,0.0,0.0,0.0,0.0,23.0,0.0,0.0,0.0
523,2017,4,Haryana,Yamunanagar,75.0,89.0,0.0,0.0,0.0,0.0,1.0,0.0,0.0,0.0,0.0,0.0,0.0,0.0,0.0,0.0,26.0,0.0,0.0,0.0
524,2016,4,Haryana,Kaithal,162.0,173.0,0.0,0.0,0.0,3.0,0.0,0.0,0.0,0.0,0.0,0.0,0.0,0.0,0.0,0.0,4.0,8.0,0.0,0.0
524,2017,4,Haryana,Kaithal,166.0,174.0,0.0,0.0,0.0,2.0,0.0,0.0,0.0,0.0,0.0,0.0,0.0,0.0,0.0,0.0,5.0,7.0,0.0,0.0
525,2016,4,Haryana,Panipat,76.0,82.0,0.0,0.0,0.0,0.0,0.0,0.0,0.0,0.0,0.0,0.0,0.0,0.0,0.0,0.0,7.0,0.0,0.0,0.0
525,2017,4,Haryana,Panipat,77.0,84.0,0.0,0.0,0.0,0.0,0.0,0.0,0.0,0.0,0.0,0.0,0.0,0.0,0.0,0.0,8.0,0.0,0.0,0.0
526,2016,4,Haryana,Rewari,2.0,49.0,0.0,0.0,0.0,54.0,0.0,0.0,1.0,0.0,0.0,1.0,1.0,0.0,0.0,0.0,0.0,5.0,0.0,0.0
526,2017,4,Haryana,Rewari,2.0,46.0,0.0,0.0,1.0,62.0,0.0,0.0,1.0,0.0,0.0,1.0,1.0,0.0,0.0,0.0,0.0,8.0,0.0,0.0
527,2016,16,Uttarakhand,Haridwar,14.81,45.16,0.0,0.0,0.0,0.0,0.08,0.0,0.01,0.0,0.0,0.18,0.18,0.01,0.01,0.0,67.36,0.0,8.46,15.917
527,2017,16,Uttarakhand,Haridwar,13.36,43.72,0.0,0.0,0.0,0.0,0.09,0.0,0.01,0.0,0.0,0.19,0.19,0.02,0.0,0.0,69.12,0.0,8.31,15.74
528,2016,12,Uttar Pradesh,Firozabad,25.88,103.75,0.02,0.0,0.02,4.9,9.83,0.0,2.55,0.14,0.2,2.64,2.97,0.09,0.12,0.0,0.08,0.01,59.58,0.0
528,2017,12,Uttar Pradesh,Firozabad,25.843,93.837,0.029,0.0,0.029,4.608,9.828,0.0,2.555,0.135,0.194,2.665,2.994,0.092,0.123,0.0,0.08,0.01,60.172,9.467
529,2016,12,Uttar Pradesh,Sonbhadra,56.88,46.73,0.0,0.0,0.0,0.0,0.01,0.0,0.07,0.04,0.01,0.08,0.13,0.0,0.0,0.01,0.17,0.0,2.54,0.0
529,2017,12,Uttar Pradesh,Sonbhadra,56.846,46.778,0.0,0.0,0.0,0.0,0.014,0.0,0.072,0.039,0.007,0.082,0.128,0.0,0.0,0.005,0.167,0.0,2.552,0.055
530,2016,12,Uttar Pradesh,Mau,88.32,89.24,0.0,0.0,0.0,0.0,0.31,0.0,3.19,1.01,0.01,1.44,2.47,0.01,0.0,0.0,4.76,0.0,2.39,0.0
530,2017,12,Uttar Pradesh,Mau,88.29,89.891,0.0,0.0,0.0,0.0,0.309,0.0,2.651,0.911,0.014,1.344,2.269,0.008,0.001,0.0,4.77,0.0,2.39,1.283
531,2016,12,Uttar Pradesh,Mahrajgani,2.55,155.4,0.0,0.0,0.0,0.0,0.17,0.0,0.0,0.01,0.0,1.27,1.28,0.0,0.0,0.01,14.42,0.0,4.35,0.0
531,2017,12,Uttar Pradesh,Mahrajgani,2.558,155.398,0.0,0.0,0.0,0.0,0.165,0.0,0.001,0.007,0.0,1.275,1.282,0.001,0.002,0.007,14.421,0.0,4.359,0.906
532,2016,12,Uttar Pradesh,Sidharthnagar,20.32,169.35,0.46,0.0,0.46,0.0,0.48,0.0,0.11,0.52,0.03,4.52,5.08,0.0,0.02,0.03,3.33,0.0,3.94,0.0
532,2017,12,Uttar Pradesh,Sidharthnagar,22.052,166.699,0.457,0.0,0.457,0.0,0.481,0.0,0.124,0.534,0.035,4.531,5.1,0.0,0.02,0.025,3.328,0.0,3.962,1.103
533,2016,12,Uttar Pradesh,Mahoba,0.0,48.0,0.0,0.0,0.0,0.0,0.0,0.0,3.91,9.17,0.0,21.82,30.99,0.0,0.0,0.15,2.88,0.0,1.27,0.0
533,2017,12,Uttar Pradesh,Mahoba,0.0,41.98,0.0,0.0,0.0,0.0,0.001,0.0,3.088,9.758,0.0,16.235,25.993,0.002,0.0,0.136,2.792,0.0,1.142,0.0
536,2016,10,Rajasthan,Baran,18.41,163.27,0.0,0.0,0.0,0.0,0.0,0.0,0.31,14.06,0.0,0.14,14.2,0.02,0.0,0.3,0.01,0.0,1.61,0.261
536,2017,10,Rajasthan,Baran,17.15,115.75,0.0,0.0,0.0,0.0,0.0,0.0,0.12,71.02,0.0,0.04,71.06,0.03,0.0,0.41,0.0,0.0,1.51,0.312
537,2016,10,Rajasthan,Dausa,0.0,102.49,0.0,0.0,0.0,0.0,0.01,0.0,6.37,3.96,0.0,0.04,4.0,0.27,0.0,0.0,0.0,0.0,1.86,1.69
537,2017,10,Rajasthan,Dausa,0.0,90.55,0.0,0.0,0.0,0.0,0.01,0.0,5.51,4.53,0.0,0.02,4.54,0.41,0.0,0.0,0.0,0.01,1.56,1.617
538,2016,10,Rajasthan,Rajsamand,0.0,32.46,0.0,0.0,0.0,0.0,0.23,0.0,8.13,0.25,0.0,0.04,0.29,0.08,0.0,0.0,0.31,3.17,1.23,4.168
538,2017,10,Rajasthan,Rajsamand,0.0,34.32,0.0,0.0,0.0,0.0,0.15,0.0,7.52,0.49,0.0,0.02,0.51,0.09,0.0,0.0,0.31,4.04,1.15,4.519
539,2016,10,Rajasthan,Hanumangarh,34.45,240.13,0.02,0.0,0.02,8.19,0.06,0.0,11.6,53.8,1.86,27.05,82.7,23.97,0.83,0.0,0.03,160.89,3.42,109.601
539,2017,10,Rajasthan,Hanumangarh,31.65,244.52,0.25,0.0,0.25,8.53,0.02,0.0,15.46,79.09,0.05,10.65,89.79,21.52,0.62,0.0,0.04,187.33,3.32,116.381
542,2016,11,Tamil Nadu,Nagapattinam,153.43,0.0,0.0,0.0,0.0,0.0,0.0,0.0,0.0,0.0,0.0,0.0,0.0,0.8,0.0,0.0,1.06,3.06,1.2,0.001
542,2017,11,Tamil Nadu,Nagapattinam,152.076,0.0,0.0,0.0,0.0,0.013,0.0,0.0,0.0,0.0,0.0,0.0,0.0,152.089,0.0,0.0,0.016,0.0,0.016,0.016
543,2016,11,Tamil Nadu,Villupuram,94.5,0.0,0.2,0.09,0.3,0.92,11.5,0.96,0.0,0.0,0.02,23.14,23.15,11.08,1.75,0.0,60.33,4.02,11.36,0.5
543,2017,11,Tamil Nadu,Villupuram,161.909,1.116,0.184,1.3,1.956,15.615,1.761,0.0,0.0,0.022,0.011,0.033,0.0,182.574,0.0,0.038,0.631,21.462,22.093,22.131
545,2016,9,Punjab,Mansa,103.03,170.81,0.0,0.0,0.0,0.5,0.04,0.0,0.44,0.07,0.13,0.23,0.43,0.03,0.02,0.0,0.03,62.43,2.37,17.659
545,2017,9,Punjab,Mansa,107.19,172.01,0.0,0.0,0.0,0.42,0.04,0.0,0.44,0.05,0.04,0.12,0.21,0.01,0.02,0.0,0.03,60.1,2.27,17.458
546,2016,9,Punjab,Fatehgarh Sahib,86.35,83.78,0.0,0.0,0.0,0.0,0.4,0.0,0.28,0.0,0.02,0.04,0.06,0.0,0.0,0.0,2.58,0.0,5.86,11.174
546,2017,9,Punjab,Fatehgarh Sahib,86.33,84.52,0.0,0.0,0.0,0.02,0.38,0.0,0.3,0.01,0.01,0.05,0.07,0.0,0.0,0.0,3.03,0.0,4.81,6.257
547,2016,12,Uttar Pradesh,Kanpur Nagar,34.98,99.34,0.13,0.0,0.13,0.14,2.92,0.0,0.64,0.96,0.1,3.06,4.13,0.02,0.06,0.0,3.39,0.0,20.22,0.0
547,2017,12,Uttar Pradesh,Kanpur Nagar,34.639,99.446,0.131,0.0,0.131,0.138,3.098,0.0,0.638,0.965,0.1,3.197,4.262,0.024,0.062,0.0,3.386,0.001,20.301,3.094
548,2016,12,Uttar Pradesh,Kanpur Dehat,51.63,132.63,1.3,0.0,1.3,2.76,3.71,0.0,1.75,1.53,0.58,5.13,7.24,0.03,0.14,0.0,1.77,0.0,9.28,0.0
548,2017,12,Uttar Pradesh,Kanpur Dehat,51.956,122.168,1.287,0.0,1.287,2.771,3.526,0.0,1.511,1.517,0.58,5.166,7.263,0.032,0.136,0.001,1.783,0.0,9.16,3.622
549,2016,5,Karnataka,Bangalore(Rural),0.58,0.0,0.0,0.0,0.0,0.0,1.34,0.78,0.0,0.01,0.12,0.12,0.25,0.02,0.0,0.0,0.04,0.0,9.52,1.04
549,2017,5,Karnataka,Bangalore(Rural),0.67,0.0,0.0,0.0,0.0,0.0,1.23,0.69,0.0,0.01,0.09,0.1,0.2,0.02,0.0,0.0,0.05,0.0,8.79,0.808
550,2016,5,Karnataka,Bangalore(Urban),0.33,0.0,0.0,0.0,0.0,0.0,0.72,0.47,0.0,0.0,0.25,0.17,0.42,0.01,0.01,0.0,0.01,0.0,5.8,0.688
550,2017,5,Karnataka,Bangalore(Urban),0.27,0.0,0.0,0.0,0.0,0.0,0.28,0.33,0.0,0.0,0.09,0.11,0.19,0.01,0.0,0.0,0.0,0.0,5.99,0.423
601,2016,17,Assam,Cachar,3.91,0.0,0.0,0.0,0.0,0.0,0.0,0.0,0.0,0.0,0.0,0.0,0.0,0.0,0.0,0.0,0.0,0.0,0.0,0.0
601,2017,17,Assam,Cachar,3.09,0.0,0.0,0.0,0.0,0.0,0.0,0.0,0.0,0.0,0.0,0.0,0.0,0.0,0.0,0.0,0.0,0.0,0.0,0.0
602,2016,17,Assam,Darrang,17.9,0.0,0.0,0.0,0.0,0.0,0.0,0.0,0.0,0.0,0.0,0.01,0.01,0.0,0.0,0.0,0.0,0.0,0.0,0.0
602,2017,17,Assam,Darrang,17.68,0.0,0.0,0.0,0.0,0.0,1.89,0.0,0.0,0.0,0.0,0.0,0.0,0.0,0.0,0.0,0.0,0.0,0.0,0.0
603,2016,17,Assam,Dibrugarh,3.33,0.0,0.0,0.0,0.0,0.0,0.0,0.0,0.0,0.0,0.0,0.0,0.0,0.0,0.0,0.0,0.0,0.0,0.0,0.0
603,2017,17,Assam,Dibrugarh,2.19,0.0,0.0,0.0,0.0,0.0,0.0,0.0,0.0,0.0,0.0,0.01,0.01,0.0,0.0,0.0,0.0,0.0,0.02,0.0
604,2016,17,Assam,Goalpara,23.43,0.24,0.0,0.0,0.0,0.0,0.0,0.0,0.0,0.0,0.0,0.0,0.0,0.0,0.0,0.0,0.0,0.0,0.0,0.0
604,2017,17,Assam,Goalpara,22.75,0.22,0.0,0.0,0.0,0.0,0.0,0.0,0.0,0.0,0.0,0.0,0.0,0.0,0.0,0.0,0.0,0.0,0.22,0.0
605,2016,17,Assam,Kamrup,8.6,0.0,0.0,0.0,0.0,0.0,0.0,0.0,0.0,0.0,0.0,0.0,0.0,0.0,0.0,0.0,0.0,0.0,0.0,0.0
605,2017,17,Assam,Kamrup,11.18,0.26,0.0,0.12,0.12,0.0,0.0,0.0,0.0,0.01,0.01,0.54,0.55,0.0,0.0,0.0,0.05,0.0,1.24,0.0
606,2016,17,Assam,Karbi Anglong,27.83,0.07,0.0,0.0,0.0,0.0,0.0,0.0,0.0,0.0,0.0,0.0,0.0,0.0,0.0,0.0,0.19,0.0,0.0,0.0
606,2017,17,Assam,Karbi Anglong,18.81,0.07,0.0,0.0,0.0,0.0,0.0,0.0,0.0,0.0,0.0,0.0,0.0,0.0,0.0,0.0,0.19,0.0,10.18,0.0
607,2016,17,Assam,Lakhimpur,24.01,0.0,0.0,0.0,0.0,0.0,0.0,0.0,0.0,0.0,0.0,0.0,0.0,0.0,0.0,0.0,0.0,0.0,0.0,0.0
607,2017,17,Assam,Lakhimpur,9.86,0.0,0.0,0.0,0.0,0.0,0.02,0.0,0.0,0.0,0.0,0.0,0.0,0.0,0.0,0.0,0.05,0.0,0.52,0.0
608,2016,17,Assam,North Cachar Hil,47.01976313276025,56.65204497035457,0.1080683886329922,0.3799574237125202,0.5046674108329201,1.9073150785567023,4.132510983763142,0.3079757120833313,0.8094260103953461,6.529436567757514,0.5356575902319936,3.2896311705700487,10.19107673706325,5.3981987760765175,0.2209658499351308,0.045850834082436766,7.5041996686820935,7.726752834214871,8.112705826170007,3.0313528880499003
608,2017,17,Assam,North Cachar Hil,1.03,0.0,0.0,0.0,0.0,0.0,0.0,0.0,0.0,0.0,0.0,0.0,0.0,0.0,0.0,0.0,0.0,0.0,0.0,0.0
609,2016,17,Assam,Nagaon,64.45,0.63,0.0,0.0,0.0,0.0,0.09,0.0,0.0,0.0,0.0,2.74,2.74,0.0,0.0,0.0,0.04,0.0,0.0,0.0
609,2017,17,Assam,Nagaon,57.79,1.27,0.0,0.0,0.0,0.0,0.09,0.0,0.0,0.06,0.08,3.2,3.34,0.01,0.06,0.26,0.04,0.0,1.39,0.0
610,2016,17,Assam,Sibsagar,1.5,0.0,0.0,0.0,0.0,0.0,0.0,0.0,0.0,0.0,0.0,0.0,0.0,0.0,0.0,0.0,0.0,0.0,0.0,0.0
610,2017,17,Assam,Sibsagar,30.76,0.0,0.0,0.0,0.0,0.0,0.0,0.0,0.0,0.0,0.0,0.0,0.0,0.0,0.0,0.0,0.0,0.0,0.0,0.0
615,2016,17,Assam,Barpeta,71.02,0.0,0.0,0.0,0.0,0.0,0.15,0.0,0.0,0.0,0.0,0.0,0.0,0.0,0.0,0.0,0.0,0.0,0.0,0.0
615,2017,17,Assam,Barpeta,56.13,0.0,0.0,0.0,0.0,0.0,0.17,0.0,0.0,0.0,0.06,1.39,1.45,0.0,0.18,0.02,0.0,0.0,4.61,0.0
616,2016,17,Assam,Dhubri,13.12,0.39,0.0,0.0,0.0,0.0,0.44,0.0,0.0,0.0,0.0,0.0,0.0,0.0,0.0,0.0,0.0,0.0,0.0,0.0
616,2017,17,Assam,Dhubri,12.96,0.37,0.0,0.0,0.0,0.0,0.42,0.0,0.0,0.0,0.0,0.0,0.0,0.0,0.0,0.0,0.0,0.0,0.36,0.0
617,2016,17,Assam,Golaghat,0.09,0.0,0.0,0.0,0.0,0.0,0.0,0.0,0.0,0.0,0.0,0.0,0.0,0.0,0.0,0.0,0.0,0.0,0.0,0.0
617,2017,17,Assam,Golaghat,0.07,0.0,0.0,0.0,0.0,0.0,0.0,0.0,0.0,0.0,0.0,0.0,0.0,0.0,0.0,0.0,0.0,0.0,0.0,0.0
618,2016,17,Assam,Jorhat,3.24,0.0,0.0,0.0,0.0,0.0,0.0,0.0,0.0,0.0,0.0,0.0,0.0,0.0,0.0,0.0,0.0,0.0,0.0,0.0
618,2017,17,Assam,Jorhat,0.62,0.0,0.0,0.0,0.0,0.0,0.0,0.0,0.0,0.0,0.0,0.07,0.07,0.0,0.0,0.0,0.02,0.0,0.07,0.0
619,2016,17,Assam,Karimganj,1.11,0.0,0.0,0.0,0.0,0.0,0.0,0.0,0.0,0.0,0.0,0.0,0.0,0.0,0.0,0.0,0.0,0.0,0.0,0.0
619,2017,17,Assam,Karimganj,2.76,0.0,0.0,0.0,0.0,0.0,0.0,0.0,0.0,0.0,0.0,0.0,0.0,0.0,0.0,0.0,0.0,0.0,0.02,0.0
620,2016,17,Assam,Kokrajhar,21.53,0.0,0.0,0.0,0.0,0.0,0.0,0.0,0.0,0.0,0.0,0.0,0.0,0.0,0.0,0.0,0.0,0.0,0.0,0.0
620,2017,17,Assam,Kokrajhar,18.53,0.27,0.0,0.0,0.0,0.0,0.05,0.0,0.0,0.03,0.0,0.0,0.03,0.0,0.0,0.0,0.04,0.0,0.45,0.0
621,2016,17,Assam,Nalbari,2.2,0.0,0.0,0.0,0.0,0.0,0.0,0.0,0.0,0.0,0.0,0.0,0.0,0.0,0.0,0.0,0.0,0.0,0.0,0.0
621,2017,17,Assam,Nalbari,47.18,0.0,0.0,0.0,0.0,0.0,0.0,0.0,0.0,0.0,0.0,0.0,0.0,0.0,0.0,0.0,0.0,0.0,0.0,0.0
622,2016,17,Assam,Sonitpur,13.0,0.0,0.0,0.0,0.0,0.0,0.0,0.0,0.0,0.0,0.0,0.0,0.0,0.0,0.0,0.0,0.0,0.0,0.0,0.0
622,2017,17,Assam,Sonitpur,5.76,0.0,0.0,0.0,0.0,0.0,0.0,0.0,0.0,0.0,0.0,0.0,0.0,0.0,0.0,0.0,0.0,0.0,7.85,0.0
626,2016,18,Himachal Pradesh,Bilashpur,0.38,3.58,0.0,0.0,0.0,0.0,2.62,0.0,0.032,0.002,0.002,0.013,0.017,0.0,0.0,0.0,0.0,0.0,0.105,0.0
626,2017,18,Himachal Pradesh,Bilashpur,0.57,0.0,0.0,0.0,0.0,3.178,0.0,2.956,0.04,0.0,0.0,0.0,0.0,6.744,0.002,0.0,0.001,0.0,0.001,0.003
627,2016,18,Himachal Pradesh,Chamba,2.04,2.85,0.0,0.0,0.0,0.0,0.81,0.0,0.374,0.0,0.049,0.037,0.086,0.0,0.0,0.0,0.0,0.0,0.21,0.016
627,2017,18,Himachal Pradesh,Chamba,2.108,0.0,0.0,0.0,0.0,0.864,0.0,2.418,0.366,0.342,0.0,0.342,0.0,6.098,0.0,0.02,0.045,0.0,0.045,0.065
628,2016,18,Himachal Pradesh,Hamirpur,0.65,1.74,0.0,0.0,0.0,0.0,0.97,0.0,0.003,0.001,0.0,0.049749287680564316,0.001,0.0,0.0,0.0,0.011,0.0,0.075,0.025
628,2017,18,Himachal Pradesh,Hamirpur,0.318,0.0,0.0,0.0,0.0,0.951,0.0,1.709,0.003,0.0,0.0,0.0,0.0,2.981,0.001,0.0,0.0,0.0,0.0,0.001
629,2016,18,Himachal Pradesh,Kangra,43.31,28.8,0.0,0.0,0.0,0.16,4.21,0.0,0.575,0.004,0.0,0.022,0.026,0.0,0.066,0.47,0.343,0.0,2.761,1.011
629,2017,18,Himachal Pradesh,Kangra,25.382,0.0,0.0,0.0,0.045,4.728,0.0,33.136,0.495,0.0,0.0,0.0,0.0,63.786,0.043,0.0,0.184,0.002,0.186,0.229
630,2016,18,Himachal Pradesh,Kinnaur,0.0,0.04,0.0,0.0,0.0,0.0,0.06,0.0,0.463,0.0,0.0,0.482,0.482,0.0,0.0,0.0,0.0,0.0,5.035,0.0
630,2017,18,Himachal Pradesh,Kinnaur,0.0,0.0,0.0,0.0,0.0,0.043,0.006,0.01,0.481,0.315,0.0,0.315,0.0,0.855,0.0,0.0,0.512,0.0,0.512,0.512
631,2016,18,Himachal Pradesh,Kullu,0.43,0.5,0.0,0.0,0.0,0.0,0.04,0.0,0.026,0.0,0.043,0.161,0.204,0.0,0.0,0.0,0.0,0.0,1.648,0.012
631,2017,18,Himachal Pradesh,Kullu,0.571,0.0,0.0,0.0,0.0,0.098,0.0,0.334,0.117,0.0,0.0,0.0,0.0,1.12,0.0,0.015,0.199,0.0,0.199,0.214
632,2016,18,Himachal Pradesh,Lahul & Spiti,0.0,0.07,0.0,0.0,0.0,0.0,0.01,0.0,0.43,0.0,0.0,0.043,0.043,0.0,0.0,0.0,0.0,0.0,2.731,0.0
632,2017,18,Himachal Pradesh,Lahul & Spiti,0.0,0.0,0.0,0.0,0.0,0.021,0.042,0.052,0.547,0.0,0.0,0.0,0.0,0.662,0.0,0.0,0.043,0.0,0.043,0.043
633,2016,18,Himachal Pradesh,Solan,3.86,13.78,0.0,0.0,0.0,0.0,10.71,0.01,0.295,0.023,0.0,0.95,0.973,0.0,0.0,0.0,0.0,0.0,1.82,0.124
633,2017,18,Himachal Pradesh,Solan,1.066,0.0,0.0,0.0,0.0,3.897,0.001,5.203,0.177,0.0,0.0,0.0,0.0,10.344,0.0,0.0,0.009,0.639,0.648,0.648
634,2016,18,Himachal Pradesh,Mandi,10.13,11.08,0.0,0.0,0.0,0.0,2.04,0.0,0.294,0.007,0.0,0.533,0.54,0.0,0.0,0.196,0.0,0.0,0.899,0.384
634,2017,18,Himachal Pradesh,Mandi,10.625,0.0,0.0,0.0,0.02,3.18,0.0,11.696,0.255,0.0,0.0,0.0,0.0,25.776,0.002,0.008,0.094,0.395,0.489,0.499
635,2016,18,Himachal Pradesh,Shimla,0.6,0.48,0.0,0.0,0.0,0.0,0.56,0.005,0.087,0.0,0.0,0.304,0.304,0.0,0.002,0.0,0.001,0.0,1.304,0.011
635,2017,18,Himachal Pradesh,Shimla,0.39,0.0,0.0,0.0,0.0,0.621,0.004,0.401,0.089,0.09,0.0,0.09,0.0,1.595,0.0,0.0,0.31,0.0,0.31,0.31
636,2016,18,Himachal Pradesh,Sirmaur,5.05,9.83,0.0,0.0,0.0,0.01,4.39,0.0,0.495,0.021,0.0,0.294,0.315,0.002,0.009,0.0,0.547,0.0,3.641,1.092
636,2017,18,Himachal Pradesh,Sirmaur,5.118,0.0,0.0,0.0,0.024,4.847,0.064,9.418,0.471,0.019,0.0,0.019,0.0,19.961,0.043,0.0,0.294,0.0,0.294,0.337
637,2016,18,Himachal Pradesh,Una,1.51,13.46,0.0,0.0,0.0,0.0,4.72,0.0,0.0,0.001,0.0,0.066,0.067,0.001,0.01,0.0,0.026,0.0,2.105,1.029
637,2017,18,Himachal Pradesh,Una,1.604,0.0,0.0,0.0,0.0,5.188,0.0,15.207,0.0,0.0,0.0,0.0,0.0,21.999,0.001,0.0,0.088,0.0,0.088,0.089
651,2016,19,Kerala,Alappuzha,32.12,0.0,0.0,0.0,0.0,0.0,0.0,0.0,0.0,0.0,0.0,0.0,0.0,0.0,0.0,0.0,0.04,0.0,0.0,0.0
651,2017,19,Kerala,Alappuzha,32.12,0.0,0.0,0.0,0.0,0.0,0.0,0.0,0.0,0.0,0.0,0.0,0.0,0.0,0.0,0.0,0.04,0.0,0.0,0.0
652,2016,19,Kerala,Kannur,1.96,0.0,0.0,0.0,0.0,0.0,0.0,0.0,0.0,0.0,0.0,0.0,0.0,0.0,0.0,0.0,0.004,0.0,0.0,0.0
652,2017,19,Kerala,Kannur,1.96,0.0,0.0,0.0,0.0,0.0,0.0,0.0,0.0,0.0,0.0,0.0,0.0,0.0,0.0,0.0,0.004,0.0,0.0,0.0
653,2016,19,Kerala,Eranakulam,3.88,0.0,0.0,0.0,0.0,0.0,0.0,0.0,0.0,0.0,0.0,0.0,0.0,0.0,0.0,0.0,0.0,0.0,0.0,0.0
653,2017,19,Kerala,Eranakulam,3.88,0.0,0.0,0.0,0.0,0.0,0.0,0.0,0.0,0.0,0.0,0.0,0.0,0.0,0.0,0.0,0.0,0.0,0.0,0.0
654,2016,19,Kerala,Idukki,0.7,0.0,0.0,0.0,0.0,0.0,0.0,0.0,0.0,0.0,0.0,0.0,0.0,0.0,0.0,0.0,0.829,0.0,0.0,0.0
654,2017,19,Kerala,Idukki,0.7,0.0,0.0,0.0,0.0,0.0,0.0,0.0,0.0,0.0,0.0,0.0,0.0,0.0,0.0,0.0,0.829,0.0,0.0,0.0
655,2016,19,Kerala,Kottayam,17.22,0.0,0.0,0.0,0.0,0.0,0.0,0.0,0.0,0.0,0.0,0.0,0.0,0.0,0.0,0.0,0.008,0.0,0.0,0.0
655,2017,19,Kerala,Kottayam,17.22,0.0,0.0,0.0,0.0,0.0,0.0,0.0,0.0,0.0,0.0,0.0,0.0,0.0,0.0,0.0,0.008,0.0,0.0,0.0
656,2016,19,Kerala,Kozhikode,0.56,0.0,0.0,0.0,0.0,0.0,0.0,0.0,0.0,0.0,0.0,0.0,0.0,0.0,0.0,0.0,0.001,0.0,0.0,0.0
656,2017,19,Kerala,Kozhikode,0.56,0.0,0.0,0.0,0.0,0.0,0.0,0.0,0.0,0.0,0.0,0.0,0.0,0.0,0.0,0.0,0.001,0.0,0.0,0.0
657,2016,19,Kerala,Malappuram,6.41,0.0,0.0,0.0,0.0,0.0,0.0,0.0,0.0,0.0,0.0,0.0,0.0,0.0,0.0,0.0,0.0,0.0,0.0,0.0
657,2017,19,Kerala,Malappuram,6.41,0.0,0.0,0.0,0.0,0.0,0.0,0.0,0.0,0.0,0.0,0.0,0.0,0.0,0.0,0.0,0.0,0.0,0.0,0.0
658,2016,19,Kerala,Palakkad,34.64,0.0,0.0,0.0,0.0,0.0,0.0,0.0,0.0,0.0,0.0,0.0,0.0,0.0,0.0,0.0,0.171,0.0,0.0,0.0
658,2017,19,Kerala,Palakkad,34.64,0.0,0.0,0.0,0.0,0.0,0.0,0.0,0.0,0.0,0.0,0.0,0.0,0.0,0.0,0.0,0.171,0.0,0.0,0.0
659,2016,19,Kerala,Kollam,0.86,0.0,0.0,0.0,0.0,0.0,0.0,0.0,0.0,0.0,0.0,0.0,0.0,0.0,0.0,0.0,0.0,0.0,0.0,0.0
659,2017,19,Kerala,Kollam,0.86,0.0,0.0,0.0,0.0,0.0,0.0,0.0,0.0,0.0,0.0,0.0,0.0,0.0,0.0,0.0,0.0,0.0,0.0,0.0
660,2016,19,Kerala,Thrissur,19.71,0.0,0.0,0.0,0.0,0.0,0.0,0.0,0.0,0.0,0.0,0.0,0.0,0.0,0.0,0.0,0.0,0.0,0.0,0.0
660,2017,19,Kerala,Thrissur,19.71,0.0,0.0,0.0,0.0,0.0,0.0,0.0,0.0,0.0,0.0,0.0,0.0,0.0,0.0,0.0,0.0,0.0,0.0,0.0
661,2016,19,Kerala,Thiruvananthapuram,1.39,0.0,0.0,0.0,0.0,0.0,0.0,0.0,0.0,0.0,0.0,0.0,0.0,0.0,0.0,0.0,0.0,0.0,0.0,0.0
661,2017,19,Kerala,Thiruvananthapuram,1.39,0.0,0.0,0.0,0.0,0.0,0.0,0.0,0.0,0.0,0.0,0.0,0.0,0.0,0.0,0.0,0.0,0.0,0.0,0.0
662,2016,19,Kerala,Kasaragod,1.18,0.0,0.0,0.0,0.0,0.0,0.0,0.0,0.0,0.0,0.0,0.0,0.0,0.0,0.0,0.0,0.0,0.0,0.0,0.0
662,2017,19,Kerala,Kasaragod,1.18,0.0,0.0,0.0,0.0,0.0,0.0,0.0,0.0,0.0,0.0,0.0,0.0,0.0,0.0,0.0,0.0,0.0,0.0,0.0
663,2016,19,Kerala,Pathanamthitta,2.64,0.0,0.0,0.0,0.0,0.0,0.0,0.0,0.0,0.0,0.0,0.0,0.0,0.0,0.0,0.0,0.01,0.0,0.0,0.0
663,2017,19,Kerala,Pathanamthitta,2.64,0.0,0.0,0.0,0.0,0.0,0.0,0.0,0.0,0.0,0.0,0.0,0.0,0.0,0.0,0.0,0.01,0.0,0.0,0.0
664,2016,19,Kerala,Wayanad,7.82,0.0,0.0,0.0,0.0,0.0,0.0,0.0,0.0,0.0,0.0,0.0,0.0,0.0,0.0,0.0,0.0,0.0,0.0,0.0
664,2017,19,Kerala,Wayanad,7.82,0.0,0.0,0.0,0.0,0.0,0.0,0.0,0.0,0.0,0.0,0.0,0.0,0.0,0.0,0.0,0.0,0.0,0.0,0.0
701,2016,8,Orissa,Balasore,130.36,0.08,0.0,0.0,0.0,0.0,0.15,0.0,0.0,0.0,0.0,12.51,12.51,10.9,0.38,0.0,0.13,0.0,0.0,0.0
701,2017,8,Orissa,Balasore,131.7,0.08,0.0,0.0,0.0,0.0,0.16,0.0,0.0,0.0,0.0,11.67,11.67,9.76,0.7,0.0,0.18,0.0,0.0,0.0
702,2016,8,Orissa,Bolangir,59.09,0.11,0.0,0.0,0.0,0.0,0.71,0.0,0.0,0.0,0.0,18.65,18.65,3.25,0.39,0.0,0.86,0.0,0.0,0.0
702,2017,8,Orissa,Bolangir,53.39,0.1,0.0,0.0,0.0,0.0,0.45,0.0,0.0,0.0,0.0,10.88,10.88,2.62,0.04,0.0,1.35,0.0,0.0,0.0
703,2016,8,Orissa,Cuttack,81.62,0.08,0.0,0.0,0.0,0.0,0.34,0.0,0.0,0.0,0.0,19.94,19.94,6.02,0.16,0.0,2.81,0.0,0.0,0.0
703,2017,8,Orissa,Cuttack,78.98,0.12,0.0,0.0,0.0,0.0,0.56,0.0,0.0,0.0,0.0,7.45,7.45,6.58,0.3,0.0,3.27,0.0,0.0,0.0
704,2016,8,Orissa,Dhenkanal,50.32,0.02,0.0,0.0,0.0,0.0,1.94,0.0,0.0,0.0,0.0,10.94,10.94,9.71,0.1,0.0,0.71,0.0,0.0,0.0
704,2017,8,Orissa,Dhenkanal,44.59,0.0,0.0,0.0,0.0,0.0,1.76,0.0,0.0,0.0,0.0,8.89,8.89,9.64,0.14,0.0,1.35,0.0,0.0,0.0
705,2016,8,Orissa,Ganjam,171.39,0.02,0.0,0.0,0.0,0.0,8.29,21.72,0.0,0.0,0.05,20.39,20.44,11.28,0.84,0.0,2.67,0.0,0.0,0.0
705,2017,8,Orissa,Ganjam,183.1,0.09,0.0,0.0,0.0,0.0,12.38,10.22,0.0,0.0,0.0,14.94,14.94,10.76,1.06,0.0,2.1,0.0,0.0,0.0
706,2016,8,Orissa,Kalahandi,161.65,0.02,0.0,0.0,0.0,0.0,1.16,0.0,0.0,0.0,0.0,0.01,0.01,11.59,0.0,0.0,1.41,0.0,0.0,0.0
706,2017,8,Orissa,Kalahandi,178.77,0.01,0.0,0.0,0.0,0.0,0.6,0.0,0.0,0.0,0.0,16.55,16.55,7.48,0.0,0.0,1.27,0.0,0.0,0.0
707,2016,8,Orissa,Keonjhar,75.8,0.29,0.0,0.0,0.0,0.0,2.23,0.0,0.0,0.0,0.0,8.07,8.07,1.5,0.0,0.0,0.09,0.0,0.0,0.0
707,2017,8,Orissa,Keonjhar,79.91,0.31,0.0,0.0,0.0,0.0,0.91,0.0,0.0,0.0,0.0,7.79,7.79,6.65,0.56,0.0,0.18,0.0,0.0,0.0
708,2016,8,Orissa,Koraput,83.96,0.06,0.0,0.0,0.0,0.0,6.67,1.55,0.0,0.0,0.0,5.47,5.47,0.51,0.0,0.0,7.72,0.0,0.0,0.0
708,2017,8,Orissa,Koraput,81.92,0.11,0.0,0.0,0.0,0.0,6.08,1.48,0.0,0.0,0.0,6.5,6.5,1.07,0.0,0.0,6.25,0.0,0.0,0.0
709,2016,8,Orissa,Mayurbhanja,113.71,0.31,0.0,0.0,0.0,0.0,1.66,0.0,0.0,0.0,0.0,6.83,6.83,5.71,0.5,0.0,0.0,0.0,0.0,0.0
709,2017,8,Orissa,Mayurbhanja,118.39,0.16,0.0,0.0,0.0,0.0,0.69,0.0,0.0,0.0,0.0,16.44,16.44,4.87,0.6,0.0,0.0,0.0,0.0,0.0
710,2016,8,Orissa,Phulbani(Kandhamal),17.65,0.01,0.0,0.0,0.0,0.0,0.11,0.0,0.0,0.0,0.0,0.15,0.15,0.02,0.0,0.0,0.0,0.0,0.0,0.0
710,2017,8,Orissa,Phulbani(Kandhamal),17.0,0.01,0.0,0.0,0.0,0.0,0.22,0.0,0.0,0.0,0.0,0.94,0.94,3.36,0.01,0.0,0.0,0.0,0.0,0.0
711,2016,8,Orissa,Puri,103.65,0.05,0.0,0.0,0.0,0.0,0.06,0.01,0.0,0.0,0.0,14.59,14.59,17.78,0.18,0.0,0.26,0.0,0.0,0.0
711,2017,8,Orissa,Puri,89.74,0.05,0.0,0.0,0.0,0.0,0.07,0.04,0.0,0.0,0.0,29.4,29.4,11.35,0.5,0.0,0.35,0.0,0.0,0.0
712,2016,8,Orissa,Sambalpur,72.24,0.1,0.0,0.0,0.0,0.0,0.42,0.0,0.0,0.0,0.0,2.29,2.29,0.6,1.56,0.0,0.04,0.0,0.0,0.0
712,2017,8,Orissa,Sambalpur,72.02,0.09,0.0,0.0,0.0,0.0,0.3,0.0,0.0,0.0,0.0,6.13,6.13,1.26,2.0,0.0,0.05,0.0,0.0,0.0
713,2016,8,Orissa,Sundargarh,48.58,1.02,0.0,0.0,0.0,0.0,1.88,0.0,0.0,0.0,0.0,11.07,11.07,0.94,6.88,0.0,0.07,0.0,0.0,0.0
713,2017,8,Orissa,Sundargarh,68.79,0.4,0.0,0.0,0.0,0.0,1.96,0.42,0.0,0.0,0.0,12.09,12.09,1.17,0.54,0.0,0.18,0.0,0.0,0.0
714,2016,8,Orissa,Bhadrak,106.67,0.01,0.0,0.0,0.0,0.0,0.29,0.0,0.0,0.0,0.0,9.0,9.0,0.65,0.32,0.0,0.13,0.0,0.0,0.0
714,2017,8,Orissa,Bhadrak,89.7,0.12,0.0,0.0,0.0,0.0,0.16,0.0,0.0,0.0,0.0,7.4,7.4,1.15,0.39,0.0,0.35,0.0,0.0,0.0
716,2016,8,Orissa,Jagatsinghapur,63.32,0.01,0.0,0.0,0.0,0.0,0.12,0.0,0.0,0.0,0.0,15.57,15.57,6.48,0.02,0.0,0.86,0.0,0.0,0.0
716,2017,8,Orissa,Jagatsinghapur,69.48,0.09,0.0,0.0,0.0,0.0,0.14,0.0,0.0,0.0,0.0,15.83,15.83,7.65,0.01,0.0,1.25,0.0,0.0,0.0
717,2016,8,Orissa,Jajapur,45.84,0.07,0.0,0.0,0.0,0.0,0.85,0.01,0.0,0.0,0.0,16.12,16.12,30.28,0.0,0.0,1.21,0.0,0.0,0.0
717,2017,8,Orissa,Jajapur,46.29,0.11,0.0,0.0,0.0,0.0,0.7,0.01,0.0,0.0,0.0,12.67,12.67,23.96,0.0,0.0,1.09,0.0,0.0,0.0
718,2016,8,Orissa,Kendrapara,67.62,0.02,0.0,0.0,0.0,0.0,0.06,0.0,0.0,0.0,0.0,1.45,1.45,7.12,0.18,0.0,0.41,0.0,0.0,0.0
718,2017,8,Orissa,Kendrapara,70.22,0.12,0.0,0.0,0.0,0.0,0.07,0.0,0.0,0.0,0.0,17.1,17.1,0.95,0.16,0.0,0.45,0.0,0.0,0.0
719,2016,8,Orissa,Angul,48.48,0.04,0.0,0.0,0.0,0.0,3.44,0.0,0.0,0.0,0.0,11.65,11.65,4.61,3.81,0.0,0.03,0.0,0.0,0.0
719,2017,8,Orissa,Angul,42.47,0.05,0.0,0.0,0.0,0.0,2.44,0.0,0.0,0.0,0.0,12.87,12.87,5.34,4.44,0.0,0.07,0.0,0.0,0.0
720,2016,8,Orissa,Gajapati,24.92,0.0,0.0,0.0,0.0,0.0,0.77,0.62,0.0,0.0,0.0,0.48,0.48,2.02,0.14,0.0,0.0,0.0,0.0,0.0
720,2017,8,Orissa,Gajapati,26.05,0.0,0.0,0.0,0.0,0.0,0.79,1.04,0.0,0.0,0.0,1.61,1.61,2.48,0.15,0.0,0.0,0.0,0.0,0.0
721,2016,8,Orissa,Nuapada,38.78,0.05,0.0,0.0,0.0,0.0,3.36,0.0,0.0,0.0,0.0,0.82,0.82,8.1,0.0,0.0,0.04,0.0,0.0,0.0
721,2017,8,Orissa,Nuapada,39.22,0.05,0.0,0.0,0.0,0.0,3.15,0.0,0.0,0.0,0.0,2.5,2.5,5.35,0.0,0.0,0.05,0.0,0.0,0.0
722,2016,8,Orissa,Malkangiri,44.8,0.01,0.0,0.0,0.0,0.0,5.07,0.12,0.0,0.0,0.0,6.03,6.03,5.24,9.84,0.0,0.01,0.0,0.0,0.0
722,2017,8,Orissa,Malkangiri,46.78,0.0,0.0,0.0,0.0,0.0,5.95,0.1,0.0,0.0,0.0,8.32,8.32,2.66,9.81,0.0,0.03,0.0,0.0,0.0
723,2016,8,Orissa,Nawarangpur,27.58,0.12,0.0,0.0,0.0,0.0,16.7,0.02,0.0,0.0,0.18,1.55,1.73,0.51,0.0,0.0,4.96,0.0,0.0,0.0
723,2017,8,Orissa,Nawarangpur,27.13,0.12,0.0,0.0,0.0,0.0,15.98,0.01,0.0,0.0,0.0,4.78,4.78,5.12,0.0,0.0,3.82,0.0,0.0,0.0
724,2016,8,Orissa,Rayagada,24.2,0.11,0.0,0.0,0.0,0.0,3.67,1.03,0.0,0.0,1.05,3.32,4.37,1.12,1.09,0.0,0.22,0.0,0.0,0.0
724,2017,8,Orissa,Rayagada,31.98,0.11,0.0,0.0,0.0,0.0,3.02,0.42,0.0,0.0,0.0,5.72,5.72,1.38,0.94,0.0,0.39,0.0,0.0,0.0
725,2016,8,Orissa,Khurda,44.23,0.0,0.0,0.0,0.0,0.0,0.11,0.0,0.0,0.0,0.0,3.6,3.6,0.64,0.0,0.0,0.17,0.0,0.0,0.0
725,2017,8,Orissa,Khurda,44.27,0.0,0.0,0.0,0.0,0.0,0.17,0.0,0.0,0.0,0.0,7.58,7.58,1.15,0.11,0.0,0.35,0.0,0.0,0.0
726,2016,8,Orissa,Nayagarh,45.51,0.12,0.0,0.0,0.0,0.0,1.5,0.0,0.0,0.0,0.0,4.83,4.83,0.39,0.64,0.0,1.65,0.0,0.0,0.0
726,2017,8,Orissa,Nayagarh,44.44,0.1,0.0,0.0,0.0,0.0,3.75,0.0,0.0,0.0,0.0,8.15,8.15,0.52,0.82,0.0,1.39,0.0,0.0,0.0
728,2016,8,Orissa,Boudh,54.39,0.06,0.0,0.0,0.0,0.0,0.62,0.0,0.0,0.0,0.0,4.61,4.61,0.21,0.0,0.0,0.03,0.0,0.0,0.0
728,2017,8,Orissa,Boudh,51.0,0.08,0.0,0.0,0.0,0.0,0.64,0.0,0.0,0.0,0.0,6.75,6.75,0.52,0.0,0.0,0.05,0.0,0.0,0.0
729,2016,8,Orissa,Bargarh,167.06,0.02,0.0,0.0,0.0,0.0,0.37,0.0,0.0,0.0,0.0,13.59,13.59,5.99,0.46,0.0,0.44,0.0,0.0,0.0
729,2017,8,Orissa,Bargarh,181.82,0.12,0.0,0.0,0.0,0.0,0.62,0.0,0.0,0.0,0.0,19.97,19.97,5.12,0.33,0.0,0.48,0.0,0.0,0.0
730,2016,8,Orissa,Deogarh,19.06,0.05,0.0,0.0,0.0,0.0,0.26,0.0,0.0,0.0,0.0,1.09,1.09,0.37,0.72,0.0,0.18,0.0,0.0,0.0
730,2017,8,Orissa,Deogarh,19.23,0.12,0.0,0.0,0.0,0.0,0.31,0.0,0.0,0.0,0.0,7.45,7.45,0.59,2.15,0.0,0.18,0.0,0.0,0.0
731,2016,8,Orissa,Jharsuguda,11.29,0.06,0.0,0.0,0.0,0.0,0.25,0.0,0.0,0.0,0.0,1.84,1.84,0.16,0.0,0.0,0.24,0.0,0.0,0.0
731,2017,8,Orissa,Jharsuguda,10.51,0.08,0.0,0.0,0.0,0.0,0.31,0.0,0.0,0.0,0.0,1.76,1.76,0.35,0.0,0.0,0.35,0.0,0.0,0.0
732,2016,8,Orissa,Sonepur,95.72,0.13,0.0,0.0,0.0,0.0,0.28,0.0,0.0,0.0,1.05,11.93,12.98,2.27,0.93,0.0,0.09,0.0,0.0,0.0
732,2017,8,Orissa,Sonepur,92.77,0.1,0.0,0.0,0.0,0.0,0.5,0.0,0.0,0.0,0.0,15.96,15.96,4.54,0.99,0.0,0.17,0.0,0.0,0.0
902,2016,2,Bihar,Muzaffarpur,39.24,77.84,0.0,0.0,0.0,0.0,13.96,0.0,0.19,0.13,0.01,0.75,0.89,5.41416334707393,0.01,0.01,12.515712660269177,5.623556296962873,7.52,0.0
902,2017,2,Bihar,Muzaffarpur,41.88,78.16,0.0,0.0,0.0,0.0,25.32,0.0,0.16,0.12,0.01,2.8469104117222517,3.42996807139869,0.0,0.01,0.01,0.0,0.0,8.51,0.0
903,2016,2,Bihar,Darbhanga,48.47,59.88,0.0,0.0,0.0,0.0,13.22,0.59,0.0,0.0,0.0,0.13,0.13,0.0,0.0,0.0,1.83,0.0,8.68,0.0
903,2017,2,Bihar,Darbhanga,48.5,57.92,0.0,0.0,0.0,0.0,8.29,0.59,0.0,0.0,0.0,0.13,0.13,0.0,0.0,0.0,1.83,0.0,8.72,0.0
904,2016,2,Bihar,Saharsa,35.42,48.78,0.0,0.0,0.0,0.0,25.65,0.0,0.06,0.0,0.0,2.87,2.87,0.0,0.0,0.01,0.15,0.0,2.79,0.0
904,2017,2,Bihar,Saharsa,24.64,48.4,0.0,0.0,0.0,0.0,25.18,0.0,0.04,0.0,0.0,2.83,2.83,0.0,0.0,0.01,0.13,0.0,2.55,0.0
905,2016,2,Bihar,Purnea,100.66,35.07,0.0,0.0,0.0,0.0,32.13,0.0,0.0,0.0,0.0,1.1,1.1,0.0,0.04,0.08,0.03,0.0,14.84,0.0
905,2017,2,Bihar,Purnea,94.14,19.78,0.0,0.0,0.0,0.0,28.25,0.0,0.0,0.0,0.0,0.14,0.14,0.0,0.03,0.22,0.04,0.0,11.97,0.0
906,2016,2,Bihar,Saran,0.0,89.36,0.0,0.0,0.0,0.0,10.31,0.0,0.0,0.0,0.0,0.13,0.13,0.0,0.0,0.0,0.0,0.0,10.15,0.0
906,2017,2,Bihar,Saran,13.64,76.9,0.0,0.0,0.0,0.0,10.82,0.0,0.02,0.0,0.0,0.7,0.7,0.0,0.0,0.0,0.0,0.0,11.5,0.0
907,2016,2,Bihar,Patna,60.41,59.93,0.12,0.0,0.12,0.0,2.04,0.0,0.05,0.76,0.06,0.51,1.34,0.0,0.0,0.05,0.03,0.0,14.19,0.026
907,2017,2,Bihar,Patna,69.69,67.53,0.0,0.0,0.0,0.0,2.31,0.0,0.04,0.17,0.12,0.94,1.23,0.0,0.0,0.04,0.03,0.0,14.49,0.075
908,2016,2,Bihar,Mungair,25.31,10.8,0.0,0.0,0.0,0.0,1.2,0.0,0.0,0.03,0.0,0.1,0.13,0.0,0.0,0.0,0.08,0.0,1.02,0.0
908,2017,2,Bihar,Mungair,25.31,10.8,0.0,0.0,0.0,0.0,1.24,0.0,0.0,0.03,0.0,0.11,0.13,0.0,0.0,0.0,0.08,0.0,1.11,0.0
909,2016,2,Bihar,Bhagalpur,15.99,33.18,0.0,0.0,0.0,0.0,26.5,0.0,0.01,0.0,0.0,0.75,0.75,0.0,0.0,0.0,0.0,0.0,5.91,0.0
909,2017,2,Bihar,Bhagalpur,19.95,41.08,0.0,0.0,0.0,0.0,26.91,0.0,0.01,0.0,0.0,2.7,2.7,0.0,0.0,0.0,0.02,0.0,7.46,0.0
910,2016,15,Jharkhand,Santhal Paragana Dumka,0.0,3.31,0.0,0.0,0.0,0.0,0.0,0.0,0.0,0.02,0.0,0.0,0.02,0.0,0.0,0.0,0.0,0.0,2.9,0.0
910,2017,15,Jharkhand,Santhal Paragana Dumka,0.0,0.0,0.0,0.0,0.0,0.01,0.0,3.586,0.0,0.0,0.0,0.0,0.0,3.596,0.0,0.0,0.0,0.0,0.0,0.0
912,2016,2,Bihar,Gaya,97.42,71.93,0.0,0.0,0.0,0.0,0.92,0.0,0.0,0.29,0.0,2.83,3.12,0.0,0.0,0.04,0.03,0.0,13.87,0.0
912,2017,2,Bihar,Gaya,98.95,71.92,0.0,0.0,0.0,0.0,0.87,0.0,0.0,0.29,0.0,2.5,2.79,0.0,0.0,0.04,0.04,0.0,13.0,0.0
913,2016,15,Jharkhand,Hazaribagh,0.0,3.39,0.0,0.0,0.0,0.0,0.03,0.0,0.0,0.32,0.0,0.11,0.43,0.1,0.0,0.0,0.01,0.0,8.23,0.0
913,2017,15,Jharkhand,Hazaribagh,0.0,0.0,0.0,0.0,0.0,0.0,0.0,4.406,0.0,0.0,0.0,0.0,0.0,4.406,0.253,0.0,0.0,0.029,0.029,0.282
914,2016,15,Jharkhand,Dhanbad,0.0,0.12,0.0,0.0,0.0,0.0,0.0,0.0,0.0,0.0,0.0,0.0,0.0,0.0,0.0,0.0,0.0,0.0,0.69,0.0
914,2017,15,Jharkhand,Dhanbad,0.0,0.0,0.0,0.0,0.0,0.0,0.0,0.193,0.0,0.0,0.0,0.0,0.0,0.193,0.004,0.0,0.0,0.0,0.0,0.004
915,2016,15,Jharkhand,Palamau,24.72,14.28,0.0,0.0,0.0,0.0,0.31,0.0,0.07,0.0,0.0,0.15,0.15,0.0,3.28,0.0,0.14,0.0,5.08,0.0
915,2017,15,Jharkhand,Palamau,25.78,0.0,0.0,0.0,0.0,0.224,0.0,14.298,0.783,0.0,0.001,0.001,0.0,41.086,0.019,0.0,0.0,0.158,0.158,0.177
916,2016,15,Jharkhand,Ranchi,4.63,11.85,0.0,0.0,0.0,0.0,0.15,0.0,0.0,0.0,0.0,0.66,0.66,0.0,0.0,0.0,0.0,0.0,11.67,0.0
916,2017,15,Jharkhand,Ranchi,3.345,0.0,0.0,0.0,0.0,0.212,0.0,1.818,0.0,0.0,0.0,0.0,0.0,5.375,0.0,0.0,0.023,0.694,0.717,0.717
918,2016,2,Bihar,Nalanda,115.1,83.9,0.0,0.0,0.0,0.0,7.47,0.0,0.06,0.25,0.0,2.07,2.33,0.02,0.2554786066070946,0.01,0.13,4.095568433797167,14.66,0.868
918,2017,2,Bihar,Nalanda,119.79,80.5,0.0,0.0,0.0,0.0,6.34,0.0,0.03,0.81,0.0,2.25,3.06,0.0,0.0,0.01,0.09,0.0,11.4,0.781
919,2016,2,Bihar,Nawada,66.94,48.67,0.0,0.0,0.0,0.0,0.49,0.01,0.0,0.03,0.0,1.73,1.76,0.06,0.02,0.0,0.07,0.0,4.73,0.055
919,2017,2,Bihar,Nawada,75.44,42.85,0.0,0.0,0.0,0.0,0.52,0.01,0.0,0.0,0.13,1.72,1.85,0.0,0.04,0.0,0.04,0.0,4.06,0.008
920,2016,2,Bihar,Aurangabad,175.01,67.95,0.0,0.0,0.0,0.0,0.04,0.0,0.06,0.84,0.0,0.03,0.87,0.0,0.0,0.0,0.05,0.0,2.12,0.0
920,2017,2,Bihar,Aurangabad,177.89,67.22,0.0,0.0,0.0,0.0,0.07,0.0,0.06,0.77,0.0,0.04,0.81,0.0,0.0,0.0,0.05,0.0,2.2,0.0
921,2016,2,Bihar,Bhojpur,90.77,49.5,0.0,0.0,0.0,0.01,0.77,0.0,1.62,2.74,0.06,1.0,3.8,0.0,0.0,0.02,0.17,0.0,9.07,0.07
921,2017,2,Bihar,Bhojpur,97.05,71.13,0.0,0.0,0.0,0.01,0.43,0.0,1.88,0.99,0.0,0.08,1.08,0.0,0.0,0.0,0.04,0.0,8.67,0.022
922,2016,2,Bihar,Rohtas,193.38,140.49,0.0,0.0,0.0,0.0,0.01,0.0,0.37,0.06,0.0,0.41,0.47,0.0,0.0,0.04,0.0,0.0,3.52,0.0
922,2017,2,Bihar,Rohtas,190.72,140.69,0.0,0.0,0.0,0.0,0.0,0.0,0.37,0.06,0.0,0.41,0.47,0.0,0.0,0.03,0.0,0.0,3.46,0.0
923,2016,2,Bihar,Siwan,6.37,89.42,0.0,0.0,0.0,0.0,7.84,0.0,0.09,0.19,0.0,0.4,0.58,0.0,0.0,0.01,0.31,0.0,9.2,0.0
923,2017,2,Bihar,Siwan,1.65,89.86,0.0,0.0,0.0,0.0,8.99,0.0,0.09,0.19,0.0,0.37,0.56,0.0,0.0,0.01,0.31,0.0,9.31,0.0
924,2016,2,Bihar,Gopalganj,13.78,77.63,0.0,0.0,0.0,0.0,5.73,0.0,0.0,0.0,0.0,0.23,0.23,0.0,0.0,0.0,1.54,0.0,4.99,0.0
924,2017,2,Bihar,Gopalganj,35.58,74.2,0.0,0.0,0.0,0.0,10.14,0.0,0.0,0.0,0.0,0.35,0.35,0.0,0.0,0.0,19.32,0.0,4.63,0.0
925,2016,2,Bihar,Champaran(East),59.8,108.36,0.0,0.0,0.0,0.0,10.81,0.0,0.0,0.0,0.0,0.22,0.22,0.0,0.0,0.0,18.82,0.0,15.12,0.0
925,2017,2,Bihar,Champaran(East),67.64,107.88,0.0,0.0,0.0,0.0,10.54,0.0,0.0,0.0,0.0,0.12,0.12,0.0,0.0,0.0,18.67,0.0,14.63,0.0
926,2016,2,Bihar,Champaran(West),85.08,69.14,0.0,0.0,0.0,0.0,3.77,0.0,0.0,0.0,0.0,0.31,0.31,0.0,0.0,0.02,144.15,0.0,11.6,0.0
926,2017,2,Bihar,Champaran(West),83.52,69.9,0.0,0.0,0.0,0.0,3.43,0.0,0.0,0.0,0.0,0.28,0.28,0.0,0.0,0.0,144.03,0.0,11.09,0.0
927,2016,2,Bihar,Vaishali,18.53,42.45,0.0,0.0,0.0,0.0,19.83,0.0,0.01,0.01,0.09,0.98,1.07,1.5708451350698818,0.02,0.02,0.0,3.4888344118551,23.61,0.0
927,2017,2,Bihar,Vaishali,19.41,40.08,0.0,0.0,0.0,0.0,24.0,0.0,0.01,0.0,0.34,0.45,0.79,0.0,0.0,0.03,0.07,0.0,26.51,0.216
928,2016,2,Bihar,Sitamarhi,66.47,87.8,0.0,0.0,0.0,0.0,5.26,0.05,0.01,0.0,0.0,1.48,1.48,0.0,0.0,0.09,20.82,0.0,9.85,0.0
928,2017,2,Bihar,Sitamarhi,70.49,87.79,0.0,0.0,0.0,0.0,5.23,0.05,0.01,0.0,0.0,1.48,1.48,0.0,0.0,0.09,20.7,0.0,9.93,0.0
929,2016,2,Bihar,Madhubani,51.8,82.35,0.0,0.0,0.0,0.0,0.06,0.01,0.01,0.0,0.0,0.02,0.02,0.0,0.01,0.0,0.0,0.0,8.87,0.0
929,2017,2,Bihar,Madhubani,50.77,79.16,0.0,0.0,0.0,0.0,0.13,0.01,0.06,0.0,0.0,0.02,0.02,0.0,0.06,0.01,0.0,0.0,11.38,0.0
930,2016,2,Bihar,Samastipur,42.84,49.03,0.0,0.0,0.0,0.0,52.12,0.0,0.05,0.07,0.0,1.4,1.47,0.0,0.01,0.0,0.12,0.0,34.45,0.467
930,2017,2,Bihar,Samastipur,64.07,55.63,0.0,0.0,0.0,0.0,56.2,0.0,0.0,0.02,0.05,2.42,2.49,0.0,0.0,0.0,1.02,0.0,34.94,1.588
931,2016,2,Bihar,Begusarai,12.0,59.43,0.01,0.0,0.01,0.0,25.95,0.0,0.03,0.0,0.0,1.57,1.57,0.0,0.0,0.0,2.28,0.0,11.71,0.228
931,2017,2,Bihar,Begusarai,14.14,57.33,0.05,0.0,0.05,0.0,24.06,0.0,0.0,0.0,0.0,2.12,2.12,0.0,0.0,0.0,0.09,0.0,10.95,0.0
932,2016,2,Bihar,Katihar,75.15,6.33,0.0,0.0,0.0,0.0,80.36,0.0,0.0,0.01,0.0,0.79,0.8,0.0,0.0,0.0,0.09,0.0,13.85,0.0
932,2017,2,Bihar,Katihar,40.69,27.26,0.0,0.0,0.0,0.0,58.07,0.0,0.0,0.0,0.0,0.72,0.72,0.0,0.0,0.0,0.0,0.0,13.85,0.0
933,2016,15,Jharkhand,Giridih,0.0,9.44,0.0,0.0,0.0,0.0,0.01,0.0,0.0,0.0,0.07,2.83,2.9,0.17,0.06,0.0,0.0,0.0,5.81,0.0
933,2017,15,Jharkhand,Giridih,0.0,0.0,0.0,0.0,0.0,0.018,0.0,5.565,0.0,0.0,0.022,0.022,0.0,5.605,1.421,0.0,0.0,2.437,2.437,3.858
934,2016,2,Bihar,Jehanabad,35.88,21.59,0.0,0.0,0.0,0.0,0.34,0.0,0.0,0.0,0.0,0.12,0.12,0.0,0.0,0.0,0.02,0.0,2.72,0.0
934,2017,2,Bihar,Jehanabad,35.53,21.79,0.0,0.0,0.0,0.0,0.2,0.0,0.0,0.0,0.0,0.11,0.11,0.0,0.0,0.0,0.04,0.0,2.58,0.0
935,2016,2,Bihar,Madhepura,61.82,9.06,0.0,0.0,0.0,0.0,38.62,0.0,0.0,0.0,0.01,0.43,0.44,1.0666674454368947,0.0,0.0,0.0,7.768769785526741,6.52,0.0
935,2017,2,Bihar,Madhepura,50.71,31.13,0.0,0.0,0.0,0.0,34.22,0.0,0.0,0.0,0.0,0.65,0.65,0.0,0.0,0.0,0.0,0.0,6.73,0.0
936,2016,2,Bihar,Khagaria,10.16,29.01,0.0,0.0,0.0,0.0,47.3,0.0,0.02,0.38,0.01,0.25,0.65,5.41416334707393,0.02,0.03863949847775773,18.90886381790887,7.768769785526741,4.45,0.0
936,2017,2,Bihar,Khagaria,8.18,28.31,0.0,0.0,0.0,0.0,41.55,0.0,0.01,0.0,0.0,0.44,0.44,0.0,0.02,0.0,0.0,0.0,4.4,0.0
937,2016,15,Jharkhand,Godda,0.83,16.67,0.0,0.0,0.0,0.0,0.99,0.0,0.01,0.13,0.0,0.04,0.17,0.0,0.0,0.0,0.0,0.0,2.39,0.0
937,2017,15,Jharkhand,Godda,0.109,0.028,0.0,0.028,0.0,0.554,0.0,4.271,0.041,0.0,0.0,0.0,0.0,5.003,0.008,0.0,0.086,0.0,0.086,0.094
938,2016,15,Jharkhand,Sahebganj,0.07,3.04,0.0,0.0,0.0,0.0,0.05,0.0,0.0,0.0,0.0,0.0,0.0,0.0,0.0,0.0,0.0,0.0,0.3,0.0
938,2017,15,Jharkhand,Sahebganj,0.022,0.0,0.0,0.0,0.0,0.046,0.0,2.115,0.286,0.0,0.0,0.0,0.0,2.469,0.0,0.0,0.0,0.0,0.0,0.0
940,2016,15,Jharkhand,Devghar Deogarh,0.0,2.41,0.0,0.0,0.0,0.0,0.15,0.0,0.0,0.1,0.0,0.0,0.1,0.0,0.0,0.0,0.0,0.0,2.85,0.0
940,2017,15,Jharkhand,Devghar Deogarh,0.0,0.0,0.0,0.0,0.0,0.196,0.0,3.448,0.0,0.0,0.0,0.0,0.0,3.644,0.001,0.0,0.0,0.0,0.0,0.001
941,2016,15,Jharkhand,Lohardagga,0.09,1.74,0.0,0.0,0.0,0.0,0.15,0.0,0.0,0.12,0.0,0.68,0.8,0.0,0.01,0.0,0.16,0.0,5.85,0.0
941,2017,15,Jharkhand,Lohardagga,0.013,0.0,0.0,0.0,0.0,0.069,0.0,1.737,0.0,0.0,0.0,0.0,0.0,1.819,0.0,0.0,0.0,0.771,0.771,0.771
942,2016,15,Jharkhand,Gumla,0.17,8.06,0.0,0.0,0.0,0.0,0.0,0.0,0.0,0.0,0.0,0.23,0.23,0.29,0.07,0.03,0.0,0.0,13.25,0.0
942,2017,15,Jharkhand,Gumla,0.142,0.0,0.0,0.0,0.0,0.002,0.0,0.808,0.001,0.052,0.0,0.052,0.0,1.005,0.031,0.053,0.0,0.258,0.258,0.342
943,2016,15,Jharkhand,Singhbhum East,1.33,0.15,0.0,0.0,0.0,0.0,0.09,0.0,0.0,0.0,0.0,0.01,0.01,0.0,0.0,0.0,0.0,0.0,1.03,0.0
943,2017,15,Jharkhand,Singhbhum East,1.368,0.0,0.0,0.0,0.0,0.073,0.0,0.166,0.0,0.0,0.0,0.0,0.0,1.607,0.032,0.0,0.0,0.001,0.001,0.033
944,2016,15,Jharkhand,Singhbhum West,0.04,0.04,0.0,0.0,0.0,0.0,0.0,0.0,0.0,0.0,0.0,0.0,0.0,0.0,0.0,0.0,0.0,0.0,0.85,0.0
944,2017,15,Jharkhand,Singhbhum West,0.357,0.0,0.0,0.0,0.0,0.0,0.0,0.096,0.0,0.0,0.0,0.0,0.0,0.453,0.0,0.0,0.0,0.001,0.001,0.001
945,2016,2,Bihar,Araria,48.44,32.5,0.0,0.0,0.0,0.0,41.32,0.0,0.0,0.0,0.0,0.06,0.06,0.0,0.01,0.0,0.0,0.0,6.73,0.0
945,2017,2,Bihar,Araria,49.61,25.36,0.0,0.0,0.0,0.0,48.01,0.0,0.0,0.0,0.0,0.0,0.0,0.0,0.0,0.0,0.0,0.0,6.06,0.0
946,2016,2,Bihar,Kishanganj,22.4,16.67,0.0,0.0,0.0,0.0,3.15,0.0,0.0,0.0,0.0,0.0,0.0,0.0,0.0,0.0,0.0,0.0,3.56,0.0
946,2017,2,Bihar,Kishanganj,22.49,16.7,0.0,0.0,0.0,0.0,3.19,0.0,0.0,0.0,0.0,0.0,0.0,0.0,0.0,0.0,0.0,0.0,3.57,0.0
947,2016,2,Bihar,Buxar,87.57,82.73,0.0,0.0,0.0,0.0,0.31,0.0,0.77,0.0,0.0,0.37,0.37,0.0,0.0,0.0,0.16,0.0,12.18,0.015
947,2017,2,Bihar,Buxar,87.48,78.48,0.0,0.0,0.0,0.0,0.25,0.0,0.68,0.0,0.0,0.26,0.26,0.0,0.0,0.0,0.12,0.0,10.48,0.005
948,2016,2,Bihar,Bhabhua Kaimur,117.32,80.63,0.0,0.0,0.0,0.0,0.04,0.0,0.07,0.0,0.0,0.12,0.12,0.0,0.0,0.0,0.12,0.0,2.44,0.0
948,2017,2,Bihar,Bhabhua Kaimur,116.64,68.03,0.0,0.0,0.0,0.0,0.0,0.0,0.1,0.0,0.0,0.06,0.06,0.0,0.0,0.0,0.07,0.0,0.91,0.0
949,2016,2,Bihar,Banka,82.01,31.49,0.0,0.0,0.0,0.0,4.49,0.0,0.02,0.17,0.0,0.79,0.96,0.0,0.0,0.0,1.63,0.0,4.96,0.0
949,2017,2,Bihar,Banka,75.16,31.73,0.0,0.0,0.0,0.0,4.15,0.0,0.02,0.17,0.0,0.89,1.05,0.0,0.0,0.0,0.8,0.0,5.81,0.0
950,2016,2,Bihar,Jamui,20.52,46.11,0.0,0.0,0.0,0.0,1.24,0.0,0.0,0.0,0.0,0.88,0.88,0.0,0.0,0.0,0.9,0.0,3.16,0.0
950,2017,2,Bihar,Jamui,20.99,35.87,0.0,0.0,0.0,0.0,1.31,0.0,0.01,0.35,0.0,0.89,1.24,0.0,0.0,0.0,0.32,0.0,2.78,0.0
951,2016,2,Bihar,Supaul,79.08,50.36,0.01,0.0,0.01,0.0,14.56,0.01,0.0,0.0,0.0,0.5,0.5,0.0,0.03,0.0,0.0,0.0,15.67,0.0
951,2017,2,Bihar,Supaul,76.36,50.72,0.0,0.0,0.0,0.0,16.81,0.0,0.0,0.0,0.0,0.56,0.56,0.0,0.01,0.0,0.0,0.0,12.53,0.0
952,2016,15,Jharkhand,Chatra,2.03,4.37,0.0,0.0,0.0,0.0,0.0,0.0,0.0,0.0,0.0,0.14,0.14,0.0,0.07,0.0,0.15,0.0,2.56,0.0
952,2017,15,Jharkhand,Chatra,0.226,0.0,0.0,0.0,0.0,0.003,0.0,4.105,0.001,0.0,0.0,0.0,0.0,4.335,0.01,0.108,0.0,0.093,0.093,0.211
953,2016,15,Jharkhand,Bokaro,0.01,0.18,0.0,0.0,0.0,0.0,0.0,0.0,0.0,0.0,0.0,0.0,0.0,0.0,0.0,0.0,0.0,0.0,2.46,0.0
953,2017,15,Jharkhand,Bokaro,0.058,0.0,0.0,0.0,0.0,0.0,0.0,0.157,0.0,0.0,0.0,0.0,0.0,0.215,0.0,0.0,0.0,0.0,0.0,0.0
954,2016,15,Jharkhand,Gadva Garhwa,11.94,10.01,0.0,0.0,0.0,0.0,0.01,0.0,0.0,0.0,0.0,0.01,0.01,0.0,2.08,0.0,0.02,0.0,3.81,0.0
954,2017,15,Jharkhand,Gadva Garhwa,14.723,0.0,0.0,0.0,0.0,0.013,0.0,8.907,0.0,0.0,0.0,0.0,0.0,23.643,0.0,0.0,0.0,0.0,0.0,0.0
955,2016,15,Jharkhand,Khodrama Koderma,0.0,1.26,0.0,0.0,0.0,0.0,0.0,0.0,0.0,0.04,0.05,0.02,0.12,0.0,0.0,0.0,0.0,0.0,1.09,0.0
955,2017,15,Jharkhand,Khodrama Koderma,0.0,0.0,0.0,0.0,0.0,0.0,0.0,1.518,0.0,0.0,0.0,0.0,0.0,1.518,0.048,0.0,0.0,0.019,0.019,0.067
956,2016,2,Bihar,Lakhisarai,23.7,29.4,0.0,0.0,0.0,0.0,0.12,0.0,0.0,0.0,0.0,0.01,0.01,0.0,0.0,0.0,0.0,0.0,0.1,0.0
956,2017,2,Bihar,Lakhisarai,31.53,29.69,0.0,0.0,0.0,0.0,0.08,0.0,0.0,0.0,0.0,0.01,0.01,0.0,0.0,0.0,0.0,0.0,0.1,0.0
957,2016,15,Jharkhand,Pakund Pakur,0.03,3.94,0.0,0.0,0.0,0.0,0.19,0.0,0.0,0.0,0.0,0.0,0.0,0.0,0.0,0.0,0.0,0.0,1.15,0.0
957,2017,15,Jharkhand,Pakund Pakur,0.039,0.0,0.0,0.0,0.0,0.234,0.0,3.297,0.0,0.0,0.0,0.0,0.0,3.57,0.0,0.0,0.0,0.0,0.0,0.0
958,2016,2,Bihar,Sheikapura,22.08,19.95,0.0,0.0,0.0,0.0,0.22,0.0,0.0,0.0,0.0,0.06,0.06,0.0,0.0,0.0,0.11,0.0,1.55,0.012
958,2017,2,Bihar,Sheikapura,30.7,20.91,0.0,0.0,0.0,0.0,0.22,0.0,0.0,0.0,0.0,0.33,0.33,0.0,0.0,0.0,0.0,0.0,1.46,0.001
960,2016,2,Bihar,Sheohar,8.21,14.09,0.0,0.0,0.0,0.0,1.29,0.0,0.0,0.0,0.0,0.37,0.37,2.8746911856754465,0.05,0.04792132761347737,0.24,5.606077118722105,1.24,0.0
960,2017,2,Bihar,Sheohar,8.17,14.23,0.0,0.0,0.0,0.0,1.4,0.0,0.0,0.0,0.0,0.22,0.22,0.0,0.04,0.0,0.25,0.0,1.22,0.0
961,2016,2,Bihar,Arwal,41.71,14.25,0.0,0.0,0.0,0.0,0.38,0.0,0.0,0.0,0.0,0.08,0.08,0.0,0.0,0.0,0.02,0.0,2.18,0.0
961,2017,2,Bihar,Arwal,42.52,13.56,0.0,0.0,0.0,0.0,0.31,0.0,0.0,0.0,0.0,0.12,0.12,0.0,0.0,0.0,0.02,0.0,1.87,0.0
962,2016,15,Jharkhand,Jamtara,0.0,2.19,0.0,0.0,0.0,0.0,0.0,0.0,0.0,0.0,0.0,0.0,0.0,0.04,0.01,0.0,0.0,0.0,2.32,0.0
962,2017,15,Jharkhand,Jamtara,0.0,0.0,0.0,0.0,0.0,0.089,0.0,1.067,0.0,0.0,0.0,0.0,0.0,1.156,0.041,0.0,0.012,0.0,0.012,0.053
963,2016,15,Jharkhand,Latehar,4.07,4.98,0.0,0.0,0.0,0.0,0.03,0.0,0.0,0.0,0.0,0.12,0.12,0.0,1.02,0.0,0.0,0.0,4.98,0.0
963,2017,15,Jharkhand,Latehar,4.487,0.0,0.0,0.0,0.0,9.615,0.0,1.685,0.0,0.0,0.0,0.0,0.0,15.787,0.0,0.0,0.121,0.071,0.192,0.192
964,2016,15,Jharkhand,Sariakela Kharsawan,0.03,0.19,0.0,0.0,0.0,0.0,0.0,0.0,0.0,0.0,0.0,0.04,0.04,0.01,0.0,0.0,0.0,0.0,0.32,0.0
964,2017,15,Jharkhand,Sariakela Kharsawan,0.109,0.0,0.0,0.0,0.0,0.0,0.0,0.023,0.0,0.0,0.0,0.0,0.0,0.132,0.0,0.0,0.0,0.0,0.0,0.0
965,2016,15,Jharkhand,Simdega,0.44,0.05,0.0,0.0,0.0,0.0,0.02,0.0,0.0,0.0,0.0,0.1,0.1,0.0,0.05,0.0,0.0,0.0,3.28,0.0
965,2017,15,Jharkhand,Simdega,0.442,0.0,0.0,0.0,0.0,0.023,0.0,0.048,0.0,0.0,0.0,0.0,0.0,0.513,0.0,0.0,0.0,0.1,0.1,0.1
999,2016,11,Tamil Nadu,Chennai,0.0,0.0,0.0,0.0,0.0,0.0,0.0,0.0,0.0,0.0,0.0,0.0,0.0,0.0,0.0,0.0,0.0,0.0,0.0,0.0
999,2017,11,Tamil Nadu,Chennai,47.01976313276025,56.65204497035457,0.1080683886329922,0.3799574237125202,0.5046674108329201,1.9073150785567023,4.132510983763142,0.3079757120833313,0.8094260103953461,6.529436567757514,0.5356575902319936,3.2896311705700487,10.19107673706325,5.3981987760765175,0.2209658499351308,0.045850834082436766,7.5041996686820935,7.726752834214871,8.112705826170007,3.0313528880499003
1001,2016,3,Gujarat,Anand,102.7,57.8,0.0,0.0,0.0,34.7,0.2,0.0,0.0,0.4,0.0,0.9,1.3,0.1,0.1,0.0,0.1,2.2,49.9,0.0
1001,2017,3,Gujarat,Anand,111.4,57.1,0.0,0.0,0.0,39.4,0.1,0.0,0.0,3.8,0.1,0.8,4.7,0.0,0.1,0.0,0.0,1.9,51.7,0.0
1002,2016,3,Gujarat,Dahod,10.4,47.0,0.0,0.0,0.0,0.0,16.8,0.0,0.0,9.9,0.0,1.3,11.2,0.7,0.0,0.0,0.0,0.0,9.5,0.0
1002,2017,3,Gujarat,Dahod,20.1,33.7,0.0,0.0,0.0,0.0,15.2,0.0,0.0,20.0,0.0,1.6,21.7,1.4,0.0,0.0,0.0,0.0,7.8,0.0
1003,2016,3,Gujarat,Narmada,0.0,1.3,0.0,1.5,1.5,0.3,2.0,0.0,0.0,1.2,0.8,1.1,3.1,0.1,0.1,0.0,6.7,12.2,13.5,0.0
1003,2017,3,Gujarat,Narmada,0.0,1.2,0.0,0.8,0.8,0.1,1.2,0.0,0.0,1.3,0.0,0.4,1.6,0.3,0.0,0.0,5.0,24.5,12.1,0.0
1004,2016,3,Gujarat,Navsari,43.0,0.2,0.0,0.6,0.6,0.0,0.2,0.0,0.0,0.0,0.0,0.6,0.6,0.0,0.0,0.0,17.0,0.0,25.0,0.0
1004,2017,3,Gujarat,Navsari,37.2,0.2,0.0,0.6,0.6,0.0,0.4,0.0,0.0,0.1,0.0,1.1,1.2,0.0,0.0,0.0,17.0,0.0,29.1,0.0
1005,2016,3,Gujarat,Patan,0.0,35.4,0.0,0.0,0.0,5.2,0.0,0.0,0.0,0.0,0.0,0.0,0.0,0.4,0.0,0.0,0.0,18.2,9.2,0.0
1005,2017,3,Gujarat,Patan,0.5,36.1,0.0,0.0,0.0,4.1,0.1,0.0,0.0,3.1,0.0,0.0,3.1,0.4,0.0,0.0,0.0,23.5,8.8,0.0
1006,2016,3,Gujarat,Porbandar,0.0,7.7,0.1,8.2,8.3,0.1,0.0,0.0,0.0,0.3,0.0,1.9,2.3,17.8,1.1,0.0,0.0,11.9,0.7,0.0
1006,2017,3,Gujarat,Porbandar,0.0,7.1,0.5,0.1,0.6,0.1,0.0,0.0,0.0,1.8,0.0,2.8,4.5,18.0,0.1,0.0,0.0,9.9,1.6,0.0
1007,2016,4,Haryana,Fatehabad,116.0,189.0,0.0,0.0,0.0,3.0,0.0,0.0,1.0,1.0,0.0,0.0,1.0,0.0,0.0,0.0,1.0,67.0,0.0,0.0
1007,2017,4,Haryana,Fatehabad,118.0,188.0,0.0,0.0,0.0,2.0,0.0,0.0,1.0,1.0,0.0,1.0,2.0,0.0,0.0,0.0,1.0,71.0,0.0,0.0
1008,2016,4,Haryana,Jhajjar,36.0,93.0,0.0,0.0,9.0,14.0,0.0,0.0,2.0,0.0,0.0,0.0,0.0,0.0,0.0,0.0,3.0,6.0,0.0,0.0
1008,2017,4,Haryana,Jhajjar,40.0,106.0,0.0,0.0,8.0,31.0,0.0,0.0,2.0,0.0,0.0,1.0,1.0,0.0,0.0,0.0,3.0,7.0,0.0,0.0
1009,2016,4,Haryana,Panchkula,9.0,14.0,0.0,0.0,0.0,0.0,0.0,0.0,0.0,0.0,0.0,0.0,0.0,0.0,0.0,0.0,0.0,0.0,0.0,0.0
1009,2017,4,Haryana,Panchkula,10.0,15.0,0.0,0.0,0.0,0.0,0.0,0.0,0.0,0.0,0.0,0.0,0.0,0.0,0.0,0.0,1.0,0.0,0.0,0.0
1010,2016,5,Karnataka,Bagalkote,0.02,18.98,0.36,10.88,11.23,3.24,59.93,0.0,0.0,11.08,2.21,1.82,15.11,22.88,0.0,0.0,98.52,0.48,24.55,0.228
1010,2017,5,Karnataka,Bagalkote,0.0,20.27,0.22,9.92,10.15,3.72,59.32,0.0,0.0,15.3,1.99,1.51,18.81,24.84,0.0,0.0,109.97,1.13,34.35,0.239
1011,2016,5,Karnataka,Chamaraja Nagar,6.82,0.0,0.22,0.0,0.22,0.02,9.83,0.83,0.0,0.01,0.2,0.0,0.2,0.14,0.0,0.0,4.59,0.62,17.97,0.0
1011,2017,5,Karnataka,Chamaraja Nagar,3.01,0.0,0.06,0.0,0.06,0.15,12.81,2.46,0.0,0.12,0.27,0.0,0.39,0.03,0.0,0.0,6.79,0.27,19.41,0.0
1012,2016,5,Karnataka,Davanagere,76.91,0.07,0.99,1.9,2.89,0.01,17.37,3.58,0.0,0.21,2.09,1.3,3.59,1.48,0.0,0.0,5.67,2.66,17.06,0.014
1012,2017,5,Karnataka,Davanagere,64.4,0.12,1.22,1.72,2.95,0.13,20.95,6.59,0.0,0.11,0.54,1.07,1.72,2.18,0.0,0.0,3.8,1.24,18.06,0.043
1013,2016,5,Karnataka,Gadag,1.9,5.25,0.87,8.82,9.68,0.02,20.1,0.0,0.0,10.05,0.08,12.95,23.08,7.02,0.0,0.01,6.08,17.19,6.45,0.0
1013,2017,5,Karnataka,Gadag,2.4,7.96,0.94,8.61,9.55,0.1,15.55,0.0,0.0,13.58,0.17,0.58,14.33,6.92,0.0,0.0,6.84,9.26,5.83,0.0
1014,2016,5,Karnataka,Haveri,25.38,0.09,0.41,4.82,5.23,0.0,31.19,0.0,0.0,0.48,0.0,1.71,2.2,1.8,0.0,0.0,11.66,6.69,11.13,0.047
1014,2017,5,Karnataka,Haveri,19.18,0.12,0.03,4.87,4.9,0.0,36.28,0.02,0.0,0.83,0.05,2.37,3.25,2.63,0.0,0.0,13.35,5.85,12.79,0.094
1015,2016,5,Karnataka,Koppal,42.52,0.08,0.38,0.59,0.97,1.17,17.82,0.0,0.0,0.1,0.88,3.51,4.49,18.46,0.0,0.0,1.77,1.57,13.67,0.0
1015,2017,5,Karnataka,Koppal,53.69,0.05,0.69,0.42,1.11,4.28,17.77,0.0,0.0,0.66,0.29,2.01,2.97,24.06,0.0,0.0,1.61,2.93,16.72,0.0
1016,2016,5,Karnataka,Udupi,4.36,0.0,0.0,0.0,0.0,0.0,0.0,0.0,0.0,0.0,0.0,0.0,0.0,0.0,0.0,0.0,0.03,0.0,1.88,0.04
1016,2017,5,Karnataka,Udupi,4.54,0.0,0.0,0.0,0.0,0.0,0.01,0.0,0.0,0.0,0.0,0.0,0.0,0.0,0.0,0.0,0.02,0.0,1.9,0.038
1017,2016,9,Punjab,S.B.S Nagar,59.58,75.77,0.0,0.0,0.0,0.0,10.05,0.0,0.0,0.0,0.01,0.02,0.02,0.0,0.0,0.01,5.61,0.0,5.04,13.387
1017,2017,9,Punjab,S.B.S Nagar,60.24,76.28,0.0,0.0,0.0,0.0,7.85,0.0,0.0,0.0,0.01,0.01,0.02,0.0,0.0,0.01,5.7,0.0,3.03,10.958
1018,2016,9,Punjab,Shri Mukatsar Sahib,172.84,212.84,0.0,0.0,0.0,0.05,0.0,0.0,0.46,0.06,0.46,0.28,0.8,0.0,0.0,0.0,0.33,31.99,8.32,19.34
1018,2017,9,Punjab,Shri Mukatsar Sahib,173.22,210.79,0.0,0.0,0.0,0.0,0.0,0.0,0.34,0.05,0.23,0.05,0.33,0.01,0.0,0.0,0.25,36.32,6.95,19.72
1019,2016,9,Punjab,Moga,178.15,174.55,0.0,0.0,0.0,0.0,0.08,0.0,0.27,0.04,0.23,0.15,0.42,0.0,0.0,0.0,0.0,0.47,7.71,21.434
1019,2017,9,Punjab,Moga,180.88,175.24,0.0,0.0,0.0,0.0,0.08,0.0,0.3,0.05,0.22,0.16,0.43,0.0,0.01,0.0,0.0,0.22,8.19,20.566
1020,2016,10,Rajasthan,Karoli,0.01,88.9,0.0,0.0,0.0,0.0,0.0,0.0,0.19,1.58,0.0,0.01,1.59,0.0,0.0,0.0,0.02,0.0,1.07,0.356
1020,2017,10,Rajasthan,Karoli,0.0,75.25,0.0,0.0,0.0,0.0,0.0,0.0,0.2,1.57,0.0,0.01,1.58,0.01,0.0,0.0,0.01,0.01,1.14,0.31
1022,2016,11,Tamil Nadu,Karur,3.67,0.0,1.48,0.67,2.14,0.09,0.3,0.0,0.0,0.0,0.12,0.76,0.88,1.04,0.03,0.0,2.35,0.12,9.0,0.596
1022,2017,11,Tamil Nadu,Karur,11.193,1.513,1.349,2.862,0.084,1.747,0.013,0.0,0.0,0.0,0.001,0.001,0.0,15.9,0.0,0.161,0.113,0.85,0.963,1.124
1023,2016,11,Tamil Nadu,Namakkal,2.18,0.0,4.04,3.16,7.2,0.0,5.7,0.01,0.0,0.0,0.11,0.53,0.64,1.07,0.29,0.0,11.82,0.97,20.35,1.678
1023,2017,11,Tamil Nadu,Namakkal,7.236,3.002,10.259,13.261,0.029,6.902,0.122,0.0,0.0,0.016,0.002,0.018,0.0,27.568,0.235,0.029,0.399,1.038,1.437,1.701
1024,2016,11,Tamil Nadu,Perambular,3.32,0.0,0.16,0.0,0.16,0.17,1.76,0.0,0.0,0.0,0.02,0.25,0.27,0.95,0.1,0.0,5.25,0.24,11.43,0.299
1024,2017,11,Tamil Nadu,Perambular,9.233,0.006,0.032,0.038,0.043,2.573,0.001,0.0,0.0,0.003,0.0,0.003,0.0,11.891,0.004,0.018,0.105,0.146,0.251,0.273
1025,2016,11,Tamil Nadu,Theni,6.21,0.0,0.13,1.45,1.57,0.95,6.47,0.01,0.0,0.0,0.31,1.59,1.9,0.29,0.13,0.0,4.82,1.46,18.34,0.617
1025,2017,11,Tamil Nadu,Theni,7.055,0.815,2.603,3.418,0.478,4.859,0.008,0.0,0.0,0.0,0.002,0.002,0.0,15.82,0.0,0.058,0.68,0.944,1.624,1.682
1026,2016,11,Tamil Nadu,Tiruvarur,186.96,0.0,0.0,0.0,0.0,0.0,0.0,0.0,0.0,0.0,0.31,19.15,19.46,2.55,0.36,0.0,0.36,7.0,0.94,0.0
1026,2017,11,Tamil Nadu,Tiruvarur,180.999,0.0,0.0,0.0,0.0,0.0,0.0,0.0,0.0,0.0,0.0,0.0,0.0,180.999,0.0,0.0,6.237,8.674,14.911,14.911
1027,2016,11,Tamil Nadu,Thiruvallur,96.97,0.0,0.0,0.0,0.01,0.79,0.01,0.23,0.0,0.0,0.14,12.06,12.19,6.08,0.56,0.0,5.38,0.0,12.46,0.015
1027,2017,11,Tamil Nadu,Thiruvallur,102.609,0.015,0.022,0.037,0.699,0.005,0.319,0.0,0.0,0.0,0.0,0.0,0.0,103.669,0.0,0.177,0.347,9.465,9.812,9.989
1028,2016,12,Uttar Pradesh,Ambedkar Nagar,121.0,118.15,0.0,0.0,0.0,0.05,0.16,0.0,0.36,0.45,0.08,5.73,6.27,0.0,0.0,0.0,13.36,0.0,6.49,0.0
1028,2017,12,Uttar Pradesh,Ambedkar Nagar,120.995,118.281,0.0,0.0,0.0,0.051,0.162,0.0,0.359,0.454,0.079,5.736,6.269,0.0,0.002,0.0,13.377,0.0,6.49,3.249
1029,2016,12,Uttar Pradesh,Kushi Nagar Padrauna,112.49,115.87,0.09,0.0,0.09,0.13,2.48,0.01,0.03,0.01,0.24,2.1,2.35,0.12,0.0,0.0,58.03,0.0,6.16,0.0
1029,2017,12,Uttar Pradesh,Kushi Nagar Padrauna,112.48,115.864,0.09,0.0,0.09,0.132,2.481,0.012,0.034,0.013,0.244,2.095,2.352,0.124,0.002,0.0,58.035,0.0,6.166,0.221
1030,2016,16,Uttarakhand,Udham Singh Nagar,119.3,101.12,0.0,0.0,0.0,0.0,0.07,0.0,0.01,0.0,0.0,2.94,2.94,0.0,0.0,0.0,16.39,0.0,3.18,5.438
1030,2017,16,Uttarakhand,Udham Singh Nagar,121.26,105.11,0.0,0.0,0.0,0.0,0.05,0.0,0.01,0.01,0.0,2.61,2.62,0.0,0.0,0.0,14.58,0.0,3.01,5.471
1031,2016,12,Uttar Pradesh,Auraiya,57.82,108.85,0.21,0.0,0.21,9.95,7.59,0.0,0.57,0.76,0.41,5.35,6.52,0.05,0.22,0.0,0.64,0.0,9.39,0.0
1031,2017,12,Uttar Pradesh,Auraiya,57.333,104.891,0.325,0.0,0.325,10.159,7.677,0.0,0.662,0.793,0.414,5.361,6.568,0.044,0.221,0.0,0.656,0.003,9.549,1.79
1032,2016,16,Uttarakhand,Bageshwar,5.51,5.17,0.0,0.0,0.0,0.0,0.0,0.0,0.04,0.0,0.0,0.12,0.12,0.0,0.0,0.0,0.0,0.0,0.03,0.005
1032,2017,16,Uttarakhand,Bageshwar,6.02,6.37,0.0,0.0,0.0,0.0,0.01,0.01,0.02,0.0,0.0,0.02,0.02,0.0,0.0,0.0,0.0,0.0,0.02,0.006
1033,2016,12,Uttar Pradesh,Bagpat,6.71,55.0,0.0,0.0,0.0,0.55,0.01,0.0,0.12,0.01,0.35,0.4,0.76,0.0,0.0,0.0,74.59,0.02,4.83,0.0
1033,2017,12,Uttar Pradesh,Bagpat,6.746,54.828,0.0,0.0,0.0,0.619,0.029,0.0,0.118,0.01,0.327,0.37,0.707,0.0,0.001,0.0,75.848,0.026,4.789,28.002
1034,2016,12,Uttar Pradesh,Balrampur,34.79,74.19,0.0,0.0,0.0,0.0,0.25,0.0,0.0,0.02,0.3,1.64,1.96,0.0,0.0,0.0,38.78,0.0,4.48,0.0
1034,2017,12,Uttar Pradesh,Balrampur,35.027,74.067,0.0,0.0,0.0,0.0,0.369,0.0,0.0,0.024,0.323,1.701,2.048,0.0,0.002,0.0,39.092,0.0,4.421,1.989
1035,2016,16,Uttarakhand,Champavat,1.34,1.23,0.0,0.0,0.0,0.0,0.03,0.0,0.0,0.0,0.0,0.0,0.01,0.0,0.0,0.0,0.01,0.0,0.06,0.075
1035,2017,16,Uttarakhand,Champavat,1.52,1.22,0.0,0.0,0.0,0.0,0.03,0.0,0.0,0.0,0.0,0.0,0.0,0.0,0.0,0.0,0.01,0.0,0.05,0.081
1036,2016,12,Uttar Pradesh,Chandauli,106.28,105.68,0.01,0.0,0.01,0.01,0.0,0.0,0.02,0.05,0.02,0.31,0.38,0.0,0.0,0.0,0.64,0.0,1.26,0.0
1036,2017,12,Uttar Pradesh,Chandauli,106.266,105.65,0.007,0.0,0.007,0.014,0.001,0.0,0.024,0.051,0.024,0.31,0.385,0.0,0.0,0.001,0.636,0.0,1.256,0.653
1037,2016,12,Uttar Pradesh,Chitrakoot,11.07,74.72,0.11,0.0,0.11,0.1,0.02,0.0,0.3,3.54,0.12,0.46,4.12,0.02,0.43,0.0,0.11,0.0,1.31,0.0
1037,2017,12,Uttar Pradesh,Chitrakoot,11.38,76.051,0.109,0.0,0.109,0.006,0.022,0.0,0.392,3.297,0.058,0.46,3.815,0.023,0.43,0.003,0.107,0.0,1.308,0.094
1038,2016,12,Uttar Pradesh,G.B.Nagar,30.86,46.93,0.14,0.0,0.14,4.79,0.3,0.0,0.83,0.0,0.59,0.06,0.65,0.0,0.12,0.0,0.86,0.0,0.3,0.0
1038,2017,12,Uttar Pradesh,G.B.Nagar,30.78,46.768,0.139,0.0,0.139,4.785,0.291,0.0,0.838,0.0,0.572,0.058,0.63,0.0,0.12,0.0,0.826,0.0,0.311,16.088
1039,2016,12,Uttar Pradesh,Hathras,28.53,80.8,0.0,0.0,0.0,16.15,3.28,0.0,0.69,0.01,2.9,2.23,5.13,0.0,0.23,0.0,0.1,1.66,57.84,0.0
1039,2017,12,Uttar Pradesh,Hathras,28.408,80.687,0.0,0.0,0.0,16.121,3.324,0.0,0.69,0.01,2.903,2.282,5.195,0.002,0.19,0.0,0.094,1.712,57.698,11.672
1040,2016,12,Uttar Pradesh,Amroha J.B.Fulenagar,24.92,102.42,0.0,0.0,0.0,0.03,3.4,0.0,0.75,0.02,0.12,0.2,0.34,0.02,0.12,0.0,79.39,0.0,15.98,0.0
1040,2017,12,Uttar Pradesh,Amroha J.B.Fulenagar,25.186,102.47,0.003,0.0,0.003,0.026,3.397,0.0,0.744,0.023,0.122,0.203,0.348,0.022,0.12,0.0,79.559,0.0,16.129,10.264
1041,2016,12,Uttar Pradesh,Kannauj,32.28,73.42,0.23,0.0,0.23,0.9,59.62,0.0,0.53,0.84,0.75,4.43,6.02,0.37,2.7,0.01,0.12,0.0,56.73,0.0
1041,2017,12,Uttar Pradesh,Kannauj,32.332,73.452,0.227,0.0,0.227,0.903,59.693,0.0,0.525,0.844,0.747,4.433,6.024,0.372,2.698,0.008,0.116,0.0,56.761,3.917
1042,2016,12,Uttar Pradesh,Kushambi,53.96,81.79,0.01,0.0,0.01,0.0,0.34,0.0,0.08,0.1,0.01,2.84,2.94,0.02,0.02,0.0,0.9,0.0,14.25,0.0
1042,2017,12,Uttar Pradesh,Kushambi,55.1,82.542,0.006,0.0,0.006,0.0,0.334,0.0,0.075,0.137,0.008,2.766,2.911,0.017,0.016,0.0,0.911,0.0,14.036,0.987
1043,2016,16,Uttarakhand,Rudraprayag,2.3,2.29,0.0,0.0,0.0,0.0,0.0,0.0,0.01,0.0,0.0,0.0,0.0,0.0,0.0,0.0,0.0,0.0,0.0,0.0
1043,2017,16,Uttarakhand,Rudraprayag,2.19,2.23,0.0,0.0,0.0,0.0,0.0,0.0,0.03,0.0,0.0,0.0,0.0,0.0,0.0,0.0,0.0,0.0,0.0,0.0
1044,2016,12,Uttar Pradesh,Santh Ravi Das Nagar Bhadoi,31.23,50.01,0.0,0.0,0.0,0.0,0.0,0.0,0.09,0.03,0.01,1.22,1.26,0.0,0.0,0.0,0.91,0.0,1.56,0.0
1044,2017,12,Uttar Pradesh,Santh Ravi Das Nagar Bhadoi,31.63,51.247,0.001,0.0,0.001,0.001,0.002,0.0,0.082,0.032,0.012,1.208,1.252,0.0,0.0,0.0,0.977,0.0,1.579,0.254
1045,2016,12,Uttar Pradesh,Santh Kabir Nagar,2.2,92.36,0.0,0.0,0.0,0.0,0.07,0.0,0.11,0.39,0.02,4.15,4.56,0.0,0.0,0.0,3.86,0.0,2.26,0.0
1045,2017,12,Uttar Pradesh,Santh Kabir Nagar,2.257,90.064,0.0,0.0,0.0,0.0,0.073,0.0,0.107,0.394,0.017,3.926,4.337,0.0,0.0,0.001,3.862,0.0,2.281,0.669
1046,2016,12,Uttar Pradesh,Shravasti,9.19,71.37,0.0,0.0,0.0,0.0,0.07,0.0,0.01,0.02,0.0,1.01,1.03,0.0,0.0,0.0,6.11,0.0,0.75,0.0
1046,2017,12,Uttar Pradesh,Shravasti,9.191,65.116,0.0,0.0,0.0,0.0,0.071,0.0,0.005,0.017,0.0,1.011,1.028,0.0,0.001,0.0,6.118,0.0,0.712,0.814
1047,2016,17,Assam,Bongaigaon,18.34,0.0,0.0,0.0,0.0,0.0,0.42,0.0,0.0,0.0,0.0,0.0,0.0,0.0,0.0,0.0,0.0,0.0,0.0,0.0
1047,2017,17,Assam,Bongaigaon,18.11,0.03,0.0,0.0,0.0,0.0,0.53,0.0,0.0,0.0,0.0,0.15,0.15,0.0,0.0,0.0,0.0,0.0,0.68,0.0
1048,2016,17,Assam,Dhemaji,0.7,0.0,0.0,0.0,0.0,0.0,0.0,0.0,0.0,0.0,0.0,0.0,0.0,0.0,0.0,0.0,0.0,0.0,0.0,0.0
1048,2017,17,Assam,Dhemaji,0.56,0.0,0.0,0.0,0.0,0.0,0.0,0.0,0.0,0.0,0.0,0.0,0.0,0.0,0.0,0.0,0.0,0.0,0.01,0.0
1049,2016,17,Assam,Hailakandi,1.95,0.0,0.0,0.0,0.0,0.0,0.0,0.0,0.0,0.0,0.0,0.0,0.0,0.0,0.0,0.0,0.0,0.0,0.0,0.0
1049,2017,17,Assam,Hailakandi,1.95,0.0,0.0,0.0,0.0,0.0,0.0,0.0,0.0,0.0,0.0,0.0,0.0,0.0,0.0,0.0,0.0,0.0,0.0,0.0
1050,2016,17,Assam,Marigaon,5.4,0.0,0.0,0.0,0.0,0.0,0.0,0.0,0.0,0.0,0.0,0.0,0.0,0.0,0.0,0.0,0.0,0.0,0.0,0.0
1050,2017,17,Assam,Marigaon,4.11,1.41,0.0,0.0,0.0,0.0,0.0,0.0,0.0,0.0,0.0,0.0,0.0,0.0,0.0,0.0,0.0,0.0,0.0,0.0
1051,2016,17,Assam,Tinsukia,0.05,0.0,0.0,0.0,0.0,0.0,0.0,0.0,0.0,0.0,0.0,0.0,0.0,0.0,0.0,0.0,0.0,0.0,0.0,0.0
1051,2017,17,Assam,Tinsukia,0.43,0.0,0.0,0.0,0.0,0.0,0.0,0.0,0.0,0.0,0.0,0.0,0.0,0.0,0.0,0.0,0.0,0.0,0.01,0.0
1055,2016,14,Chhattisgarh,Dantewara,0.03,0.0,0.0,0.0,0.0,0.0,0.02,0.0,0.0,0.01,0.0,0.03,0.04,0.0,0.0,0.0,0.0,0.0,0.16,0.0
1055,2017,14,Chhattisgarh,Dantewara,0.029,0.01,0.0,0.0,0.0,0.0,0.015,0.0,0.0,0.013,0.0,0.02,0.033,0.0,0.0,0.001,0.0,0.0,0.194,0.0
1056,2016,14,Chhattisgarh,Dhamtari,146.65,0.55,0.0,0.0,0.0,0.0,1.25,0.0,0.0,0.79,0.0,0.08,0.87,0.0,0.01,0.0,0.03,0.0,1.97,0.0
1056,2017,14,Chhattisgarh,Dhamtari,106.193,3.734,0.0,0.0,0.0,0.0,0.968,0.0,0.0,15.749,0.0,0.258,16.007,0.009,0.014,0.0,0.031,0.0,1.51,0.005
1057,2016,6,Madhya Pradesh,Dindori,0.03,3.21,0.0,0.0,0.0,0.0,0.0,0.0,0.0,0.02,0.0,0.07,0.09,0.0,0.0,0.0,0.0,0.0,0.68,0.0
1057,2017,6,Madhya Pradesh,Dindori,0.02,3.34,0.0,0.0,0.0,0.0,0.0,0.0,0.0,0.18,0.0,0.35,0.53,0.0,0.0,0.0,0.0,0.0,0.31,0.0
1058,2016,6,Madhya Pradesh,Harda,0.71,157.24,0.0,0.0,0.0,0.0,0.0,0.0,0.02,20.55,0.0,0.52,21.08,0.0,0.01,0.0,0.26,0.0,0.94,0.929
1058,2017,6,Madhya Pradesh,Harda,0.33,129.67,0.0,0.0,0.0,0.0,1.1,0.0,0.0,50.9,0.0,0.24,51.14,0.0,0.01,0.0,0.16,0.0,0.41,0.296
1059,2016,14,Chhattisgarh,Janjgir,207.4,1.57,0.0,0.0,0.0,0.0,0.01,0.0,0.0,0.07,0.0,0.5,0.57,0.32,0.0,0.0,0.04,0.0,3.6,0.0
1059,2017,14,Chhattisgarh,Janjgir,208.108,1.324,0.0,0.0,0.0,0.0,0.004,0.0,0.0,0.128,0.0,0.389,0.517,0.254,0.0,0.0,0.018,0.0,3.289,0.0
1060,2016,6,Madhya Pradesh,Barwani,0.0,48.58,0.0,0.63,0.63,0.06,8.99,0.0,0.0,4.5,0.59,1.01,6.11,1.79,0.0,0.0,3.95,44.85,9.99,0.482
1060,2017,6,Madhya Pradesh,Barwani,0.0,51.92,0.03,1.14,1.17,0.08,8.79,0.0,0.0,11.15,1.31,0.87,13.34,1.78,0.02,0.0,4.39,44.91,10.32,0.707
1061,2016,6,Madhya Pradesh,Katni,53.3,100.01,0.0,0.01,0.01,0.0,0.12,0.0,0.21,16.38,0.0,2.41,18.79,0.0,0.0,0.02,0.11,0.0,5.65,0.005
1061,2017,6,Madhya Pradesh,Katni,67.93,123.51,0.0,0.0,0.0,0.0,0.11,0.0,0.15,13.09,0.0,2.23,15.32,0.0,0.0,0.0,0.11,0.0,3.65,0.0
1062,2016,6,Madhya Pradesh,Neemuch,0.0,47.57,0.0,0.0,0.0,0.0,0.0,0.0,1.36,3.16,0.0,1.6,4.76,0.0,0.0,0.96,0.01,0.02,2.61,1.147
1062,2017,6,Madhya Pradesh,Neemuch,0.0,49.09,0.0,0.0,0.0,0.0,0.0,0.0,1.07,12.99,0.0,1.63,14.63,0.0,0.0,2.4,0.01,0.14,2.07,0.99
1063,2016,6,Madhya Pradesh,Sheopur Kalan,28.81,88.48,0.0,0.0,0.0,0.0,0.0,0.0,0.28,8.1,0.0,0.05,8.15,0.0,0.0,0.06,0.01,0.08,0.57,0.862
1063,2017,6,Madhya Pradesh,Sheopur Kalan,26.2,77.91,0.0,0.0,0.0,0.0,0.0,0.0,0.27,15.11,0.0,0.03,15.14,0.0,0.0,0.07,0.0,0.19,0.5,0.789
1064,2016,6,Madhya Pradesh,Umaria,4.96,26.07,0.0,0.0,0.0,0.0,0.0,0.0,0.1,1.92,0.0,0.28,2.2,0.0,0.0,0.0,0.01,0.0,1.46,0.0
1064,2017,6,Madhya Pradesh,Umaria,7.01,27.59,0.0,0.0,0.0,0.0,0.0,0.0,0.05,2.16,0.0,0.37,2.53,0.0,0.0,0.0,0.03,0.0,0.91,0.0
1065,2016,14,Chhattisgarh,Koriya,3.05,3.26,0.0,0.0,0.0,0.0,0.0,0.0,0.0,0.01,0.0,0.04,0.04,0.0,0.0,0.0,0.0,0.0,1.59,0.0
1065,2017,14,Chhattisgarh,Koriya,3.039,3.081,0.0,0.0,0.0,0.0,0.002,0.0,0.001,0.008,0.0,0.098,0.106,0.0,0.0,0.01,0.0,0.0,1.655,0.0
1066,2016,14,Chhattisgarh,Jashpur,4.98,1.01,0.0,0.0,0.0,0.0,0.03,0.0,0.0,0.0,0.0,0.49,0.49,0.0,0.0,0.0,0.1,0.0,3.77,0.0
1066,2017,14,Chhattisgarh,Jashpur,4.373,0.853,0.0,0.0,0.0,0.0,0.012,0.0,0.0,0.0,0.0,0.432,0.432,0.0,0.0,0.0,0.103,0.0,3.217,0.0
1067,2016,14,Chhattisgarh,Korba,6.92,0.29,0.0,0.0,0.0,0.0,0.0,0.0,0.0,0.01,0.0,0.07,0.08,0.04,0.0,0.0,0.0,0.0,1.35,0.0
1067,2017,14,Chhattisgarh,Korba,7.549,0.227,0.0,0.0,0.0,0.0,0.006,0.0,0.0,0.016,0.0,0.059,0.075,0.043,0.0,0.0,0.0,0.0,1.099,0.0
1068,2016,14,Chhattisgarh,Kawardha,46.71,6.09,0.0,0.0,0.0,0.0,0.0,0.0,0.0,39.32,0.0,0.34,39.66,0.03,0.0,0.0,20.68,0.0,2.59,0.0
1068,2017,14,Chhattisgarh,Kawardha,50.012,5.386,0.0,0.0,0.0,0.0,0.002,0.0,0.0,44.958,0.0,0.481,45.439,0.095,0.0,0.004,22.211,0.0,2.361,0.0
1069,2016,14,Chhattisgarh,Mahasmund,121.35,1.01,0.0,0.0,0.0,0.0,0.03,0.0,0.0,0.07,0.0,0.59,0.66,0.32,0.0,0.0,0.02,0.0,1.81,0.006
1069,2017,14,Chhattisgarh,Mahasmund,117.516,1.569,0.0,0.0,0.0,0.0,0.089,0.0,0.0,0.14,0.0,0.519,0.659,0.35,0.003,0.001,0.005,0.0,1.384,0.006
1070,2016,14,Chhattisgarh,Kanker,24.6,0.25,0.0,0.0,0.0,0.0,4.06,0.0,0.0,0.01,0.0,0.05,0.06,0.0,0.0,0.0,0.0,0.0,1.98,0.0
1070,2017,14,Chhattisgarh,Kanker,24.667,0.47,0.0,0.0,0.0,0.0,3.94,0.0,0.0,0.137,0.0,0.079,0.216,0.0,0.0,0.003,0.003,0.0,1.9,0.0
1071,2016,6,Madhya Pradesh,Anuppur,0.0,3.87,0.0,0.0,0.0,0.0,0.0,0.0,0.0,0.17,0.0,0.11,0.28,0.0,0.0,0.0,0.0,0.0,1.31,0.0
1071,2017,6,Madhya Pradesh,Anuppur,0.0,3.54,0.0,0.0,0.0,0.0,0.0,0.0,0.0,0.11,0.0,0.1,0.21,0.0,0.0,0.0,0.0,0.0,1.15,0.0
1072,2016,7,Maharashtra,Gondia,47.01976313276025,56.65204497035457,0.1080683886329922,0.3799574237125202,0.5046674108329201,1.9073150785567023,4.132510983763142,0.3079757120833313,0.8094260103953461,6.529436567757514,0.5356575902319936,3.2896311705700487,10.19107673706325,5.3981987760765175,0.2209658499351308,0.045850834082436766,7.5041996686820935,7.726752834214871,8.112705826170007,3.0313528880499003
1072,2017,7,Maharashtra,Gondia,47.01976313276025,56.65204497035457,0.1080683886329922,0.3799574237125202,0.5046674108329201,1.9073150785567023,4.132510983763142,0.3079757120833313,0.8094260103953461,6.529436567757514,0.5356575902319936,3.2896311705700487,10.19107673706325,5.3981987760765175,0.2209658499351308,0.045850834082436766,7.5041996686820935,7.726752834214871,8.112705826170007,3.0313528880499003
1073,2016,7,Maharashtra,Hingoli,47.01976313276025,56.65204497035457,0.1080683886329922,0.3799574237125202,0.5046674108329201,1.9073150785567023,4.132510983763142,0.3079757120833313,0.8094260103953461,6.529436567757514,0.5356575902319936,3.2896311705700487,10.19107673706325,5.3981987760765175,0.2209658499351308,0.045850834082436766,7.5041996686820935,7.726752834214871,8.112705826170007,3.0313528880499003
1073,2017,7,Maharashtra,Hingoli,47.01976313276025,56.65204497035457,0.1080683886329922,0.3799574237125202,0.5046674108329201,1.9073150785567023,4.132510983763142,0.3079757120833313,0.8094260103953461,6.529436567757514,0.5356575902319936,3.2896311705700487,10.19107673706325,5.3981987760765175,0.2209658499351308,0.045850834082436766,7.5041996686820935,7.726752834214871,8.112705826170007,3.0313528880499003
1074,2016,7,Maharashtra,Nandurbar,47.01976313276025,56.65204497035457,0.1080683886329922,0.3799574237125202,0.5046674108329201,1.9073150785567023,4.132510983763142,0.3079757120833313,0.8094260103953461,6.529436567757514,0.5356575902319936,3.2896311705700487,10.19107673706325,5.3981987760765175,0.2209658499351308,0.045850834082436766,7.5041996686820935,7.726752834214871,8.112705826170007,3.0313528880499003
1074,2017,7,Maharashtra,Nandurbar,47.01976313276025,56.65204497035457,0.1080683886329922,0.3799574237125202,0.5046674108329201,1.9073150785567023,4.132510983763142,0.3079757120833313,0.8094260103953461,6.529436567757514,0.5356575902319936,3.2896311705700487,10.19107673706325,5.3981987760765175,0.2209658499351308,0.045850834082436766,7.5041996686820935,7.726752834214871,8.112705826170007,3.0313528880499003
1075,2016,7,Maharashtra,Washim,47.01976313276025,56.65204497035457,0.1080683886329922,0.3799574237125202,0.5046674108329201,1.9073150785567023,4.132510983763142,0.3079757120833313,0.8094260103953461,6.529436567757514,0.5356575902319936,3.2896311705700487,10.19107673706325,5.3981987760765175,0.2209658499351308,0.045850834082436766,7.5041996686820935,7.726752834214871,8.112705826170007,3.0313528880499003
1075,2017,7,Maharashtra,Washim,47.01976313276025,56.65204497035457,0.1080683886329922,0.3799574237125202,0.5046674108329201,1.9073150785567023,4.132510983763142,0.3079757120833313,0.8094260103953461,6.529436567757514,0.5356575902319936,3.2896311705700487,10.19107673706325,5.3981987760765175,0.2209658499351308,0.045850834082436766,7.5041996686820935,7.726752834214871,8.112705826170007,3.0313528880499003
1076,2016,7,Maharashtra,Mumbai sub,47.01976313276025,56.65204497035457,0.1080683886329922,0.3799574237125202,0.5046674108329201,1.9073150785567023,4.132510983763142,0.3079757120833313,0.8094260103953461,6.529436567757514,0.5356575902319936,3.2896311705700487,10.19107673706325,5.3981987760765175,0.2209658499351308,0.045850834082436766,7.5041996686820935,7.726752834214871,8.112705826170007,3.0313528880499003
1076,2017,7,Maharashtra,Mumbai sub,47.01976313276025,56.65204497035457,0.1080683886329922,0.3799574237125202,0.5046674108329201,1.9073150785567023,4.132510983763142,0.3079757120833313,0.8094260103953461,6.529436567757514,0.5356575902319936,3.2896311705700487,10.19107673706325,5.3981987760765175,0.2209658499351308,0.045850834082436766,7.5041996686820935,7.726752834214871,8.112705826170007,3.0313528880499003
1077,2016,11,Tamil Nadu,Ariyalur,14.79,0.0,0.0,0.0,0.0,0.23,2.92,0.03,0.0,0.0,0.08,1.39,1.46,7.32,0.62,0.0,5.82,0.29,2.52,0.029
1077,2017,11,Tamil Nadu,Ariyalur,21.384,0.019,0.0,0.019,0.138,2.902,0.005,0.0,0.0,0.0,0.007,0.007,0.0,24.455,0.0,0.03,0.23,1.31,1.54,1.57
1080,2016,11,Tamil Nadu,Krishnagiri,15.99,0.0,0.04,0.05,0.09,0.29,2.48,3.83,0.0,0.0,0.07,0.4,0.47,1.6,0.0,0.0,0.86,1.08,12.41,0.384
1080,2017,11,Tamil Nadu,Krishnagiri,24.885,0.091,0.087,0.178,0.2,3.043,5.73,0.005,0.0,0.008,0.0,0.008,0.0,34.049,0.0,0.006,0.117,1.088,1.205,1.211
1081,2016,6,Madhya Pradesh,Ashoknagar,1.51,135.74,0.0,0.0,0.0,0.0,0.0,0.0,0.55,60.55,0.0,12.79,73.34,0.0,0.0,0.0,0.28,0.0,1.43,0.113
1081,2017,6,Madhya Pradesh,Ashoknagar,1.76,93.2,0.0,0.0,0.0,0.0,0.0,0.0,0.1,128.86,0.0,21.21,150.07,0.01,0.0,0.0,0.35,0.0,0.6,0.181
1082,2016,6,Madhya Pradesh,Burhanpur,0.0,11.06,0.0,0.0,0.0,0.0,7.32,0.0,0.0,4.53,0.68,0.14,5.35,0.0,0.0,0.0,6.58,17.02,21.04,0.0
1082,2017,6,Madhya Pradesh,Burhanpur,0.0,11.66,0.0,0.0,0.0,0.0,4.98,0.0,0.0,11.08,0.89,0.11,12.08,0.01,0.0,0.0,6.05,15.77,22.66,0.0
2001,2016,3,Gujarat,Tapi,29.8,5.7,3.6,2.6,6.2,0.0,1.5,0.0,0.0,0.9,1.1,7.6,9.6,4.2,0.0,0.0,26.7,0.6,9.9,0.0
2001,2017,3,Gujarat,Tapi,34.7,3.5,3.6,1.5,5.1,0.0,1.4,0.0,0.0,2.5,2.8,4.5,9.8,4.0,0.0,0.0,26.6,1.2,9.8,0.0
2002,2016,4,Haryana,Mewat,9.0,78.0,0.0,0.0,0.0,12.0,0.0,0.0,0.0,0.0,0.0,1.0,1.0,0.0,0.0,0.0,0.0,1.0,0.0,0.0
2002,2017,4,Haryana,Mewat,11.0,74.0,0.0,0.0,1.0,11.0,0.0,0.0,1.0,0.0,0.0,1.0,1.0,0.0,0.0,0.0,0.0,4.0,0.0,0.0
2003,2016,4,Haryana,Palwal,35.0,97.0,0.0,0.0,8.0,11.0,0.0,0.0,1.0,0.0,0.0,0.0,0.0,0.0,0.0,0.0,2.0,10.0,0.0,0.0
2003,2017,4,Haryana,Palwal,36.0,94.0,0.0,0.0,8.0,5.0,0.0,0.0,1.0,0.0,0.0,0.0,0.0,0.0,0.0,0.0,2.0,17.0,0.0,0.0
2004,2016,5,Karnataka,Ramanagaram,4.02,0.0,0.0,0.0,0.0,0.01,0.81,1.05,0.0,0.0,0.1,0.09,0.19,0.02,0.01,0.0,0.21,0.0,3.34,1.478
2004,2017,5,Karnataka,Ramanagaram,4.28,0.0,0.0,0.0,0.0,0.0,0.54,0.73,0.0,0.0,0.0,0.0,0.0,0.0,0.0,0.0,0.22,0.0,4.29,2.489
2005,2016,5,Karnataka,Chikkaballapur,1.37,0.0,0.0,0.0,0.0,0.0,12.31,1.5,0.0,0.0,1.59,0.06,1.65,0.34,0.0,0.0,0.1,0.11,21.29,0.202
2005,2017,5,Karnataka,Chikkaballapur,0.38,0.0,0.0,0.0,0.0,0.08,11.47,2.19,0.0,0.0,1.06,0.03,1.09,0.3,0.0,0.0,0.21,0.04,22.33,0.466
2006,2016,6,Madhya Pradesh,Alirajpur,0.0,20.3,0.0,0.38,0.38,0.1,6.73,0.0,0.01,8.4,0.0,0.25,8.65,0.59,0.03,0.0,0.01,0.46,0.91,0.104
2006,2017,6,Madhya Pradesh,Alirajpur,0.0,18.71,0.0,0.13,0.13,0.07,6.35,0.0,0.0,8.69,0.0,0.18,8.87,0.58,0.01,0.0,0.01,0.51,0.7,0.048
2007,2016,6,Madhya Pradesh,Singrauli,4.23,27.28,0.0,0.0,0.0,0.0,0.0,0.0,1.1,0.28,0.0,0.26,0.54,0.0,0.0,0.0,0.01,0.0,2.68,0.0
2007,2017,6,Madhya Pradesh,Singrauli,8.09,29.05,0.0,0.0,0.0,0.0,0.0,0.0,1.12,0.43,0.0,0.26,0.69,0.0,0.0,0.0,0.02,0.0,2.56,0.0
2009,2016,9,Punjab,Taran Taran,186.1,184.97,0.0,0.0,0.0,0.01,0.29,0.0,0.34,0.02,0.11,0.47,0.6,0.0,0.06,0.0,0.1,0.01,1.01,18.842
2009,2017,9,Punjab,Taran Taran,181.71,186.28,0.0,0.0,0.0,0.11,0.4,0.0,0.0,0.02,0.15,0.4,0.57,0.0,0.57,0.0,0.34,0.02,2.32,20.412
2010,2016,9,Punjab,Barnala,112.18,113.27,0.0,0.0,0.0,0.0,0.07,0.0,0.39,0.06,0.06,0.08,0.21,0.0,0.0,0.0,0.44,3.56,2.32,11.47
2010,2017,9,Punjab,Barnala,113.05,113.65,0.0,0.0,0.0,0.0,0.06,0.0,0.33,0.07,0.08,0.12,0.27,0.0,0.0,0.0,0.55,2.96,2.23,10.151
2011,2016,9,Punjab,S.A.S Nagar,31.15,50.11,0.0,0.0,0.0,0.33,4.42,0.0,0.03,0.04,0.04,0.26,0.34,0.0,0.0,0.0,1.11,0.0,4.56,10.67
2011,2017,9,Punjab,S.A.S Nagar,31.2,50.16,0.0,0.0,0.0,0.28,5.56,0.0,0.07,0.06,0.23,0.58,0.88,0.0,0.0,0.0,1.08,0.0,4.55,4.522
2012,2016,10,Rajasthan,Pratapgarh,0.0,63.63,0.0,0.0,0.0,0.0,0.35,0.0,1.31,12.21,0.0,9.87,22.08,0.0,0.01,1.29,0.0,0.03,0.47,1.115
2012,2017,10,Rajasthan,Pratapgarh,0.0,64.52,0.0,0.0,0.0,0.0,0.3,0.0,1.38,15.49,0.0,8.96,24.45,0.0,0.0,2.04,0.0,0.07,0.6,1.134
2013,2016,12,Uttar Pradesh,Kasganj Khansi Ram Nagar,17.93,96.79,0.02,0.0,0.02,7.14,41.38,0.0,2.24,0.0,1.02,4.06,5.08,0.21,0.54,0.0,6.29,0.0,22.62,0.0
2013,2017,12,Uttar Pradesh,Kasganj Khansi Ram Nagar,17.965,96.936,0.024,0.0,0.024,7.09,41.531,0.0,2.244,0.0,1.03,4.067,5.097,0.209,0.526,0.0,6.165,0.0,22.501,5.11
2014,2016,14,Chhattisgarh,Bijapur,3.7,0.0,0.0,0.0,0.0,0.0,0.01,0.0,0.0,0.0,0.0,0.0,0.0,0.0,0.0,0.0,0.0,0.0,0.1,0.0
2014,2017,14,Chhattisgarh,Bijapur,3.817,0.0,0.0,0.0,0.0,0.0,0.012,0.0,0.0,0.0,0.0,0.003,0.003,0.0,0.0,0.0,0.0,0.0,0.113,0.0
2015,2016,14,Chhattisgarh,Narayanpur,0.09,0.01,0.0,0.0,0.0,0.0,0.05,0.0,0.0,0.01,0.0,0.01,0.02,0.0,0.0,0.0,0.0,0.0,0.05,0.0
2015,2017,14,Chhattisgarh,Narayanpur,0.005,0.024,0.0,0.0,0.0,0.0,0.034,0.0,0.0,0.059,0.0,0.008,0.067,0.0,0.0,0.002,0.0,0.0,0.078,0.0
2017,2016,17,Assam,Udalguri,17.88,0.0,0.0,0.0,0.0,0.0,0.0,0.0,0.0,0.0,0.0,0.0,0.0,0.0,0.0,0.0,0.0,0.0,0.0,0.0
2017,2017,17,Assam,Udalguri,16.52,0.0,0.0,0.0,0.0,0.0,0.0,0.0,0.0,0.0,0.0,0.0,0.0,0.0,0.0,0.0,0.0,0.0,0.0,0.0
2018,2016,17,Assam,Baksa,16.89,0.0,0.0,0.0,0.0,0.0,0.0,0.0,0.0,0.0,0.0,0.0,0.0,0.0,0.0,0.0,0.0,0.0,0.0,0.0
2018,2017,17,Assam,Baksa,10.33,0.0,0.0,0.0,0.0,0.0,0.0,0.0,0.0,0.05,0.0,0.025,0.075,0.0,0.0,0.042,0.13,0.0,0.097,0.0
2019,2016,17,Assam,Chirang,8.93,0.0,0.0,0.0,0.0,0.0,0.0,0.0,0.0,0.0,0.0,1.435,1.435,0.0,0.0,0.0,0.0,0.0,0.0,0.0
2019,2017,17,Assam,Chirang,7.75,0.0,0.0,0.0,0.0,0.0,0.0,0.0,0.0,0.0,0.0,0.235,0.235,0.0,0.0,0.0,0.0,0.0,0.603,0.0
2020,2016,11,Tamil Nadu,Thiruppur,1.7,0.0,0.19,0.51,0.7,0.05,17.92,0.0,0.0,0.0,0.01,0.42,0.43,0.26,0.0,0.0,4.89,0.82,10.26,0.407
2020,2017,11,Tamil Nadu,Thiruppur,7.617,0.218,1.167,1.385,0.033,21.059,0.0,0.0,0.0,0.0,0.0,0.0,0.0,30.094,0.012,0.003,0.036,0.568,0.604,0.619
2023,2016,15,Jharkhand,Khunti,0.62,0.82,0.0,0.0,0.0,0.0,0.02,0.0,0.0,0.31,0.0,0.38,0.69,0.0,0.0,0.0,0.0,0.0,4.68,0.0
2023,2017,15,Jharkhand,Khunti,0.244,0.0,0.0,0.0,0.0,0.003,0.0,0.341,0.0,0.0,0.002,0.002,0.0,0.59,0.01,0.0,0.0,0.249,0.249,0.259
2024,2016,15,Jharkhand,Ramgadh,0.0,0.35,0.0,0.0,0.0,0.0,0.04,0.0,0.0,0.0,0.0,0.0,0.0,0.0,0.01,0.0,0.0,0.0,1.43,0.0
2024,2017,15,Jharkhand,Ramgadh,0.001,0.0,0.0,0.0,0.0,0.057,0.0,0.392,0.0,0.0,0.0,0.0,0.0,0.45,0.01,0.003,0.0,0.0,0.0,0.013
2025,2016,5,Karnataka,Yadagiri,89.77,0.11,0.0,1.6,1.6,2.4,0.21,0.0,0.0,1.69,10.12,0.68,12.5,29.8,0.04,0.0,1.36,19.04,1.53,0.0
2025,2017,5,Karnataka,Yadagiri,105.17,0.02,0.05,3.27,3.32,4.97,0.04,0.0,0.0,0.07,5.22,0.11,5.4,28.62,0.0,0.0,1.58,31.06,1.94,0.0
2026,2016,12,Uttar Pradesh,Amethi C.S.M.Nagar,95.3,99.24,0.0,0.0,0.0,0.0,0.07,0.0,0.35,0.17,0.02,5.82,6.01,0.0,0.0,0.0,1.45,0.0,5.44,0.0
2026,2017,12,Uttar Pradesh,Amethi C.S.M.Nagar,95.626,99.341,0.0,0.0,0.0,0.004,0.069,0.0,0.352,0.171,0.02,5.99,6.181,0.0,0.0,0.0,1.46,0.0,5.442,2.945
2027,2016,7,Maharashtra,Mumbai City,47.01976313276025,56.65204497035457,0.1080683886329922,0.3799574237125202,0.5046674108329201,1.9073150785567023,4.132510983763142,0.3079757120833313,0.8094260103953461,6.529436567757514,0.5356575902319936,3.2896311705700487,10.19107673706325,5.3981987760765175,0.2209658499351308,0.045850834082436766,7.5041996686820935,7.726752834214871,8.112705826170007,3.0313528880499003
2027,2017,7,Maharashtra,Mumbai City,47.01976313276025,56.65204497035457,0.1080683886329922,0.3799574237125202,0.5046674108329201,1.9073150785567023,4.132510983763142,0.3079757120833313,0.8094260103953461,6.529436567757514,0.5356575902319936,3.2896311705700487,10.19107673706325,5.3981987760765175,0.2209658499351308,0.045850834082436766,7.5041996686820935,7.726752834214871,8.112705826170007,3.0313528880499003
2028,2016,17,Assam,Kamrup(Metro),2.46,0.0,0.0,0.0,0.0,0.0,0.0,0.0,0.0,0.0,0.0,0.0,0.0,0.0,0.0,0.0,0.119,0.0,0.0,0.0
2028,2017,17,Assam,Kamrup(Metro),1.14,0.0,0.0,0.0,0.0,0.0,0.0,0.0,0.0,0.0,0.008,0.143,0.151,0.0,0.0,0.0,0.0,0.0,0.292,0.0
2030,2016,9,Punjab,Pathankot,22.42,27.94,0.0,0.0,0.0,0.0,0.55,0.0,0.0,0.01,0.0,0.07,0.09,0.0,0.0,0.0,2.88,0.0,1.32,2.887
2030,2017,9,Punjab,Pathankot,22.09,21.46,0.0,0.0,0.0,0.0,0.42,0.0,0.0,0.01,0.0,0.04,0.05,0.0,0.0,0.0,2.72,0.0,1.19,2.91
2031,2016,12,Uttar Pradesh,Sambhal,41.41,133.97,0.0,0.0,0.0,0.09,10.45,0.01,0.24,0.01,0.03,1.77,1.81,0.0,0.0,0.0,29.91,0.0,21.01,0.0
2031,2017,12,Uttar Pradesh,Sambhal,41.509,133.806,0.0,0.0,0.0,0.089,10.465,0.01,0.243,0.008,0.029,1.766,1.803,0.0,0.0,0.0,29.888,0.0,21.146,5.304
2032,2016,12,Uttar Pradesh,Shamli,28.54,54.63,0.0,0.0,0.0,0.01,0.08,0.0,0.15,0.01,0.01,1.18,1.2,0.0,0.02,0.0,58.56,0.01,6.08,0.0
2032,2017,12,Uttar Pradesh,Shamli,28.487,54.582,0.004,0.0,0.004,0.012,0.075,0.0,0.153,0.013,0.007,1.18,1.2,0.0,0.018,0.0,58.574,0.005,6.134,18.736
2033,2016,12,Uttar Pradesh,Hapur,24.78,42.23,0.0,0.0,0.0,0.03,0.6,0.0,0.31,0.0,0.75,1.81,2.56,0.0,0.03,0.0,34.55,0.0,14.82,0.0
2033,2017,12,Uttar Pradesh,Hapur,24.331,41.472,0.0,0.0,0.0,0.026,0.422,0.0,0.197,0.004,0.655,1.764,2.423,0.0,0.012,0.0,37.328,0.0,14.261,19.935
2034,2016,14,Chhattisgarh,Balod,109.31,1.41,0.0,0.0,0.0,0.0,0.06,0.0,0.0,3.77,0.0,0.01,3.78,0.0,0.0,0.0,0.0,0.0,2.08,0.023
2034,2017,14,Chhattisgarh,Balod,92.093,2.98,0.0,0.0,0.0,0.0,0.16,0.0,0.0,13.976,0.0,0.065,14.041,0.0,0.0,0.0,1.402,0.0,1.545,0.015
2035,2016,14,Chhattisgarh,Baloda Bazar,109.4,3.31,0.0,0.0,0.0,0.0,0.01,0.0,0.0,1.09,0.0,0.34,1.42,0.08,0.0,0.0,0.04,0.0,3.56,0.0
2035,2017,14,Chhattisgarh,Baloda Bazar,106.485,3.612,0.0,0.0,0.0,0.0,0.019,0.0,0.0,0.873,0.0,0.237,1.11,0.0,0.0,0.0,0.029,0.0,3.199,0.001
2036,2016,14,Chhattisgarh,Balrampur,0.11,8.42,0.0,0.0,0.0,0.0,0.01,0.0,0.0,0.01,0.0,0.19,0.2,0.0,0.0,0.0,0.32,0.0,3.32,0.0
2036,2017,14,Chhattisgarh,Balrampur,0.171,8.55,0.0,0.0,0.0,0.0,0.035,0.0,0.022,0.0,0.0,0.36,0.36,0.0,0.0,0.0,0.459,0.0,3.593,0.0
2037,2016,14,Chhattisgarh,Bemetra,69.56,13.4,0.0,0.0,0.0,0.0,0.03,0.0,0.0,50.99,0.02,0.48,51.5,0.0,0.0,0.0,2.29,0.03,8.17,0.0
2037,2017,14,Chhattisgarh,Bemetra,63.2,14.676,0.0,0.0,0.0,0.0,0.01,0.0,0.0,70.731,0.023,0.704,71.458,0.0,0.002,0.0,2.176,0.145,7.607,0.0
2038,2016,14,Chhattisgarh,Gariaband,59.95,0.17,0.0,0.0,0.0,0.0,0.11,0.0,0.0,0.08,0.0,0.07,0.15,0.14,0.01,0.0,0.07,0.0,0.92,0.0
2038,2017,14,Chhattisgarh,Gariaband,62.56,0.312,0.0,0.0,0.0,0.0,0.067,0.0,0.0,0.346,0.0,0.06,0.406,0.058,0.0,0.0,0.034,0.0,0.602,0.0
2039,2016,14,Chhattisgarh,Kondagaon,0.94,0.11,0.0,0.0,0.0,0.0,3.8,0.0,0.0,0.03,0.0,0.11,0.14,0.0,0.0,0.0,0.0,0.0,1.54,0.0
2039,2017,14,Chhattisgarh,Kondagaon,0.777,0.25,0.0,0.0,0.0,0.0,4.259,0.0,0.0,0.024,0.0,0.058,0.082,0.0,0.0,0.0,0.0,0.0,1.215,0.0
2040,2016,14,Chhattisgarh,Mungli,68.54,3.0,0.0,0.0,0.0,0.0,0.0,0.0,0.0,3.42,0.0,0.07,3.48,0.0,0.0,0.0,0.35,0.0,1.48,0.0
2040,2017,14,Chhattisgarh,Mungli,75.413,4.42,0.0,0.0,0.0,0.0,0.0,0.0,0.0,11.528,0.0,0.231,11.759,0.0,0.0,0.0,0.962,0.0,1.146,0.0
2041,2016,14,Chhattisgarh,Sukma,0.77,0.0,0.0,0.0,0.0,0.0,0.2,0.0,0.0,0.0,0.0,0.02,0.02,0.0,0.0,0.0,0.0,0.0,0.27,0.0
2041,2017,14,Chhattisgarh,Sukma,0.76,0.002,0.0,0.0,0.0,0.0,0.116,0.0,0.0,0.0,0.0,0.003,0.003,0.002,0.0,0.0,0.0,0.0,0.333,0.0
2042,2016,14,Chhattisgarh,Surajpur,1.29,5.6,0.0,0.0,0.0,0.0,0.21,0.0,0.0,0.01,0.0,0.51,0.52,0.05,0.0,0.0,2.24,0.0,7.62,0.0
2042,2017,14,Chhattisgarh,Surajpur,1.34,5.104,0.0,0.0,0.0,0.0,0.119,0.0,0.0,0.016,0.0,0.371,0.387,0.023,0.0,0.0,3.567,0.0,6.515,0.0
2043,2016,9,Punjab,Fazilka,111.36,207.27,0.0,0.0,0.0,0.11,1.5,0.0,1.45,0.81,2.37,1.47,4.66,0.17,0.06,0.0,2.03,79.02,27.23,21.205
2043,2017,9,Punjab,Fazilka,109.09,210.44,0.0,0.0,0.0,0.13,1.33,0.0,1.26,1.06,0.25,0.86,2.17,0.0,0.1,0.0,2.4,84.38,24.06,25.292
2044,2016,17,Assam,Biswanath,47.01976313276025,56.65204497035457,0.1080683886329922,0.3799574237125202,0.5046674108329201,1.9073150785567023,4.132510983763142,0.3079757120833313,0.8094260103953461,6.529436567757514,0.5356575902319936,3.2896311705700487,10.19107673706325,5.3981987760765175,0.2209658499351308,0.045850834082436766,7.5041996686820935,7.726752834214871,8.112705826170007,3.0313528880499003
2044,2017,17,Assam,Biswanath,47.01976313276025,56.65204497035457,0.1080683886329922,0.3799574237125202,0.5046674108329201,1.9073150785567023,4.132510983763142,0.3079757120833313,0.8094260103953461,6.529436567757514,0.5356575902319936,3.2896311705700487,10.19107673706325,5.3981987760765175,0.2209658499351308,0.045850834082436766,7.5041996686820935,7.726752834214871,8.112705826170007,3.0313528880499003
2045,2016,17,Assam,Charaideo,47.01976313276025,56.65204497035457,0.1080683886329922,0.3799574237125202,0.5046674108329201,1.9073150785567023,4.132510983763142,0.3079757120833313,0.8094260103953461,6.529436567757514,0.5356575902319936,3.2896311705700487,10.19107673706325,5.3981987760765175,0.2209658499351308,0.045850834082436766,7.5041996686820935,7.726752834214871,8.112705826170007,3.0313528880499003
2045,2017,17,Assam,Charaideo,47.01976313276025,56.65204497035457,0.1080683886329922,0.3799574237125202,0.5046674108329201,1.9073150785567023,4.132510983763142,0.3079757120833313,0.8094260103953461,6.529436567757514,0.5356575902319936,3.2896311705700487,10.19107673706325,5.3981987760765175,0.2209658499351308,0.045850834082436766,7.5041996686820935,7.726752834214871,8.112705826170007,3.0313528880499003
2046,2016,17,Assam,Hojai,47.01976313276025,56.65204497035457,0.1080683886329922,0.3799574237125202,0.5046674108329201,1.9073150785567023,4.132510983763142,0.3079757120833313,0.8094260103953461,6.529436567757514,0.5356575902319936,3.2896311705700487,10.19107673706325,5.3981987760765175,0.2209658499351308,0.045850834082436766,7.5041996686820935,7.726752834214871,8.112705826170007,3.0313528880499003
2046,2017,17,Assam,Hojai,47.01976313276025,56.65204497035457,0.1080683886329922,0.3799574237125202,0.5046674108329201,1.9073150785567023,4.132510983763142,0.3079757120833313,0.8094260103953461,6.529436567757514,0.5356575902319936,3.2896311705700487,10.19107673706325,5.3981987760765175,0.2209658499351308,0.045850834082436766,7.5041996686820935,7.726752834214871,8.112705826170007,3.0313528880499003
2047,2016,17,Assam,Majuli,47.01976313276025,56.65204497035457,0.1080683886329922,0.3799574237125202,0.5046674108329201,1.9073150785567023,4.132510983763142,0.3079757120833313,0.8094260103953461,6.529436567757514,0.5356575902319936,3.2896311705700487,10.19107673706325,5.3981987760765175,0.2209658499351308,0.045850834082436766,7.5041996686820935,7.726752834214871,8.112705826170007,3.0313528880499003
2047,2017,17,Assam,Majuli,47.01976313276025,56.65204497035457,0.1080683886329922,0.3799574237125202,0.5046674108329201,1.9073150785567023,4.132510983763142,0.3079757120833313,0.8094260103953461,6.529436567757514,0.5356575902319936,3.2896311705700487,10.19107673706325,5.3981987760765175,0.2209658499351308,0.045850834082436766,7.5041996686820935,7.726752834214871,8.112705826170007,3.0313528880499003
2048,2016,17,Assam,South Salmara - Mankachar,47.01976313276025,56.65204497035457,0.1080683886329922,0.3799574237125202,0.5046674108329201,1.9073150785567023,4.132510983763142,0.3079757120833313,0.8094260103953461,6.529436567757514,0.5356575902319936,3.2896311705700487,10.19107673706325,5.3981987760765175,0.2209658499351308,0.045850834082436766,7.5041996686820935,7.726752834214871,8.112705826170007,3.0313528880499003
2048,2017,17,Assam,South Salmara - Mankachar,47.01976313276025,56.65204497035457,0.1080683886329922,0.3799574237125202,0.5046674108329201,1.9073150785567023,4.132510983763142,0.3079757120833313,0.8094260103953461,6.529436567757514,0.5356575902319936,3.2896311705700487,10.19107673706325,5.3981987760765175,0.2209658499351308,0.045850834082436766,7.5041996686820935,7.726752834214871,8.112705826170007,3.0313528880499003
2049,2016,17,Assam,West Karbi Anglong,47.01976313276025,56.65204497035457,0.1080683886329922,0.3799574237125202,0.5046674108329201,1.9073150785567023,4.132510983763142,0.3079757120833313,0.8094260103953461,6.529436567757514,0.5356575902319936,3.2896311705700487,10.19107673706325,5.3981987760765175,0.2209658499351308,0.045850834082436766,7.5041996686820935,7.726752834214871,8.112705826170007,3.0313528880499003
2049,2017,17,Assam,West Karbi Anglong,47.01976313276025,56.65204497035457,0.1080683886329922,0.3799574237125202,0.5046674108329201,1.9073150785567023,4.132510983763142,0.3079757120833313,0.8094260103953461,6.529436567757514,0.5356575902319936,3.2896311705700487,10.19107673706325,5.3981987760765175,0.2209658499351308,0.045850834082436766,7.5041996686820935,7.726752834214871,8.112705826170007,3.0313528880499003
2050,2016,3,Gujarat,Aravalli,1.2,64.5,0.0,0.0,0.0,3.0,8.0,0.0,0.0,2.7,0.0,0.9,3.6,18.1,0.8,0.0,0.1,37.7,28.8,0.0
2050,2017,3,Gujarat,Aravalli,0.9,65.3,0.0,0.3,0.3,2.7,11.0,0.0,0.0,3.0,0.0,0.8,3.8,12.7,0.2,0.0,0.0,39.9,28.3,0.0
2051,2016,3,Gujarat,Botad,0.0,6.9,0.0,0.0,0.0,0.1,0.0,0.0,0.0,1.0,0.1,0.1,1.2,0.1,0.1,0.0,0.0,128.8,2.1,0.0
2051,2017,3,Gujarat,Botad,0.0,7.7,0.0,0.0,0.0,0.1,0.0,0.0,0.0,2.2,0.5,0.0,2.7,0.0,0.1,0.0,0.0,137.7,4.2,0.0
2052,2016,3,Gujarat,Chhota Udaipur,6.1,0.8,0.0,0.2,0.2,0.0,52.0,0.0,0.0,0.0,0.0,0.1,0.1,0.6,0.2,0.0,0.0,46.0,0.4,0.0
2052,2017,3,Gujarat,Chhota Udaipur,7.2,0.5,0.0,7.1,7.1,0.1,18.8,0.0,0.0,0.3,0.0,0.4,0.7,0.3,0.2,0.0,0.0,52.1,3.0,0.0
2053,2016,3,Gujarat,Devbhoomi Dwarka,0.0,0.5,0.0,0.0,0.0,0.0,0.0,0.0,0.0,0.8,0.0,0.2,0.9,30.1,0.2,0.0,0.0,27.8,0.9,0.0
2053,2017,3,Gujarat,Devbhoomi Dwarka,0.0,3.1,0.0,0.3,0.3,0.0,0.6,0.0,0.0,3.9,0.0,0.4,4.3,5.3,0.2,0.0,0.0,23.2,3.0,0.0
2054,2016,3,Gujarat,Gir Somnath,0.0,58.6,0.0,0.0,0.0,3.4,0.0,0.0,0.0,4.9,0.0,6.7,11.6,0.9,0.8,0.0,2.6,11.8,10.3,0.0
2054,2017,3,Gujarat,Gir Somnath,0.0,45.9,0.0,0.4,0.4,3.9,0.3,0.0,0.0,10.6,0.0,9.0,19.5,0.4,2.2,0.0,6.4,7.6,11.3,0.0
2055,2016,3,Gujarat,Mahi Sagar,21.3,16.7,0.0,0.1,0.1,4.5,10.2,0.0,0.0,5.2,0.0,2.0,7.3,2.0,0.1,0.0,0.0,12.2,1.8,0.0
2055,2017,3,Gujarat,Mahi Sagar,6.8,22.0,0.0,0.1,0.1,2.1,13.2,0.0,0.0,6.2,1.1,2.3,9.5,1.8,0.1,0.0,0.5,0.9,4.1,0.0
2056,2016,3,Gujarat,Morbi,0.0,11.9,0.0,0.0,0.0,0.2,0.0,0.0,0.0,0.7,0.0,0.0,0.7,27.1,4.1,0.0,0.1,120.8,5.9,0.0
2056,2017,3,Gujarat,Morbi,0.0,15.1,0.0,0.0,0.0,0.1,0.0,0.0,0.8,4.3,0.0,0.0,4.3,10.5,0.2,0.0,0.1,144.1,3.7,0.0
2057,2016,4,Haryana,Charkhi Dadri,0.0,60.0,0.0,0.0,0.0,0.0,0.0,0.0,2.0,1.0,0.0,0.0,1.0,0.0,0.0,0.0,0.0,0.0,0.0,0.0
2057,2017,4,Haryana,Charkhi Dadri,9.0,55.0,0.0,0.0,2.0,11.0,0.0,0.0,2.0,1.0,0.0,0.0,1.0,0.0,0.0,0.0,1.0,28.0,0.0,0.0
2058,2016,6,Madhya Pradesh,Agar Malwa,0.0,44.49,0.0,0.0,0.0,0.0,0.0,0.0,0.25,19.31,0.0,11.36,30.67,0.0,0.0,0.03,0.0,0.0,6.12,1.127
2058,2017,6,Madhya Pradesh,Agar Malwa,0.0,62.09,0.0,0.0,0.0,0.0,0.0,0.0,0.01,31.1,0.0,11.05,42.14,0.0,0.0,0.0,0.0,0.0,5.47,1.18
2059,2016,7,Maharashtra,Palghar,47.01976313276025,56.65204497035457,0.1080683886329922,0.3799574237125202,0.5046674108329201,1.9073150785567023,4.132510983763142,0.3079757120833313,0.8094260103953461,6.529436567757514,0.5356575902319936,3.2896311705700487,10.19107673706325,5.3981987760765175,0.2209658499351308,0.045850834082436766,7.5041996686820935,7.726752834214871,8.112705826170007,3.0313528880499003
2059,2017,7,Maharashtra,Palghar,47.01976313276025,56.65204497035457,0.1080683886329922,0.3799574237125202,0.5046674108329201,1.9073150785567023,4.132510983763142,0.3079757120833313,0.8094260103953461,6.529436567757514,0.5356575902319936,3.2896311705700487,10.19107673706325,5.3981987760765175,0.2209658499351308,0.045850834082436766,7.5041996686820935,7.726752834214871,8.112705826170007,3.0313528880499003
2101,2016,20,Telangana,Kumurambheem Asifabad,9.39,0.29,0.06430795234283135,0.17,0.17,0.504134076447428,0.91,0.4388313237996118,0.4363284776604751,0.012,0.2875418188606946,3.2974985253049716,0.012,0.033,0.18938784572277012,0.04000050444220349,0.002,4.807331785957853,2.516,0.0
2101,2017,20,Telangana,Kumurambheem Asifabad,7.52,0.18,0.0,0.15,0.15,0.0,0.5,0.0,0.0,0.0,0.02,0.013,0.033,0.0,0.0,0.0,0.001,0.626,2.062,0.0
2102,2016,20,Telangana,Macherial,41.95,0.0,0.041988134154084464,0.21046895087029216,0.24263828969624193,1.9262954618610135,1.11,0.4577140821564163,0.838791517309739,6.609493929711032,0.5989448041582444,0.155,0.155,0.241,0.22039278978121996,0.01961608779514949,3.1460272653911128,2.4628883058566187,1.869,0.0
2102,2017,20,Telangana,Macherial,47.26,0.0,0.0,0.0,0.0,0.0,0.96,0.0,0.0,0.0,0.0,0.007,0.007,0.214,0.0,0.0,0.0,6.061,2.126,0.0
2103,2016,20,Telangana,Nirmal,37.59,1.25,0.31931036775204186,0.76,0.76,1.53,23.05,0.011,0.838791517309739,0.011,0.21,0.221,0.442,0.62,5.568,0.018299188316408803,0.006,5.153,3.583,0.0
2103,2017,20,Telangana,Nirmal,36.19,0.91,0.0,0.99,0.99,1.14,23.39,0.0,0.0,0.444,0.331,0.168,0.943,0.231,3.646,0.0,0.002,8.272,3.923,0.0
2104,2016,20,Telangana,Jagityal,98.85,56.84320560157351,0.1111599838067184,0.71,0.71,2.62,31.1,0.9293781627309385,0.838791517309739,0.141,151.0,3.978,4.27,1.362,7.536,0.04687606462978414,0.563,2.462,18.531,0.0
2104,2017,20,Telangana,Jagityal,92.54,0.0,0.0,0.24,0.24,1.91,27.75,0.0,0.0,0.191,0.0,2.781,2.972,0.936,6.898,0.0,0.511,2.359,14.212,0.0
2105,2016,20,Telangana,Peddapally,96.44,66.23319096581248,0.18246585675442187,0.9458734156073377,1.2195749354944918,1.9262954618610135,11.84,0.2910990975887006,0.838791517309739,0.178,0.197,0.709,1.084,0.22,0.208,0.011048685598871108,11.09205666376191,17.858,2.816,0.0
2105,2017,20,Telangana,Peddapally,88.67,0.0,0.0,0.0,0.0,0.0,5.15,0.0,0.0,0.051,0.108,0.072,0.231,0.029,0.033,0.0,0.0,18.287,2.617,0.0
2106,2016,20,Telangana,Rajanna Siricilla,54.27,44.631023101665775,0.06265730298316195,0.16140116926514733,0.26455076122986027,1.9262954618610135,2.67,0.34199318757695113,0.16504957346715754,0.135,0.1749308449498396,0.365,0.5,0.22,0.151,0.033566197705154004,6.783896720894952,2.062,1.68,0.0
2106,2017,20,Telangana,Rajanna Siricilla,45.63,0.0,0.0,0.0,0.0,0.0,0.5,0.0,0.0,0.0,0.0,0.175,0.175,0.166,0.126,0.0,0.009,2.365,1.965,0.0
2107,2016,20,Telangana,Bhadradri,45.8,34.114149966215265,0.09924888222183806,0.33192727351603235,0.4537173020067914,1.9262954618610135,5.68,0.37129539694977803,0.20813782094003702,6.609493929711032,0.333642470460943,0.099,0.099,1.898,0.14242414115638097,0.03485615718977001,1.402,1.328,1.841,0.0
2107,2017,20,Telangana,Bhadradri,470.2,0.0,0.0,0.0,0.0,0.0,5.76,0.0,0.0,0.0,0.0,0.021,0.021,1.12,0.009,0.0,1.098,3.99,1.81,0.0
2108,2016,20,Telangana,Jogulamba,18.95,20.62203351815358,0.07145861829978611,0.01,0.01,0.0,2.12,0.42438788201140515,0.5061066115175933,0.082,0.054,0.757,0.893,20.828,0.3337788743023581,0.04405073380826594,1.158,15.114,8.267,0.0
2108,2017,20,Telangana,Jogulamba,24.29,0.0,0.0,0.05,0.05,0.0,3.4,0.0,0.0,0.312,0.972,0.614,1.898,16.616,0.0,0.0,2.034,22.047,8.469,0.0
2109,2016,20,Telangana,Nagarkurnool,19.03,2.20371653259987,0.18239114559325625,0.43143844764960265,0.4196918583021744,6.363663994799865,0.5,0.5182084198953933,0.15796514388958038,2.1240651978482097,0.014,3.2974985253049716,0.014,41.468,0.034,0.038484988970512723,0.004,11.870124911489853,10.258,0.0
2109,2017,20,Telangana,Nagarkurnool,25.91,0.0,0.0,0.01,0.01,0.0,0.54,0.002,0.0,0.064,0.011,0.16,0.235,52.59,0.0,0.0,0.06,0.0,9.974,0.0
2110,2016,20,Telangana,Wanaparthy,45.04,26.921616865219157,0.08599651521541458,0.3172282133626856,0.31205370164705265,3.132158111080485,0.29,0.43302900774775366,0.1962017273891296,1.304,1.47,2.172,4.946,22.469,0.22741767232285692,0.036789653637806424,2.879,0.049,5.846,0.0
2110,2017,20,Telangana,Wanaparthy,55.6,0.0,0.0,0.05,0.05,0.0,1.04,0.001,0.0,2.191,0.344,2.489,5.024,25.213,0.0,0.0,3.653,0.042,5.609,0.0
2112,2016,20,Telangana,Siddipet,71.43,0.01,0.22595797071836946,1.2738346685044126,1.4594317743133232,3.0481526222576956,14.9,0.4808595172224882,0.838791517309739,6.609493929711032,1.7852551132059147,0.784,0.784,1.408,0.068,0.04687606462978414,0.115,0.01145052299455962,18.882,0.0
2112,2017,20,Telangana,Siddipet,79.87,0.01,0.0,0.0,0.0,0.0,11.82,0.0,0.0,0.0,0.0,0.41,0.41,1.111,0.031,0.0,0.296,0.0,16.071,0.0
2113,2016,20,Telangana,Suryapet,140.92,93.29065326863433,0.1111599838067184,0.38031998198378286,0.5051045047951133,2.404474474777188,0.13,0.26554327652338117,0.838791517309739,6.609493929711032,0.047,0.777,0.824,6.88,0.20514866243623447,0.0073780606016680475,1.61,5.523389298598568,13.067,0.0
2113,2017,20,Telangana,Suryapet,155.58,0.0,0.0,0.0,0.0,0.0,0.15,0.0,0.0,0.052,0.0,0.299,0.351,5.934,0.0,0.0,1.709,0.0,9.691,0.0
2114,2016,20,Telangana,Yadadri Bhuvanagiri,77.78,0.0,0.1111599838067184,0.28385333836238974,0.2593640886440295,1.0694058491766507,0.04,0.47424519180495495,0.838791517309739,5.8398386231460595,1.2622346561000044,2.169609019026112,8.422257361870864,0.052,0.34765540303885695,0.003224057102345683,0.028,7.768769785526741,10.792,0.0
2114,2017,20,Telangana,Yadadri Bhuvanagiri,98.93,0.0,0.0,0.0,0.0,0.0,0.04,0.0,0.0,0.0,0.0,0.0,0.0,0.035,0.0,0.0,0.019,0.0,9.812,0.0
2115,2016,20,Telangana,Kamareddy,79.95,0.63,0.24447805300220524,1.22,1.22,1.9262954618610135,19.3,0.477323003436423,0.838791517309739,0.002,0.8567573468452474,0.439,0.441,0.282,0.039,0.04687606462978414,7.577,0.004,2.506,0.0
2115,2017,20,Telangana,Kamareddy,93.92,0.45,0.0,1.54,1.54,0.0,17.51,0.0,0.0,0.0,0.0,0.722,0.722,0.158,0.029,0.0,9.009,0.0,2.861,0.0
2116,2016,20,Telangana,Malkaigiri,6.43,0.0,0.03812065423348189,0.01,0.01,1.216451482647603,0.05,0.4470646993558924,0.4187945471624907,7.182958554307793,0.5019078909313646,2.4684564095001793,9.837418748202296,6.972798131012375,0.24761082058289596,0.046934822014448575,1.0985703080318376,4.847536146689069,3.406,0.0
2116,2017,20,Telangana,Malkaigiri,9.4,0.0,0.0,0.01,0.01,0.0,0.13,0.0,0.0,0.0,0.0,0.0,0.0,0.0,0.0,0.0,0.0,0.0,3.24,0.0
2117,2016,20,Telangana,Vikarabad,20.48,0.15,0.11045508174252328,0.41,0.41,2.35247026861889,0.88,0.024,0.29239431316104486,0.189,0.293,0.019,0.501,5.165,0.25055700232177536,0.03231486444764851,3.219,5.429315349388803,8.946,0.0
2117,2017,20,Telangana,Vikarabad,19.49,0.1,0.0,0.47,0.47,0.0,0.5,0.027,0.0,0.141,0.076,0.061,0.278,5.16,0.0,0.0,4.105,0.0,9.509,0.0
2118,2016,20,Telangana,Jayashankar Bhuppaly,81.0,61.45417569451804,0.1111599838067184,0.0,0.0,0.03,3.7,0.2965896574936185,0.007619498870153785,0.002,0.084,0.653,0.739,0.886,0.25718811926784974,0.023169134044475667,0.001,19.949,0.976,0.0
2118,2017,20,Telangana,Jayashankar Bhuppaly,79.23,0.0,0.0,0.0,0.0,0.0,6.44,0.0,0.0,0.024,0.019,0.143,0.186,0.489,0.036,0.0,0.0,21.442,1.116,0.0
2119,2016,20,Telangana,Janagaon,54.34,46.83337999354045,0.0714540327930869,0.08,0.08,0.8932209342331221,6.92,0.34114445631090495,0.15836344943450675,0.053,0.026,0.507,0.586,4.502,0.038,0.03215251919152217,7.728723626605813,7.703,5.069,0.0
2119,2017,20,Telangana,Janagaon,51.36,0.0,0.0,0.0,0.0,0.0,6.77,0.0,0.0,0.052,0.021,0.357,0.43,1.637,0.005,0.0,0.01,12.05,5.433,0.0
2120,2016,20,Telangana,Warangal Urban,37.97,33.54312674856847,0.33257000573744705,1.3921865008416132,1.7622652274193629,1.9262954618610135,18.45,0.35248554272360605,0.14404911228818684,0.131,0.04,0.226,0.397,0.51,0.3147628370933261,0.028354156392667793,10.71071528946086,17.944,3.758,0.0
2120,2017,20,Telangana,Warangal Urban,34.8,0.0,0.0,0.0,0.0,0.0,19.17,0.0,0.0,0.0,0.111,0.205,0.316,0.57,0.008,0.0,0.0,21.945,4.613,0.0
2121,2016,20,Telangana,Mahabubabad,46.79,43.023327523402706,0.07499924195198421,0.15,0.15,1.7136388699023628,9.32,0.34854288092778357,0.3295089530647694,6.609493929711032,0.03,1.671,1.701,8.455,0.011,0.0348579342822933,0.077,18.027,5.525,0.0
2121,2017,20,Telangana,Mahabubabad,52.99,0.0,0.0,0.65,0.65,0.0,6.09,0.0,0.0,0.0,0.0,1.08,1.08,9.131,0.013,0.0,0.034,29.948,7.775,0.0
2122,2016,20,Telangana,Narayanpet,47.01976313276025,56.65204497035457,0.1080683886329922,0.3799574237125202,0.5046674108329201,1.9073150785567023,4.132510983763142,0.3079757120833313,0.8094260103953461,6.529436567757514,0.5356575902319936,3.2896311705700487,10.19107673706325,5.3981987760765175,0.2209658499351308,0.045850834082436766,7.5041996686820935,7.726752834214871,8.112705826170007,3.0313528880499003
2122,2017,20,Telangana,Narayanpet,47.01976313276025,56.65204497035457,0.1080683886329922,0.3799574237125202,0.5046674108329201,1.9073150785567023,4.132510983763142,0.3079757120833313,0.8094260103953461,6.529436567757514,0.5356575902319936,3.2896311705700487,10.19107673706325,5.3981987760765175,0.2209658499351308,0.045850834082436766,7.5041996686820935,7.726752834214871,8.112705826170007,3.0313528880499003
2123,2016,20,Telangana,Mulugu,47.01976313276025,56.65204497035457,0.1080683886329922,0.3799574237125202,0.5046674108329201,1.9073150785567023,4.132510983763142,0.3079757120833313,0.8094260103953461,6.529436567757514,0.5356575902319936,3.2896311705700487,10.19107673706325,5.3981987760765175,0.2209658499351308,0.045850834082436766,7.5041996686820935,7.726752834214871,8.112705826170007,3.0313528880499003
2123,2017,20,Telangana,Mulugu,47.01976313276025,56.65204497035457,0.1080683886329922,0.3799574237125202,0.5046674108329201,1.9073150785567023,4.132510983763142,0.3079757120833313,0.8094260103953461,6.529436567757514,0.5356575902319936,3.2896311705700487,10.19107673706325,5.3981987760765175,0.2209658499351308,0.045850834082436766,7.5041996686820935,7.726752834214871,8.112705826170007,3.0313528880499003
2124,2016,11,Tamil Nadu,Tenkasi,47.01976313276025,56.65204497035457,0.1080683886329922,0.3799574237125202,0.5046674108329201,1.9073150785567023,4.132510983763142,0.3079757120833313,0.8094260103953461,6.529436567757514,0.5356575902319936,3.2896311705700487,10.19107673706325,5.3981987760765175,0.2209658499351308,0.045850834082436766,7.5041996686820935,7.726752834214871,8.112705826170007,3.0313528880499003
2124,2017,11,Tamil Nadu,Tenkasi,47.01976313276025,56.65204497035457,0.1080683886329922,0.3799574237125202,0.5046674108329201,1.9073150785567023,4.132510983763142,0.3079757120833313,0.8094260103953461,6.529436567757514,0.5356575902319936,3.2896311705700487,10.19107673706325,5.3981987760765175,0.2209658499351308,0.045850834082436766,7.5041996686820935,7.726752834214871,8.112705826170007,3.0313528880499003
2125,2016,11,Tamil Nadu,Kallakurichi,47.01976313276025,56.65204497035457,0.1080683886329922,0.3799574237125202,0.5046674108329201,1.9073150785567023,4.132510983763142,0.3079757120833313,0.8094260103953461,6.529436567757514,0.5356575902319936,3.2896311705700487,10.19107673706325,5.3981987760765175,0.2209658499351308,0.045850834082436766,7.5041996686820935,7.726752834214871,8.112705826170007,3.0313528880499003
2125,2017,11,Tamil Nadu,Kallakurichi,47.01976313276025,56.65204497035457,0.1080683886329922,0.3799574237125202,0.5046674108329201,1.9073150785567023,4.132510983763142,0.3079757120833313,0.8094260103953461,6.529436567757514,0.5356575902319936,3.2896311705700487,10.19107673706325,5.3981987760765175,0.2209658499351308,0.045850834082436766,7.5041996686820935,7.726752834214871,8.112705826170007,3.0313528880499003
2126,2016,11,Tamil Nadu,Tirupattur,47.01976313276025,56.65204497035457,0.1080683886329922,0.3799574237125202,0.5046674108329201,1.9073150785567023,4.132510983763142,0.3079757120833313,0.8094260103953461,6.529436567757514,0.5356575902319936,3.2896311705700487,10.19107673706325,5.3981987760765175,0.2209658499351308,0.045850834082436766,7.5041996686820935,7.726752834214871,8.112705826170007,3.0313528880499003
2126,2017,11,Tamil Nadu,Tirupattur,47.01976313276025,56.65204497035457,0.1080683886329922,0.3799574237125202,0.5046674108329201,1.9073150785567023,4.132510983763142,0.3079757120833313,0.8094260103953461,6.529436567757514,0.5356575902319936,3.2896311705700487,10.19107673706325,5.3981987760765175,0.2209658499351308,0.045850834082436766,7.5041996686820935,7.726752834214871,8.112705826170007,3.0313528880499003
2127,2016,11,Tamil Nadu,Ranipet,47.01976313276025,56.65204497035457,0.1080683886329922,0.3799574237125202,0.5046674108329201,1.9073150785567023,4.132510983763142,0.3079757120833313,0.8094260103953461,6.529436567757514,0.5356575902319936,3.2896311705700487,10.19107673706325,5.3981987760765175,0.2209658499351308,0.045850834082436766,7.5041996686820935,7.726752834214871,8.112705826170007,3.0313528880499003
2127,2017,11,Tamil Nadu,Ranipet,47.01976313276025,56.65204497035457,0.1080683886329922,0.3799574237125202,0.5046674108329201,1.9073150785567023,4.132510983763142,0.3079757120833313,0.8094260103953461,6.529436567757514,0.5356575902319936,3.2896311705700487,10.19107673706325,5.3981987760765175,0.2209658499351308,0.045850834082436766,7.5041996686820935,7.726752834214871,8.112705826170007,3.0313528880499003
2128,2016,11,Tamil Nadu,Chengalpattu,47.01976313276025,56.65204497035457,0.1080683886329922,0.3799574237125202,0.5046674108329201,1.9073150785567023,4.132510983763142,0.3079757120833313,0.8094260103953461,6.529436567757514,0.5356575902319936,3.2896311705700487,10.19107673706325,5.3981987760765175,0.2209658499351308,0.045850834082436766,7.5041996686820935,7.726752834214871,8.112705826170007,3.0313528880499003
2128,2017,11,Tamil Nadu,Chengalpattu,47.01976313276025,56.65204497035457,0.1080683886329922,0.3799574237125202,0.5046674108329201,1.9073150785567023,4.132510983763142,0.3079757120833313,0.8094260103953461,6.529436567757514,0.5356575902319936,3.2896311705700487,10.19107673706325,5.3981987760765175,0.2209658499351308,0.045850834082436766,7.5041996686820935,7.726752834214871,8.112705826170007,3.0313528880499003
2129,2016,11,Tamil Nadu,Mayiladuthurai,47.01976313276025,56.65204497035457,0.1080683886329922,0.3799574237125202,0.5046674108329201,1.9073150785567023,4.132510983763142,0.3079757120833313,0.8094260103953461,6.529436567757514,0.5356575902319936,3.2896311705700487,10.19107673706325,5.3981987760765175,0.2209658499351308,0.045850834082436766,7.5041996686820935,7.726752834214871,8.112705826170007,3.0313528880499003
2129,2017,11,Tamil Nadu,Mayiladuthurai,47.01976313276025,56.65204497035457,0.1080683886329922,0.3799574237125202,0.5046674108329201,1.9073150785567023,4.132510983763142,0.3079757120833313,0.8094260103953461,6.529436567757514,0.5356575902319936,3.2896311705700487,10.19107673706325,5.3981987760765175,0.2209658499351308,0.045850834082436766,7.5041996686820935,7.726752834214871,8.112705826170007,3.0313528880499003
2130,2016,14,Chhattisgarh,Gaurela-Pendra-Marwahi,47.01976313276025,56.65204497035457,0.1080683886329922,0.3799574237125202,0.5046674108329201,1.9073150785567023,4.132510983763142,0.3079757120833313,0.8094260103953461,6.529436567757514,0.5356575902319936,3.2896311705700487,10.19107673706325,5.3981987760765175,0.2209658499351308,0.045850834082436766,7.5041996686820935,7.726752834214871,8.112705826170007,3.0313528880499003
2130,2017,14,Chhattisgarh,Gaurela-Pendra-Marwahi,47.019763132760254,56.652044970354574,0.10806838863299217,0.37995742371252017,0.5046674108329201,1.9073150785567021,4.132510983763142,0.30797571208333135,0.8094260103953459,6.529436567757518,0.5356575902319936,3.289631170570048,10.191076737063252,5.3981987760765175,0.22096584993513074,0.045850834082436766,7.504199668682094,7.726752834214869,8.112705826170007,3.031352888049901
2131,2016,6,Madhya Pradesh,Niwari,47.019763132760254,56.652044970354574,0.10806838863299215,0.3799574237125201,0.5046674108329201,1.9073150785567021,4.132510983763142,0.30797571208333135,0.8094260103953461,6.529436567757518,0.5356575902319936,3.2896311705700496,10.191076737063254,5.3981987760765175,0.22096584993513074,0.045850834082436766,7.504199668682094,7.726752834214869,8.112705826170007,3.031352888049901
2131,2017,6,Madhya Pradesh,Niwari,47.01976313276024,56.65204497035457,0.10806838863299213,0.3799574237125202,0.5046674108329201,1.9073150785567021,4.132510983763142,0.3079757120833313,0.8094260103953459,6.5294365677575215,0.5356575902319953,3.2896311705700456,10.191076737063256,5.3981987760765175,0.22096584993513074,0.04585083408243677,7.5041996686820935,7.726752834214871,8.112705826170007,3.0313528880498994
