"Dist Code","Year","State Code","State Name","Dist Name","RICE AREA (1000 ha)","RICE PRODUCTION (1000 tons)","RICE YIELD (Kg per ha)","WHEAT AREA (1000 ha)","WHEAT PRODUCTION (1000 tons)","WHEAT YIELD (Kg per ha)","KHARIF SORGHUM AREA (1000 ha)","KHARIF SORGHUM PRODUCTION (1000 tons)","KHARIF SORGHUM YIELD (Kg per ha)","RABI SORGHUM AREA (1000 ha)","RABI SORGHUM PRODUCTION (1000 tons)","RABI SORGHUM YIELD (Kg per ha)","SORGHUM AREA (1000 ha)","SORGHUM PRODUCTION (1000 tons)","SORGHUM YIELD (Kg per ha)","PEARL MILLET AREA (1000 ha)","PEARL MILLET PRODUCTION (1000 tons)","PEARL MILLET YIELD (Kg per ha)","MAIZE AREA (1000 ha)","MAIZE PRODUCTION (1000 tons)","MAIZE YIELD (Kg per ha)","FINGER MILLET AREA (1000 ha)","FINGER MILLET PRODUCTION (1000 tons)","FINGER MILLET YIELD (Kg per ha)","BARLEY AREA (1000 ha)","BARLEY PRODUCTION (1000 tons)","BARLEY YIELD (Kg per ha)","CHICKPEA AREA (1000 ha)","CHICKPEA PRODUCTION (1000 tons)","CHICKPEA YIELD (Kg per ha)","PIGEONPEA AREA (1000 ha)","PIGEONPEA PRODUCTION (1000 tons)","PIGEONPEA YIELD (Kg per ha)","MINOR PULSES AREA (1000 ha)","MINOR PULSES PRODUCTION (1000 tons)","MINOR PULSES YIELD (Kg per ha)","GROUNDNUT AREA (1000 ha)","GROUNDNUT PRODUCTION (1000 tons)","GROUNDNUT YIELD (Kg per ha)","SESAMUM AREA (1000 ha)","SESAMUM PRODUCTION (1000 tons)","SESAMUM YIELD (Kg per ha)","RAPESEED AND MUSTARD AREA (1000 ha)","RAPESEED AND MUSTARD PRODUCTION (1000 tons)","RAPESEED AND MUSTARD YIELD (Kg per ha)","SAFFLOWER AREA (1000 ha)","SAFFLOWER PRODUCTION (1000 tons)","SAFFLOWER YIELD (Kg per ha)","CASTOR AREA (1000 ha)","CASTOR PRODUCTION (1000 tons)","CASTOR YIELD (Kg per ha)","LINSEED AREA (1000 ha)","LINSEED PRODUCTION (1000 tons)","LINSEED YIELD (Kg per ha)","SUNFLOWER AREA (1000 ha)","SUNFLOWER PRODUCTION (1000 tons)","SUNFLOWER YIELD (Kg per ha)","SOYABEAN AREA (1000 ha)","SOYABEAN PRODUCTION (1000 tons)","SOYABEAN YIELD (Kg per ha)","OILSEEDS AREA (1000 ha)","OILSEEDS PRODUCTION (1000 tons)","OILSEEDS YIELD (Kg per ha)","SUGARCANE AREA (1000 ha)","SUGARCANE PRODUCTION (1000 tons)","SUGARCANE YIELD (Kg per ha)","COTTON AREA (1000 ha)","COTTON PRODUCTION (1000 tons)","COTTON YIELD (Kg per ha)","FRUITS AREA (1000 ha)","VEGETABLES AREA (1000 ha)","FRUITS AND VEGETABLES AREA (1000 ha)","POTATOES AREA (1000 ha)","ONION AREA (1000 ha)","FODDER AREA (1000 ha)"
"1","2016","14","Chhattisgarh","Durg","134.18","397.48","2962.0","7.13","10.19","1429.0","-1.0","-1.0","-1.0","-1.0","0.0","0.0","0.02","0.05","2304.0","-1.0","-1.0","-1.0","0.2","0.41","2091.0","-1.0","-1.0","-1.0","-1.0","-1.0","-1.0","13.72","16.47","1200.0","1.15","0.78","677.0","10.77","10.29","955.0","-1.0","-1.0","-1.0","0.1","0.04","420.0","0.74","0.41","553.0","0.01","0.0","300.0","-1.0","-1.0","-1.0","-1.0","-1.0","-1.0","0.01","-1.0","-1.0","5.55","4.65","839.0","-1.0","-1.0","-1.0","0.41","0.04","103.0","0.0","0.0","304.0","0.44","11.21","11.65","-1.0","0.1","0.0"
"1","2017","14","Chhattisgarh","Durg","126.84","173.19","1365.0","6.78","6.94","1023.0","-1.0","-1.0","-1.0","-1.0","0.0","0.0","0.02","0.02","1222.0","0.02","0.01","333.0","0.45","0.84","1864.0","-1.0","-1.0","-1.0","-1.0","-1.0","-1.0","15.04","11.41","759.0","1.34","0.43","322.0","12.57","7.04","560.0","-1.0","-1.0","-1.0","0.05","0.01","280.0","0.98","0.36","364.0","0.01","0.0","200.0","-1.0","-1.0","-1.0","0.11","0.02","188.0","-1.0","-1.0","-1.0","3.71","1.48","398.0","-1.0","-1.0","-1.0","0.32","0.0","1.0","0.0","0.0","267.0","-1.0","-1.0","-1.0","-1.0","0.01","-1.0"
"2","2016","14","Chhattisgarh","Bastar","132.01","276.82","2097.0","0.25","0.61","2480.0","-1.0","-1.0","-1.0","-1.0","0.0","0.0","0.18","0.34","1910.0","-1.0","-1.0","-1.0","8.71","28.54","3276.0","1.59","0.32","202.0","-1.0","-1.0","-1.0","0.23","0.27","1177.0","0.4","0.23","585.0","4.88","1.73","355.0","0.0","0.01","1250.0","0.2","0.11","520.0","1.48","1.03","696.0","-1.0","-1.0","-1.0","0.0","0.0","333.0","-1.0","-1.0","-1.0","0.02","-1.0","-1.0","-1.0","-1.0","-1.0","-1.0","-1.0","-1.0","0.86","0.19","223.0","-1.0","-1.0","-1.0","1.18","5.11","6.28","0.04","0.14","0.0"
"2","2017","14","Chhattisgarh","Bastar","131.77","173.93","1320.0","0.44","0.85","1949.0","-1.0","-1.0","-1.0","-1.0","0.0","0.0","0.16","0.33","2122.0","-1.0","-1.0","-1.0","9.3","30.35","3264.0","1.54","0.34","222.0","-1.0","-1.0","-1.0","0.26","0.27","1011.0","0.38","0.19","507.0","4.98","2.12","425.0","0.0","0.01","1750.0","0.13","0.05","409.0","1.0","0.61","610.0","-1.0","-1.0","-1.0","-1.0","-1.0","-1.0","0.01","0.0","286.0","0.04","-1.0","-1.0","-1.0","-1.0","-1.0","-1.0","-1.0","-1.0","0.68","0.1","153.0","-1.0","-1.0","-1.0","-1.0","-1.0","-1.0","0.02","0.09","-1.0"
"3","2016","14","Chhattisgarh","Raipur","179.5","580.98","3237.0","2.95","6.19","2097.0","-1.0","-1.0","-1.0","-1.0","0.0","0.0","-1.0","-1.0","-1.0","-1.0","-1.0","-1.0","0.38","0.7","1837.0","-1.0","-1.0","-1.0","-1.0","-1.0","-1.0","4.03","5.97","1479.0","0.39","0.18","463.0","16.08","18.07","1124.0","0.06","0.11","2036.0","0.32","0.15","480.0","1.03","0.54","526.0","0.02","0.01","412.0","-1.0","-1.0","-1.0","-1.0","-1.0","-1.0","0.01","-1.0","-1.0","0.12","0.17","1358.0","-1.0","-1.0","-1.0","0.18","0.03","175.0","0.0","0.0","400.0","0.38","4.75","5.13","0.06","0.13","0.0"
"3","2017","14","Chhattisgarh","Raipur","162.42","329.78","2030.0","4.32","7.44","1725.0","-1.0","-1.0","-1.0","-1.0","0.0","0.0","-1.0","-1.0","-1.0","-1.0","-1.0","-1.0","0.4","0.77","1918.0","-1.0","-1.0","-1.0","-1.0","-1.0","-1.0","4.19","4.98","1190.0","0.36","0.11","290.0","16.08","8.34","519.0","0.06","0.08","1306.0","0.27","0.09","315.0","1.34","0.6","451.0","0.03","0.01","379.0","-1.0","-1.0","-1.0","0.07","0.02","247.0","-1.0","-1.0","-1.0","0.15","0.08","560.0","-1.0","-1.0","-1.0","0.17","0.04","222.0","0.0","0.0","360.0","-1.0","-1.0","-1.0","0.06","0.12","-1.0"
"4","2016","14","Chhattisgarh","Bilaspur","219.09","515.66","2354.0","6.19","9.93","1605.0","-1.0","-1.0","-1.0","-1.0","0.0","0.0","0.31","0.48","1538.0","0.02","0.01","400.0","2.88","6.54","2272.0","-1.0","-1.0","-1.0","0.0","0.0","1000.0","2.32","2.64","1139.0","2.0","1.05","524.0","21.48","20.68","963.0","0.96","1.83","1917.0","0.46","0.19","411.0","1.58","0.6","379.0","0.01","0.0","400.0","0.1","0.03","276.0","-1.0","-1.0","-1.0","0.01","-1.0","-1.0","-1.0","-1.0","-1.0","-1.0","-1.0","-1.0","0.05","0.01","283.0","-1.0","-1.0","-1.0","0.41","5.1","5.51","0.28","0.22","0.0"
"4","2017","14","Chhattisgarh","Bilaspur","217.58","245.06","1126.0","6.26","9.16","1465.0","-1.0","-1.0","-1.0","-1.0","0.0","0.0","0.28","0.41","1450.0","0.02","0.01","438.0","2.52","4.96","1971.0","-1.0","-1.0","-1.0","0.02","0.01","556.0","1.95","1.91","982.0","1.53","0.64","419.0","10.17","5.73","563.0","0.93","1.35","1453.0","0.51","0.16","313.0","1.35","0.51","375.0","0.01","0.0","250.0","-1.0","-1.0","-1.0","0.77","0.18","235.0","0.04","-1.0","-1.0","0.06","0.03","466.0","-1.0","-1.0","-1.0","0.06","0.0","75.0","-1.0","-1.0","-1.0","-1.0","-1.0","-1.0","0.18","0.12","-1.0"
"5","2016","14","Chhattisgarh","Raigarh","243.09","560.34","2305.0","2.78","5.35","1922.0","-1.0","-1.0","-1.0","-1.0","0.0","0.0","0.0","0.01","2000.0","0.01","0.0","500.0","0.89","2.19","2468.0","-1.0","-1.0","-1.0","-1.0","-1.0","-1.0","0.49","0.62","1260.0","2.36","1.64","692.0","25.83","9.12","353.0","6.59","11.77","1785.0","2.5","1.33","534.0","1.25","0.6","479.0","0.01","0.0","222.0","-1.0","-1.0","-1.0","-1.0","-1.0","-1.0","1.5","-1.0","-1.0","0.0","0.0","667.0","-1.0","-1.0","-1.0","0.44","0.07","156.0","-1.0","-1.0","-1.0","0.76","7.12","7.88","1.08","-1.0","0.0"
"5","2017","14","Chhattisgarh","Raigarh","227.21","407.75","1795.0","3.0","5.29","1761.0","-1.0","-1.0","-1.0","-1.0","0.0","0.0","0.0","0.01","2000.0","0.01","0.0","429.0","0.86","2.13","2487.0","-1.0","-1.0","-1.0","-1.0","-1.0","-1.0","0.42","0.43","1033.0","2.27","1.01","446.0","24.42","6.93","284.0","5.86","7.8","1332.0","2.49","0.99","397.0","1.29","0.61","474.0","0.01","0.0","250.0","-1.0","-1.0","-1.0","0.27","0.07","264.0","0.7","-1.0","-1.0","0.01","0.0","600.0","-1.0","-1.0","-1.0","0.33","0.06","193.0","-1.0","-1.0","-1.0","-1.0","-1.0","-1.0","0.93","0.08","-1.0"
"6","2016","14","Chhattisgarh","Surguja","118.03","195.87","1660.0","5.2","7.36","1416.0","-1.0","-1.0","-1.0","-1.0","0.0","0.0","0.11","0.18","1616.0","-1.0","-1.0","-1.0","9.47","20.54","2169.0","0.0","0.0","250.0","0.1","0.09","979.0","1.35","1.41","1041.0","3.95","2.52","638.0","9.02","2.92","323.0","2.6","4.21","1622.0","0.25","0.1","402.0","5.49","2.55","464.0","-1.0","-1.0","-1.0","-1.0","-1.0","-1.0","-1.0","-1.0","-1.0","0.03","0.0","80.0","-1.0","-1.0","-1.0","-1.0","-1.0","-1.0","2.03","0.23","113.0","-1.0","-1.0","-1.0","0.44","7.29","7.73","2.43","0.54","0.0"
"6","2017","14","Chhattisgarh","Surguja","116.71","173.3","1485.0","5.41","8.2","1516.0","-1.0","-1.0","-1.0","-1.0","0.0","0.0","0.13","0.16","1203.0","-1.0","-1.0","-1.0","9.03","19.32","2141.0","0.0","0.0","250.0","0.08","0.07","961.0","1.4","1.06","758.0","3.72","1.5","404.0","8.53","2.69","315.0","2.64","3.25","1229.0","0.25","0.07","288.0","5.58","2.64","473.0","-1.0","-1.0","-1.0","-1.0","-1.0","-1.0","2.78","0.68","243.0","0.02","0.0","87.0","0.0","0.0","250.0","-1.0","-1.0","-1.0","1.97","0.5","251.0","-1.0","-1.0","-1.0","-1.0","-1.0","-1.0","2.4","0.56","-1.0"
"7","2016","6","Madhya Pradesh","Jabalpur","115.0","322.66","2806.0","131.0","489.0","3733.0","0.0","0.0","0.0","-1.0","-1.0","-1.0","0.0","0.0","0.0","0.0","0.0","0.0","7.0","17.0","2429.0","-1.0","-1.0","-1.0","0.0","0.0","0.0","62.0","115.0","1855.0","18.0","24.0","1333.0","128.0","146.42","1144.0","0.0","0.0","0.0","0.0","0.0","0.0","6.0","7.0","1167.0","1.42","0.88","620.0","0.0","0.0","0.0","0.0","0.0","0.0","0.0","0.0","0.0","3.0","3.0","1000.0","-1.0","-1.0","-1.0","0.0","0.0","0.0","0.0","0.0","0.0","1.25","12.27","13.52","2.59","1.58","0.0"
"7","2017","6","Madhya Pradesh","Jabalpur","109.0","271.62","2492.0","171.56","647.64","3775.0","0.04","0.1","2500.0","-1.0","-1.0","-1.0","0.04","0.1","2500.0","0.0","0.0","0.0","7.0","17.53","2504.0","-1.0","-1.0","-1.0","0.0","0.0","0.0","72.9","152.0","2085.0","12.19","10.62","871.0","134.35","177.75","1323.0","0.14","0.13","929.0","1.0","0.39","390.0","11.7","9.36","800.0","0.0","0.0","0.0","0.0","0.0","0.0","1.3","0.91","700.0","0.0","0.0","0.0","7.0","3.34","477.0","-1.0","-1.0","-1.0","3.37","1.79","530.0","0.0","0.0","0.0","1.36","13.57","14.93","2.85","1.89","0.0"
"8","2016","6","Madhya Pradesh","Balaghat","272.0","675.33","2483.0","35.0","64.0","1829.0","0.0","0.0","0.0","-1.0","-1.0","-1.0","0.0","0.0","0.0","0.0","0.0","0.0","9.0","27.0","3000.0","-1.0","-1.0","-1.0","0.0","0.0","0.0","38.0","54.0","1421.0","11.0","13.0","1182.0","21.0","10.0","476.0","0.0","0.0","0.0","2.0","2.0","1000.0","27.0","25.0","926.0","3.62","2.69","743.0","0.0","0.0","0.0","25.0","5.0","200.0","0.0","0.0","0.0","0.0","0.0","0.0","-1.0","-1.0","-1.0","0.0","0.0","0.0","0.0","0.0","0.0","0.18","3.38","3.56","0.94","0.44","0.0"
"8","2017","6","Madhya Pradesh","Balaghat","220.21","395.48","1796.0","55.56","138.12","2486.0","0.0","0.0","0.0","-1.0","-1.0","-1.0","0.0","0.0","0.0","0.0","0.0","0.0","10.04","29.37","2925.0","-1.0","-1.0","-1.0","0.3","0.48","1600.0","61.0","91.2","1495.0","8.7","15.66","1800.0","46.47","37.21","801.0","0.03","0.03","1000.0","2.0","1.75","875.0","20.37","6.21","305.0","0.3","0.17","567.0","0.01","0.0","0.0","20.86","7.8","374.0","0.0","0.0","0.0","0.01","0.01","1000.0","-1.0","-1.0","-1.0","3.7","1.91","515.0","0.0","0.0","0.0","0.19","3.17","3.36","0.95","0.45","0.0"
"9","2016","6","Madhya Pradesh","Chhindwara","35.0","53.33","1524.0","179.0","578.0","3229.0","16.0","32.0","2000.0","-1.0","-1.0","-1.0","16.0","32.0","2000.0","0.0","0.0","0.0","213.0","1071.0","5028.0","-1.0","-1.0","-1.0","0.0","0.0","0.0","75.0","104.0","1387.0","38.0","46.0","1211.0","10.0","6.0","600.0","27.0","50.0","1852.0","3.0","0.15","51.0","0.0","0.0","0.0","1.4","0.15","107.0","0.0","0.0","0.0","0.0","0.0","0.0","0.35","0.35","1000.0","73.0","96.0","1315.0","-1.0","-1.0","-1.0","0.0","0.0","0.0","45.0","9.0","192.0","9.55","22.82","32.37","8.0","3.3","1.0"
"9","2017","6","Madhya Pradesh","Chhindwara","34.01","42.06","1237.0","181.0","619.2","3421.0","14.0","32.9","2350.0","-1.0","-1.0","-1.0","14.0","32.9","2350.0","0.0","0.0","0.0","263.5","1326.45","5034.0","-1.0","-1.0","-1.0","0.0","0.0","0.0","66.0","105.6","1600.0","38.9","46.68","1200.0","21.4","20.29","948.0","16.44","24.83","1510.0","2.5","1.75","700.0","3.5","5.95","1700.0","0.0","0.0","0.0","0.0","0.0","0.0","1.5","1.65","1100.0","0.0","0.0","0.0","28.0","49.95","1784.0","-1.0","-1.0","-1.0","11.0","4.4","400.0","48.0","10.0","202.0","8.64","20.72","29.36","8.56","3.59","0.0"
"10","2016","6","Madhya Pradesh","Narsinghpur","55.0","154.66","2812.0","100.0","404.0","4040.0","1.0","2.0","2000.0","-1.0","-1.0","-1.0","1.0","2.0","2000.0","0.0","0.0","0.0","4.0","7.0","1750.0","-1.0","-1.0","-1.0","0.0","0.0","0.0","98.0","171.0","1745.0","69.0","108.0","1565.0","128.0","145.0","1133.0","0.0","0.0","0.0","2.0","1.0","500.0","0.0","0.0","0.0","0.0","0.0","0.0","0.0","0.0","0.0","0.0","0.0","0.0","0.35","0.35","1000.0","52.0","72.0","1385.0","-1.0","-1.0","-1.0","55.0","401.8","7305.0","0.0","0.0","0.0","0.19","7.89","8.07","1.63","1.51","1.0"
"10","2017","6","Madhya Pradesh","Narsinghpur","39.1","181.3","4637.0","92.0","320.71","3486.0","0.8","1.46","1825.0","-1.0","-1.0","-1.0","0.8","1.46","1825.0","1.0","2.54","2540.0","5.0","8.84","1768.0","-1.0","-1.0","-1.0","0.0","0.0","0.0","101.5","152.86","1506.0","62.5","103.0","1648.0","125.88","148.15","1177.0","0.02","0.04","2000.0","0.4","0.34","850.0","2.5","2.98","1192.0","0.0","0.0","0.0","0.0","0.0","0.0","0.01","0.01","1000.0","0.0","0.0","0.0","43.5","13.62","313.0","-1.0","-1.0","-1.0","51.1","30.07","588.0","0.0","0.0","0.0","0.12","5.22","5.34","1.64","1.7","1.0"
"11","2016","6","Madhya Pradesh","Seoni","182.0","450.0","2473.0","151.0","445.0","2947.0","0.0","0.0","0.0","-1.0","-1.0","-1.0","0.0","0.0","0.0","0.0","0.0","0.0","116.0","536.0","4621.0","-1.0","-1.0","-1.0","0.0","0.0","0.0","43.0","56.0","1302.0","16.0","18.0","1125.0","73.0","54.0","740.0","6.0","7.0","1167.0","0.0","0.0","0.0","0.0","0.0","0.0","0.06","0.05","833.0","0.0","0.0","0.0","7.0","2.0","286.0","0.1","0.1","1000.0","26.0","36.0","1385.0","-1.0","-1.0","-1.0","0.0","0.0","0.0","0.0","0.0","0.0","0.73","6.41","7.14","1.4","0.81","1.0"
"11","2017","6","Madhya Pradesh","Seoni","133.13","319.98","2404.0","200.72","523.88","2610.0","0.5","1.12","2240.0","-1.0","-1.0","-1.0","0.5","1.12","2240.0","0.0","0.0","0.0","99.7","462.56","4640.0","-1.0","-1.0","-1.0","0.0","0.0","0.0","40.0","40.6","1015.0","13.7","22.56","1647.0","42.61","31.45","738.0","5.22","4.78","916.0","0.0","0.0","0.0","1.4","0.64","457.0","0.0","0.0","0.0","0.0","0.0","0.0","6.5","3.18","489.0","0.0","0.0","0.0","31.0","2.73","88.0","-1.0","-1.0","-1.0","0.0","0.0","0.0","0.0","0.0","0.0","0.44","5.48","5.93","1.34","0.74","0.0"
"12","2016","6","Madhya Pradesh","Mandla","143.0","318.0","2224.0","49.0","162.0","3306.0","0.0","0.0","0.0","-1.0","-1.0","-1.0","0.0","0.0","0.0","0.0","0.0","0.0","19.0","46.0","2421.0","-1.0","-1.0","-1.0","0.09","0.28","3111.0","30.0","38.0","1267.0","10.0","11.0","1100.0","29.0","30.0","1034.0","0.0","0.0","0.0","1.0","0.49","490.0","17.0","11.0","647.0","0.06","0.06","1000.0","0.0","0.0","0.0","8.0","4.0","500.0","0.05","0.05","1000.0","1.0","1.0","1000.0","-1.0","-1.0","-1.0","0.0","0.0","0.0","0.0","0.0","0.0","0.08","2.07","2.15","0.31","0.07","0.0"
"12","2017","6","Madhya Pradesh","Mandla","136.3","566.0","4153.0","46.0","121.3","2637.0","4.3","9.98","2321.0","-1.0","-1.0","-1.0","4.3","9.98","2321.0","0.0","0.0","0.0","19.5","41.15","2110.0","-1.0","-1.0","-1.0","0.0","0.0","0.0","12.5","15.86","1269.0","7.5","11.2","1493.0","48.07","32.52","677.0","0.0","0.0","0.0","1.3","0.64","492.0","17.0","8.36","492.0","0.0","0.0","0.0","0.0","0.0","0.0","3.67","1.79","488.0","0.0","0.0","0.0","2.7","0.36","133.0","-1.0","-1.0","-1.0","2.81","1.01","358.0","0.0","0.0","0.0","0.08","1.99","2.07","0.32","0.18","0.0"
"13","2016","6","Madhya Pradesh","Sagar","6.0","6.0","1000.0","202.0","557.0","2757.0","3.0","4.0","1333.0","-1.0","-1.0","-1.0","3.0","4.0","1333.0","0.0","0.0","0.0","5.0","6.0","1200.0","-1.0","-1.0","-1.0","3.0","7.0","2333.0","178.0","247.0","1388.0","19.0","25.0","1316.0","204.0","182.0","892.0","1.0","1.0","1000.0","2.0","1.0","500.0","0.0","0.0","0.0","1.52","0.16","105.0","0.0","0.0","0.0","4.0","2.0","500.0","0.05","0.05","1000.0","290.0","155.0","534.0","-1.0","-1.0","-1.0","0.3","1.4","4667.0","0.0","0.0","0.0","0.03","13.19","13.22","6.0","10.5","11.0"
"13","2017","6","Madhya Pradesh","Sagar","5.06","5.69","1125.0","278.0","893.21","3213.0","7.0","15.75","2250.0","-1.0","-1.0","-1.0","7.0","15.75","2250.0","0.0","0.0","0.0","3.6","3.78","1050.0","-1.0","-1.0","-1.0","1.0","1.0","1000.0","183.0","241.56","1320.0","12.6","24.07","1910.0","217.57","297.16","1366.0","0.47","0.44","936.0","1.06","0.32","302.0","3.51","2.81","801.0","0.0","0.0","0.0","0.0","0.0","0.0","1.82","0.78","429.0","0.24","0.2","833.0","216.2","127.13","588.0","-1.0","-1.0","-1.0","0.49","0.24","480.0","0.0","0.0","0.0","0.04","12.15","12.19","5.5","9.5","8.0"
"14","2016","6","Madhya Pradesh","Damoh","80.0","150.0","1875.0","95.0","333.0","3505.0","3.0","6.0","2000.0","-1.0","-1.0","-1.0","3.0","6.0","2000.0","0.0","0.0","0.0","5.0","9.0","1800.0","-1.0","-1.0","-1.0","0.1","0.29","2900.0","174.0","243.0","1397.0","36.0","53.0","1472.0","142.0","124.7","878.0","2.0","3.0","1500.0","3.0","2.0","667.0","0.0","0.0","0.0","0.48","0.35","729.0","0.0","0.0","0.0","2.0","1.0","500.0","0.2","0.2","1000.0","70.0","60.0","857.0","-1.0","-1.0","-1.0","4.0","1.8","450.0","0.0","0.0","0.0","0.06","4.53","4.59","1.27","3.12","0.0"
"14","2017","6","Madhya Pradesh","Damoh","75.73","126.22","1667.0","81.6","285.6","3500.0","3.1","7.29","2352.0","-1.0","-1.0","-1.0","3.1","7.29","2352.0","0.0","0.0","0.0","5.08","9.74","1917.0","-1.0","-1.0","-1.0","0.1","0.1","1000.0","185.75","278.63","1500.0","36.2","52.49","1450.0","168.21","212.03","1261.0","1.65","2.39","1448.0","2.5","1.48","592.0","3.5","2.8","800.0","0.0","0.0","0.0","0.0","0.0","0.0","1.11","0.89","802.0","0.0","0.0","0.0","66.5","89.78","1350.0","-1.0","-1.0","-1.0","0.6","0.15","250.0","0.0","0.0","0.0","0.06","1.91","1.97","1.59","3.64","0.0"
"15","2016","6","Madhya Pradesh","Tikamgarh","6.0","6.0","1000.0","150.0","421.0","2807.0","1.0","1.0","1000.0","-1.0","-1.0","-1.0","1.0","1.0","1000.0","0.0","0.0","0.0","1.0","2.0","2000.0","-1.0","-1.0","-1.0","7.0","21.0","3000.0","19.0","25.0","1316.0","7.0","7.0","1000.0","150.0","179.0","1193.0","23.0","35.0","1522.0","46.0","16.0","348.0","13.0","13.0","1000.0","0.03","0.01","333.0","0.0","0.0","0.0","0.0","0.0","0.0","0.1","0.1","1000.0","22.0","20.0","909.0","-1.0","-1.0","-1.0","5.0","3.4","680.0","0.0","0.0","0.0","0.13","11.88","12.01","2.54","1.11","7.0"
"15","2017","6","Madhya Pradesh","Tikamgarh","4.56","1.64","360.0","97.19","243.07","2501.0","1.0","2.04","2040.0","-1.0","-1.0","-1.0","1.0","2.04","2040.0","0.0","0.0","0.0","1.7","1.79","1053.0","-1.0","-1.0","-1.0","7.4","23.55","3182.0","12.4","14.09","1136.0","0.06","0.09","1500.0","150.15","146.75","977.0","16.49","20.94","1270.0","30.0","9.0","300.0","11.45","8.89","776.0","0.0","0.0","0.0","0.0","0.0","0.0","0.7","0.24","343.0","0.0","0.0","0.0","23.5","13.49","574.0","-1.0","-1.0","-1.0","0.0","0.0","0.0","0.0","0.0","0.0","0.15","4.66","4.81","0.94","0.55","4.0"
"16","2016","6","Madhya Pradesh","Chhatarpur","8.0","8.66","1083.0","209.0","596.0","2852.0","2.0","3.0","1500.0","-1.0","-1.0","-1.0","2.0","3.0","1500.0","0.0","0.0","0.0","1.0","1.0","1000.0","-1.0","-1.0","-1.0","9.0","28.0","3111.0","88.0","132.0","1500.0","10.0","11.0","1100.0","151.0","159.0","1053.0","13.0","23.0","1769.0","80.0","30.0","375.0","14.0","14.0","1000.0","1.8","0.36","200.0","0.0","0.0","0.0","6.0","5.0","833.0","0.0","0.0","0.0","42.0","45.0","1071.0","-1.0","-1.0","-1.0","0.23","0.7","3043.0","0.0","0.0","0.0","0.22","12.82","13.04","1.4","1.13","4.0"
"16","2017","6","Madhya Pradesh","Chhatarpur","6.33","2.98","471.0","175.31","424.07","2419.0","7.0","16.35","2336.0","-1.0","-1.0","-1.0","7.0","16.35","2336.0","0.01","0.03","3000.0","1.1","0.93","845.0","-1.0","-1.0","-1.0","15.9","60.34","3795.0","49.99","60.39","1208.0","8.0","5.4","675.0","141.76","143.25","1011.0","14.02","19.99","1426.0","97.5","43.29","444.0","11.94","12.79","1071.0","0.0","0.0","0.0","0.0","0.0","0.0","6.38","4.76","746.0","0.0","0.0","0.0","30.8","26.09","847.0","-1.0","-1.0","-1.0","0.12","0.03","217.0","0.0","0.0","0.0","0.21","9.1","9.32","0.28","0.3","9.0"
"17","2016","6","Madhya Pradesh","Panna","69.0","179.33","2599.0","77.0","236.0","3065.0","4.0","8.0","2000.0","-1.0","-1.0","-1.0","4.0","8.0","2000.0","0.0","0.0","0.0","2.0","4.0","2000.0","-1.0","-1.0","-1.0","6.0","19.0","3167.0","94.0","140.0","1489.0","20.0","26.0","1300.0","77.0","126.0","1636.0","0.0","0.0","0.0","35.0","16.0","457.0","8.0","6.0","750.0","0.24","0.19","792.0","0.0","0.0","0.0","0.0","0.0","0.0","0.0","0.0","0.0","22.0","19.0","864.0","-1.0","-1.0","-1.0","0.0","0.0","0.0","0.0","0.0","0.0","0.28","5.43","5.71","0.67","1.31","0.0"
"17","2017","6","Madhya Pradesh","Panna","58.4","140.2","2401.0","77.79","210.5","2706.0","7.6","17.63","2320.0","-1.0","-1.0","-1.0","7.6","17.63","2320.0","0.0","0.0","0.0","2.6","3.51","1350.0","-1.0","-1.0","-1.0","4.0","8.35","2088.0","93.67","167.11","1784.0","16.7","27.54","1649.0","75.09","68.21","908.0","0.0","0.0","0.0","34.6","19.58","566.0","12.6","10.87","863.0","0.0","0.0","0.0","0.0","0.0","0.0","0.21","0.13","619.0","0.0","0.0","0.0","17.5","19.3","1103.0","-1.0","-1.0","-1.0","0.0","0.0","0.0","0.0","0.0","0.0","0.36","2.6","2.95","0.61","1.31","0.0"
"18","2016","6","Madhya Pradesh","Rewa","126.0","352.0","2794.0","195.0","560.0","2872.0","22.0","29.0","1318.0","-1.0","-1.0","-1.0","22.0","29.0","1318.0","0.0","0.0","0.0","4.0","6.0","1500.0","-1.0","-1.0","-1.0","4.0","14.0","3500.0","65.0","98.0","1508.0","41.0","56.0","1366.0","74.0","56.0","757.0","0.0","0.0","0.0","8.0","2.0","250.0","14.0","11.0","786.0","0.17","0.18","1059.0","0.0","0.0","0.0","10.0","6.0","600.0","0.0","0.0","0.0","48.0","41.0","854.0","-1.0","-1.0","-1.0","0.0","0.0","0.0","0.0","0.0","0.0","1.37","8.39","9.76","4.56","9.56","0.0"
"18","2017","6","Madhya Pradesh","Rewa","121.3","625.9","5160.0","173.6","499.97","2880.0","26.12","58.98","2258.0","-1.0","-1.0","-1.0","26.12","58.98","2258.0","8.0","13.24","1655.0","2.18","1.82","835.0","-1.0","-1.0","-1.0","5.02","6.71","1337.0","54.3","74.66","1375.0","32.9","22.6","687.0","58.63","47.1","803.0","0.0","0.0","0.0","5.61","1.68","299.0","14.51","13.51","931.0","0.0","0.0","0.0","0.0","0.0","0.0","17.38","6.27","361.0","0.78","0.31","397.0","42.5","38.85","914.0","-1.0","-1.0","-1.0","0.0","0.0","0.0","0.0","0.0","0.0","1.5","7.98","9.48","1.72","7.16","0.0"
"19","2016","6","Madhya Pradesh","Sidhi","70.0","188.0","2686.0","70.0","201.0","2871.0","8.0","13.0","1625.0","-1.0","-1.0","-1.0","8.0","13.0","1625.0","0.0","0.0","0.0","16.0","41.0","2563.0","-1.0","-1.0","-1.0","4.0","13.0","3250.0","35.0","48.0","1371.0","21.0","20.0","952.0","24.0","19.0","792.0","0.0","0.0","0.0","9.0","3.0","333.0","7.0","5.0","714.0","0.17","0.2","1176.0","0.0","0.0","0.0","8.0","3.0","375.0","0.05","0.05","1000.0","0.0","0.0","0.0","-1.0","-1.0","-1.0","0.0","0.0","0.0","0.0","0.0","0.0","0.19","2.15","2.34","3.13","1.46","0.0"
"19","2017","6","Madhya Pradesh","Sidhi","68.5","121.88","1779.0","62.7","162.58","2593.0","11.5","26.28","2285.0","-1.0","-1.0","-1.0","11.5","26.28","2285.0","8.9","12.68","1425.0","9.5","21.01","2212.0","-1.0","-1.0","-1.0","3.63","4.86","1339.0","38.6","50.1","1298.0","21.5","32.1","1493.0","21.66","17.64","814.0","0.0","0.0","0.0","12.5","4.03","322.0","8.6","6.36","740.0","0.0","0.0","0.0","0.0","0.0","0.0","10.5","4.7","448.0","0.0","0.0","0.0","2.1","1.57","748.0","-1.0","-1.0","-1.0","0.0","0.0","0.0","0.0","0.0","0.0","0.16","2.16","2.32","3.59","1.61","0.0"
"20","2016","6","Madhya Pradesh","Satna","120.0","393.33","3278.0","171.0","617.0","3608.0","7.0","15.0","2143.0","-1.0","-1.0","-1.0","7.0","15.0","2143.0","0.0","0.0","0.0","0.0","0.0","0.0","-1.0","-1.0","-1.0","7.0","30.0","4286.0","120.0","210.0","1750.0","60.0","59.0","983.0","113.0","98.0","867.0","0.0","0.0","0.0","13.0","6.0","462.0","5.0","6.0","1200.0","1.2","0.14","117.0","0.0","0.0","0.0","7.0","7.0","1000.0","0.0","0.0","0.0","65.0","47.0","723.0","-1.0","-1.0","-1.0","0.0","0.0","0.0","0.0","0.0","0.0","1.02","14.0","15.02","2.93","4.18","0.0"
"20","2017","6","Madhya Pradesh","Satna","132.0","324.8","2461.0","156.8","538.45","3434.0","7.6","18.82","2476.0","-1.0","-1.0","-1.0","7.6","18.82","2476.0","0.4","0.54","1350.0","4.2","7.29","1736.0","-1.0","-1.0","-1.0","20.0","78.2","3910.0","116.0","171.33","1477.0","75.0","115.28","1537.0","132.01","102.89","779.0","0.0","0.0","0.0","16.6","7.52","453.0","7.35","13.62","1853.0","0.0","0.0","0.0","0.0","0.0","0.0","7.21","6.97","967.0","0.0","0.0","0.0","59.8","34.8","582.0","-1.0","-1.0","-1.0","0.0","0.0","0.0","0.0","0.0","0.0","0.37","1.98","2.35","2.47","2.94","0.0"
"21","2016","6","Madhya Pradesh","Shahdol","116.0","284.0","2448.0","53.0","90.0","1698.0","2.0","2.0","1000.0","-1.0","-1.0","-1.0","2.0","2.0","1000.0","0.0","0.0","0.0","15.0","29.0","1933.0","-1.0","-1.0","-1.0","0.1","0.29","2900.0","8.0","9.0","1125.0","0.0","0.0","0.0","18.0","15.0","833.0","0.0","0.0","0.0","9.0","3.0","333.0","9.0","4.0","444.0","2.82","1.26","447.0","0.0","0.0","0.0","6.0","2.0","333.0","0.0","0.0","0.0","12.0","12.0","1000.0","-1.0","-1.0","-1.0","0.0","0.0","0.0","0.0","0.0","0.0","0.04","3.04","3.08","1.16","0.75","0.0"
"21","2017","6","Madhya Pradesh","Shahdol","98.11","136.77","1394.0","28.82","62.89","2182.0","2.0","4.3","2150.0","-1.0","-1.0","-1.0","2.0","4.3","2150.0","0.0","0.0","0.0","14.27","27.1","1899.0","-1.0","-1.0","-1.0","2.0","2.19","1095.0","19.3","16.6","860.0","18.9","17.96","950.0","23.07","16.65","722.0","0.14","0.11","786.0","10.9","3.51","322.0","9.3","4.46","480.0","0.0","0.0","0.0","0.0","0.0","0.0","7.2","2.88","400.0","0.0","0.0","0.0","11.5","2.52","219.0","-1.0","-1.0","-1.0","0.0","0.0","0.0","0.0","0.0","0.0","0.06","2.82","2.88","0.92","0.7","0.0"
"22","2016","6","Madhya Pradesh","Gwalior","58.0","95.33","1644.0","146.0","586.0","4014.0","11.0","23.0","2091.0","-1.0","-1.0","-1.0","11.0","23.0","2091.0","10.0","28.0","2800.0","0.0","0.0","0.0","-1.0","-1.0","-1.0","2.85","9.0","3158.0","33.0","69.0","2091.0","0.0","0.0","0.0","14.0","19.0","1357.0","0.0","0.0","0.0","20.0","15.0","750.0","45.0","62.0","1378.0","0.02","0.0","200.0","0.0","0.0","0.0","0.0","0.0","0.0","0.0","0.0","0.0","4.0","4.0","1000.0","-1.0","-1.0","-1.0","0.0","0.0","0.0","0.0","0.0","0.0","0.06","3.29","3.35","3.3","0.91","9.0"
"22","2017","6","Madhya Pradesh","Gwalior","9.11","26.29","2886.0","65.0","247.26","3804.0","13.4","33.63","2510.0","-1.0","-1.0","-1.0","13.4","33.63","2510.0","11.9","19.02","1598.0","0.2","0.53","2650.0","-1.0","-1.0","-1.0","0.7","1.61","2300.0","26.0","25.22","970.0","0.0","0.0","0.0","7.25","4.73","652.0","0.1","0.15","1500.0","26.5","14.68","554.0","40.8","39.58","970.0","0.0","0.0","0.0","0.0","0.0","0.0","0.2","0.15","750.0","0.0","0.0","0.0","1.7","2.62","1541.0","-1.0","-1.0","-1.0","0.0","0.0","0.0","0.0","0.0","0.0","0.14","8.53","8.67","3.4","0.93","4.0"
"23","2016","6","Madhya Pradesh","Shivpuri","14.0","39.33","2809.0","170.0","528.0","3106.0","0.0","0.0","0.0","-1.0","-1.0","-1.0","0.0","0.0","0.0","8.0","21.0","2625.0","10.0","17.0","1700.0","-1.0","-1.0","-1.0","4.6","14.0","3043.0","87.0","121.0","1391.0","0.0","0.0","0.0","70.0","43.0","614.0","106.0","161.0","1519.0","8.0","3.0","375.0","62.0","74.0","1194.0","0.04","0.01","250.0","0.0","0.0","0.0","0.0","0.0","0.0","0.05","0.05","1000.0","147.0","128.0","871.0","-1.0","-1.0","-1.0","0.0","0.0","0.0","0.0","0.0","0.0","0.15","8.63","8.77","2.39","5.56","15.0"
"23","2017","6","Madhya Pradesh","Shivpuri","4.4","10.8","2455.0","76.9","217.09","2823.0","0.4","0.79","1975.0","-1.0","-1.0","-1.0","0.4","0.79","1975.0","8.7","12.76","1467.0","6.6","16.63","2520.0","-1.0","-1.0","-1.0","3.13","7.04","2249.0","32.0","43.2","1350.0","0.0","0.0","0.0","127.62","108.69","852.0","104.34","181.77","1742.0","12.5","6.95","556.0","54.66","47.82","875.0","0.0","0.0","0.0","0.0","0.0","0.0","0.0","0.0","0.0","0.0","0.0","0.0","83.6","65.38","782.0","-1.0","-1.0","-1.0","0.0","0.0","0.0","0.0","0.0","0.0","0.2","9.59","9.79","1.01","2.12","8.0"
"24","2016","6","Madhya Pradesh","Guna","0.0","0.0","0.0","136.0","521.0","3831.0","4.0","4.0","1000.0","-1.0","-1.0","-1.0","4.0","4.0","1000.0","0.0","0.0","0.0","32.0","50.0","1563.0","-1.0","-1.0","-1.0","0.95","3.0","3158.0","83.0","129.0","1554.0","0.0","0.0","0.0","49.0","50.0","1020.0","0.0","0.0","0.0","0.0","0.0","0.0","6.0","7.0","1167.0","0.02","0.01","500.0","0.0","0.0","0.0","0.0","0.0","0.0","0.0","0.0","0.0","210.0","172.0","819.0","-1.0","-1.0","-1.0","0.0","0.0","0.0","0.0","0.0","0.0","0.12","1.31","1.44","0.24","0.52","10.0"
"24","2017","6","Madhya Pradesh","Guna","1.99","3.32","1668.0","112.4","416.78","3708.0","0.9","1.95","2167.0","-1.0","-1.0","-1.0","0.9","1.95","2167.0","0.0","0.0","0.0","26.8","75.15","2804.0","-1.0","-1.0","-1.0","0.3","0.65","2167.0","63.7","71.34","1120.0","0.0","0.0","0.0","120.27","155.03","1289.0","0.8","0.96","1200.0","1.9","1.05","553.0","9.0","9.36","1040.0","0.0","0.0","0.0","0.0","0.0","0.0","0.0","0.0","0.0","0.0","0.0","0.0","182.5","150.56","825.0","-1.0","-1.0","-1.0","0.0","0.0","0.0","0.0","0.0","0.0","0.03","2.29","2.32","0.24","0.54","3.0"
"25","2016","6","Madhya Pradesh","Datia","17.0","36.66","2156.0","146.0","494.0","3384.0","2.0","2.0","1000.0","-1.0","-1.0","-1.0","2.0","2.0","1000.0","5.0","7.0","1400.0","1.0","1.0","1000.0","-1.0","-1.0","-1.0","2.6","8.0","3077.0","40.0","55.0","1375.0","0.0","0.0","0.0","79.0","75.0","949.0","12.0","9.0","750.0","41.0","5.0","122.0","12.0","15.0","1250.0","0.06","0.02","333.0","0.0","0.0","0.0","0.0","0.0","0.0","0.0","0.0","0.0","7.0","4.0","571.0","-1.0","-1.0","-1.0","0.0","0.0","0.0","0.0","0.0","0.0","0.04","2.05","2.08","1.11","0.61","3.0"
"25","2017","6","Madhya Pradesh","Datia","16.6","30.18","1818.0","120.8","399.0","3303.0","4.6","10.67","2320.0","-1.0","-1.0","-1.0","4.6","10.67","2320.0","0.0","0.0","0.0","1.3","2.52","1938.0","-1.0","-1.0","-1.0","0.2","0.48","2400.0","29.5","29.53","1001.0","0.0","0.0","0.0","39.5","8.84","224.0","6.9","4.87","706.0","54.4","14.91","274.0","16.45","15.22","925.0","0.0","0.0","0.0","0.0","0.0","0.0","0.0","0.0","0.0","0.0","0.0","0.0","6.7","5.72","854.0","-1.0","-1.0","-1.0","0.0","0.0","0.0","0.0","0.0","0.0","0.03","2.0","2.03","0.69","0.66","3.0"
"26","2016","6","Madhya Pradesh","Morena","0.0","0.0","0.0","117.0","458.0","3915.0","0.0","0.0","0.0","-1.0","-1.0","-1.0","0.0","0.0","0.0","163.0","480.0","2945.0","0.0","0.0","0.0","-1.0","-1.0","-1.0","3.0","11.0","3667.0","12.0","23.0","1917.0","30.0","44.0","1467.0","0.0","0.0","0.0","0.0","0.0","0.0","24.0","17.0","708.0","139.0","221.0","1590.0","0.42","0.29","690.0","0.0","0.0","0.0","0.0","0.0","0.0","0.0","0.0","0.0","0.0","0.0","0.0","-1.0","-1.0","-1.0","0.0","0.0","0.0","0.0","0.0","0.0","0.18","5.45","5.63","3.94","0.31","9.0"
"26","2017","6","Madhya Pradesh","Morena","1.4","3.4","2429.0","97.0","413.61","4264.0","3.6","7.2","2000.0","-1.0","-1.0","-1.0","3.6","7.2","2000.0","121.5","361.1","2972.0","0.62","1.95","3145.0","-1.0","-1.0","-1.0","1.8","5.22","2900.0","13.4","28.94","2160.0","18.6","19.59","1053.0","8.54","8.8","1030.0","0.4","0.6","1500.0","16.4","7.77","474.0","145.49","219.11","1506.0","0.0","0.0","0.0","0.0","0.0","0.0","8.4","3.28","390.0","0.0","0.0","0.0","1.7","2.83","1665.0","-1.0","-1.0","-1.0","0.0","0.0","0.0","0.0","0.0","0.0","0.14","4.71","4.84","3.95","0.32","3.0"
"27","2016","6","Madhya Pradesh","Bhind","7.0","15.33","2190.0","145.0","582.0","4014.0","6.0","12.0","2000.0","-1.0","-1.0","-1.0","6.0","12.0","2000.0","45.0","165.0","3667.0","0.0","0.0","0.0","-1.0","-1.0","-1.0","3.85","12.0","3117.0","27.0","42.0","1556.0","5.0","7.0","1400.0","23.0","27.0","1174.0","0.0","0.0","0.0","25.0","13.0","520.0","146.0","226.0","1548.0","1.45","0.94","648.0","0.0","0.0","0.0","0.0","0.0","0.0","0.0","0.0","0.0","0.0","0.0","0.0","-1.0","-1.0","-1.0","0.0","0.0","0.0","0.0","0.0","0.0","0.13","2.12","2.25","1.54","0.65","6.0"
"27","2017","6","Madhya Pradesh","Bhind","3.0","5.76","1920.0","110.4","466.11","4222.0","11.3","28.7","2540.0","-1.0","-1.0","-1.0","11.3","28.7","2540.0","61.9","170.47","2754.0","0.0","0.0","0.0","-1.0","-1.0","-1.0","4.37","17.28","3954.0","25.0","38.93","1557.0","2.73","2.06","755.0","36.8","55.38","1505.0","0.0","0.0","0.0","35.6","20.72","582.0","167.87","353.37","2105.0","0.0","0.0","0.0","0.0","0.0","0.0","3.82","2.06","539.0","0.0","0.0","0.0","0.5","1.0","2000.0","-1.0","-1.0","-1.0","0.0","0.0","0.0","0.0","0.0","0.0","0.01","1.74","1.74","1.56","0.72","4.0"
"28","2016","6","Madhya Pradesh","Indore","0.0","0.0","0.0","130.0","560.0","4308.0","0.0","0.0","0.0","-1.0","-1.0","-1.0","0.0","0.0","0.0","0.0","0.0","0.0","7.0","22.0","3143.0","-1.0","-1.0","-1.0","0.2","1.0","5000.0","75.0","110.0","1467.0","0.0","0.0","0.0","1.0","1.0","1000.0","0.0","0.0","0.0","0.0","0.0","0.0","0.0","0.0","0.0","0.0","0.0","0.0","0.0","0.0","0.0","0.0","0.0","0.0","0.0","0.0","0.0","221.0","351.0","1588.0","-1.0","-1.0","-1.0","0.1","0.4","4000.0","0.0","0.0","0.0","0.29","30.09","30.38","45.4","10.65","12.0"
"28","2017","6","Madhya Pradesh","Indore","0.45","1.02","2267.0","110.4","465.12","4213.0","0.1","0.23","2300.0","-1.0","-1.0","-1.0","0.1","0.23","2300.0","0.0","0.0","0.0","12.2","27.75","2275.0","-1.0","-1.0","-1.0","0.2","0.13","650.0","94.41","177.77","1883.0","2.55","3.85","1510.0","6.24","5.76","923.0","0.0","0.0","0.0","0.0","0.0","0.0","0.0","0.0","0.0","0.0","0.0","0.0","0.0","0.0","0.0","0.01","0.01","1000.0","0.0","0.0","0.0","216.9","198.46","915.0","-1.0","-1.0","-1.0","0.0","0.0","0.0","0.0","0.0","198.0","0.23","31.71","31.94","44.17","14.05","9.0"
"29","2016","6","Madhya Pradesh","Ratlam","1.0","0.66","660.0","109.0","369.0","3385.0","0.0","0.0","0.0","-1.0","-1.0","-1.0","0.0","0.0","0.0","0.0","0.0","0.0","52.0","137.0","2635.0","-1.0","-1.0","-1.0","0.6","2.0","3333.0","95.0","95.0","1000.0","0.0","0.0","0.0","25.0","22.0","880.0","0.0","0.0","0.0","0.0","0.0","0.0","10.0","15.0","1500.0","1.34","0.88","657.0","0.0","0.0","0.0","2.0","2.0","1000.0","0.0","0.0","0.0","186.0","271.0","1457.0","-1.0","-1.0","-1.0","0.0","0.0","0.0","28.0","6.0","206.0","1.1","7.03","8.13","0.79","7.9","21.0"
"29","2017","6","Madhya Pradesh","Ratlam","0.0","0.0","0.0","110.4","395.23","3580.0","0.16","0.28","1750.0","-1.0","-1.0","-1.0","0.16","0.28","1750.0","0.0","0.0","0.0","55.5","162.0","2919.0","-1.0","-1.0","-1.0","0.29","0.93","3207.0","91.4","130.34","1426.0","4.8","6.82","1421.0","22.4","19.93","890.0","0.46","0.53","1152.0","0.3","0.19","633.0","9.3","9.24","994.0","0.0","0.0","0.0","0.0","0.0","0.0","2.93","3.53","1205.0","0.0","0.0","0.0","205.0","373.72","1823.0","-1.0","-1.0","-1.0","0.0","0.0","0.0","29.0","8.0","287.0","1.1","8.93","10.03","0.24","7.29","17.0"
"30","2016","6","Madhya Pradesh","Ujjain","0.0","0.0","0.0","271.0","1029.0","3797.0","0.0","0.0","0.0","-1.0","-1.0","-1.0","0.0","0.0","0.0","0.0","0.0","0.0","7.0","14.0","2000.0","-1.0","-1.0","-1.0","0.0","0.0","0.0","104.0","138.0","1327.0","7.0","10.0","1429.0","8.0","4.0","500.0","0.0","0.0","0.0","0.0","0.0","0.0","1.0","1.0","1000.0","0.01","0.01","1000.0","0.0","0.0","0.0","0.0","0.0","0.0","0.0","0.0","0.0","459.0","673.0","1466.0","-1.0","-1.0","-1.0","0.0","0.0","0.0","0.0","0.0","0.0","0.41","28.41","28.82","15.8","9.02","18.0"
"30","2017","6","Madhya Pradesh","Ujjain","0.2","0.38","1900.0","220.6","935.79","4242.0","0.9","1.95","2167.0","-1.0","-1.0","-1.0","0.9","1.95","2167.0","0.0","0.0","0.0","6.46","8.22","1272.0","-1.0","-1.0","-1.0","0.01","0.02","2000.0","195.2","289.68","1484.0","0.87","0.66","759.0","28.88","15.8","547.0","0.2","0.24","1200.0","0.19","0.1","526.0","1.8","1.49","828.0","0.0","0.0","0.0","0.0","0.0","0.0","0.34","0.26","765.0","0.0","0.0","0.0","446.9","467.9","1047.0","-1.0","-1.0","-1.0","0.02","0.01","300.0","0.0","0.0","0.0","0.42","32.13","32.54","12.36","14.44","16.0"
"31","2016","6","Madhya Pradesh","Mandsaur","0.0","0.0","0.0","97.0","418.0","4309.0","0.0","0.0","0.0","-1.0","-1.0","-1.0","0.0","0.0","0.0","0.0","0.0","0.0","40.0","113.0","2825.0","-1.0","-1.0","-1.0","0.0","0.0","0.0","55.0","76.0","1382.0","0.0","0.0","0.0","58.0","60.0","1034.0","0.0","0.0","0.0","0.0","0.0","0.0","32.0","45.0","1406.0","0.06","0.05","833.0","0.0","0.0","0.0","6.0","6.0","1000.0","0.0","0.0","0.0","241.0","331.0","1373.0","-1.0","-1.0","-1.0","0.0","0.0","0.0","0.0","0.0","0.0","5.8","4.42","10.23","0.18","3.78","21.0"
"31","2017","6","Madhya Pradesh","Mandsaur","0.52","1.12","2154.0","86.3","366.17","4243.0","0.16","0.31","1938.0","-1.0","-1.0","-1.0","0.16","0.31","1938.0","0.17","0.11","647.0","45.08","139.52","3095.0","-1.0","-1.0","-1.0","0.0","0.0","0.0","65.1","87.75","1348.0","2.6","1.94","746.0","55.28","47.11","852.0","2.52","2.04","810.0","0.0","0.0","0.0","38.2","51.38","1345.0","0.0","0.0","0.0","0.0","0.0","0.0","7.5","5.44","725.0","0.0","0.0","0.0","249.5","281.44","1128.0","-1.0","-1.0","-1.0","0.0","0.0","0.0","0.0","0.0","225.0","5.41","4.86","10.27","0.18","2.62","20.0"
"32","2016","6","Madhya Pradesh","Dewas","0.0","0.0","0.0","176.0","650.0","3693.0","2.0","5.0","2500.0","-1.0","-1.0","-1.0","2.0","5.0","2500.0","0.0","0.0","0.0","15.0","41.0","2733.0","-1.0","-1.0","-1.0","0.9","3.0","3333.0","112.0","168.0","1500.0","5.0","7.0","1400.0","0.0","0.0","0.0","0.0","0.0","0.0","0.0","0.0","0.0","3.0","3.0","1000.0","0.07","0.05","714.0","0.0","0.0","0.0","0.0","0.0","0.0","0.0","0.0","0.0","319.0","473.0","1483.0","-1.0","-1.0","-1.0","0.0","0.0","0.0","11.0","1.0","98.0","0.3","27.69","27.98","8.1","12.28","19.0"
"32","2017","6","Madhya Pradesh","Dewas","0.1","0.07","730.0","170.96","700.94","4100.0","3.5","8.09","2311.0","-1.0","-1.0","-1.0","3.5","8.09","2311.0","0.0","0.0","0.0","13.3","40.03","3010.0","-1.0","-1.0","-1.0","0.0","0.0","0.0","219.47","395.05","1800.0","9.0","10.89","1210.0","25.99","17.19","661.0","0.25","0.29","1160.0","0.0","0.0","0.0","0.34","0.44","1294.0","0.0","0.0","0.0","0.0","0.0","0.0","21.6","9.72","450.0","0.0","0.0","0.0","321.35","327.78","1020.0","-1.0","-1.0","-1.0","0.1","0.03","310.0","6.0","2.0","261.0","0.16","15.52","15.68","8.14","11.83","9.0"
"33","2016","6","Madhya Pradesh","Dhar","0.0","0.0","0.0","225.0","751.0","3338.0","15.0","18.0","1200.0","-1.0","-1.0","-1.0","15.0","18.0","1200.0","2.0","1.0","500.0","70.0","247.0","3529.0","-1.0","-1.0","-1.0","5.0","16.0","3200.0","100.0","114.0","1140.0","8.0","8.0","1000.0","19.0","15.0","789.0","3.0","7.0","2333.0","0.0","0.0","0.0","0.0","0.0","0.0","0.01","0.01","1000.0","0.0","0.0","0.0","0.0","0.0","0.0","0.0","0.0","0.0","289.0","462.0","1599.0","-1.0","-1.0","-1.0","0.0","0.0","0.0","101.0","20.0","198.0","2.53","16.96","19.49","2.07","3.4","9.0"
"33","2017","6","Madhya Pradesh","Dhar","0.73","1.05","1442.0","198.87","692.66","3483.0","17.0","36.13","2125.0","-1.0","-1.0","-1.0","17.0","36.13","2125.0","2.9","2.91","1003.0","83.9","274.33","3270.0","-1.0","-1.0","-1.0","27.2","124.3","4570.0","149.72","231.47","1546.0","7.56","11.19","1480.0","39.69","31.37","790.0","4.4","11.21","2548.0","0.0","0.0","0.0","1.08","1.0","926.0","0.0","0.0","0.0","0.0","0.0","0.0","0.0","0.0","0.0","0.0","0.0","0.0","279.43","360.74","1291.0","-1.0","-1.0","-1.0","0.21","0.13","614.0","98.0","35.0","360.0","2.32","17.04","19.36","2.31","7.99","7.0"
"34","2016","6","Madhya Pradesh","Jhabua","12.0","14.66","1222.0","48.0","153.0","3188.0","1.0","2.0","2000.0","-1.0","-1.0","-1.0","1.0","2.0","2000.0","0.0","0.0","0.0","62.0","206.0","3323.0","-1.0","-1.0","-1.0","3.0","14.0","4667.0","26.0","40.0","1538.0","7.0","9.0","1286.0","8.0","7.0","875.0","7.0","15.0","2143.0","0.0","0.0","0.0","0.0","0.0","0.0","0.0","0.0","0.0","0.0","0.0","0.0","0.0","0.0","0.0","0.0","0.0","0.0","66.0","106.0","1606.0","-1.0","-1.0","-1.0","0.0","0.0","0.0","26.0","8.0","318.0","0.05","3.62","3.68","0.1","0.69","8.0"
"34","2017","6","Madhya Pradesh","Jhabua","8.37","11.76","1405.0","59.0","174.99","2966.0","1.5","3.38","2253.0","-1.0","-1.0","-1.0","1.5","3.38","2253.0","0.04","0.03","750.0","66.92","199.71","2984.0","-1.0","-1.0","-1.0","3.0","6.9","2300.0","23.5","32.03","1363.0","4.6","4.7","1022.0","8.47","5.54","654.0","5.0","8.99","1798.0","0.4","0.32","800.0","0.05","0.06","1200.0","0.0","0.0","0.0","0.0","0.0","0.0","0.04","0.03","750.0","0.0","0.0","0.0","63.6","90.95","1430.0","-1.0","-1.0","-1.0","0.0","0.0","0.0","25.0","5.0","181.0","0.08","2.76","2.84","0.06","0.83","4.0"
"35","2016","6","Madhya Pradesh","Khargone","0.0","0.0","0.0","151.0","625.0","4139.0","10.0","26.0","2600.0","-1.0","-1.0","-1.0","10.0","26.0","2600.0","0.0","0.0","0.0","62.0","220.0","3548.0","-1.0","-1.0","-1.0","5.0","16.0","3200.0","36.0","100.0","2778.0","20.0","27.0","1350.0","18.0","12.0","667.0","8.0","12.0","1500.0","0.0","0.0","0.0","0.0","0.0","0.0","0.0","0.0","0.0","0.0","0.0","0.0","0.0","0.0","0.0","0.0","0.0","0.0","63.0","101.0","1603.0","-1.0","-1.0","-1.0","0.0","0.0","0.0","215.0","68.0","317.0","2.02","5.96","7.98","0.29","1.78","4.0"
"35","2017","6","Madhya Pradesh","Khargone","0.4","0.14","350.0","137.6","523.43","3804.0","18.0","44.68","2482.0","-1.0","-1.0","-1.0","18.0","44.68","2482.0","0.41","0.49","1195.0","63.7","223.05","3502.0","-1.0","-1.0","-1.0","3.15","6.9","2190.0","112.08","190.54","1700.0","15.5","30.38","1960.0","13.13","6.24","475.0","4.95","7.43","1501.0","0.0","0.0","0.0","0.11","0.05","455.0","0.0","0.0","0.0","2.05","1.79","873.0","0.05","0.02","400.0","0.0","0.0","0.0","62.3","64.54","1036.0","-1.0","-1.0","-1.0","0.89","0.53","593.0","218.0","56.0","257.0","2.08","5.64","7.72","0.3","2.51","2.0"
"36","2016","6","Madhya Pradesh","Khandwa","8.0","7.33","916.0","134.0","530.0","3955.0","7.0","15.0","2143.0","-1.0","-1.0","-1.0","7.0","15.0","2143.0","0.0","0.0","0.0","35.0","97.0","2771.0","-1.0","-1.0","-1.0","9.0","27.0","3000.0","35.0","44.0","1257.0","17.0","23.0","1353.0","7.0","7.0","1000.0","5.0","6.0","1200.0","0.0","0.0","0.0","0.0","0.0","0.0","0.01","0.01","1000.0","0.0","0.0","0.0","0.0","0.0","0.0","0.0","0.0","0.0","164.0","221.0","1348.0","-1.0","-1.0","-1.0","0.0","0.0","0.0","60.0","15.0","255.0","0.53","16.51","17.03","0.7","8.75","1.0"
"36","2017","6","Madhya Pradesh","Khandwa","5.49","3.05","556.0","142.5","534.23","3749.0","6.3","13.92","2210.0","-1.0","-1.0","-1.0","6.3","13.92","2210.0","0.2","0.16","800.0","38.92","120.44","3095.0","-1.0","-1.0","-1.0","2.58","4.39","1702.0","54.7","44.85","820.0","13.0","11.17","859.0","21.45","8.82","411.0","1.79","2.34","1307.0","1.3","0.59","454.0","0.0","0.0","0.0","0.0","0.0","0.0","2.92","0.79","271.0","0.0","0.0","0.0","0.0","0.0","0.0","158.6","120.85","762.0","-1.0","-1.0","-1.0","0.61","0.34","557.0","58.0","13.0","230.0","0.57","14.2","14.77","0.61","8.45","1.0"
"37","2016","6","Madhya Pradesh","Sehore","24.0","94.67","3945.0","250.0","847.0","3388.0","2.0","3.0","1500.0","-1.0","-1.0","-1.0","2.0","3.0","1500.0","0.0","0.0","0.0","12.0","19.0","1583.0","-1.0","-1.0","-1.0","0.0","0.0","0.0","104.0","139.0","1337.0","11.0","15.0","1364.0","4.0","5.0","1250.0","0.0","0.0","0.0","0.0","0.0","0.0","0.0","0.0","0.0","0.09","0.03","333.0","0.0","0.0","0.0","0.0","0.0","0.0","0.0","0.0","0.0","270.0","401.0","1485.0","-1.0","-1.0","-1.0","0.0","0.0","0.0","0.0","0.0","0.0","0.17","9.76","9.94","0.59","3.14","23.0"
"37","2017","6","Madhya Pradesh","Sehore","27.5","66.34","2412.0","197.4","696.43","3528.0","1.9","4.36","2295.0","-1.0","-1.0","-1.0","1.9","4.36","2295.0","0.06","0.1","1667.0","11.2","27.1","2420.0","-1.0","-1.0","-1.0","0.1","0.22","2200.0","126.8","208.97","1648.0","9.0","7.57","841.0","69.88","52.66","754.0","0.62","0.61","984.0","0.06","0.03","500.0","0.23","0.26","1130.0","0.0","0.0","0.0","0.0","0.0","0.0","0.01","0.01","1000.0","0.0","0.0","0.0","270.0","223.02","826.0","-1.0","-1.0","-1.0","0.56","0.29","523.0","0.0","0.0","0.0","0.18","8.63","8.81","0.6","3.38","21.0"
"38","2016","6","Madhya Pradesh","Raisen","135.0","304.66","2257.0","236.0","771.0","3267.0","0.0","0.0","0.0","-1.0","-1.0","-1.0","0.0","0.0","0.0","0.0","0.0","0.0","7.0","11.0","1571.0","-1.0","-1.0","-1.0","0.09","0.28","3111.0","120.0","179.0","1492.0","42.0","58.0","1381.0","84.0","104.0","1238.0","0.0","0.0","0.0","0.0","0.0","0.0","0.0","0.0","0.0","1.15","0.81","704.0","0.0","0.0","0.0","0.0","0.0","0.0","0.0","0.0","0.0","82.0","70.0","854.0","-1.0","-1.0","-1.0","0.0","0.0","0.0","0.0","0.0","0.0","0.14","5.17","5.3","0.65","0.47","5.0"
"38","2017","6","Madhya Pradesh","Raisen","112.0","236.84","2115.0","197.6","647.73","3278.0","1.3","2.41","1854.0","-1.0","-1.0","-1.0","1.3","2.41","1854.0","0.0","0.0","0.0","6.92","11.49","1660.0","-1.0","-1.0","-1.0","0.1","0.23","2300.0","167.2","279.89","1674.0","33.7","34.24","1016.0","110.65","128.82","1164.0","0.0","0.0","0.0","0.0","0.0","0.0","0.28","0.2","714.0","0.0","0.0","0.0","0.0","0.0","0.0","0.0","0.0","0.0","0.0","0.0","0.0","84.7","51.67","610.0","-1.0","-1.0","-1.0","0.0","0.0","0.0","0.0","0.0","0.0","0.1","3.93","4.03","0.67","0.51","4.0"
"39","2016","6","Madhya Pradesh","Vidisha","3.0","4.0","1333.0","281.0","832.0","2961.0","0.0","0.0","0.0","-1.0","-1.0","-1.0","0.0","0.0","0.0","0.0","0.0","0.0","3.0","6.0","2000.0","-1.0","-1.0","-1.0","0.6","2.0","3333.0","173.0","203.0","1173.0","4.0","4.0","1000.0","179.0","174.0","972.0","0.0","0.0","0.0","0.0","0.0","0.0","0.0","0.0","0.0","0.04","0.01","250.0","0.0","0.0","0.0","0.0","0.0","0.0","0.0","0.0","0.0","290.0","171.0","590.0","-1.0","-1.0","-1.0","0.0","0.0","0.0","0.0","0.0","0.0","0.76","6.53","7.29","2.0","0.88","3.0"
"39","2017","6","Madhya Pradesh","Vidisha","10.5","23.8","2267.0","263.0","1025.7","3900.0","4.6","11.27","2450.0","-1.0","-1.0","-1.0","4.6","11.27","2450.0","0.0","0.0","0.0","6.62","16.27","2458.0","-1.0","-1.0","-1.0","0.2","0.7","3500.0","207.04","351.97","1700.0","7.3","8.32","1140.0","253.72","302.58","1193.0","0.07","0.13","1857.0","0.04","0.02","500.0","0.4","0.38","950.0","0.0","0.0","0.0","0.0","0.0","0.0","0.02","0.02","1000.0","0.0","0.0","0.0","277.48","375.99","1355.0","-1.0","-1.0","-1.0","0.06","0.02","383.0","0.0","0.0","0.0","0.61","4.23","4.84","0.79","0.8","5.0"
"40","2016","6","Madhya Pradesh","Betul","55.0","97.33","1770.0","128.0","339.0","2648.0","17.0","28.0","1647.0","-1.0","-1.0","-1.0","17.0","28.0","1647.0","0.0","0.0","0.0","74.0","218.0","2946.0","-1.0","-1.0","-1.0","0.0","0.0","0.0","69.0","80.0","1159.0","25.0","27.0","1080.0","16.0","7.0","438.0","6.0","10.0","1667.0","1.0","0.43","426.0","1.0","1.0","1000.0","1.86","1.02","548.0","0.0","0.0","0.0","0.0","0.0","0.0","0.0","0.0","0.0","234.0","312.0","1333.0","-1.0","-1.0","-1.0","12.0","33.8","2817.0","0.0","0.0","0.0","0.48","9.65","10.12","1.26","0.81","4.0"
"40","2017","6","Madhya Pradesh","Betul","45.0","79.11","1758.0","104.4","277.91","2662.0","7.5","17.33","2311.0","-1.0","-1.0","-1.0","7.5","17.33","2311.0","0.0","0.0","0.0","80.05","318.2","3975.0","-1.0","-1.0","-1.0","0.0","0.0","0.0","41.13","61.41","1493.0","28.2","33.33","1182.0","17.43","14.25","818.0","6.66","8.93","1341.0","1.0","0.43","430.0","1.2","1.27","1058.0","0.0","0.0","0.0","0.0","0.0","0.0","0.47","0.29","617.0","0.0","0.0","0.0","223.0","297.71","1335.0","-1.0","-1.0","-1.0","11.29","7.16","634.0","0.0","0.0","276.0","0.52","11.87","12.39","1.56","1.05","3.0"
"41","2016","6","Madhya Pradesh","Rajgarh","1.0","2.66","2660.0","161.0","571.0","3547.0","3.0","3.0","1000.0","-1.0","-1.0","-1.0","3.0","3.0","1000.0","0.0","0.0","0.0","68.0","186.0","2735.0","-1.0","-1.0","-1.0","0.6","2.0","3333.0","100.0","131.0","1310.0","0.0","0.0","0.0","58.0","62.0","1069.0","0.0","0.0","0.0","0.0","0.0","0.0","7.0","5.0","714.0","0.0","0.0","0.0","0.0","0.0","0.0","0.0","0.0","0.0","0.0","0.0","0.0","314.0","368.0","1172.0","-1.0","-1.0","-1.0","0.0","0.0","0.0","0.0","0.0","0.0","0.95","9.0","9.95","4.04","5.05","34.0"
"41","2017","6","Madhya Pradesh","Rajgarh","1.15","0.75","649.0","152.0","529.72","3485.0","0.1","0.18","1800.0","-1.0","-1.0","-1.0","0.1","0.18","1800.0","0.0","0.0","0.0","63.91","201.33","3150.0","-1.0","-1.0","-1.0","0.8","2.16","2700.0","112.6","131.97","1172.0","6.16","7.44","1208.0","80.95","79.81","986.0","2.0","1.88","940.0","5.1","3.06","600.0","8.97","8.52","950.0","0.0","0.0","0.0","0.0","0.0","0.0","0.04","0.03","750.0","0.0","0.0","0.0","309.4","385.2","1245.0","-1.0","-1.0","-1.0","0.0","0.0","0.0","0.0","0.0","0.0","0.89","10.17","11.06","4.18","5.47","32.0"
"42","2016","6","Madhya Pradesh","Shajapur","0.0","0.0","0.0","136.0","455.0","3346.0","0.0","0.0","0.0","-1.0","-1.0","-1.0","0.0","0.0","0.0","0.0","0.0","0.0","4.0","6.0","1500.0","-1.0","-1.0","-1.0","0.0","0.0","0.0","70.0","73.0","1043.0","0.0","0.0","0.0","17.0","18.0","1059.0","0.0","0.0","0.0","0.0","0.0","0.0","4.0","4.0","1000.0","0.0","0.0","0.0","0.0","0.0","0.0","0.0","0.0","0.0","0.0","0.0","0.0","248.0","369.0","1488.0","-1.0","-1.0","-1.0","0.0","0.0","0.0","0.0","0.0","0.0","0.81","20.56","21.37","15.1","12.04","18.0"
"42","2017","6","Madhya Pradesh","Shajapur","0.05","0.04","800.0","79.8","287.6","3604.0","1.0","1.95","1950.0","-1.0","-1.0","-1.0","1.0","1.95","1950.0","0.04","0.05","1250.0","4.12","6.85","1663.0","-1.0","-1.0","-1.0","0.0","0.0","0.0","81.3","77.48","953.0","3.2","2.32","725.0","31.08","32.24","1037.0","0.64","0.86","1344.0","0.2","0.16","800.0","3.8","4.32","1137.0","0.0","0.0","0.0","0.0","0.0","0.0","0.05","0.04","800.0","0.0","0.0","0.0","236.6","242.28","1024.0","-1.0","-1.0","-1.0","0.0","0.0","0.0","0.0","0.0","0.0","0.61","20.36","20.97","4.36","7.01","16.0"
"43","2016","6","Madhya Pradesh","Hoshangabad","122.0","280.66","2300.0","260.0","1170.0","4500.0","2.0","4.0","2000.0","-1.0","-1.0","-1.0","2.0","4.0","2000.0","0.0","0.0","0.0","26.0","89.0","3423.0","-1.0","-1.0","-1.0","0.0","0.0","0.0","73.0","118.0","1616.0","26.0","32.0","1231.0","30.0","18.0","600.0","0.0","0.0","0.0","1.0","0.85","850.0","1.0","1.0","1000.0","2.15","1.35","628.0","0.0","0.0","0.0","0.0","0.0","0.0","0.1","0.1","1000.0","92.0","107.0","1163.0","-1.0","-1.0","-1.0","9.0","17.4","1933.0","0.0","0.0","0.0","0.5","4.74","5.24","0.32","0.65","1.0"
"43","2017","6","Madhya Pradesh","Hoshangabad","134.0","310.16","2315.0","231.5","997.3","4308.0","3.3","7.59","2300.0","-1.0","-1.0","-1.0","3.3","7.59","2300.0","0.0","0.0","0.0","21.05","73.21","3478.0","-1.0","-1.0","-1.0","0.0","0.0","0.0","77.1","150.35","1950.0","12.2","17.65","1447.0","175.08","204.84","1170.0","0.03","0.06","2000.0","0.16","0.1","625.0","3.77","3.58","950.0","0.0","0.0","0.0","0.0","0.0","0.0","0.0","0.0","0.0","0.0","0.0","0.0","41.6","25.58","615.0","-1.0","-1.0","-1.0","4.0","1.8","450.0","0.0","0.0","0.0","0.28","3.52","3.8","0.36","0.46","1.0"
"44","2016","1","Andhra Pradesh","Srikakulam","205.76","611.7","2973.0","-1.0","-1.0","-1.0","0.02","0.02","1412.0","0.01","0.02","3500.0","0.02","0.05","1957.0","0.13","0.42","3360.0","16.56","70.26","4242.0","0.96","1.53","1585.0","-1.0","-1.0","-1.0","-1.0","-1.0","-1.0","0.66","0.31","474.0","82.32","39.9","485.0","6.76","12.57","1859.0","3.56","0.82","229.0","-1.0","-1.0","-1.0","-1.0","-1.0","-1.0","-1.0","-1.0","-1.0","-1.0","-1.0","-1.0","0.49","0.37","764.0","-1.0","-1.0","-1.0","25.74","23.18","901.0","5.65","44.45","7875.0","7.0","4.0","607.0","36.17","4.05","40.22","-1.0","0.3","0.0"
"44","2017","1","Andhra Pradesh","Srikakulam","214.73","543.42","2531.0","-1.0","-1.0","-1.0","0.02","0.02","1000.0","-1.0","0.0","0.0","0.02","0.02","1000.0","0.09","0.29","3345.0","33.1","152.55","4610.0","4.06","6.46","1589.0","-1.0","-1.0","-1.0","-1.0","-1.0","-1.0","0.65","0.37","563.0","91.03","47.98","527.0","7.18","13.02","1814.0","7.77","1.52","195.0","-1.0","-1.0","-1.0","-1.0","-1.0","-1.0","-1.0","-1.0","-1.0","-1.0","-1.0","-1.0","0.64","0.6","939.0","-1.0","-1.0","-1.0","16.03","24.02","1498.0","5.34","44.88","8411.0","7.0","5.0","659.0","35.71","3.85","39.57","-1.0","0.29","0.0"
"45","2016","1","Andhra Pradesh","Visakhapatnam","109.92","246.56","2243.0","-1.0","-1.0","-1.0","0.22","0.32","1435.0","-1.0","0.0","0.0","0.22","0.32","1435.0","1.73","1.82","1049.0","6.64","17.52","2637.0","19.47","19.95","1025.0","-1.0","-1.0","-1.0","0.05","0.08","1500.0","1.79","0.86","479.0","21.19","19.26","909.0","2.36","3.35","1420.0","5.31","1.27","240.0","-1.0","-1.0","-1.0","-1.0","-1.0","-1.0","0.0","0.0","500.0","-1.0","-1.0","-1.0","0.12","0.09","765.0","-1.0","-1.0","-1.0","22.91","49.33","2153.0","32.36","190.83","5896.0","2.0","0.0","212.0","45.18","7.1","52.28","0.36","0.15","2.0"
"45","2017","1","Andhra Pradesh","Visakhapatnam","108.96","228.88","2101.0","-1.0","-1.0","-1.0","0.29","0.29","1018.0","-1.0","0.0","0.0","0.29","0.29","1018.0","1.7","2.05","1207.0","7.01","18.29","2610.0","17.01","17.46","1026.0","-1.0","-1.0","-1.0","0.08","0.11","1427.0","1.57","0.75","480.0","23.12","18.13","784.0","2.25","3.26","1449.0","4.8","1.18","245.0","-1.0","-1.0","-1.0","-1.0","-1.0","-1.0","-1.0","-1.0","-1.0","-1.0","-1.0","-1.0","0.1","0.09","939.0","-1.0","-1.0","-1.0","15.13","49.14","3248.0","32.15","184.77","5746.0","1.0","0.0","244.0","46.35","6.59","52.94","0.12","0.15","2.0"
"46","2016","1","Andhra Pradesh","East Godavari","383.96","1627.03","4238.0","-1.0","-1.0","-1.0","0.23","0.34","1438.0","1.66","1.16","701.0","1.89","1.5","792.0","0.08","0.09","1098.0","10.22","86.65","8479.0","0.25","0.25","1004.0","-1.0","-1.0","-1.0","1.5","2.26","1505.0","2.79","0.85","305.0","59.8","40.01","669.0","0.31","0.92","2965.0","2.98","0.53","176.0","-1.0","-1.0","-1.0","-1.0","-1.0","-1.0","0.02","0.01","529.0","-1.0","-1.0","-1.0","0.1","0.08","767.0","-1.0","-1.0","-1.0","68.73","301.72","4390.0","10.52","94.34","8972.0","13.0","6.0","477.0","75.51","17.56","93.07","-1.0","0.04","2.0"
"46","2017","1","Andhra Pradesh","East Godavari","386.54","1672.79","4328.0","-1.0","-1.0","-1.0","0.16","0.17","1019.0","1.7","1.09","642.0","1.86","1.25","675.0","0.06","0.07","1115.0","11.8","111.51","9451.0","0.3","0.29","986.0","-1.0","-1.0","-1.0","1.81","2.59","1431.0","2.31","0.88","382.0","41.2","30.54","741.0","0.16","0.51","3122.0","2.53","0.36","141.0","-1.0","-1.0","-1.0","-1.0","-1.0","-1.0","-1.0","-1.0","-1.0","-1.0","-1.0","-1.0","0.11","0.11","939.0","-1.0","-1.0","-1.0","19.99","360.29","18021.0","10.32","91.25","8842.0","16.0","6.0","393.0","70.96","16.18","87.14","-1.0","0.05","2.0"
"47","2016","1","Andhra Pradesh","West Godavari","399.41","1666.1","4171.0","-1.0","-1.0","-1.0","0.04","0.05","1429.0","0.0","0.01","3500.0","0.04","0.06","1641.0","-1.0","-1.0","-1.0","58.3","502.79","8625.0","0.01","0.01","1444.0","-1.0","-1.0","-1.0","0.01","0.01","1600.0","0.58","0.34","583.0","34.85","13.63","391.0","4.08","13.8","3379.0","0.54","0.16","285.0","0.02","0.01","417.0","-1.0","-1.0","-1.0","0.0","0.0","500.0","-1.0","-1.0","-1.0","0.09","0.07","763.0","-1.0","-1.0","-1.0","78.13","1147.86","14691.0","9.1","80.54","8852.0","5.0","3.0","577.0","42.42","6.2","48.62","-1.0","-1.0","1.0"
"47","2017","1","Andhra Pradesh","West Godavari","393.22","1693.91","4308.0","0.01","0.01","1000.0","0.02","0.02","1000.0","0.06","0.26","4250.0","0.08","0.27","3566.0","-1.0","-1.0","-1.0","59.43","427.37","7191.0","-1.0","-1.0","-1.0","-1.0","-1.0","-1.0","0.03","0.05","1424.0","0.19","0.11","571.0","47.01","37.47","797.0","2.65","9.15","3448.0","0.41","0.12","299.0","0.02","0.01","458.0","-1.0","-1.0","-1.0","-1.0","-1.0","-1.0","-1.0","-1.0","-1.0","0.12","0.11","941.0","-1.0","-1.0","-1.0","54.79","994.3","18148.0","7.95","84.95","10684.0","5.0","3.0","556.0","42.45","6.71","49.16","-1.0","-1.0","1.0"
"48","2016","1","Andhra Pradesh","Krishna","231.41","897.72","3879.0","-1.0","-1.0","-1.0","0.23","0.33","1438.0","0.51","1.75","3443.0","0.73","2.07","2826.0","-1.0","-1.0","-1.0","20.09","134.91","6716.0","-1.0","-1.0","-1.0","-1.0","-1.0","-1.0","1.77","3.23","1822.0","2.14","2.14","1000.0","168.91","129.5","767.0","1.61","6.12","3802.0","0.25","0.04","153.0","0.78","0.29","375.0","-1.0","-1.0","-1.0","-1.0","-1.0","-1.0","-1.0","-1.0","-1.0","0.01","0.0","800.0","-1.0","-1.0","-1.0","14.29","201.87","14123.0","10.98","99.36","9047.0","37.0","29.0","769.0","67.6","9.07","76.67","-1.0","0.0","4.0"
"48","2017","1","Andhra Pradesh","Krishna","258.73","1031.95","3989.0","-1.0","-1.0","-1.0","0.02","0.02","1000.0","1.34","5.67","4250.0","1.35","5.69","4212.0","-1.0","-1.0","-1.0","28.84","189.85","6584.0","-1.0","-1.0","-1.0","-1.0","-1.0","-1.0","2.29","4.33","1895.0","2.28","3.1","1360.0","157.81","181.77","1152.0","1.85","5.65","3049.0","0.3","0.07","226.0","0.66","0.15","222.0","-1.0","-1.0","-1.0","-1.0","-1.0","-1.0","-1.0","-1.0","-1.0","0.0","0.0","1000.0","-1.0","-1.0","-1.0","14.41","253.19","17571.0","10.26","94.57","9219.0","48.0","35.0","729.0","59.87","9.21","69.08","-1.0","-1.0","4.0"
"49","2016","1","Andhra Pradesh","Guntur","175.94","735.53","4181.0","-1.0","-1.0","-1.0","0.05","0.07","1444.0","13.86","82.76","5971.0","13.91","82.83","5956.0","2.22","1.27","571.0","35.07","311.21","8875.0","0.65","0.46","715.0","-1.0","-1.0","-1.0","22.0","43.16","1962.0","32.88","32.91","1001.0","120.51","59.95","497.0","3.74","12.02","3214.0","2.57","1.09","425.0","0.1","0.04","408.0","-1.0","-1.0","-1.0","0.04","0.02","558.0","-1.0","-1.0","-1.0","-1.0","-1.0","-1.0","0.15","0.2","1386.0","6.72","13.53","2013.0","0.27","2.83","10615.0","142.0","118.0","830.0","11.57","11.31","22.88","0.0","0.18","16.0"
"49","2017","1","Andhra Pradesh","Guntur","202.49","852.84","4212.0","-1.0","-1.0","-1.0","0.07","0.07","1014.0","34.36","194.54","5662.0","34.43","194.62","5652.0","1.34","1.25","936.0","58.11","622.88","10719.0","0.37","0.34","914.0","-1.0","-1.0","-1.0","32.01","60.85","1901.0","28.59","32.04","1121.0","80.7","83.37","1033.0","3.9","16.51","4228.0","1.69","0.69","405.0","0.09","0.04","462.0","-1.0","-1.0","-1.0","0.8","1.54","1936.0","-1.0","-1.0","-1.0","-1.0","-1.0","-1.0","0.01","0.02","2000.0","6.5","18.93","2913.0","0.23","2.41","10659.0","184.0","144.0","786.0","12.35","11.52","23.87","-1.0","0.12","17.0"
"50","2016","1","Andhra Pradesh","S.P.S.Nellore","204.63","865.09","4228.0","-1.0","-1.0","-1.0","0.0","0.01","1500.0","1.57","3.62","2312.0","1.57","3.62","2310.0","1.44","5.36","3737.0","0.92","3.76","4069.0","0.18","0.23","1264.0","-1.0","-1.0","-1.0","13.24","10.62","802.0","1.86","1.12","599.0","13.23","3.47","262.0","15.56","44.36","2852.0","9.84","3.28","334.0","0.07","0.03","414.0","-1.0","-1.0","-1.0","-1.0","-1.0","-1.0","-1.0","-1.0","-1.0","1.33","1.59","1201.0","-1.0","-1.0","-1.0","28.34","77.53","2736.0","1.18","11.44","9664.0","8.0","3.0","438.0","32.42","3.76","36.18","-1.0","0.08","1.0"
"50","2017","1","Andhra Pradesh","S.P.S.Nellore","224.53","1036.54","4617.0","-1.0","-1.0","-1.0","0.01","0.01","1000.0","0.65","2.75","4250.0","0.66","2.76","4201.0","1.83","4.88","2664.0","0.85","6.23","7359.0","0.1","0.14","1298.0","-1.0","-1.0","-1.0","10.03","12.98","1294.0","1.37","0.87","634.0","15.82","10.8","683.0","12.06","42.45","3519.0","0.91","0.19","211.0","-1.0","-1.0","-1.0","-1.0","-1.0","-1.0","0.02","0.02","783.0","-1.0","-1.0","-1.0","0.34","0.37","1086.0","-1.0","-1.0","-1.0","14.41","66.38","4608.0","0.96","9.91","10300.0","5.0","2.0","354.0","32.18","2.78","34.96","-1.0","0.01","1.0"
"51","2016","1","Andhra Pradesh","Kurnool","108.72","434.89","4000.0","0.03","0.07","2313.0","6.87","16.3","2373.0","46.92","74.23","1582.0","53.79","90.53","1683.0","8.63","14.86","1721.0","35.75","194.69","5445.0","-1.0","-1.0","-1.0","-1.0","-1.0","-1.0","170.87","159.42","933.0","113.32","40.0","353.0","36.6","51.54","1408.0","130.96","135.3","1033.0","0.23","0.07","310.0","4.04","1.71","423.0","0.09","0.06","736.0","19.97","10.76","539.0","-1.0","-1.0","-1.0","4.69","4.4","938.0","0.59","0.86","1444.0","160.57","153.16","954.0","0.41","4.27","10519.0","176.0","96.0","543.0","9.99","38.73","48.72","0.02","26.14","0.0"
"51","2017","1","Andhra Pradesh","Kurnool","102.09","362.46","3550.0","0.02","0.01","688.0","5.94","14.11","2376.0","47.42","83.99","1771.0","53.36","98.1","1838.0","8.2","15.91","1941.0","52.63","286.65","5446.0","-1.0","-1.0","-1.0","-1.0","-1.0","-1.0","194.75","249.09","1279.0","65.59","28.86","440.0","25.65","26.13","1019.0","100.11","152.12","1520.0","0.99","0.28","288.0","2.22","1.17","527.0","0.02","0.01","650.0","12.86","9.25","719.0","-1.0","-1.0","-1.0","1.58","1.56","989.0","0.34","0.66","1958.0","118.11","165.06","1397.0","0.45","5.93","13081.0","259.0","132.0","510.0","9.04","25.14","34.18","0.0","17.02","0.0"
"52","2016","1","Andhra Pradesh","Anantapur","22.89","57.43","2509.0","-1.0","-1.0","-1.0","4.48","0.9","201.0","2.61","0.3","113.0","7.09","1.2","169.0","2.47","1.26","510.0","18.31","48.08","2626.0","2.33","4.89","2105.0","-1.0","-1.0","-1.0","22.87","5.92","259.0","70.26","6.96","99.0","4.82","2.44","507.0","623.73","164.51","264.0","-1.0","-1.0","-1.0","-1.0","-1.0","-1.0","0.03","0.01","250.0","9.8","3.01","307.0","-1.0","-1.0","-1.0","3.87","1.48","383.0","0.65","0.24","359.0","638.83","169.26","265.0","0.1","0.95","10000.0","32.0","5.0","148.0","61.03","18.08","79.11","0.04","2.8","1.0"
"52","2017","1","Andhra Pradesh","Anantapur","30.91","86.36","2794.0","0.01","0.01","750.0","18.36","9.79","533.0","4.55","2.0","439.0","22.91","11.78","514.0","5.29","7.07","1337.0","23.27","91.58","3936.0","2.46","5.95","2420.0","-1.0","-1.0","-1.0","74.4","50.59","680.0","72.81","14.13","194.0","14.15","5.09","360.0","423.12","454.94","1075.0","0.01","0.0","222.0","-1.0","-1.0","-1.0","-1.0","-1.0","-1.0","15.16","8.67","572.0","-1.0","-1.0","-1.0","1.95","0.99","505.0","0.03","0.03","1000.0","440.3","464.64","1055.0","0.09","0.9","10443.0","46.0","23.0","510.0","59.07","22.77","81.84","0.01","1.75","8.0"
"53","2016","1","Andhra Pradesh","Kadapa YSR","50.33","165.64","3291.0","0.0","0.0","2000.0","1.84","1.77","963.0","5.22","5.62","1077.0","7.05","7.39","1047.0","5.89","6.89","1169.0","2.75","14.14","5152.0","0.16","0.27","1761.0","-1.0","-1.0","-1.0","82.04","33.06","403.0","17.92","3.49","195.0","17.53","11.08","632.0","65.41","65.55","1002.0","4.69","2.02","431.0","0.01","0.0","500.0","0.01","0.01","1000.0","0.71","0.46","648.0","0.22","0.11","484.0","8.81","11.29","1281.0","0.18","0.16","876.0","80.22","79.66","993.0","0.25","1.9","7757.0","19.0","3.0","167.0","60.93","15.27","76.2","0.0","4.48","1.0"
"53","2017","1","Andhra Pradesh","Kadapa YSR","54.98","139.76","2542.0","0.01","0.01","714.0","3.97","4.8","1207.0","8.28","5.18","626.0","12.25","9.98","814.0","9.82","20.48","2085.0","3.37","38.35","11369.0","0.18","0.35","1912.0","-1.0","-1.0","-1.0","97.14","68.97","710.0","8.96","2.71","302.0","8.55","7.42","868.0","44.37","71.66","1615.0","3.38","1.71","508.0","-1.0","-1.0","-1.0","-1.0","-1.0","-1.0","0.68","0.48","709.0","0.22","0.1","481.0","3.28","6.36","1939.0","0.0","0.01","2000.0","52.01","80.48","1547.0","0.28","2.69","9729.0","25.0","3.0","130.0","71.46","15.58","87.04","-1.0","4.36","1.0"
"54","2016","1","Andhra Pradesh","Chittoor","46.7","170.2","3645.0","-1.0","-1.0","-1.0","0.04","0.01","316.0","-1.0","0.0","0.0","0.04","0.01","316.0","2.25","6.2","2760.0","2.03","8.52","4194.0","5.06","2.89","571.0","-1.0","-1.0","-1.0","0.0","0.0","750.0","9.02","1.02","113.0","13.07","6.08","465.0","147.5","119.97","813.0","1.15","0.48","422.0","-1.0","-1.0","-1.0","-1.0","-1.0","-1.0","0.09","0.04","468.0","-1.0","-1.0","-1.0","0.79","1.0","1276.0","-1.0","-1.0","-1.0","152.52","121.56","797.0","18.21","159.97","8783.0","1.0","0.0","396.0","82.75","24.34","107.09","1.27","0.43","13.0"
"54","2017","1","Andhra Pradesh","Chittoor","64.81","246.16","3798.0","-1.0","-1.0","-1.0","0.16","0.25","1550.0","0.02","0.03","1500.0","0.18","0.28","1544.0","2.1","4.81","2286.0","2.5","13.86","5537.0","6.73","8.52","1266.0","-1.0","-1.0","-1.0","0.0","-1.0","-1.0","8.01","2.04","254.0","23.94","17.52","732.0","129.53","263.38","2033.0","0.41","0.19","456.0","-1.0","-1.0","-1.0","-1.0","-1.0","-1.0","0.09","0.06","636.0","0.01","0.0","500.0","0.63","1.09","1726.0","-1.0","-1.0","-1.0","130.69","264.78","2026.0","18.18","173.74","9558.0","1.0","0.0","481.0","82.79","27.47","110.27","1.32","0.56","16.0"
"55","2016","20","Telangana","Hyderabad","-1.0","-1.0","-1.0","-1.0","-1.0","-1.0","-1.0","-1.0","-1.0","-1.0","-1.0","-1.0","-1.0","-1.0","-1.0","-1.0","-1.0","-1.0","-1.0","-1.0","-1.0","-1.0","-1.0","-1.0","-1.0","-1.0","-1.0","-1.0","-1.0","-1.0","-1.0","-1.0","-1.0","-1.0","-1.0","-1.0","-1.0","-1.0","-1.0","-1.0","-1.0","-1.0","-1.0","-1.0","-1.0","-1.0","-1.0","-1.0","-1.0","-1.0","-1.0","-1.0","-1.0","-1.0","-1.0","-1.0","-1.0","-1.0","-1.0","-1.0","-1.0","-1.0","-1.0","-1.0","-1.0","-1.0","-1.0","-1.0","-1.0","-1.0","-1.0","-1.0","-1.0","-1.0","-1.0"
"55","2017","20","Telangana","Hyderabad","-1.0","-1.0","-1.0","-1.0","-1.0","-1.0","-1.0","-1.0","-1.0","-1.0","-1.0","-1.0","-1.0","-1.0","-1.0","-1.0","-1.0","-1.0","-1.0","-1.0","-1.0","-1.0","-1.0","-1.0","-1.0","-1.0","-1.0","-1.0","-1.0","-1.0","-1.0","-1.0","-1.0","-1.0","-1.0","-1.0","-1.0","-1.0","-1.0","-1.0","-1.0","-1.0","-1.0","-1.0","-1.0","-1.0","-1.0","-1.0","-1.0","-1.0","-1.0","-1.0","-1.0","-1.0","-1.0","-1.0","-1.0","-1.0","-1.0","-1.0","-1.0","-1.0","-1.0","-1.0","-1.0","-1.0","-1.0","-1.0","-1.0","-1.0","-1.0","-1.0","-1.0","-1.0","-1.0"
"56","2016","20","Telangana","Nizamabad","186.02","755.08","4059.07","0.12","0.11","903.23","0.01","0.0","500.0","0.26","0.31","1188.46","0.27","0.31","1172.93","1.53","1.33","868.94","25.09","136.28","5432.61","-1.0","-1.0","-1.0","-1.0","-1.0","-1.0","10.05","15.66","1557.99","1.66","1.04","625.3","2.5","2.52","1006.39","0.34","0.7","2043.73","3.23","3.55","1100.15","-1.0","-1.0","-1.0","0.81","0.69","848.89","-1.0","-1.0","-1.0","-1.0","-1.0","-1.0","0.39","0.49","1251.27","57.52","56.08","975.0","-1.0","-1.0","-1.0","0.37","3.11","8388.14","1.0","0.0","415.0","1.79","3.98","5.77","-1.0","1.23","20.0"
"56","2017","20","Telangana","Nizamabad","173.28","653.76","3772.84","0.08","0.12","1392.86","0.0","0.0","1000.0","0.17","0.23","1353.29","0.17","0.23","1351.19","4.75","5.02","1057.04","27.85","152.16","5464.04","-1.0","-1.0","-1.0","-1.0","-1.0","-1.0","10.74","17.98","1674.96","0.84","0.67","798.09","1.36","1.04","770.48","0.22","0.49","2226.24","3.85","3.2","831.04","-1.0","-1.0","-1.0","0.45","0.38","842.57","-1.0","-1.0","-1.0","-1.0","-1.0","-1.0","0.06","0.07","1098.36","40.52","74.39","1835.99","-1.0","-1.0","-1.0","0.33","2.56","7800.0","1.0","1.0","613.0","1.65","3.63","5.29","-1.0","0.93","20.0"
"57","2016","20","Telangana","Medak","77.22","284.97","3690.41","0.25","0.27","1105.26","1.07","0.76","709.62","0.7","0.85","1222.38","1.77","1.61","911.76","0.0","0.0","1000.0","41.28","121.35","2940.01","0.0","0.0","1000.0","-1.0","-1.0","-1.0","0.9","0.96","1059.67","3.62","2.44","673.2","6.25","4.36","698.21","0.32","0.67","2061.54","0.01","0.01","818.18","-1.0","-1.0","-1.0","0.05","0.02","413.04","0.01","0.0","666.67","-1.0","-1.0","-1.0","0.38","0.68","1794.2","2.56","2.72","1062.06","-1.0","-1.0","-1.0","0.92","7.74","8393.71","8.0","3.0","385.0","1.02","4.58","5.6","0.04","1.3","0.0"
"57","2017","20","Telangana","Medak","77.54","241.34","3112.38","0.19","0.27","1386.6","0.46","0.44","943.84","0.62","0.98","1567.52","1.08","1.41","1301.38","-1.0","-1.0","-1.0","24.64","96.8","3929.05","-1.0","-1.0","-1.0","-1.0","-1.0","-1.0","0.66","0.88","1341.46","3.08","2.17","703.9","2.86","1.99","695.56","0.12","0.26","2228.81","0.0","0.0","666.67","-1.0","-1.0","-1.0","0.04","0.02","555.56","-1.0","-1.0","-1.0","-1.0","-1.0","-1.0","0.18","0.26","1423.08","0.21","0.26","1250.0","-1.0","-1.0","-1.0","1.54","12.01","7804.03","12.0","11.0","879.0","1.31","3.95","5.26","-1.0","1.0","0.0"
"58","2016","20","Telangana","Mahabubnagar","52.33","142.16","2716.75","-1.0","-1.0","-1.0","17.94","14.27","794.97","1.32","1.15","868.68","19.27","15.42","800.04","0.0","0.0","1000.0","46.71","53.4","1143.23","0.72","0.84","1168.74","-1.0","-1.0","-1.0","0.38","0.5","1298.43","94.39","51.54","545.99","5.2","3.44","661.99","15.09","27.83","1843.83","0.24","0.03","136.93","-1.0","-1.0","-1.0","0.19","0.13","687.5","20.4","12.22","599.0","-1.0","-1.0","-1.0","0.61","0.52","843.14","0.04","0.05","1159.09","-1.0","-1.0","-1.0","0.69","2.78","4044.83","35.0","11.0","316.0","6.16","5.97","12.13","-1.0","0.87","1.0"
"58","2017","20","Telangana","Mahabubnagar","59.12","142.9","2417.14","0.0","0.0","1000.0","15.12","16.04","1060.99","0.96","0.9","937.5","16.08","16.94","1053.62","-1.0","-1.0","-1.0","39.31","57.95","1474.24","1.06","1.15","1086.79","-1.0","-1.0","-1.0","0.65","0.98","1516.18","91.52","77.06","842.0","5.82","3.34","573.47","18.94","44.17","2332.26","0.37","0.11","311.48","-1.0","-1.0","-1.0","0.11","0.06","570.09","13.52","12.3","910.03","-1.0","-1.0","-1.0","0.3","0.63","2135.14","0.02","0.04","1625.0","-1.0","-1.0","-1.0","0.54","4.45","8196.69","74.0","22.0","295.0","7.53","4.74","12.27","-1.0","0.82","1.0"
"59","2016","20","Telangana","Nalgonda","137.55","474.87","3452.32","0.0","0.0","1250.0","1.07","0.46","432.46","0.01","0.01","1250.0","1.07","0.47","438.55","1.1","0.64","584.7","0.48","1.27","2630.17","-1.0","-1.0","-1.0","-1.0","-1.0","-1.0","0.16","0.2","1297.47","18.74","12.44","664.02","6.12","2.8","457.8","7.62","11.15","1463.11","0.1","0.08","806.12","-1.0","-1.0","-1.0","-1.0","-1.0","-1.0","0.26","0.06","242.42","-1.0","-1.0","-1.0","0.11","0.2","1794.64","0.12","0.14","1162.39","-1.0","-1.0","-1.0","0.54","4.08","7575.47","203.0","60.0","296.0","30.01","6.3","36.31","-1.0","-1.0","0.0"
"59","2017","20","Telangana","Nalgonda","160.74","477.88","2973.12","-1.0","-1.0","-1.0","0.24","0.23","942.86","0.03","0.04","1346.15","0.27","0.27","981.55","0.14","0.1","725.93","0.11","0.5","4754.72","-1.0","-1.0","-1.0","-1.0","-1.0","-1.0","0.1","0.15","1515.15","9.0","4.42","491.05","1.83","1.01","553.91","5.33","10.29","1932.42","-1.0","-1.0","-1.0","-1.0","-1.0","-1.0","-1.0","-1.0","-1.0","0.0","0.0","1000.0","-1.0","-1.0","-1.0","0.0","0.01","2250.0","-1.0","-1.0","-1.0","-1.0","-1.0","-1.0","0.29","2.16","7441.38","234.0","90.0","383.0","26.64","3.66","30.3","-1.0","-1.0","0.0"
"60","2016","20","Telangana","Warangal","56.85","209.75","3689.5","-1.0","-1.0","-1.0","-1.0","-1.0","-1.0","0.07","0.08","1196.97","0.07","0.08","1196.97","-1.0","-1.0","-1.0","37.38","261.64","6999.49","-1.0","-1.0","-1.0","-1.0","-1.0","-1.0","0.19","0.24","1301.08","1.89","1.05","556.03","1.42","1.14","801.97","7.04","22.97","3264.64","0.13","0.06","496.06","-1.0","-1.0","-1.0","-1.0","-1.0","-1.0","-1.0","-1.0","-1.0","-1.0","-1.0","-1.0","0.0","0.0","2000.0","0.22","0.25","1166.67","-1.0","-1.0","-1.0","-1.0","-1.0","-1.0","60.0","33.0","545.0","4.43","4.0","8.43","-1.0","0.14","0.0"
"60","2017","20","Telangana","Warangal","54.0","147.27","2727.3","-1.0","-1.0","-1.0","-1.0","-1.0","-1.0","0.09","0.12","1347.83","0.09","0.12","1347.83","-1.0","-1.0","-1.0","34.79","268.42","7716.27","-1.0","-1.0","-1.0","-1.0","-1.0","-1.0","0.93","1.41","1515.61","0.71","0.57","798.04","1.17","0.93","798.63","6.95","22.81","3281.03","0.02","0.01","476.19","-1.0","-1.0","-1.0","-1.0","-1.0","-1.0","-1.0","-1.0","-1.0","-1.0","-1.0","-1.0","0.0","0.01","2000.0","0.02","0.04","1636.36","-1.0","-1.0","-1.0","0.0","0.01","7450.0","73.0","22.0","306.0","5.26","4.34","9.61","-1.0","0.26","0.0"
"61","2016","20","Telangana","Khammam","68.73","260.45","3789.23","-1.0","-1.0","-1.0","-1.0","-1.0","-1.0","0.23","0.27","1189.43","0.23","0.27","1189.43","0.0","0.0","1000.0","13.0","72.57","5580.79","-1.0","-1.0","-1.0","-1.0","-1.0","-1.0","0.04","0.06","1295.45","4.59","2.04","445.0","20.01","10.02","500.67","2.79","4.44","1590.11","0.22","0.15","690.58","-1.0","-1.0","-1.0","-1.0","-1.0","-1.0","-1.0","-1.0","-1.0","-1.0","-1.0","-1.0","0.04","0.07","1794.87","0.02","0.02","1142.86","-1.0","-1.0","-1.0","5.75","33.21","5776.49","83.0","51.0","609.0","18.47","2.27","20.74","-1.0","0.0","0.0"
"61","2017","20","Telangana","Khammam","107.34","346.36","3226.9","-1.0","-1.0","-1.0","0.01","0.01","900.0","0.21","0.28","1350.96","0.22","0.29","1330.28","-1.0","-1.0","-1.0","28.6","182.94","6396.61","-1.0","-1.0","-1.0","-1.0","-1.0","-1.0","0.02","0.03","1529.41","3.32","2.76","831.93","11.57","6.21","536.16","1.83","3.89","2125.68","0.15","0.08","566.67","-1.0","-1.0","-1.0","-1.0","-1.0","-1.0","-1.0","-1.0","-1.0","-1.0","-1.0","-1.0","0.02","0.04","2111.11","0.01","0.02","1636.36","-1.0","-1.0","-1.0","4.39","32.95","7499.5","98.0","70.0","717.0","16.55","2.08","18.64","-1.0","0.0","0.0"
"62","2016","20","Telangana","Karimnagar","94.98","387.49","4079.69","-1.0","-1.0","-1.0","-1.0","-1.0","-1.0","-1.0","0.0","0.0","-1.0","-1.0","-1.0","-1.0","-1.0","-1.0","34.88","220.3","6316.37","-1.0","-1.0","-1.0","-1.0","-1.0","-1.0","0.27","0.35","1298.89","1.33","1.25","938.91","1.06","0.78","742.42","2.33","5.62","2410.98","0.01","0.0","625.0","-1.0","-1.0","-1.0","-1.0","-1.0","-1.0","-1.0","-1.0","-1.0","-1.0","-1.0","-1.0","-1.0","-1.0","-1.0","0.12","0.22","1906.78","-1.0","-1.0","-1.0","-1.0","-1.0","-1.0","48.0","27.0","576.0","3.44","2.42","5.86","-1.0","0.04","0.0"
"62","2017","20","Telangana","Karimnagar","101.89","368.41","3615.81","-1.0","-1.0","-1.0","-1.0","-1.0","-1.0","-1.0","0.0","0.0","-1.0","-1.0","-1.0","-1.0","-1.0","-1.0","16.81","101.3","6026.29","-1.0","-1.0","-1.0","-1.0","-1.0","-1.0","0.2","0.3","1517.59","0.75","0.6","797.86","0.63","0.44","698.56","1.83","2.94","1603.05","0.01","0.0","555.56","-1.0","-1.0","-1.0","-1.0","-1.0","-1.0","-1.0","-1.0","-1.0","-1.0","-1.0","-1.0","-1.0","-1.0","-1.0","0.0","0.01","1600.0","-1.0","-1.0","-1.0","-1.0","-1.0","-1.0","53.0","33.0","627.0","2.73","1.32","4.05","-1.0","0.02","0.0"
"63","2016","20","Telangana","Adilabad","1.26","3.28","2608.42","1.68","2.64","1570.92","5.5","5.31","965.08","2.62","2.27","867.07","8.12","7.58","933.46","-1.0","-1.0","-1.0","1.84","10.51","5712.34","-1.0","-1.0","-1.0","-1.0","-1.0","-1.0","13.77","21.36","1550.97","20.08","22.16","1104.0","5.84","4.02","688.59","1.31","2.72","2067.73","0.28","0.16","552.82","-1.0","-1.0","-1.0","-1.0","-1.0","-1.0","0.09","0.05","595.51","-1.0","-1.0","-1.0","0.04","0.07","1794.87","45.8","62.05","1355.0","-1.0","-1.0","-1.0","0.01","0.07","8137.5","106.0","52.0","490.0","0.24","4.46","4.7","0.0","0.05","0.0"
"63","2017","20","Telangana","Adilabad","0.57","1.39","2430.82","1.67","1.84","1103.24","3.0","2.23","741.1","2.95","3.74","1268.84","5.95","5.96","1002.35","-1.0","-1.0","-1.0","1.45","13.49","9282.17","-1.0","-1.0","-1.0","-1.0","-1.0","-1.0","15.87","27.65","1742.01","22.28","24.0","1077.01","3.3","2.4","728.84","1.01","2.26","2235.64","0.27","0.13","470.37","-1.0","-1.0","-1.0","-1.0","-1.0","-1.0","0.07","0.07","932.43","-1.0","-1.0","-1.0","0.02","0.05","2125.0","19.46","30.01","1542.01","-1.0","-1.0","-1.0","0.0","0.03","7450.0","142.0","80.0","566.0","0.35","3.59","3.94","-1.0","0.05","0.0"
"65","2016","5","Karnataka","Kolar","1.23","2.39","1936.0","-1.0","-1.0","-1.0","-1.0","-1.0","-1.0","-1.0","0.0","0.0","-1.0","-1.0","-1.0","-1.0","-1.0","-1.0","0.31","0.73","2368.0","59.3","25.75","434.0","-1.0","-1.0","-1.0","-1.0","-1.0","-1.0","3.54","0.97","275.0","13.36","22.23","1664.0","9.85","4.51","458.0","0.05","0.03","640.0","0.17","0.03","146.0","-1.0","-1.0","-1.0","0.06","0.03","500.0","-1.0","-1.0","-1.0","-1.0","-1.0","-1.0","-1.0","-1.0","-1.0","-1.0","-1.0","-1.0","0.08","0.56","6935.0","-1.0","-1.0","-1.0","45.75","10.72","56.46","3.01","0.23","7.0"
"65","2017","5","Karnataka","Kolar","1.26","3.88","3088.0","-1.0","-1.0","-1.0","-1.0","-1.0","-1.0","-1.0","0.0","0.0","-1.0","-1.0","-1.0","-1.0","-1.0","-1.0","0.11","0.5","4351.0","66.38","181.94","2741.0","-1.0","-1.0","-1.0","-1.0","-1.0","-1.0","2.3","2.65","1155.0","16.43","22.74","1384.0","6.73","10.08","1498.0","0.03","0.03","862.0","0.18","0.04","224.0","-1.0","-1.0","-1.0","0.06","0.04","649.0","-1.0","-1.0","-1.0","-1.0","-1.0","-1.0","-1.0","-1.0","-1.0","-1.0","-1.0","-1.0","-1.0","-1.0","-1.0","-1.0","-1.0","-1.0","44.34","10.06","54.4","2.15","0.27","2.0"
"66","2016","5","Karnataka","Tumkur","10.76","26.21","2435.0","-1.0","-1.0","-1.0","-1.0","-1.0","-1.0","0.04","0.03","842.0","0.04","0.03","842.0","0.02","0.02","1048.0","28.42","47.17","1660.0","141.57","136.45","964.0","-1.0","-1.0","-1.0","0.02","0.01","588.0","14.14","3.01","213.0","23.63","4.88","206.0","93.25","31.25","335.0","0.3","0.1","321.0","3.12","0.57","183.0","-1.0","-1.0","-1.0","1.59","0.2","124.0","0.15","0.01","52.0","0.36","0.2","542.0","-1.0","-1.0","-1.0","-1.0","-1.0","-1.0","0.74","6.63","9025.0","1.0","3.0","2.0","25.76","4.82","30.58","0.01","0.85","11.0"
"66","2017","5","Karnataka","Tumkur","4.86","12.29","2529.0","0.02","0.02","1125.0","-1.0","-1.0","-1.0","-1.0","0.0","0.0","-1.0","-1.0","-1.0","0.02","0.04","1583.0","20.12","58.93","2928.0","144.55","226.84","1569.0","-1.0","-1.0","-1.0","0.35","0.27","771.0","10.96","2.87","262.0","40.7","13.67","336.0","55.3","43.59","788.0","0.33","0.29","878.0","0.33","0.05","157.0","-1.0","-1.0","-1.0","1.52","0.47","309.0","0.23","0.08","345.0","0.1","0.05","455.0","-1.0","-1.0","-1.0","-1.0","-1.0","-1.0","0.92","8.62","9405.0","1.0","0.0","96.0","27.46","4.61","32.07","0.01","0.57","20.0"
"67","2016","5","Karnataka","Mysore","65.64","189.7","2890.0","-1.0","-1.0","-1.0","4.83","4.47","925.0","0.07","0.06","941.0","4.9","4.54","926.0","-1.0","-1.0","-1.0","45.59","94.96","2083.0","16.62","13.74","827.0","-1.0","-1.0","-1.0","0.32","0.19","591.0","2.9","1.08","372.0","65.82","29.96","455.0","2.48","0.91","365.0","1.62","0.91","558.0","-1.0","-1.0","-1.0","-1.0","-1.0","-1.0","0.8","0.18","224.0","-1.0","-1.0","-1.0","0.52","0.13","248.0","-1.0","-1.0","-1.0","-1.0","-1.0","-1.0","3.34","33.3","9975.0","40.0","5.0","118.0","11.38","5.79","17.17","0.07","0.01","0.0"
"67","2017","5","Karnataka","Mysore","65.13","199.5","3063.0","-1.0","-1.0","-1.0","4.99","4.03","808.0","0.25","0.28","1116.0","5.24","4.31","822.0","-1.0","-1.0","-1.0","49.31","182.79","3707.0","55.58","86.52","1557.0","-1.0","-1.0","-1.0","0.97","0.84","866.0","2.02","1.51","747.0","124.09","56.89","458.0","2.55","2.66","1044.0","6.69","4.95","740.0","-1.0","-1.0","-1.0","-1.0","-1.0","-1.0","0.97","0.68","701.0","-1.0","-1.0","-1.0","0.31","0.24","788.0","-1.0","-1.0","-1.0","-1.0","-1.0","-1.0","4.15","50.86","12255.0","48.0","20.0","426.0","10.92","7.84","18.76","0.04","0.02","0.0"
"68","2016","5","Karnataka","Mandya","43.66","113.68","2603.0","-1.0","-1.0","-1.0","-1.0","-1.0","-1.0","-1.0","0.0","0.0","-1.0","-1.0","-1.0","-1.0","-1.0","-1.0","3.81","4.17","1093.0","38.04","45.94","1208.0","-1.0","-1.0","-1.0","0.08","0.05","584.0","0.89","0.3","340.0","39.59","16.95","428.0","0.71","0.03","45.0","1.72","1.05","609.0","-1.0","-1.0","-1.0","-1.0","-1.0","-1.0","0.37","0.18","496.0","-1.0","-1.0","-1.0","0.0","0.0","500.0","0.0","0.0","1000.0","-1.0","-1.0","-1.0","17.63","219.38","12445.0","-1.0","-1.0","-1.0","4.19","8.06","12.25","0.02","0.18","2.0"
"68","2017","5","Karnataka","Mandya","33.85","100.51","2969.0","-1.0","-1.0","-1.0","-1.0","-1.0","-1.0","-1.0","0.0","0.0","-1.0","-1.0","-1.0","-1.0","-1.0","-1.0","10.29","31.66","3077.0","83.79","140.67","1679.0","-1.0","-1.0","-1.0","0.03","0.02","769.0","1.05","0.68","645.0","51.33","24.17","471.0","0.55","0.46","846.0","6.79","3.82","562.0","-1.0","-1.0","-1.0","-1.0","-1.0","-1.0","0.27","0.18","642.0","-1.0","-1.0","-1.0","0.01","0.01","1000.0","-1.0","-1.0","-1.0","-1.0","-1.0","-1.0","20.94","234.75","11210.0","-1.0","-1.0","-1.0","3.79","6.63","10.42","0.03","0.2","1.0"
"69","2016","5","Karnataka","Hassan","26.1","53.23","2039.0","-1.0","-1.0","-1.0","0.45","0.07","165.0","0.03","0.03","862.0","0.48","0.1","207.0","-1.0","-1.0","-1.0","90.15","207.42","2301.0","64.15","45.43","708.0","-1.0","-1.0","-1.0","1.29","0.13","97.0","1.77","0.93","523.0","15.13","7.03","465.0","0.65","0.5","768.0","0.82","0.21","251.0","0.01","0.0","143.0","-1.0","-1.0","-1.0","0.8","0.4","504.0","-1.0","-1.0","-1.0","0.24","0.1","412.0","-1.0","-1.0","-1.0","-1.0","-1.0","-1.0","0.84","5.87","7030.0","0.0","0.0","174.0","7.77","17.32","25.09","10.16","0.08","0.0"
"69","2017","5","Karnataka","Hassan","21.63","70.09","3241.0","-1.0","-1.0","-1.0","1.03","1.7","1656.0","0.43","0.42","979.0","1.46","2.12","1458.0","-1.0","-1.0","-1.0","82.85","527.89","6371.0","94.63","242.27","2560.0","-1.0","-1.0","-1.0","1.18","0.89","759.0","1.62","1.27","785.0","37.99","12.34","325.0","0.72","0.51","709.0","1.18","0.17","140.0","0.08","0.01","173.0","-1.0","-1.0","-1.0","0.56","0.52","930.0","-1.0","-1.0","-1.0","0.46","0.32","696.0","-1.0","-1.0","-1.0","-1.0","-1.0","-1.0","2.18","27.69","12730.0","0.0","0.0","599.0","6.37","22.91","29.28","14.42","0.08","0.0"
"70","2016","5","Karnataka","Shimoge","104.44","218.6","2093.0","-1.0","-1.0","-1.0","0.06","0.14","2439.0","0.05","0.04","917.0","0.11","0.18","1743.0","-1.0","-1.0","-1.0","52.78","177.81","3369.0","0.95","1.26","1325.0","-1.0","-1.0","-1.0","0.01","0.0","667.0","0.45","0.45","998.0","0.81","0.18","217.0","0.16","0.09","568.0","0.0","0.0","1000.0","-1.0","-1.0","-1.0","-1.0","-1.0","-1.0","0.01","0.0","500.0","-1.0","-1.0","-1.0","0.25","0.35","1395.0","0.0","0.0","1000.0","-1.0","-1.0","-1.0","2.45","21.15","8645.0","1.0","0.0","377.0","11.04","0.28","11.32","-1.0","0.0","0.0"
"70","2017","5","Karnataka","Shimoge","93.52","235.1","2514.0","-1.0","-1.0","-1.0","0.1","0.33","3316.0","0.05","0.05","1178.0","0.14","0.38","2643.0","0.01","0.01","1571.0","71.21","359.3","5045.0","1.05","1.94","1839.0","-1.0","-1.0","-1.0","0.04","0.03","778.0","0.49","0.47","949.0","0.74","0.24","325.0","0.26","0.3","1129.0","0.01","0.0","800.0","-1.0","-1.0","-1.0","-1.0","-1.0","-1.0","0.0","0.0","500.0","-1.0","-1.0","-1.0","0.22","0.48","2251.0","0.0","0.0","1500.0","-1.0","-1.0","-1.0","1.27","11.2","8835.0","1.0","1.0","630.0","11.09","0.3","11.4","0.0","0.0","0.0"
"71","2016","5","Karnataka","Chickmagalur","29.93","71.84","2400.0","-1.0","-1.0","-1.0","0.75","0.15","199.0","3.8","2.22","584.0","4.55","2.37","521.0","-1.0","-1.0","-1.0","28.47","100.25","3522.0","41.2","24.54","596.0","-1.0","-1.0","-1.0","3.97","1.0","253.0","0.78","0.78","999.0","13.04","3.83","294.0","4.77","3.27","686.0","3.88","3.43","883.0","0.04","0.01","179.0","-1.0","-1.0","-1.0","0.29","0.14","495.0","0.0","-1.0","-1.0","3.8","3.2","843.0","-1.0","-1.0","-1.0","-1.0","-1.0","-1.0","1.04","7.21","6935.0","2.0","0.0","116.0","7.49","15.58","23.07","5.21","6.42","0.0"
"71","2017","5","Karnataka","Chickmagalur","26.9","64.63","2403.0","-1.0","-1.0","-1.0","0.48","0.4","832.0","12.74","11.23","882.0","13.22","11.63","880.0","-1.0","-1.0","-1.0","15.29","45.21","2957.0","52.12","71.44","1371.0","-1.0","-1.0","-1.0","11.27","8.16","724.0","0.51","0.48","949.0","15.66","9.88","631.0","4.22","4.31","1022.0","3.09","2.12","685.0","0.02","0.0","150.0","-1.0","-1.0","-1.0","0.09","0.06","648.0","-1.0","-1.0","-1.0","0.65","0.42","638.0","-1.0","-1.0","-1.0","-1.0","-1.0","-1.0","0.94","6.94","7410.0","2.0","1.0","372.0","7.29","15.31","22.6","5.31","5.34","0.0"
"72","2016","5","Karnataka","Chitradurga","0.84","1.62","1930.0","0.16","0.19","1199.0","2.4","1.8","751.0","1.35","0.3","221.0","3.75","2.1","560.0","1.8","0.5","278.0","107.55","131.08","1219.0","53.88","36.64","680.0","-1.0","-1.0","-1.0","5.46","0.62","113.0","23.76","6.57","276.0","5.7","1.56","273.0","129.48","27.89","215.0","0.11","0.05","443.0","-1.0","-1.0","-1.0","0.01","-1.0","-1.0","0.66","1.17","1781.0","-1.0","-1.0","-1.0","6.28","1.64","262.0","0.06","0.05","754.0","-1.0","-1.0","-1.0","0.01","0.04","6933.0","9.0","1.0","164.0","13.25","38.1","51.35","0.01","34.75","0.0"
"72","2017","5","Karnataka","Chitradurga","1.58","3.94","2484.0","0.27","0.35","1299.0","4.48","5.58","1246.0","9.4","6.01","639.0","13.88","11.59","835.0","3.69","3.84","1038.0","80.87","334.73","4139.0","50.1","95.25","1901.0","-1.0","-1.0","-1.0","33.7","24.62","731.0","13.34","10.1","757.0","12.57","6.13","488.0","92.0","95.0","1033.0","0.19","0.08","422.0","0.0","-1.0","-1.0","0.72","0.4","548.0","0.21","0.16","779.0","-1.0","-1.0","-1.0","1.57","1.28","813.0","-1.0","-1.0","-1.0","-1.0","-1.0","-1.0","0.0","0.02","9400.0","10.0","4.0","344.0","14.6","32.82","47.41","-1.0","27.43","0.0"
"73","2016","5","Karnataka","Bellary","87.01","337.8","3882.0","0.08","0.01","130.0","17.06","34.76","2038.0","14.99","9.26","617.0","32.05","44.01","1373.0","16.05","20.18","1257.0","95.1","250.59","2635.0","2.38","2.55","1071.0","-1.0","-1.0","-1.0","9.47","2.64","278.0","11.95","7.04","589.0","3.27","0.94","288.0","36.38","42.74","1175.0","0.66","0.31","467.0","0.02","0.0","176.0","0.01","0.0","286.0","0.16","0.08","494.0","-1.0","-1.0","-1.0","13.77","9.28","674.0","-1.0","-1.0","-1.0","-1.0","-1.0","-1.0","6.99","51.16","7315.0","48.0","24.0","501.0","8.84","14.11","22.96","-1.0","11.45","0.0"
"73","2017","5","Karnataka","Bellary","101.93","388.34","3810.0","0.58","0.77","1318.0","11.27","28.41","2520.0","28.04","58.45","2084.0","39.32","86.86","2209.0","24.47","44.95","1837.0","97.82","376.54","3849.0","11.0","15.23","1384.0","-1.0","-1.0","-1.0","26.86","26.59","990.0","9.36","7.69","822.0","3.85","2.97","770.0","60.42","90.14","1492.0","0.09","0.17","1899.0","0.04","0.01","171.0","0.01","0.01","1000.0","0.06","0.04","650.0","-1.0","-1.0","-1.0","8.04","10.31","1282.0","-1.0","-1.0","-1.0","-1.0","-1.0","-1.0","4.41","37.24","8455.0","59.0","36.0","605.0","10.44","10.88","21.32","-1.0","5.75","0.0"
"74","2016","5","Karnataka","Dharwad","21.9","11.18","510.0","26.65","10.76","404.0","1.33","0.27","202.0","50.36","13.74","273.0","51.69","14.01","271.0","-1.0","-1.0","-1.0","36.2","89.0","2459.0","0.01","0.01","750.0","-1.0","-1.0","-1.0","69.86","11.88","170.0","1.55","0.81","519.0","40.88","11.26","275.0","34.75","17.56","505.0","0.05","0.03","630.0","0.01","0.0","222.0","4.94","0.66","133.0","-1.0","-1.0","-1.0","-1.0","-1.0","-1.0","0.49","0.02","45.0","38.75","51.54","1330.0","-1.0","-1.0","-1.0","7.33","50.81","6935.0","70.0","17.0","237.0","9.9","36.12","46.02","1.05","32.98","0.0"
"74","2017","5","Karnataka","Dharwad","22.42","13.26","591.0","35.87","25.53","712.0","1.78","1.14","644.0","59.59","43.6","732.0","61.36","44.74","729.0","-1.0","-1.0","-1.0","27.99","85.83","3067.0","0.01","0.01","2000.0","-1.0","-1.0","-1.0","103.1","57.89","561.0","0.88","0.38","426.0","27.77","3.97","143.0","18.95","15.02","793.0","0.05","0.04","880.0","0.0","-1.0","-1.0","8.41","5.2","618.0","-1.0","-1.0","-1.0","-1.0","-1.0","-1.0","3.52","1.59","453.0","29.57","23.82","806.0","-1.0","-1.0","-1.0","8.35","65.84","7885.0","43.0","12.0","271.0","10.02","19.32","29.34","1.09","15.46","0.0"
"75","2016","5","Karnataka","Belgaum","65.59","123.76","1887.0","50.77","69.6","1371.0","25.62","37.29","1455.0","106.45","80.02","752.0","132.07","117.31","888.0","10.2","6.19","607.0","165.6","518.68","3132.0","1.2","1.59","1325.0","-1.0","-1.0","-1.0","102.64","51.68","503.0","9.9","7.3","737.0","51.59","16.28","316.0","35.36","34.66","980.0","0.27","0.2","757.0","0.01","0.0","222.0","1.68","0.96","570.0","0.02","0.01","478.0","0.15","0.03","190.0","9.77","6.05","619.0","93.87","100.86","1074.0","-1.0","-1.0","-1.0","163.51","1071.81","6555.0","55.0","26.0","478.0","10.93","18.69","29.62","2.79","2.68","5.0"
"75","2017","5","Karnataka","Belgaum","64.59","148.63","2301.0","46.35","70.18","1514.0","12.63","29.55","2340.0","132.37","153.58","1160.0","145.0","183.12","1263.0","7.78","9.42","1210.0","141.2","623.11","4413.0","0.43","0.6","1379.0","-1.0","-1.0","-1.0","112.24","83.71","746.0","6.28","4.28","681.0","43.15","15.01","348.0","32.63","39.93","1224.0","0.08","0.05","619.0","0.14","0.02","167.0","1.46","1.57","1079.0","0.0","0.0","750.0","0.14","0.07","462.0","7.79","9.06","1163.0","76.75","94.49","1231.0","-1.0","-1.0","-1.0","208.73","2062.24","9880.0","31.0","18.0","590.0","14.83","25.98","40.81","3.7","4.4","1.0"
"76","2016","5","Karnataka","Bijapur","0.01","0.04","2786.0","34.03","31.52","926.0","-1.0","-1.0","-1.0","95.54","92.04","963.0","95.54","92.04","963.0","43.15","49.19","1140.0","62.82","224.87","3580.0","-1.0","-1.0","-1.0","-1.0","-1.0","-1.0","162.68","91.34","561.0","388.93","330.32","849.0","14.79","3.48","235.0","44.0","30.11","684.0","0.2","0.15","719.0","-1.0","-1.0","-1.0","0.2","0.1","518.0","-1.0","-1.0","-1.0","0.0","0.0","333.0","21.45","17.23","803.0","-1.0","-1.0","-1.0","-1.0","-1.0","-1.0","35.23","240.95","6840.0","10.0","5.0","477.0","22.44","10.89","33.33","-1.0","8.05","0.0"
"76","2017","5","Karnataka","Bijapur","0.03","0.09","2867.0","46.02","45.25","983.0","-1.0","-1.0","-1.0","146.0","140.22","960.0","146.0","140.22","960.0","25.75","23.22","902.0","50.52","181.45","3592.0","-1.0","-1.0","-1.0","-1.0","-1.0","-1.0","249.35","183.82","737.0","262.56","159.64","608.0","22.82","2.63","115.0","47.87","37.11","775.0","0.09","0.07","747.0","-1.0","-1.0","-1.0","0.91","0.39","434.0","-1.0","-1.0","-1.0","0.26","0.09","345.0","16.4","14.85","905.0","-1.0","-1.0","-1.0","-1.0","-1.0","-1.0","20.78","183.57","8835.0","12.0","6.0","480.0","24.4","10.74","35.14","-1.0","7.91","0.0"
"77","2016","5","Karnataka","Bidar","0.53","0.63","1198.0","4.71","6.31","1340.0","26.61","17.39","654.0","27.01","25.45","942.0","53.62","42.84","799.0","1.88","1.25","667.0","1.52","1.6","1055.0","-1.0","-1.0","-1.0","-1.0","-1.0","-1.0","71.79","59.47","828.0","81.61","101.49","1244.0","69.46","37.93","546.0","0.08","0.06","808.0","2.32","1.62","698.0","0.22","0.04","184.0","17.03","16.31","958.0","0.03","0.01","481.0","0.3","0.02","54.0","0.02","0.01","429.0","151.87","56.56","372.0","-1.0","-1.0","-1.0","17.71","95.91","5415.0","0.0","0.0","378.0","1.26","1.51","2.77","0.15","0.74","0.0"
"77","2017","5","Karnataka","Bidar","1.02","1.9","1864.0","4.66","6.23","1339.0","20.33","40.2","1977.0","22.36","21.85","978.0","42.69","62.05","1454.0","2.29","3.32","1451.0","0.87","3.03","3495.0","-1.0","-1.0","-1.0","-1.0","-1.0","-1.0","65.42","57.43","878.0","78.68","129.91","1651.0","67.19","48.71","725.0","0.06","0.07","1078.0","1.05","1.21","1150.0","0.08","0.01","173.0","13.34","17.37","1302.0","0.01","0.01","615.0","0.16","0.06","348.0","0.01","0.01","455.0","149.03","270.84","1817.0","-1.0","-1.0","-1.0","15.52","115.03","7410.0","0.0","0.0","630.0","1.46","1.94","3.4","0.08","0.48","0.0"
"78","2016","5","Karnataka","Raichur","126.68","488.98","3860.0","0.37","0.35","943.0","0.13","0.15","1160.0","70.8","56.03","791.0","70.93","56.18","792.0","51.81","74.64","1441.0","0.98","3.83","3909.0","-1.0","-1.0","-1.0","-1.0","-1.0","-1.0","111.99","74.05","661.0","89.22","70.27","788.0","7.49","2.7","361.0","35.61","44.0","1235.0","3.18","0.86","271.0","-1.0","-1.0","-1.0","0.41","0.08","198.0","1.23","0.43","353.0","-1.0","-1.0","-1.0","26.89","16.84","626.0","-1.0","-1.0","-1.0","-1.0","-1.0","-1.0","-1.0","-1.0","-1.0","47.0","32.0","670.0","0.63","2.42","3.04","-1.0","1.65","0.0"
"78","2017","5","Karnataka","Raichur","113.46","315.91","2784.0","0.39","0.32","806.0","-1.0","-1.0","-1.0","67.06","102.01","1521.0","67.06","102.01","1521.0","39.71","52.96","1334.0","1.59","5.73","3599.0","-1.0","-1.0","-1.0","-1.0","-1.0","-1.0","116.78","117.05","1002.0","38.19","27.1","710.0","0.66","0.23","350.0","18.16","24.1","1327.0","0.71","0.24","337.0","-1.0","-1.0","-1.0","1.26","0.7","557.0","-1.0","-1.0","-1.0","-1.0","-1.0","-1.0","16.79","12.25","730.0","-1.0","-1.0","-1.0","-1.0","-1.0","-1.0","-1.0","-1.0","-1.0","86.0","39.0","459.0","1.24","0.82","2.06","-1.0","0.1","0.0"
"79","2016","5","Karnataka","Gulbarga","6.87","25.28","3680.0","9.23","18.54","2009.0","1.07","1.34","1249.0","203.35","309.48","1522.0","204.42","310.82","1520.0","12.13","17.76","1464.0","4.74","8.77","1849.0","-1.0","-1.0","-1.0","-1.0","-1.0","-1.0","185.06","217.29","1174.0","388.91","541.64","1393.0","74.9","39.19","523.0","5.51","6.89","1252.0","9.01","8.02","890.0","-1.0","-1.0","-1.0","3.03","2.92","961.0","0.01","0.01","500.0","0.23","0.01","56.0","13.7","6.11","446.0","19.83","16.56","835.0","-1.0","-1.0","-1.0","28.43","108.03","3800.0","33.0","19.0","588.0","9.44","7.87","17.3","0.09","2.64","0.0"
"79","2017","5","Karnataka","Gulbarga","7.83","23.12","2952.0","10.98","22.95","2090.0","0.61","1.73","2835.0","206.07","268.98","1305.0","206.68","270.72","1310.0","7.48","19.85","2653.0","2.22","8.22","3701.0","-1.0","-1.0","-1.0","-1.0","-1.0","-1.0","206.31","230.88","1119.0","328.81","377.65","1149.0","131.76","82.08","623.0","8.0","10.33","1292.0","6.09","9.8","1609.0","-1.0","-1.0","-1.0","1.95","1.75","901.0","-1.0","-1.0","-1.0","0.02","0.01","348.0","10.57","12.11","1145.0","13.35","26.13","1957.0","-1.0","-1.0","-1.0","1.0","6.86","6840.0","62.0","58.0","937.0","7.56","10.6","18.16","0.14","3.77","0.0"
"80","2016","5","Karnataka","Dakshina Kannada","39.3","117.58","2992.0","-1.0","-1.0","-1.0","-1.0","-1.0","-1.0","-1.0","0.0","0.0","-1.0","-1.0","-1.0","-1.0","-1.0","-1.0","-1.0","-1.0","-1.0","-1.0","-1.0","-1.0","-1.0","-1.0","-1.0","-1.0","-1.0","-1.0","-1.0","-1.0","-1.0","1.33","0.45","336.0","-1.0","-1.0","-1.0","-1.0","-1.0","-1.0","-1.0","-1.0","-1.0","-1.0","-1.0","-1.0","-1.0","-1.0","-1.0","-1.0","-1.0","-1.0","-1.0","-1.0","-1.0","-1.0","-1.0","-1.0","-1.0","-1.0","-1.0","0.01","0.07","6940.0","-1.0","-1.0","-1.0","39.75","2.19","41.94","-1.0","-1.0","0.0"
"80","2017","5","Karnataka","Dakshina Kannada","33.16","90.64","2733.0","-1.0","-1.0","-1.0","-1.0","-1.0","-1.0","-1.0","0.0","0.0","-1.0","-1.0","-1.0","-1.0","-1.0","-1.0","-1.0","-1.0","-1.0","-1.0","-1.0","-1.0","-1.0","-1.0","-1.0","-1.0","-1.0","-1.0","-1.0","-1.0","-1.0","0.98","0.43","437.0","-1.0","-1.0","-1.0","0.28","0.25","878.0","-1.0","-1.0","-1.0","-1.0","-1.0","-1.0","-1.0","-1.0","-1.0","-1.0","-1.0","-1.0","-1.0","-1.0","-1.0","-1.0","-1.0","-1.0","-1.0","-1.0","-1.0","-1.0","-1.0","-1.0","-1.0","-1.0","-1.0","41.1","2.16","43.26","-1.0","-1.0","0.0"
"81","2016","5","Karnataka","Uttara Kannada","66.67","130.86","1963.0","-1.0","-1.0","-1.0","-1.0","-1.0","-1.0","-1.0","0.0","0.0","-1.0","-1.0","-1.0","-1.0","-1.0","-1.0","5.66","30.68","5425.0","-1.0","-1.0","-1.0","-1.0","-1.0","-1.0","0.0","0.0","500.0","0.01","0.01","1000.0","1.5","0.49","327.0","1.71","3.5","2049.0","-1.0","-1.0","-1.0","-1.0","-1.0","-1.0","-1.0","-1.0","-1.0","-1.0","-1.0","-1.0","-1.0","-1.0","-1.0","0.01","0.0","286.0","0.0","0.0","750.0","-1.0","-1.0","-1.0","5.94","37.25","6270.0","1.0","1.0","549.0","9.74","0.17","9.91","-1.0","0.04","0.0"
"81","2017","5","Karnataka","Uttara Kannada","62.87","124.24","1976.0","-1.0","-1.0","-1.0","-1.0","-1.0","-1.0","0.0","0.0","1000.0","0.0","0.0","1000.0","-1.0","-1.0","-1.0","9.87","53.79","5451.0","-1.0","-1.0","-1.0","-1.0","-1.0","-1.0","0.0","0.0","667.0","0.0","0.0","1000.0","1.87","0.76","404.0","1.68","3.55","2111.0","0.0","0.0","1000.0","-1.0","-1.0","-1.0","-1.0","-1.0","-1.0","-1.0","-1.0","-1.0","-1.0","-1.0","-1.0","0.01","0.0","600.0","0.01","0.01","1571.0","-1.0","-1.0","-1.0","-1.0","-1.0","-1.0","1.0","1.0","648.0","9.95","0.16","10.12","-1.0","0.03","0.0"
"82","2016","5","Karnataka","Kodagu","27.93","67.9","2431.0","-1.0","-1.0","-1.0","-1.0","-1.0","-1.0","-1.0","0.0","0.0","-1.0","-1.0","-1.0","-1.0","-1.0","-1.0","3.86","21.39","5538.0","-1.0","-1.0","-1.0","-1.0","-1.0","-1.0","-1.0","-1.0","-1.0","-1.0","-1.0","-1.0","0.02","0.0","200.0","0.06","0.03","500.0","-1.0","-1.0","-1.0","-1.0","-1.0","-1.0","-1.0","-1.0","-1.0","-1.0","-1.0","-1.0","-1.0","-1.0","-1.0","-1.0","-1.0","-1.0","-1.0","-1.0","-1.0","-1.0","-1.0","-1.0","-1.0","-1.0","-1.0","-1.0","-1.0","-1.0","7.11","0.29","7.4","0.02","-1.0","0.0"
"82","2017","5","Karnataka","Kodagu","27.17","64.26","2365.0","-1.0","-1.0","-1.0","-1.0","-1.0","-1.0","-1.0","0.0","0.0","-1.0","-1.0","-1.0","-1.0","-1.0","-1.0","3.56","26.74","7516.0","-1.0","-1.0","-1.0","-1.0","-1.0","-1.0","-1.0","-1.0","-1.0","-1.0","-1.0","-1.0","0.01","0.0","250.0","0.06","0.07","1111.0","-1.0","-1.0","-1.0","-1.0","-1.0","-1.0","-1.0","-1.0","-1.0","-1.0","-1.0","-1.0","-1.0","-1.0","-1.0","-1.0","-1.0","-1.0","-1.0","-1.0","-1.0","-1.0","-1.0","-1.0","-1.0","-1.0","-1.0","-1.0","-1.0","-1.0","7.43","0.3","7.73","0.02","-1.0","0.0"
"83","2016","11","Tamil Nadu","Kancheepuram","72.62","288.04","3967.0","-1.0","-1.0","-1.0","-1.0","-1.0","-1.0","0.0","0.0","333.0","0.0","0.0","333.0","0.1","0.21","2124.0","0.02","0.07","4353.0","0.33","0.74","2236.0","-1.0","-1.0","-1.0","0.05","0.02","469.0","0.04","0.03","651.0","5.06","2.65","524.0","9.63","32.13","3335.0","0.91","0.42","465.0","-1.0","-1.0","-1.0","-1.0","-1.0","-1.0","-1.0","-1.0","-1.0","-1.0","-1.0","-1.0","0.01","0.01","857.0","-1.0","-1.0","-1.0","-1.0","-1.0","-1.0","2.05","17.83","8699.0","0.0","0.0","180.0","6.51","0.92","7.43","-1.0","0.01","0.0"
"83","2017","11","Tamil Nadu","Kancheepuram","90.61","394.58","4354.0","-1.0","-1.0","-1.0","0.01","0.01","1200.0","0.0","0.0","1000.0","0.01","0.01","1167.0","0.04","0.1","2209.0","-1.0","-1.0","-1.0","0.17","0.69","4012.0","-1.0","-1.0","-1.0","-1.0","-1.0","-1.0","0.02","0.02","1059.0","2.79","1.94","697.0","10.39","39.24","3777.0","0.79","0.45","567.0","-1.0","-1.0","-1.0","-1.0","-1.0","-1.0","-1.0","-1.0","-1.0","-1.0","-1.0","-1.0","0.01","0.02","2000.0","-1.0","-1.0","-1.0","-1.0","-1.0","-1.0","1.66","16.61","10000.0","-1.0","-1.0","-1.0","-1.0","-1.0","-1.0","-1.0","0.0","-1.0"
"84","2016","11","Tamil Nadu","South Arcot Cuddalore","131.91","459.91","3487.0","-1.0","-1.0","-1.0","0.01","0.0","800.0","0.01","0.0","375.0","0.01","0.01","538.0","4.24","17.15","4043.0","20.56","33.34","1622.0","0.16","0.29","1811.0","-1.0","-1.0","-1.0","-1.0","-1.0","-1.0","0.15","0.1","656.0","60.87","32.08","527.0","8.6","64.94","7554.0","3.97","1.81","455.0","-1.0","-1.0","-1.0","-1.0","-1.0","-1.0","-1.0","-1.0","-1.0","-1.0","-1.0","-1.0","0.01","0.01","556.0","-1.0","-1.0","-1.0","-1.0","-1.0","-1.0","21.63","209.05","9666.0","6.0","1.0","131.0","36.24","6.95","43.19","-1.0","0.07","0.0"
"84","2017","11","Tamil Nadu","South Arcot Cuddalore","131.22","564.54","4302.0","-1.0","-1.0","-1.0","0.02","0.02","1118.0","-1.0","0.0","0.0","0.02","0.02","1118.0","5.22","19.88","3811.0","18.86","123.52","6551.0","0.18","0.7","3899.0","-1.0","-1.0","-1.0","-1.0","-1.0","-1.0","0.07","0.07","1090.0","61.26","51.0","832.0","10.12","74.38","7350.0","3.19","1.71","536.0","0.0","-1.0","-1.0","-1.0","-1.0","-1.0","0.01","0.01","693.0","-1.0","-1.0","-1.0","0.0","0.0","1333.0","-1.0","-1.0","-1.0","-1.0","-1.0","-1.0","18.75","209.97","11200.0","11.0","0.0","0.0","-1.0","-1.0","-1.0","-1.0","0.04","-1.0"
"85","2016","11","Tamil Nadu","North Arcot Vellore","44.57","187.01","4196.0","-1.0","-1.0","-1.0","5.17","6.79","1313.0","0.18","0.06","341.0","5.35","6.85","1281.0","2.46","6.99","2840.0","3.1","13.88","4472.0","4.52","13.63","3015.0","-1.0","-1.0","-1.0","0.02","0.01","471.0","13.38","12.54","938.0","11.2","5.48","490.0","34.17","81.45","2383.0","0.36","0.14","383.0","-1.0","-1.0","-1.0","-1.0","-1.0","-1.0","0.29","0.11","373.0","-1.0","-1.0","-1.0","0.01","0.0","500.0","-1.0","-1.0","-1.0","-1.0","-1.0","-1.0","5.94","56.18","9464.0","6.0","2.0","309.0","16.8","5.09","21.89","0.0","0.06","1.0"
"85","2017","11","Tamil Nadu","North Arcot Vellore","54.94","255.17","4645.0","-1.0","-1.0","-1.0","4.65","7.14","1536.0","0.18","0.19","1079.0","4.83","7.33","1519.0","1.35","3.54","2619.0","3.26","28.35","8699.0","6.78","23.97","3535.0","-1.0","-1.0","-1.0","0.01","0.01","1000.0","9.88","11.35","1149.0","15.2","12.02","791.0","29.84","78.56","2633.0","0.19","0.11","596.0","0.0","-1.0","-1.0","-1.0","-1.0","-1.0","0.23","0.09","376.0","-1.0","-1.0","-1.0","0.01","0.01","1857.0","-1.0","-1.0","-1.0","-1.0","-1.0","-1.0","5.2","46.29","8900.0","6.0","0.0","1.0","-1.0","-1.0","-1.0","-1.0","0.02","-1.0"
"86","2016","11","Tamil Nadu","Salem","18.68","94.74","5072.0","-1.0","-1.0","-1.0","21.28","23.63","1110.0","5.25","4.56","869.0","26.53","28.19","1063.0","1.19","2.07","1744.0","30.36","237.71","7829.0","5.01","9.56","1907.0","-1.0","-1.0","-1.0","0.02","0.01","588.0","4.27","2.03","476.0","22.76","17.47","768.0","15.77","27.63","1753.0","0.35","0.2","565.0","-1.0","-1.0","-1.0","-1.0","-1.0","-1.0","0.91","0.28","310.0","-1.0","-1.0","-1.0","0.01","0.0","667.0","-1.0","-1.0","-1.0","-1.0","-1.0","-1.0","5.96","42.72","7167.0","13.0","4.0","333.0","8.99","16.95","25.93","-1.0","0.88","5.0"
"86","2017","11","Tamil Nadu","Salem","18.68","94.74","5071.0","-1.0","-1.0","-1.0","36.5","34.93","957.0","14.46","17.58","1216.0","50.96","52.51","1030.0","0.59","1.16","1974.0","34.41","328.17","9537.0","7.31","25.63","3507.0","-1.0","-1.0","-1.0","0.01","0.01","900.0","2.32","2.19","943.0","51.74","38.64","747.0","17.75","47.33","2667.0","1.95","1.07","546.0","-1.0","-1.0","-1.0","-1.0","-1.0","-1.0","0.56","0.17","308.0","-1.0","-1.0","-1.0","0.02","0.02","1333.0","-1.0","-1.0","-1.0","-1.0","-1.0","-1.0","5.76","55.82","9700.0","17.0","0.0","0.0","-1.0","-1.0","-1.0","-1.0","0.44","-1.0"
"87","2016","11","Tamil Nadu","Coimbatore","0.87","3.52","4034.0","-1.0","-1.0","-1.0","12.66","13.16","1040.0","11.74","0.65","55.0","24.4","13.81","566.0","0.3","0.36","1202.0","3.99","9.43","2365.0","0.01","0.02","2556.0","-1.0","-1.0","-1.0","1.39","0.94","672.0","0.26","0.17","655.0","3.18","1.36","428.0","3.32","5.86","1767.0","0.26","0.1","394.0","0.0","0.0","500.0","-1.0","-1.0","-1.0","0.02","0.01","353.0","-1.0","-1.0","-1.0","-1.0","-1.0","-1.0","-1.0","-1.0","-1.0","-1.0","-1.0","-1.0","0.79","6.89","8699.0","0.0","0.0","239.0","11.47","6.15","17.62","-1.0","1.37","1.0"
"87","2017","11","Tamil Nadu","Coimbatore","0.68","2.33","3421.0","-1.0","-1.0","-1.0","19.19","13.47","702.0","7.59","4.08","538.0","26.77","17.55","656.0","0.21","0.46","2229.0","3.95","30.42","7708.0","0.01","0.02","3500.0","-1.0","-1.0","-1.0","1.39","1.28","926.0","0.17","0.19","1094.0","6.94","3.99","574.0","3.58","7.19","2009.0","0.2","0.09","444.0","-1.0","-1.0","-1.0","-1.0","-1.0","-1.0","0.02","0.01","400.0","-1.0","-1.0","-1.0","0.0","0.0","1000.0","-1.0","-1.0","-1.0","-1.0","-1.0","-1.0","0.4","4.01","10000.0","0.0","0.0","0.0","-1.0","-1.0","-1.0","-1.0","1.16","-1.0"
"88","2016","11","Tamil Nadu","Tiruchirapalli Trichy","58.57","244.21","4170.0","-1.0","-1.0","-1.0","17.22","14.33","832.0","4.69","1.3","278.0","21.91","15.63","713.0","0.89","0.92","1030.0","11.01","35.49","3223.0","0.0","0.0","2000.0","-1.0","-1.0","-1.0","0.01","0.01","583.0","2.73","1.48","541.0","4.47","2.05","458.0","7.42","9.31","1255.0","0.99","0.72","724.0","0.0","-1.0","-1.0","-1.0","-1.0","-1.0","0.23","0.08","351.0","-1.0","-1.0","-1.0","0.6","0.48","802.0","-1.0","-1.0","-1.0","-1.0","-1.0","-1.0","2.38","22.31","9359.0","12.0","3.0","226.0","10.82","8.91","19.74","-1.0","3.38","3.0"
"88","2017","11","Tamil Nadu","Tiruchirapalli Trichy","46.62","238.33","5112.0","-1.0","-1.0","-1.0","28.76","55.38","1926.0","5.24","10.62","2028.0","33.99","66.0","1942.0","0.52","1.3","2515.0","12.27","124.84","10175.0","0.01","0.02","3600.0","-1.0","-1.0","-1.0","0.01","0.01","1000.0","2.58","4.4","1701.0","7.65","6.46","844.0","10.38","29.19","2811.0","1.41","1.03","730.0","-1.0","-1.0","-1.0","-1.0","-1.0","-1.0","0.36","0.13","377.0","-1.0","-1.0","-1.0","0.08","0.15","1875.0","-1.0","-1.0","-1.0","-1.0","-1.0","-1.0","1.75","14.87","8500.0","15.0","0.0","0.0","-1.0","-1.0","-1.0","-1.0","2.06","-1.0"
"89","2016","11","Tamil Nadu","Thanjavur","177.43","637.0","3590.0","-1.0","-1.0","-1.0","-1.0","-1.0","-1.0","-1.0","0.0","0.0","-1.0","-1.0","-1.0","-1.0","-1.0","-1.0","0.54","1.75","3246.0","0.01","0.01","2000.0","-1.0","-1.0","-1.0","-1.0","-1.0","-1.0","0.08","0.05","653.0","25.91","18.18","702.0","7.23","26.61","3680.0","4.98","1.57","314.0","-1.0","-1.0","-1.0","-1.0","-1.0","-1.0","0.01","-1.0","-1.0","-1.0","-1.0","-1.0","0.0","0.0","1000.0","-1.0","-1.0","-1.0","-1.0","-1.0","-1.0","5.66","50.07","8845.0","2.0","1.0","798.0","6.13","0.79","6.92","-1.0","0.02","0.0"
"89","2017","11","Tamil Nadu","Thanjavur","170.7","668.51","3916.0","-1.0","-1.0","-1.0","0.0","0.01","1250.0","0.0","0.0","1000.0","0.01","0.01","1125.0","0.0","0.01","2333.0","0.9","7.52","8357.0","0.0","0.01","3667.0","-1.0","-1.0","-1.0","0.0","0.0","1000.0","0.07","0.08","1083.0","34.87","31.74","910.0","8.01","32.76","4090.0","3.57","1.11","312.0","-1.0","-1.0","-1.0","-1.0","-1.0","-1.0","0.01","0.0","389.0","-1.0","-1.0","-1.0","-1.0","-1.0","-1.0","-1.0","-1.0","-1.0","-1.0","-1.0","-1.0","4.75","48.02","10100.0","1.0","0.0","1.0","-1.0","-1.0","-1.0","-1.0","0.06","-1.0"
"90","2016","11","Tamil Nadu","Madurai","55.98","203.67","3638.0","-1.0","-1.0","-1.0","4.26","7.8","1833.0","4.6","3.84","835.0","8.86","11.64","1315.0","1.07","2.45","2291.0","11.86","17.28","1457.0","0.05","0.14","3109.0","-1.0","-1.0","-1.0","0.03","0.02","625.0","2.34","1.73","737.0","4.63","2.43","525.0","1.9","4.45","2341.0","0.35","0.14","381.0","-1.0","-1.0","-1.0","-1.0","-1.0","-1.0","0.02","0.01","375.0","-1.0","-1.0","-1.0","0.12","0.03","229.0","-1.0","-1.0","-1.0","-1.0","-1.0","-1.0","2.72","17.59","6464.0","9.0","2.0","216.0","11.68","2.41","14.09","-1.0","0.46","1.0"
"90","2017","11","Tamil Nadu","Madurai","20.93","84.58","4041.0","-1.0","-1.0","-1.0","10.27","27.71","2699.0","1.57","3.56","2272.0","11.83","31.27","2642.0","1.61","4.96","3070.0","8.79","59.38","6757.0","0.01","0.04","3600.0","-1.0","-1.0","-1.0","0.05","0.05","923.0","2.79","3.47","1241.0","9.18","6.65","725.0","1.77","5.33","3004.0","0.18","0.11","590.0","-1.0","-1.0","-1.0","-1.0","-1.0","-1.0","0.04","0.01","358.0","-1.0","-1.0","-1.0","0.0","0.0","667.0","-1.0","-1.0","-1.0","-1.0","-1.0","-1.0","2.37","19.94","8400.0","12.0","0.0","0.0","-1.0","-1.0","-1.0","-1.0","0.25","-1.0"
"91","2016","11","Tamil Nadu","Ramananthapuram","121.85","303.46","2490.0","-1.0","-1.0","-1.0","-1.0","-1.0","-1.0","3.23","0.0","0.0","3.23","-1.0","-1.0","0.86","-1.0","-1.0","0.66","0.83","1255.0","0.15","0.48","3125.0","-1.0","-1.0","-1.0","-1.0","-1.0","-1.0","0.0","0.0","500.0","3.81","1.35","353.0","3.12","1.23","393.0","0.77","0.06","76.0","-1.0","-1.0","-1.0","-1.0","-1.0","-1.0","0.0","-1.0","-1.0","-1.0","-1.0","-1.0","0.3","0.07","228.0","-1.0","-1.0","-1.0","-1.0","-1.0","-1.0","0.32","2.78","8699.0","2.0","0.0","58.0","0.73","0.26","0.99","-1.0","0.11","0.0"
"91","2017","11","Tamil Nadu","Ramananthapuram","126.64","303.46","2396.0","-1.0","-1.0","-1.0","-1.0","-1.0","-1.0","3.6","2.03","563.0","3.6","2.03","563.0","0.6","0.46","761.0","0.75","5.03","6692.0","0.33","1.47","4458.0","-1.0","-1.0","-1.0","-1.0","-1.0","-1.0","0.0","0.0","1000.0","4.06","2.65","653.0","2.93","3.22","1102.0","1.13","0.19","170.0","-1.0","-1.0","-1.0","-1.0","-1.0","-1.0","-1.0","-1.0","-1.0","-1.0","-1.0","-1.0","0.48","0.12","250.0","-1.0","-1.0","-1.0","-1.0","-1.0","-1.0","0.21","2.13","10000.0","2.0","0.0","0.0","-1.0","-1.0","-1.0","-1.0","0.1","-1.0"
"92","2016","11","Tamil Nadu","Thirunelveli","29.88","105.19","3520.0","-1.0","-1.0","-1.0","1.96","1.63","830.0","0.12","0.04","339.0","2.08","1.67","802.0","0.05","0.15","2685.0","12.51","6.66","532.0","0.01","0.02","1900.0","-1.0","-1.0","-1.0","-1.0","-1.0","-1.0","0.03","0.02","645.0","34.0","3.27","96.0","0.84","1.41","1672.0","0.21","0.08","389.0","-1.0","-1.0","-1.0","-1.0","-1.0","-1.0","0.0","-1.0","-1.0","-1.0","-1.0","-1.0","0.13","0.1","797.0","-1.0","-1.0","-1.0","-1.0","-1.0","-1.0","2.44","9.8","4017.0","4.0","1.0","267.0","22.72","4.54","27.26","-1.0","2.49","1.0"
"92","2017","11","Tamil Nadu","Thirunelveli","63.31","294.21","4647.0","-1.0","-1.0","-1.0","0.32","1.15","3626.0","0.08","0.08","1080.0","0.39","1.23","3140.0","0.14","0.29","2064.0","11.61","69.97","6026.0","0.03","0.11","4400.0","-1.0","-1.0","-1.0","-1.0","-1.0","-1.0","0.01","0.01","1083.0","35.51","18.97","534.0","0.57","1.84","3235.0","0.41","0.23","568.0","-1.0","-1.0","-1.0","-1.0","-1.0","-1.0","0.0","-1.0","-1.0","-1.0","-1.0","-1.0","0.04","0.03","868.0","-1.0","-1.0","-1.0","-1.0","-1.0","-1.0","2.53","25.29","10000.0","4.0","0.0","0.0","-1.0","-1.0","-1.0","-1.0","0.2","-1.0"
"93","2016","11","Tamil Nadu","The Nilgiris","0.24","1.04","4292.0","0.01","-1.0","-1.0","-1.0","-1.0","-1.0","-1.0","0.0","0.0","-1.0","-1.0","-1.0","-1.0","-1.0","-1.0","-1.0","-1.0","-1.0","-1.0","-1.0","-1.0","-1.0","-1.0","-1.0","-1.0","-1.0","-1.0","-1.0","-1.0","-1.0","0.0","0.0","1000.0","0.0","0.01","1500.0","-1.0","-1.0","-1.0","-1.0","-1.0","-1.0","-1.0","-1.0","-1.0","-1.0","-1.0","-1.0","-1.0","-1.0","-1.0","-1.0","-1.0","-1.0","-1.0","-1.0","-1.0","-1.0","-1.0","-1.0","0.0","0.03","8700.0","-1.0","-1.0","-1.0","0.93","5.56","6.48","1.38","-1.0","0.0"
"93","2017","11","Tamil Nadu","The Nilgiris","0.24","0.92","3854.0","-1.0","-1.0","-1.0","-1.0","-1.0","-1.0","-1.0","0.0","0.0","-1.0","-1.0","-1.0","-1.0","-1.0","-1.0","-1.0","-1.0","-1.0","-1.0","-1.0","-1.0","-1.0","-1.0","-1.0","-1.0","-1.0","-1.0","-1.0","-1.0","-1.0","0.0","0.0","500.0","0.01","0.02","2857.0","-1.0","-1.0","-1.0","-1.0","-1.0","-1.0","-1.0","-1.0","-1.0","-1.0","-1.0","-1.0","-1.0","-1.0","-1.0","-1.0","-1.0","-1.0","-1.0","-1.0","-1.0","-1.0","-1.0","-1.0","0.01","0.05","10000.0","-1.0","-1.0","-1.0","-1.0","-1.0","-1.0","0.94","-1.0","-1.0"
"94","2016","11","Tamil Nadu","Kanyakumari","12.16","48.67","4004.0","-1.0","-1.0","-1.0","-1.0","-1.0","-1.0","-1.0","0.0","0.0","-1.0","-1.0","-1.0","-1.0","-1.0","-1.0","0.05","0.14","2872.0","-1.0","-1.0","-1.0","-1.0","-1.0","-1.0","-1.0","-1.0","-1.0","0.0","0.0","500.0","0.57","0.26","452.0","0.03","0.06","1933.0","-1.0","-1.0","-1.0","-1.0","-1.0","-1.0","-1.0","-1.0","-1.0","-1.0","-1.0","-1.0","-1.0","-1.0","-1.0","-1.0","-1.0","-1.0","-1.0","-1.0","-1.0","-1.0","-1.0","-1.0","-1.0","-1.0","-1.0","-1.0","-1.0","-1.0","9.47","1.5","10.97","-1.0","-1.0","0.0"
"94","2017","11","Tamil Nadu","Kanyakumari","9.63","33.03","3431.0","-1.0","-1.0","-1.0","0.0","0.0","1000.0","-1.0","0.0","0.0","0.0","0.0","1000.0","-1.0","-1.0","-1.0","0.01","0.04","7200.0","-1.0","-1.0","-1.0","-1.0","-1.0","-1.0","-1.0","-1.0","-1.0","-1.0","-1.0","-1.0","0.34","0.25","746.0","0.01","0.03","3400.0","-1.0","-1.0","-1.0","-1.0","-1.0","-1.0","-1.0","-1.0","-1.0","-1.0","-1.0","-1.0","-1.0","-1.0","-1.0","-1.0","-1.0","-1.0","-1.0","-1.0","-1.0","-1.0","-1.0","-1.0","-1.0","-1.0","-1.0","-1.0","-1.0","-1.0","-1.0","-1.0","-1.0","-1.0","-1.0","-1.0"
"96","2016","7","Maharashtra","Thane","55.1","149.7","2717.0","0.0","0.0","2000.0","-1.0","-1.0","-1.0","-1.0","0.0","0.0","-1.0","-1.0","-1.0","-1.0","-1.0","-1.0","-1.0","-1.0","-1.0","2.1","3.6","1714.0","-1.0","-1.0","-1.0","1.4","1.3","929.0","0.08","0.07","823.0","3.61","2.45","679.0","-1.0","-1.0","-1.0","0.1","0.03","300.0","-1.0","-1.0","-1.0","-1.0","-1.0","-1.0","-1.0","-1.0","-1.0","-1.0","-1.0","-1.0","0.2","0.12","575.0","-1.0","-1.0","-1.0","-1.0","-1.0","-1.0","-1.0","-1.0","-1.0","-1.0","-1.0","-1.0","-1.0","-1.0","-1.0","-1.0","-1.0","-1.0"
"96","2017","7","Maharashtra","Thane","54.75","101.2","1848.0","0.0","0.0","2000.0","-1.0","-1.0","-1.0","-1.0","0.0","0.0","-1.0","-1.0","-1.0","-1.0","-1.0","-1.0","0.0","0.0","4000.0","2.6","4.0","1538.0","-1.0","-1.0","-1.0","1.4","1.2","857.0","-1.0","-1.0","-1.0","3.42","2.31","677.0","0.0","0.0","1500.0","-1.0","-1.0","-1.0","-1.0","-1.0","-1.0","-1.0","-1.0","-1.0","-1.0","-1.0","-1.0","-1.0","-1.0","-1.0","-1.0","-1.0","-1.0","-1.0","-1.0","-1.0","-1.0","-1.0","-1.0","-1.0","-1.0","-1.0","-1.0","-1.0","-1.0","-1.0","-1.0","-1.0","-1.0","-1.0","-1.0"
"97","2016","7","Maharashtra","Raigarh","113.3","309.1","2728.0","-1.0","-1.0","-1.0","-1.0","-1.0","-1.0","-1.0","0.0","0.0","-1.0","-1.0","-1.0","-1.0","-1.0","-1.0","-1.0","-1.0","-1.0","6.8","5.6","824.0","-1.0","-1.0","-1.0","0.9","0.8","889.0","1.76","1.44","819.0","18.31","13.0","710.0","0.2","0.3","1500.0","0.22","0.08","359.0","-1.0","-1.0","-1.0","-1.0","-1.0","-1.0","-1.0","-1.0","-1.0","-1.0","-1.0","-1.0","-1.0","-1.0","-1.0","-1.0","-1.0","-1.0","-1.0","-1.0","-1.0","-1.0","-1.0","-1.0","-1.0","-1.0","-1.0","-1.0","-1.0","-1.0","-1.0","-1.0","-1.0"
"97","2017","7","Maharashtra","Raigarh","114.24","310.8","2721.0","-1.0","-1.0","-1.0","-1.0","-1.0","-1.0","-1.0","0.0","0.0","-1.0","-1.0","-1.0","-1.0","-1.0","-1.0","-1.0","-1.0","-1.0","6.7","5.3","791.0","-1.0","-1.0","-1.0","0.01","-1.0","-1.0","0.3","0.2","667.0","12.03","3.91","325.0","0.12","0.2","1626.0","-1.0","-1.0","-1.0","0.03","0.01","333.0","-1.0","-1.0","-1.0","-1.0","-1.0","-1.0","-1.0","-1.0","-1.0","-1.0","-1.0","-1.0","-1.0","-1.0","-1.0","-1.0","-1.0","-1.0","-1.0","-1.0","-1.0","-1.0","-1.0","-1.0","-1.0","-1.0","-1.0","-1.0","-1.0","-1.0"
"98","2016","7","Maharashtra","Ratnagiri","75.34","236.4","3138.0","-1.0","-1.0","-1.0","-1.0","-1.0","-1.0","-1.0","0.0","0.0","-1.0","-1.0","-1.0","-1.0","-1.0","-1.0","-1.0","-1.0","-1.0","13.6","19.2","1412.0","-1.0","-1.0","-1.0","-1.0","-1.0","-1.0","0.18","0.15","817.0","4.64","3.23","696.0","0.1","0.07","700.0","0.04","0.02","366.0","0.06","0.04","667.0","-1.0","-1.0","-1.0","0.01","0.01","500.0","-1.0","-1.0","-1.0","-1.0","-1.0","-1.0","-1.0","-1.0","-1.0","-1.0","-1.0","-1.0","0.1","0.96","10105.0","-1.0","-1.0","-1.0","-1.0","-1.0","-1.0","-1.0","-1.0","-1.0"
"98","2017","7","Maharashtra","Ratnagiri","75.23","224.5","2984.0","-1.0","-1.0","-1.0","-1.0","-1.0","-1.0","-1.0","0.0","0.0","-1.0","-1.0","-1.0","-1.0","-1.0","-1.0","-1.0","-1.0","-1.0","14.2","21.4","1507.0","-1.0","-1.0","-1.0","-1.0","-1.0","-1.0","-1.0","-1.0","-1.0","4.7","3.3","702.0","0.03","0.04","1481.0","0.04","0.01","300.0","0.03","0.02","667.0","-1.0","-1.0","-1.0","-1.0","-1.0","-1.0","-1.0","-1.0","-1.0","-1.0","-1.0","-1.0","-1.0","-1.0","-1.0","-1.0","-1.0","-1.0","0.04","0.26","5909.0","-1.0","-1.0","-1.0","-1.0","-1.0","-1.0","-1.0","-1.0","-1.0"
"99","2016","7","Maharashtra","Nasik","71.9","145.8","2028.0","79.2","177.6","2242.0","1.1","2.1","1909.0","6.4","3.9","609.0","7.5","6.0","800.0","156.0","249.3","1598.0","152.0","700.4","4608.0","25.5","23.4","918.0","-1.0","-1.0","-1.0","59.6","42.5","713.0","7.44","5.67","763.0","20.06","10.01","499.0","22.6","37.21","1646.0","0.02","0.01","375.0","0.1","-1.0","-1.0","-1.0","-1.0","-1.0","0.9","0.3","333.0","0.0","0.0","500.0","0.05","0.02","407.0","68.7","103.0","1499.0","-1.0","-1.0","-1.0","11.22","96.62","8614.0","47.0","29.0","611.0","-1.0","-1.0","-1.0","-1.0","-1.0","-1.0"
"99","2017","7","Maharashtra","Nasik","72.5","153.6","2119.0","112.46","223.6","1988.0","0.8","1.1","1375.0","5.8","3.9","672.0","6.6","5.0","758.0","136.5","199.9","1464.0","163.58","770.1","4708.0","26.0","19.0","731.0","-1.0","-1.0","-1.0","72.5","61.7","851.0","7.6","6.2","816.0","20.69","13.2","638.0","24.33","33.52","1378.0","0.03","0.01","303.0","0.1","0.1","1000.0","-1.0","-1.0","-1.0","0.3","0.1","333.0","-1.0","-1.0","-1.0","0.04","0.02","535.0","67.5","137.6","2039.0","-1.0","-1.0","-1.0","11.87","98.86","8332.0","65.0","26.0","397.0","-1.0","-1.0","-1.0","-1.0","-1.0","-1.0"
"100","2016","7","Maharashtra","Dhule","6.4","10.5","1641.0","40.4","87.3","2161.0","20.0","24.3","1215.0","12.1","13.8","1140.0","32.1","38.1","1187.0","77.4","60.4","780.0","68.7","184.7","2689.0","1.8","2.0","1111.0","-1.0","-1.0","-1.0","33.1","94.8","2864.0","9.08","7.64","841.0","31.06","10.36","333.0","18.6","14.23","765.0","1.47","0.32","214.0","-1.0","-1.0","-1.0","-1.0","-1.0","-1.0","0.01","0.0","333.0","-1.0","-1.0","-1.0","0.07","0.02","343.0","18.3","25.3","1383.0","-1.0","-1.0","-1.0","4.51","52.24","11588.0","196.0","62.0","317.0","-1.0","-1.0","-1.0","-1.0","-1.0","-1.0"
"100","2017","7","Maharashtra","Dhule","7.0","14.1","2014.0","52.9","116.9","2210.0","22.0","32.7","1486.0","16.3","16.8","1031.0","38.3","49.5","1292.0","77.8","103.3","1328.0","69.85","232.5","3329.0","1.6","2.2","1375.0","-1.0","-1.0","-1.0","69.7","149.7","2148.0","9.9","9.3","939.0","33.76","20.21","599.0","18.71","21.37","1142.0","0.36","0.09","254.0","-1.0","-1.0","-1.0","-1.0","-1.0","-1.0","-1.0","-1.0","-1.0","-1.0","-1.0","-1.0","0.01","0.01","500.0","18.46","32.7","1772.0","-1.0","-1.0","-1.0","2.5","19.92","7965.0","200.0","68.0","341.0","-1.0","-1.0","-1.0","-1.0","-1.0","-1.0"
"101","2016","7","Maharashtra","Jalgaon","0.0","0.0","0.0","52.7","106.1","2013.0","54.9","126.4","2302.0","34.1","53.8","1578.0","89.0","180.2","2025.0","20.5","28.7","1400.0","197.6","670.3","3392.0","-1.0","-1.0","-1.0","-1.0","-1.0","-1.0","64.3","89.2","1387.0","19.76","21.39","1082.0","63.19","44.79","709.0","4.9","6.8","1388.0","3.43","0.89","259.0","0.02","0.01","500.0","0.11","0.05","455.0","-1.0","-1.0","-1.0","0.04","0.02","510.0","0.01","0.0","333.0","33.9","63.6","1876.0","-1.0","-1.0","-1.0","9.16","84.59","9232.0","504.0","263.0","522.0","-1.0","-1.0","-1.0","-1.0","-1.0","-1.0"
"101","2017","7","Maharashtra","Jalgaon","0.0","0.0","0.0","51.01","97.3","1907.0","55.7","105.8","1899.0","35.4","60.8","1718.0","91.1","166.6","1829.0","20.2","20.2","1000.0","202.67","723.5","3570.0","-1.0","-1.0","-1.0","-1.0","-1.0","-1.0","72.3","92.2","1275.0","19.5","14.4","738.0","62.63","32.7","522.0","5.05","5.6","1108.0","3.63","1.24","343.0","0.01","0.01","1000.0","-1.0","-1.0","-1.0","-1.0","-1.0","-1.0","-1.0","-1.0","-1.0","0.01","0.01","556.0","34.14","55.9","1637.0","-1.0","-1.0","-1.0","9.33","79.31","8501.0","514.0","150.0","292.0","-1.0","-1.0","-1.0","-1.0","-1.0","-1.0"
"102","2016","7","Maharashtra","Ahmednagar","15.0","26.2","1747.0","60.0","127.2","2120.0","1.4","0.3","214.0","492.8","245.7","499.0","494.2","246.0","498.0","146.4","149.8","1023.0","68.0","245.4","3609.0","0.1","0.1","1000.0","-1.0","-1.0","-1.0","160.1","130.6","816.0","21.97","22.04","1003.0","69.29","32.56","470.0","16.2","21.9","1352.0","0.22","0.05","210.0","0.01","0.0","154.0","0.4","0.03","75.0","0.03","0.01","333.0","-1.0","-1.0","-1.0","0.47","0.39","827.0","52.0","41.7","802.0","-1.0","-1.0","-1.0","60.97","418.14","6858.0","132.0","25.0","190.0","-1.0","-1.0","-1.0","-1.0","-1.0","-1.0"
"102","2017","7","Maharashtra","Ahmednagar","16.2","37.3","2302.0","79.8","177.5","2224.0","1.6","1.0","625.0","548.9","298.3","543.0","550.5","299.3","544.0","119.5","120.1","1005.0","78.38","241.9","3086.0","0.1","0.1","1000.0","-1.0","-1.0","-1.0","208.01","166.0","798.0","15.7","15.6","994.0","80.16","29.03","362.0","15.72","19.5","1241.0","0.24","0.08","324.0","0.21","0.09","425.0","0.1","0.04","400.0","1.09","0.22","202.0","0.05","0.02","340.0","0.71","0.39","553.0","59.28","86.9","1466.0","-1.0","-1.0","-1.0","104.4","1130.89","10832.0","133.0","40.0","299.0","-1.0","-1.0","-1.0","-1.0","-1.0","-1.0"
"103","2016","7","Maharashtra","Pune","53.5","115.4","2157.0","68.9","165.2","2398.0","1.8","0.4","222.0","277.8","97.6","351.0","279.6","98.0","351.0","30.4","22.2","730.0","42.6","257.4","6042.0","3.5","2.9","829.0","-1.0","-1.0","-1.0","80.5","86.5","1075.0","1.77","1.55","873.0","35.74","12.9","361.0","21.8","28.2","1294.0","0.74","0.19","259.0","-1.0","-1.0","-1.0","-1.0","-1.0","-1.0","-1.0","-1.0","-1.0","-1.0","-1.0","-1.0","0.13","0.11","872.0","18.0","38.3","2128.0","-1.0","-1.0","-1.0","95.9","907.09","9458.0","-1.0","-1.0","-1.0","-1.0","-1.0","-1.0","-1.0","-1.0","-1.0"
"103","2017","7","Maharashtra","Pune","52.0","124.0","2385.0","72.4","177.2","2448.0","1.7","1.6","941.0","223.4","163.4","731.0","225.1","165.0","733.0","32.0","23.1","722.0","47.33","146.6","3098.0","2.7","2.2","815.0","-1.0","-1.0","-1.0","90.3","102.7","1137.0","2.0","1.3","650.0","36.53","11.73","321.0","21.69","23.1","1065.0","0.88","0.28","314.0","0.01","0.0","400.0","-1.0","-1.0","-1.0","0.1","0.01","100.0","-1.0","-1.0","-1.0","0.23","0.12","541.0","20.23","40.9","2022.0","-1.0","-1.0","-1.0","113.14","1327.06","11729.0","-1.0","-1.0","-1.0","-1.0","-1.0","-1.0","-1.0","-1.0","-1.0"
"104","2016","7","Maharashtra","Satara","47.0","82.1","1747.0","35.6","71.2","2000.0","24.4","25.3","1037.0","149.6","108.8","727.0","174.0","134.1","771.0","72.1","52.8","732.0","35.5","77.7","2189.0","4.5","4.4","978.0","-1.0","-1.0","-1.0","32.0","25.6","800.0","2.33","0.88","377.0","52.15","26.15","501.0","43.0","59.3","1379.0","0.01","0.0","250.0","0.1","0.02","200.0","0.1","0.1","1000.0","0.1","0.03","300.0","-1.0","-1.0","-1.0","19.92","13.01","653.0","67.2","121.8","1813.0","-1.0","-1.0","-1.0","50.33","625.97","12438.0","0.0","0.0","360.0","-1.0","-1.0","-1.0","-1.0","-1.0","-1.0"
"104","2017","7","Maharashtra","Satara","45.8","83.0","1812.0","37.2","75.1","2019.0","24.1","33.1","1373.0","136.6","124.6","912.0","160.7","157.7","981.0","67.4","34.1","506.0","33.99","98.1","2886.0","4.5","5.1","1133.0","-1.0","-1.0","-1.0","31.0","28.9","932.0","1.7","0.3","176.0","48.17","45.2","938.0","35.68","51.6","1446.0","0.01","0.0","300.0","0.1","0.04","400.0","0.1","0.1","1000.0","0.05","0.01","208.0","-1.0","-1.0","-1.0","0.64","0.33","523.0","69.7","128.5","1844.0","-1.0","-1.0","-1.0","80.64","798.38","9900.0","0.0","0.0","212.0","-1.0","-1.0","-1.0","-1.0","-1.0","-1.0"
"105","2016","7","Maharashtra","Sangli","16.8","42.9","2554.0","25.6","63.6","2484.0","66.0","66.2","1003.0","149.4","77.0","515.0","215.4","143.2","665.0","66.1","47.1","713.0","64.0","195.7","3058.0","-1.0","-1.0","-1.0","-1.0","-1.0","-1.0","28.3","23.6","834.0","10.71","4.04","377.0","38.15","24.75","649.0","32.6","41.8","1282.0","0.02","0.01","250.0","-1.0","-1.0","-1.0","0.4","0.3","750.0","-1.0","-1.0","-1.0","0.01","0.01","600.0","0.79","0.35","442.0","57.3","127.0","2216.0","-1.0","-1.0","-1.0","72.36","780.95","10793.0","1.0","0.0","540.0","-1.0","-1.0","-1.0","-1.0","-1.0","-1.0"
"105","2017","7","Maharashtra","Sangli","17.0","39.3","2312.0","25.1","49.8","1984.0","53.8","44.9","835.0","139.3","86.8","623.0","193.1","131.7","682.0","58.8","8.7","148.0","58.78","142.2","2419.0","-1.0","-1.0","-1.0","-1.0","-1.0","-1.0","29.4","26.9","915.0","7.4","2.2","297.0","36.44","7.64","210.0","29.25","35.2","1204.0","0.02","0.02","909.0","0.01","0.01","714.0","0.5","0.3","600.0","0.03","0.01","370.0","-1.0","-1.0","-1.0","1.26","0.74","584.0","47.3","78.8","1666.0","-1.0","-1.0","-1.0","80.18","854.68","10660.0","0.0","0.0","142.0","-1.0","-1.0","-1.0","-1.0","-1.0","-1.0"
"106","2016","7","Maharashtra","Solapur","0.2","0.04","215.0","58.1","77.78","1339.0","0.2","0.08","400.0","658.5","361.78","549.0","658.7","361.86","549.0","26.9","9.4","349.0","63.0","104.4","1657.0","0.1","0.05","500.0","-1.0","-1.0","-1.0","56.5","38.1","674.0","29.97","16.8","561.0","26.6","14.36","540.0","5.1","5.65","1108.0","0.19","0.05","273.0","0.3","0.04","133.0","3.3","1.9","576.0","0.3","0.08","267.0","0.03","0.02","667.0","3.25","1.15","353.0","27.7","10.17","367.0","-1.0","-1.0","-1.0","64.74","476.21","7355.0","1.0","0.0","274.0","-1.0","-1.0","-1.0","-1.0","-1.0","-1.0"
"106","2017","7","Maharashtra","Solapur","0.6","0.07","117.0","68.7","81.83","1191.0","-1.0","-1.0","-1.0","656.9","370.08","563.0","656.9","370.08","563.0","28.6","9.74","341.0","75.81","156.12","2059.0","-1.0","-1.0","-1.0","-1.0","-1.0","-1.0","68.25","46.1","675.0","29.8","18.7","628.0","36.99","7.1","192.0","5.12","5.51","1077.0","0.41","0.15","351.0","0.1","0.02","200.0","0.8","0.4","500.0","0.1","0.02","200.0","0.08","0.03","350.0","21.09","10.91","517.0","33.59","38.56","1148.0","-1.0","-1.0","-1.0","100.51","1046.81","10416.0","0.0","0.0","240.0","-1.0","-1.0","-1.0","-1.0","-1.0","-1.0"
"107","2016","7","Maharashtra","Kolhapur","114.2","397.8","3483.0","4.3","9.7","2256.0","6.0","9.8","1633.0","15.1","32.6","2159.0","21.1","42.4","2009.0","-1.0","-1.0","-1.0","12.0","44.4","3700.0","21.7","36.1","1664.0","-1.0","-1.0","-1.0","8.9","7.5","843.0","1.32","0.5","377.0","7.92","3.97","501.0","48.9","92.7","1896.0","0.03","0.01","269.0","0.1","0.02","200.0","-1.0","-1.0","-1.0","-1.0","-1.0","-1.0","-1.0","-1.0","-1.0","2.56","1.62","631.0","52.7","124.3","2359.0","-1.0","-1.0","-1.0","132.63","1249.9","9424.0","-1.0","-1.0","-1.0","-1.0","-1.0","-1.0","-1.0","-1.0","-1.0"
"107","2017","7","Maharashtra","Kolhapur","109.46","334.3","3054.0","2.8","6.5","2321.0","4.9","8.6","1755.0","12.6","19.1","1516.0","17.5","27.7","1583.0","-1.0","-1.0","-1.0","10.44","30.4","2912.0","21.3","34.0","1596.0","-1.0","-1.0","-1.0","5.4","4.6","852.0","2.0","0.3","150.0","10.17","3.09","303.0","54.5","82.4","1512.0","0.01","0.0","333.0","-1.0","-1.0","-1.0","-1.0","-1.0","-1.0","-1.0","-1.0","-1.0","-1.0","-1.0","-1.0","0.68","0.64","944.0","51.3","109.7","2138.0","-1.0","-1.0","-1.0","143.91","1477.9","10270.0","0.0","0.0","166.0","-1.0","-1.0","-1.0","-1.0","-1.0","-1.0"
"108","2016","7","Maharashtra","Aurangabad","6.5","3.1","477.0","64.5","135.4","2099.0","3.6","3.9","1083.0","146.9","130.1","886.0","150.5","134.0","890.0","52.0","57.9","1113.0","67.0","227.5","3396.0","-1.0","-1.0","-1.0","-1.0","-1.0","-1.0","66.4","73.2","1102.0","60.73","71.47","1177.0","10.6","6.92","653.0","6.8","6.1","897.0","0.46","0.08","183.0","0.9","0.2","222.0","0.7","0.3","429.0","0.7","0.1","143.0","0.0","0.0","100.0","0.11","0.03","236.0","29.3","31.1","1061.0","-1.0","-1.0","-1.0","14.64","87.31","5962.0","507.0","179.0","353.0","-1.0","-1.0","-1.0","-1.0","-1.0","-1.0"
"108","2017","7","Maharashtra","Aurangabad","0.0","0.0","0.0","69.9","115.0","1645.0","3.3","4.8","1455.0","156.9","106.3","678.0","160.2","111.1","694.0","54.2","37.2","686.0","46.71","95.2","2038.0","-1.0","-1.0","-1.0","-1.0","-1.0","-1.0","86.4","57.8","669.0","63.9","52.6","823.0","10.87","5.59","514.0","7.44","5.4","726.0","0.19","0.03","150.0","0.1","0.02","230.0","0.64","0.6","938.0","1.7","0.3","176.0","-1.0","-1.0","-1.0","0.15","0.12","795.0","26.2","11.5","439.0","-1.0","-1.0","-1.0","21.33","117.29","5500.0","521.0","75.0","143.0","-1.0","-1.0","-1.0","-1.0","-1.0","-1.0"
"109","2016","7","Maharashtra","Parbhani","0.02","0.0","200.0","30.19","47.9","1587.0","12.96","8.96","691.0","252.38","242.8","962.0","265.34","251.76","949.0","2.54","1.17","461.0","7.23","10.47","1448.0","-1.0","-1.0","-1.0","-1.0","-1.0","-1.0","71.63","59.83","835.0","52.75","66.64","1263.0","51.27","29.06","567.0","4.0","4.5","1125.0","1.02","0.18","180.0","0.02","0.01","250.0","9.7","6.3","649.0","0.37","0.09","232.0","0.04","0.01","250.0","0.13","0.11","884.0","237.23","240.1","1012.0","-1.0","-1.0","-1.0","9.0","57.86","6429.0","168.0","138.0","825.0","-1.0","-1.0","-1.0","-1.0","-1.0","-1.0"
"109","2017","7","Maharashtra","Parbhani","0.0","0.0","0.0","37.3","35.6","954.0","12.18","5.28","434.0","101.96","73.1","717.0","114.14","78.38","687.0","1.35","0.49","362.0","4.08","3.51","860.0","-1.0","-1.0","-1.0","-1.0","-1.0","-1.0","107.87","67.19","623.0","53.3","80.1","1503.0","48.24","11.37","236.0","5.08","6.1","1201.0","0.93","0.13","143.0","-1.0","-1.0","-1.0","2.5","1.2","480.0","0.04","0.01","250.0","0.09","0.03","353.0","0.01","0.0","333.0","229.67","201.68","878.0","-1.0","-1.0","-1.0","25.0","137.5","5500.0","185.0","66.0","357.0","-1.0","-1.0","-1.0","-1.0","-1.0","-1.0"
"110","2016","7","Maharashtra","Bid","0.1","0.07","700.0","47.2","79.43","1683.0","19.0","5.64","297.0","449.8","237.47","528.0","468.8","243.11","519.0","144.7","93.09","643.0","42.2","82.43","1953.0","-1.0","-1.0","-1.0","-1.0","-1.0","-1.0","118.2","100.9","854.0","89.19","81.62","915.0","32.97","16.69","506.0","28.5","11.14","391.0","5.67","1.04","184.0","0.1","0.04","400.0","3.8","2.58","679.0","0.1","0.04","400.0","0.76","0.39","513.0","0.88","0.15","168.0","169.2","132.35","782.0","-1.0","-1.0","-1.0","12.29","49.59","4034.0","341.0","86.0","251.0","-1.0","-1.0","-1.0","-1.0","-1.0","-1.0"
"110","2017","7","Maharashtra","Bid","0.07","0.03","462.0","53.9","57.59","1068.0","21.0","14.61","696.0","500.3","232.64","465.0","521.3","247.25","474.0","152.7","90.24","591.0","48.83","36.32","744.0","-1.0","-1.0","-1.0","-1.0","-1.0","-1.0","138.4","83.5","603.0","92.6","52.2","564.0","41.34","16.9","409.0","31.66","17.45","551.0","6.6","1.0","152.0","0.02","0.01","500.0","2.96","1.28","432.0","0.1","0.01","100.0","1.14","0.38","333.0","1.11","0.89","806.0","181.3","128.3","708.0","-1.0","-1.0","-1.0","36.05","207.29","5750.0","349.0","50.0","143.0","-1.0","-1.0","-1.0","-1.0","-1.0","-1.0"
"111","2016","7","Maharashtra","Nanded","0.7","1.3","1857.0","60.6","75.7","1249.0","95.0","35.3","372.0","33.6","32.4","964.0","128.6","67.7","526.0","-1.0","-1.0","-1.0","10.3","19.4","1883.0","-1.0","-1.0","-1.0","-1.0","-1.0","-1.0","93.9","149.6","1593.0","86.63","104.82","1210.0","80.82","24.7","306.0","11.7","10.22","874.0","2.54","0.42","166.0","1.3","0.3","231.0","4.3","4.1","953.0","0.1","0.04","400.0","0.01","0.0","375.0","9.48","4.81","508.0","304.3","101.6","334.0","-1.0","-1.0","-1.0","14.5","86.04","5933.0","364.0","114.0","314.0","-1.0","-1.0","-1.0","-1.0","-1.0","-1.0"
"111","2017","7","Maharashtra","Nanded","0.81","1.2","1485.0","46.1","46.0","998.0","88.4","57.8","654.0","35.71","37.6","1053.0","124.1","95.4","769.0","-1.0","-1.0","-1.0","6.15","10.3","1676.0","-1.0","-1.0","-1.0","-1.0","-1.0","-1.0","123.59","155.4","1257.0","77.2","67.9","880.0","69.37","20.91","301.0","3.94","2.7","687.0","3.21","1.03","320.0","0.01","0.0","222.0","4.9","3.7","755.0","-1.0","-1.0","-1.0","0.01","0.0","400.0","0.06","0.03","500.0","273.5","190.4","696.0","-1.0","-1.0","-1.0","23.0","149.5","6500.0","300.0","56.0","187.0","-1.0","-1.0","-1.0","-1.0","-1.0","-1.0"
"112","2016","7","Maharashtra","Osmanabad","6.3","1.2","190.0","14.6","11.1","760.0","14.1","6.3","447.0","146.6","122.0","832.0","160.7","128.3","798.0","10.4","3.3","317.0","20.7","11.7","565.0","-1.0","-1.0","-1.0","-1.0","-1.0","-1.0","77.7","61.6","793.0","66.8","58.65","878.0","37.02","15.52","419.0","5.5","2.9","527.0","3.48","0.58","168.0","0.9","0.4","444.0","17.1","10.9","637.0","1.8","0.5","278.0","3.4","1.1","324.0","16.82","11.49","683.0","102.0","28.2","276.0","-1.0","-1.0","-1.0","12.0","42.79","3566.0","13.0","4.0","286.0","-1.0","-1.0","-1.0","-1.0","-1.0","-1.0"
"112","2017","7","Maharashtra","Osmanabad","7.5","2.2","293.0","30.3","19.4","640.0","12.94","9.0","696.0","162.31","117.4","723.0","175.24","126.4","721.0","9.9","4.6","465.0","28.56","24.7","865.0","-1.0","-1.0","-1.0","-1.0","-1.0","-1.0","153.48","117.9","768.0","70.3","58.1","826.0","35.61","8.55","240.0","6.37","4.3","675.0","3.55","0.48","135.0","0.6","0.1","167.0","10.3","6.5","631.0","0.7","0.1","143.0","1.7","0.6","352.0","12.04","5.29","440.0","115.4","79.4","688.0","-1.0","-1.0","-1.0","35.0","157.5","4500.0","13.0","1.0","107.0","-1.0","-1.0","-1.0","-1.0","-1.0","-1.0"
"113","2016","7","Maharashtra","Buldhana","0.01","0.0","400.0","103.88","162.4","1563.0","22.46","32.1","1429.0","13.35","15.5","1161.0","35.81","47.6","1329.0","2.09","0.7","335.0","60.36","133.3","2208.0","0.01","0.0","600.0","-1.0","-1.0","-1.0","70.1","78.4","1118.0","77.86","64.48","828.0","28.96","22.99","794.0","5.07","5.7","1124.0","1.94","0.58","297.0","0.1","0.04","400.0","0.2","0.1","500.0","0.1","0.1","1000.0","-1.0","-1.0","-1.0","0.05","0.02","420.0","365.01","703.6","1928.0","-1.0","-1.0","-1.0","0.54","3.57","6673.0","170.0","93.0","548.0","-1.0","-1.0","-1.0","-1.0","-1.0","-1.0"
"113","2017","7","Maharashtra","Buldhana","0.0","0.0","0.0","35.92","56.3","1567.0","20.2","18.6","921.0","13.23","9.1","688.0","33.43","27.7","829.0","2.18","1.0","459.0","39.6","88.8","2242.0","-1.0","-1.0","-1.0","-1.0","-1.0","-1.0","132.2","107.7","815.0","76.2","47.79","627.0","30.64","17.44","569.0","2.22","3.0","1349.0","1.82","0.39","213.0","0.7","0.3","429.0","0.1","0.1","1000.0","0.12","0.06","500.0","-1.0","-1.0","-1.0","0.04","0.02","538.0","370.29","439.6","1187.0","-1.0","-1.0","-1.0","0.26","1.29","5019.0","175.0","33.0","187.0","-1.0","-1.0","-1.0","-1.0","-1.0","-1.0"
"114","2016","7","Maharashtra","Akola","0.0","0.0","0.0","16.7","27.5","1647.0","11.3","16.7","1478.0","0.1","0.1","1000.0","11.4","16.8","1474.0","0.1","0.04","360.0","0.3","0.4","1333.0","-1.0","-1.0","-1.0","-1.0","-1.0","-1.0","105.6","109.2","1034.0","59.92","142.04","2371.0","36.46","32.0","878.0","3.9","5.5","1410.0","1.1","0.26","239.0","0.1","0.04","400.0","0.4","0.2","500.0","-1.0","-1.0","-1.0","-1.0","-1.0","-1.0","0.04","0.03","850.0","216.6","305.7","1411.0","-1.0","-1.0","-1.0","0.07","0.37","5692.0","155.0","80.0","514.0","-1.0","-1.0","-1.0","-1.0","-1.0","-1.0"
"114","2017","7","Maharashtra","Akola","0.0","0.0","0.0","15.6","24.5","1571.0","10.62","9.8","923.0","0.0","0.0","667.0","10.62","9.8","923.0","0.1","0.05","450.0","0.55","1.1","1989.0","-1.0","-1.0","-1.0","-1.0","-1.0","-1.0","75.3","80.7","1072.0","58.68","59.74","1018.0","39.19","12.45","318.0","1.7","2.5","1474.0","1.09","0.18","166.0","-1.0","-1.0","-1.0","0.1","0.04","350.0","-1.0","-1.0","-1.0","-1.0","-1.0","-1.0","0.17","0.07","414.0","204.7","144.0","703.0","-1.0","-1.0","-1.0","0.05","0.23","5111.0","165.0","43.0","263.0","-1.0","-1.0","-1.0","-1.0","-1.0","-1.0"
"115","2016","7","Maharashtra","Amarawati","6.9","4.6","667.0","73.6","111.9","1520.0","23.9","29.4","1230.0","-1.0","0.0","0.0","23.9","29.4","1230.0","-1.0","-1.0","-1.0","2.2","4.7","2136.0","-1.0","-1.0","-1.0","-1.0","-1.0","-1.0","133.7","164.2","1228.0","122.61","146.93","1198.0","42.78","29.31","685.0","4.6","6.1","1326.0","0.08","0.02","263.0","-1.0","-1.0","-1.0","-1.0","-1.0","-1.0","0.1","0.05","500.0","-1.0","-1.0","-1.0","0.06","0.01","236.0","362.9","483.4","1332.0","-1.0","-1.0","-1.0","0.43","1.18","2744.0","200.0","145.0","723.0","-1.0","-1.0","-1.0","-1.0","-1.0","-1.0"
"115","2017","7","Maharashtra","Amarawati","8.9","3.0","337.0","39.3","69.4","1766.0","18.34","17.5","954.0","-1.0","0.0","0.0","18.34","17.5","954.0","0.1","0.05","442.0","8.02","18.8","2344.0","-1.0","-1.0","-1.0","-1.0","-1.0","-1.0","103.9","130.9","1260.0","112.3","111.1","989.0","38.29","4.95","129.0","3.37","4.0","1188.0","0.06","0.01","183.0","0.9","0.36","400.0","0.4","0.2","500.0","0.1","0.03","280.0","-1.0","-1.0","-1.0","0.01","0.0","429.0","287.1","265.2","924.0","-1.0","-1.0","-1.0","0.12","0.48","3967.0","207.0","68.0","330.0","-1.0","-1.0","-1.0","-1.0","-1.0","-1.0"
"116","2016","7","Maharashtra","Yeotmal","0.0","0.0","0.0","60.2","77.9","1294.0","29.9","13.5","452.0","4.6","5.3","1152.0","34.5","18.8","545.0","0.1","0.04","440.0","3.4","7.3","2147.0","-1.0","-1.0","-1.0","-1.0","-1.0","-1.0","147.7","109.1","739.0","173.53","230.96","1331.0","19.72","10.46","531.0","41.1","27.2","662.0","0.77","0.19","248.0","-1.0","-1.0","-1.0","0.1","0.1","1000.0","-1.0","-1.0","-1.0","-1.0","-1.0","-1.0","-1.0","-1.0","-1.0","253.0","282.4","1116.0","-1.0","-1.0","-1.0","12.49","88.83","7110.0","421.0","198.0","470.0","-1.0","-1.0","-1.0","-1.0","-1.0","-1.0"
"116","2017","7","Maharashtra","Yeotmal","0.0","0.0","0.0","12.8","13.0","1016.0","22.55","12.1","537.0","1.33","1.0","754.0","23.87","13.1","549.0","0.04","0.02","432.0","2.4","4.9","2042.0","-1.0","-1.0","-1.0","-1.0","-1.0","-1.0","94.1","75.0","797.0","134.6","130.8","972.0","18.42","5.07","275.0","3.14","3.8","1211.0","0.63","0.13","200.0","0.01","0.0","400.0","0.1","0.1","1000.0","-1.0","-1.0","-1.0","-1.0","-1.0","-1.0","0.0","0.0","500.0","254.5","206.3","811.0","-1.0","-1.0","-1.0","14.13","59.33","4200.0","470.0","86.0","183.0","-1.0","-1.0","-1.0","-1.0","-1.0","-1.0"
"117","2016","7","Maharashtra","Wardha","0.0","0.0","0.0","14.5","22.0","1517.0","3.6","1.8","500.0","1.9","1.1","579.0","5.5","2.9","527.0","-1.0","-1.0","-1.0","0.13","0.2","1538.0","-1.0","-1.0","-1.0","-1.0","-1.0","-1.0","29.6","33.8","1142.0","84.98","128.71","1515.0","0.35","0.41","1163.0","3.1","5.4","1742.0","0.02","0.0","200.0","0.1","0.1","1000.0","-1.0","-1.0","-1.0","-1.0","-1.0","-1.0","-1.0","-1.0","-1.0","0.01","0.01","700.0","127.2","150.4","1182.0","-1.0","-1.0","-1.0","3.02","18.02","5973.0","241.0","129.0","538.0","-1.0","-1.0","-1.0","-1.0","-1.0","-1.0"
"117","2017","7","Maharashtra","Wardha","0.0","0.0","0.0","14.82","21.9","1478.0","3.0","1.3","433.0","3.5","2.6","743.0","6.5","3.9","600.0","-1.0","-1.0","-1.0","0.23","0.1","442.0","-1.0","-1.0","-1.0","-1.0","-1.0","-1.0","31.4","36.8","1172.0","88.54","100.64","1137.0","0.09","0.03","322.0","1.59","1.91","1202.0","0.02","0.0","188.0","-1.0","-1.0","-1.0","-1.0","-1.0","-1.0","-1.0","-1.0","-1.0","-1.0","-1.0","-1.0","-1.0","-1.0","-1.0","116.1","177.4","1528.0","-1.0","-1.0","-1.0","2.17","13.01","6001.0","251.0","113.0","451.0","-1.0","-1.0","-1.0","-1.0","-1.0","-1.0"
"118","2016","7","Maharashtra","Nagpur","87.7","170.4","1943.0","135.9","232.6","1712.0","2.2","1.5","682.0","0.7","0.2","286.0","2.9","1.7","586.0","-1.0","-1.0","-1.0","0.06","0.14","2188.0","-1.0","-1.0","-1.0","-1.0","-1.0","-1.0","63.4","49.2","776.0","65.65","168.64","2569.0","3.43","1.55","453.0","4.3","6.7","1558.0","0.05","0.02","278.0","0.4","0.2","500.0","-1.0","-1.0","-1.0","0.2","0.2","1000.0","-1.0","-1.0","-1.0","0.12","0.03","242.0","172.4","203.9","1183.0","-1.0","-1.0","-1.0","4.6","19.83","4312.0","137.0","99.0","726.0","-1.0","-1.0","-1.0","-1.0","-1.0","-1.0"
"118","2017","7","Maharashtra","Nagpur","97.28","183.6","1887.0","135.2","244.4","1808.0","2.3","1.7","739.0","0.1","0.01","140.0","2.4","1.71","714.0","-1.0","-1.0","-1.0","0.51","0.25","492.0","-1.0","-1.0","-1.0","-1.0","-1.0","-1.0","64.4","74.6","1158.0","65.97","73.98","1121.0","2.88","0.87","304.0","3.59","4.3","1197.0","-1.0","-1.0","-1.0","0.2","0.1","500.0","-1.0","-1.0","-1.0","0.1","0.03","310.0","0.01","-1.0","-1.0","0.13","0.06","432.0","151.1","172.4","1141.0","-1.0","-1.0","-1.0","4.27","22.19","5199.0","145.0","63.0","431.0","-1.0","-1.0","-1.0","-1.0","-1.0","-1.0"
"119","2016","7","Maharashtra","Bhandara","182.4","378.4","2075.0","10.9","13.8","1266.0","-1.0","-1.0","-1.0","-1.0","0.0","0.0","-1.0","-1.0","-1.0","-1.0","-1.0","-1.0","0.31","0.52","1668.0","-1.0","-1.0","-1.0","-1.0","-1.0","-1.0","11.0","7.4","673.0","11.82","22.99","1944.0","19.5","11.67","599.0","0.01","0.01","500.0","0.59","0.16","271.0","0.2","0.1","500.0","-1.0","-1.0","-1.0","-1.0","-1.0","-1.0","4.4","0.7","159.0","0.4","0.1","250.0","11.8","13.3","1127.0","-1.0","-1.0","-1.0","4.21","28.53","6777.0","-1.0","-1.0","-1.0","-1.0","-1.0","-1.0","-1.0","-1.0","-1.0"
"119","2017","7","Maharashtra","Bhandara","172.88","219.6","1270.0","10.17","12.7","1249.0","-1.0","-1.0","-1.0","-1.0","0.0","0.0","-1.0","-1.0","-1.0","-1.0","-1.0","-1.0","0.58","0.2","348.0","-1.0","-1.0","-1.0","-1.0","-1.0","-1.0","11.4","12.1","1061.0","12.31","13.12","1066.0","18.93","10.71","566.0","0.01","0.0","400.0","0.7","0.14","194.0","0.2","0.03","135.0","-1.0","-1.0","-1.0","-1.0","-1.0","-1.0","3.6","1.0","278.0","-1.0","-1.0","-1.0","5.3","6.4","1208.0","-1.0","-1.0","-1.0","3.57","23.23","6500.0","0.0","0.0","474.0","-1.0","-1.0","-1.0","-1.0","-1.0","-1.0"
"120","2016","7","Maharashtra","Chandrapur","143.1","245.5","1716.0","19.9","25.0","1256.0","2.7","1.0","370.0","4.3","2.7","628.0","7.0","3.7","529.0","0.03","0.01","333.0","0.23","0.38","1665.0","-1.0","-1.0","-1.0","-1.0","-1.0","-1.0","27.9","15.5","556.0","40.14","72.9","1816.0","31.46","16.89","537.0","0.1","0.06","600.0","0.45","0.12","274.0","0.4","0.2","500.0","-1.0","-1.0","-1.0","-1.0","-1.0","-1.0","0.9","0.2","222.0","0.1","0.1","1000.0","108.5","108.3","998.0","-1.0","-1.0","-1.0","0.05","0.2","4000.0","163.0","99.0","607.0","-1.0","-1.0","-1.0","-1.0","-1.0","-1.0"
"120","2017","7","Maharashtra","Chandrapur","132.59","99.1","747.0","18.12","20.3","1120.0","2.2","1.3","591.0","1.3","0.3","231.0","3.5","1.6","457.0","-1.0","-1.0","-1.0","0.04","0.07","1651.0","-1.0","-1.0","-1.0","-1.0","-1.0","-1.0","23.9","15.9","665.0","40.43","53.95","1334.0","25.74","12.96","504.0","0.03","0.03","1172.0","0.41","0.08","190.0","0.01","0.0","231.0","-1.0","-1.0","-1.0","0.03","0.01","407.0","0.4","0.1","250.0","0.01","0.0","571.0","65.9","62.0","941.0","-1.0","-1.0","-1.0","0.03","0.13","5000.0","165.0","59.0","355.0","-1.0","-1.0","-1.0","-1.0","-1.0","-1.0"
"121","2016","3","Gujarat","Ahmedabad","147.77","407.56","2758.0","145.86","327.5","2245.0","-1.0","-1.0","-1.0","-1.0","0.0","0.0","-1.0","-1.0","-1.0","1.65","4.44","2696.0","0.11","0.22","1991.0","-1.0","-1.0","-1.0","-1.0","-1.0","-1.0","19.63","13.89","708.0","2.35","2.66","1132.0","22.14","11.46","517.0","0.09","0.15","1659.0","1.39","0.74","532.0","0.51","0.91","1770.0","-1.0","-1.0","-1.0","44.37","71.48","1611.0","-1.0","-1.0","-1.0","-1.0","-1.0","-1.0","-1.0","-1.0","-1.0","-1.0","-1.0","-1.0","-1.0","-1.0","-1.0","107.0","43.0","406.0","0.0","-1.0","-1.0","0.05","0.06","-1.0"
"121","2017","3","Gujarat","Ahmedabad","151.84","343.03","2259.0","149.38","322.05","2156.0","-1.0","-1.0","-1.0","0.41","0.54","1322.0","0.41","0.54","1322.0","1.96","4.57","2332.0","1.05","2.37","2269.0","-1.0","-1.0","-1.0","-1.0","-1.0","-1.0","42.97","44.68","1040.0","1.82","2.27","1243.0","21.14","13.76","651.0","0.1","0.25","2442.0","0.89","0.4","451.0","0.47","0.86","1808.0","-1.0","-1.0","-1.0","49.92","90.78","1819.0","-1.0","-1.0","-1.0","-1.0","-1.0","-1.0","0.0","0.0","1000.0","-1.0","-1.0","-1.0","-1.0","-1.0","-1.0","105.0","50.0","473.0","-1.0","-1.0","-1.0","0.05","0.15","-1.0"
"122","2016","3","Gujarat","Amreli","-1.0","-1.0","-1.0","12.4","42.32","3414.0","-1.0","-1.0","-1.0","-1.0","0.0","0.0","-1.0","-1.0","-1.0","3.58","7.79","2174.0","0.26","0.52","2031.0","-1.0","-1.0","-1.0","-1.0","-1.0","-1.0","2.57","3.97","1548.0","5.17","5.86","1132.0","8.4","4.54","541.0","140.76","269.81","1917.0","7.25","4.51","622.0","-1.0","-1.0","-1.0","-1.0","-1.0","-1.0","0.99","2.55","2586.0","-1.0","-1.0","-1.0","-1.0","-1.0","-1.0","-1.0","-1.0","-1.0","-1.0","-1.0","-1.0","0.01","0.05","7186.0","349.0","105.0","302.0","-1.0","-1.0","-1.0","-1.0","3.04","-1.0"
"122","2017","3","Gujarat","Amreli","-1.0","-1.0","-1.0","8.04","30.9","3843.0","-1.0","-1.0","-1.0","0.07","0.09","1324.0","0.07","0.09","1324.0","3.8","7.95","2095.0","-1.0","-1.0","-1.0","-1.0","-1.0","-1.0","-1.0","-1.0","-1.0","6.26","13.46","2152.0","2.13","2.64","1243.0","5.63","3.56","632.0","126.66","197.33","1558.0","5.64","3.53","625.0","-1.0","-1.0","-1.0","-1.0","-1.0","-1.0","0.89","1.77","1992.0","-1.0","-1.0","-1.0","-1.0","-1.0","-1.0","-1.0","-1.0","-1.0","-1.0","-1.0","-1.0","0.01","0.06","6200.0","375.0","150.0","401.0","-1.0","-1.0","-1.0","-1.0","4.41","-1.0"
"123","2016","3","Gujarat","Banaskantha","-1.0","-1.0","-1.0","75.86","226.49","2986.0","9.04","8.68","961.0","-1.0","0.0","0.0","9.04","8.68","961.0","199.66","419.71","2102.0","5.9","8.98","1522.0","-1.0","-1.0","-1.0","-1.0","-1.0","-1.0","0.12","0.13","1120.0","0.6","0.76","1267.0","26.96","13.45","499.0","149.84","411.99","2749.0","10.74","4.23","394.0","129.78","235.52","1815.0","-1.0","-1.0","-1.0","101.54","220.07","2167.0","-1.0","-1.0","-1.0","-1.0","-1.0","-1.0","-1.0","-1.0","-1.0","-1.0","-1.0","-1.0","-1.0","-1.0","-1.0","33.0","23.0","697.0","-1.0","-1.0","-1.0","76.17","0.01","-1.0"
"123","2017","3","Gujarat","Banaskantha","-1.0","-1.0","-1.0","73.98","224.22","3031.0","15.5","12.6","813.0","-1.0","0.0","0.0","15.5","12.6","813.0","162.97","438.07","2688.0","7.74","14.93","1929.0","-1.0","-1.0","-1.0","-1.0","-1.0","-1.0","0.33","0.43","1284.0","1.07","2.48","2325.0","10.46","8.38","801.0","131.19","288.21","2197.0","3.18","1.36","429.0","157.6","297.28","1886.0","-1.0","-1.0","-1.0","112.01","360.91","3222.0","-1.0","-1.0","-1.0","-1.0","-1.0","-1.0","-1.0","-1.0","-1.0","-1.0","-1.0","-1.0","-1.0","-1.0","-1.0","19.0","14.0","746.0","-1.0","-1.0","-1.0","78.13","0.2","-1.0"
"124","2016","3","Gujarat","Bharuch","9.03","15.42","1708.0","21.43","30.33","1415.0","0.72","0.98","1356.0","5.92","6.86","1158.0","6.64","7.83","1180.0","0.23","0.22","943.0","0.23","0.38","1677.0","-1.0","-1.0","-1.0","-1.0","-1.0","-1.0","1.13","0.33","294.0","105.65","113.74","1077.0","24.21","17.44","720.0","0.42","0.77","1811.0","0.45","0.24","533.0","0.55","0.97","1770.0","-1.0","-1.0","-1.0","3.57","5.88","1650.0","-1.0","-1.0","-1.0","-1.0","-1.0","-1.0","-1.0","-1.0","-1.0","-1.0","-1.0","-1.0","24.95","163.68","6560.0","52.0","21.0","399.0","-1.0","-1.0","-1.0","-1.0","-1.0","-1.0"
"124","2017","3","Gujarat","Bharuch","8.79","17.24","1961.0","18.56","35.34","1904.0","0.98","1.58","1613.0","2.22","2.95","1327.0","3.2","4.53","1415.0","0.36","0.67","1853.0","0.55","0.85","1551.0","-1.0","-1.0","-1.0","-1.0","-1.0","-1.0","1.7","0.6","353.0","74.33","75.99","1022.0","12.58","8.63","685.0","0.4","0.91","2296.0","0.4","0.24","605.0","0.14","0.25","1807.0","-1.0","-1.0","-1.0","3.26","10.21","3133.0","-1.0","-1.0","-1.0","-1.0","-1.0","-1.0","5.52","6.89","1250.0","-1.0","-1.0","-1.0","32.14","200.88","6250.0","90.0","40.0","446.0","-1.0","-1.0","-1.0","-1.0","-1.0","-1.0"
"125","2016","3","Gujarat","Vadodara","23.97","52.37","2185.0","21.85","56.99","2609.0","-1.0","-1.0","-1.0","-1.0","0.0","0.0","-1.0","-1.0","-1.0","13.49","29.88","2214.0","9.46","19.14","2024.0","-1.0","-1.0","-1.0","-1.0","-1.0","-1.0","0.08","0.09","1122.0","65.77","75.71","1151.0","0.83","0.42","504.0","0.01","0.01","1800.0","0.24","0.12","500.0","0.07","0.12","1771.0","-1.0","-1.0","-1.0","19.59","35.38","1806.0","-1.0","-1.0","-1.0","-1.0","-1.0","-1.0","14.2","10.18","717.0","-1.0","-1.0","-1.0","2.05","13.33","6500.0","65.0","44.0","683.0","-1.0","-1.0","-1.0","0.07","0.17","-1.0"
"125","2017","3","Gujarat","Vadodara","23.13","48.59","2101.0","20.09","53.6","2668.0","-1.0","-1.0","-1.0","0.22","0.29","1320.0","0.22","0.29","1320.0","7.56","16.62","2199.0","6.81","9.78","1435.0","-1.0","-1.0","-1.0","-1.0","-1.0","-1.0","0.45","0.57","1285.0","41.88","51.66","1233.0","1.05","0.68","647.0","0.01","0.01","1800.0","0.02","0.01","550.0","0.09","0.16","1805.0","-1.0","-1.0","-1.0","37.81","76.75","2030.0","-1.0","-1.0","-1.0","-1.0","-1.0","-1.0","10.41","7.65","735.0","-1.0","-1.0","-1.0","4.44","28.0","6300.0","84.0","84.0","997.0","-1.0","-1.0","-1.0","0.33","0.11","-1.0"
"126","2016","3","Gujarat","Bhavnagar","-1.0","-1.0","-1.0","10.68","34.39","3219.0","4.5","6.93","1540.0","0.13","0.2","1515.0","4.63","7.13","1539.0","34.81","83.21","2390.0","0.08","0.13","1680.0","-1.0","-1.0","-1.0","-1.0","-1.0","-1.0","0.65","0.73","1124.0","0.96","1.09","1132.0","8.1","4.56","563.0","111.02","365.5","3292.0","9.14","8.83","966.0","0.02","0.04","1762.0","-1.0","-1.0","-1.0","0.03","0.07","2061.0","-1.0","-1.0","-1.0","-1.0","-1.0","-1.0","-1.0","-1.0","-1.0","-1.0","-1.0","-1.0","0.01","0.07","7190.0","202.0","93.0","461.0","-1.0","-1.0","-1.0","-1.0","38.74","-1.0"
"126","2017","3","Gujarat","Bhavnagar","-1.0","-1.0","-1.0","13.88","44.96","3240.0","-1.0","-1.0","-1.0","-1.0","0.0","0.0","-1.0","-1.0","-1.0","34.26","93.2","2721.0","0.01","0.03","1857.0","-1.0","-1.0","-1.0","-1.0","-1.0","-1.0","3.19","4.1","1285.0","1.32","1.64","1243.0","8.78","5.37","611.0","94.69","225.38","2380.0","10.08","8.12","805.0","0.01","0.02","1818.0","-1.0","-1.0","-1.0","0.16","0.4","2538.0","-1.0","-1.0","-1.0","-1.0","-1.0","-1.0","-1.0","-1.0","-1.0","-1.0","-1.0","-1.0","0.0","0.01","6200.0","216.0","154.0","712.0","-1.0","-1.0","-1.0","-1.0","28.19","-1.0"
"127","2016","3","Gujarat","Valsad","82.07","222.12","2706.0","-1.0","-1.0","-1.0","0.03","0.05","1548.0","0.26","0.4","1515.0","0.3","0.45","1519.0","-1.0","-1.0","-1.0","-1.0","-1.0","-1.0","4.3","3.24","754.0","-1.0","-1.0","-1.0","3.66","2.11","577.0","7.64","5.77","755.0","11.03","7.77","704.0","0.23","0.38","1646.0","0.01","0.0","571.0","-1.0","-1.0","-1.0","-1.0","-1.0","-1.0","-1.0","-1.0","-1.0","-1.0","-1.0","-1.0","-1.0","-1.0","-1.0","-1.0","-1.0","-1.0","-1.0","-1.0","-1.0","8.98","53.87","6000.0","-1.0","-1.0","-1.0","-1.0","-1.0","-1.0","-1.0","-1.0","-1.0"
"127","2017","3","Gujarat","Valsad","71.65","183.64","2563.0","0.01","0.02","3000.0","0.05","0.06","1400.0","0.17","0.22","1320.0","0.21","0.29","1336.0","-1.0","-1.0","-1.0","0.02","0.02","1600.0","4.29","3.11","726.0","-1.0","-1.0","-1.0","2.62","1.89","719.0","8.16","10.14","1243.0","10.76","6.89","640.0","0.24","0.57","2438.0","-1.0","-1.0","-1.0","-1.0","-1.0","-1.0","-1.0","-1.0","-1.0","-1.0","-1.0","-1.0","-1.0","-1.0","-1.0","-1.0","-1.0","-1.0","-1.0","-1.0","-1.0","-1.0","-1.0","-1.0","6.92","35.97","5200.0","-1.0","-1.0","-1.0","-1.0","-1.0","-1.0","-1.0","0.29","-1.0"
"128","2016","3","Gujarat","Dangs","22.21","53.64","2416.0","2.16","3.2","1486.0","1.34","4.58","3428.0","-1.0","0.0","0.0","1.34","4.58","3428.0","-1.0","-1.0","-1.0","1.87","3.13","1678.0","14.87","20.68","1391.0","-1.0","-1.0","-1.0","18.29","17.89","978.0","2.35","2.66","1132.0","7.33","5.98","817.0","2.49","3.57","1433.0","-1.0","-1.0","-1.0","-1.0","-1.0","-1.0","-1.0","-1.0","-1.0","-1.0","-1.0","-1.0","-1.0","-1.0","-1.0","-1.0","-1.0","-1.0","1.83","1.1","600.0","-1.0","-1.0","-1.0","0.18","-1.0","-1.0","-1.0","-1.0","-1.0","-1.0","-1.0","-1.0","-1.0","-1.0","-1.0"
"128","2017","3","Gujarat","Dangs","20.83","49.96","2398.0","2.26","1.81","799.0","0.69","0.96","1393.0","-1.0","0.0","0.0","0.69","0.96","1393.0","-1.0","-1.0","-1.0","-1.0","-1.0","-1.0","7.56","7.51","993.0","-1.0","-1.0","-1.0","20.21","17.5","866.0","2.95","3.67","1243.0","8.28","5.68","686.0","3.14","3.55","1130.0","-1.0","-1.0","-1.0","-1.0","-1.0","-1.0","-1.0","-1.0","-1.0","-1.0","-1.0","-1.0","-1.0","-1.0","-1.0","-1.0","-1.0","-1.0","2.94","2.06","700.0","-1.0","-1.0","-1.0","0.16","0.97","6205.0","-1.0","-1.0","-1.0","-1.0","-1.0","-1.0","-1.0","-1.0","-1.0"
"129","2016","3","Gujarat","Jamnagar","-1.0","-1.0","-1.0","3.52","9.97","2829.0","-1.0","-1.0","-1.0","-1.0","0.0","0.0","-1.0","-1.0","-1.0","0.49","1.11","2245.0","-1.0","-1.0","-1.0","-1.0","-1.0","-1.0","-1.0","-1.0","-1.0","3.61","3.84","1062.0","2.98","3.37","1132.0","8.46","4.85","573.0","134.09","158.13","1179.0","4.6","3.43","746.0","0.16","0.28","1769.0","-1.0","-1.0","-1.0","8.29","30.59","3690.0","-1.0","-1.0","-1.0","-1.0","-1.0","-1.0","-1.0","-1.0","-1.0","-1.0","-1.0","-1.0","-1.0","-1.0","-1.0","173.0","27.0","154.0","-1.0","-1.0","-1.0","0.02","0.54","-1.0"
"129","2017","3","Gujarat","Jamnagar","-1.0","-1.0","-1.0","7.03","25.86","3678.0","0.01","0.01","1400.0","-1.0","0.0","0.0","0.01","0.01","1400.0","0.6","1.43","2403.0","0.12","0.26","2278.0","-1.0","-1.0","-1.0","-1.0","-1.0","-1.0","10.22","12.39","1212.0","3.73","4.64","1243.0","5.6","4.51","805.0","134.14","494.96","3690.0","5.48","4.1","748.0","0.03","0.06","1813.0","-1.0","-1.0","-1.0","7.18","27.4","3818.0","-1.0","-1.0","-1.0","-1.0","-1.0","-1.0","-1.0","-1.0","-1.0","-1.0","-1.0","-1.0","0.0","0.01","6200.0","162.0","170.0","1.0","-1.0","-1.0","-1.0","0.13","1.34","-1.0"
"130","2016","3","Gujarat","Junagadh","-1.0","-1.0","-1.0","49.87","177.21","3554.0","0.03","0.05","1533.0","2.7","4.09","1514.0","2.73","4.13","1514.0","2.37","5.71","2408.0","-1.0","-1.0","-1.0","-1.0","-1.0","-1.0","-1.0","-1.0","-1.0","12.02","18.71","1557.0","2.91","3.29","1132.0","18.98","19.35","1020.0","254.03","358.37","1411.0","3.93","4.15","1056.0","-1.0","-1.0","-1.0","-1.0","-1.0","-1.0","0.47","0.89","1893.0","-1.0","-1.0","-1.0","-1.0","-1.0","-1.0","-1.0","-1.0","-1.0","-1.0","-1.0","-1.0","-1.0","-1.0","-1.0","50.0","27.0","552.0","-1.0","-1.0","-1.0","-1.0","1.05","-1.0"
"130","2017","3","Gujarat","Junagadh","-1.0","-1.0","-1.0","42.96","164.28","3824.0","-1.0","-1.0","-1.0","2.84","3.76","1321.0","2.84","3.76","1321.0","1.92","5.45","2845.0","-1.0","-1.0","-1.0","-1.0","-1.0","-1.0","-1.0","-1.0","-1.0","34.87","57.25","1642.0","1.03","1.28","1243.0","12.09","11.71","969.0","258.42","352.49","1364.0","5.09","5.0","981.0","-1.0","-1.0","-1.0","-1.0","-1.0","-1.0","0.23","0.58","2539.0","-1.0","-1.0","-1.0","-1.0","-1.0","-1.0","-1.0","-1.0","-1.0","-1.0","-1.0","-1.0","0.13","0.78","6206.0","53.0","22.0","418.0","-1.0","-1.0","-1.0","-1.0","3.09","-1.0"
"131","2016","3","Gujarat","Kheda","110.61","291.83","2638.0","72.55","199.17","2745.0","-1.0","-1.0","-1.0","0.01","0.02","1545.0","0.01","0.02","1545.0","41.54","81.08","1952.0","0.71","1.62","2279.0","-1.0","-1.0","-1.0","-1.0","-1.0","-1.0","0.44","0.5","1124.0","0.75","0.84","1131.0","4.23","2.37","561.0","2.65","4.45","1677.0","1.28","0.67","527.0","0.71","0.98","1367.0","-1.0","-1.0","-1.0","5.39","8.32","1544.0","-1.0","-1.0","-1.0","-1.0","-1.0","-1.0","0.08","0.06","713.0","-1.0","-1.0","-1.0","-1.0","-1.0","-1.0","16.0","10.0","596.0","-1.0","-1.0","-1.0","6.31","0.1","-1.0"
"131","2017","3","Gujarat","Kheda","115.04","298.67","2596.0","80.11","227.27","2837.0","-1.0","-1.0","-1.0","-1.0","0.0","0.0","-1.0","-1.0","-1.0","46.94","99.72","2124.0","0.29","0.49","1705.0","-1.0","-1.0","-1.0","-1.0","-1.0","-1.0","0.51","0.66","1285.0","0.78","0.97","1243.0","1.74","1.05","601.0","2.76","6.47","2348.0","0.46","0.27","593.0","0.57","1.02","1807.0","-1.0","-1.0","-1.0","7.02","11.83","1686.0","-1.0","-1.0","-1.0","-1.0","-1.0","-1.0","0.93","0.68","739.0","-1.0","-1.0","-1.0","-1.0","-1.0","-1.0","18.0","9.0","519.0","-1.0","-1.0","-1.0","6.0","0.03","-1.0"
"132","2016","3","Gujarat","Kutch","-1.0","-1.0","-1.0","21.29","60.12","2824.0","26.88","41.39","1540.0","-1.0","0.0","0.0","26.88","41.39","1540.0","20.87","22.69","1088.0","1.61","3.59","2221.0","-1.0","-1.0","-1.0","-1.0","-1.0","-1.0","0.08","0.09","1123.0","0.33","0.38","1133.0","95.51","40.27","422.0","53.45","117.12","2191.0","48.63","24.6","506.0","10.46","18.98","1815.0","-1.0","-1.0","-1.0","76.79","180.73","2353.0","-1.0","-1.0","-1.0","-1.0","-1.0","-1.0","0.01","0.0","800.0","-1.0","-1.0","-1.0","-1.0","-1.0","-1.0","42.0","38.0","890.0","-1.0","-1.0","-1.0","0.13","0.33","-1.0"
"132","2017","3","Gujarat","Kutch","-1.0","-1.0","-1.0","21.33","61.79","2897.0","26.12","36.4","1393.0","-1.0","0.0","0.0","26.12","36.4","1393.0","27.03","40.38","1494.0","0.12","0.21","1814.0","-1.0","-1.0","-1.0","-1.0","-1.0","-1.0","0.22","0.28","1284.0","0.08","0.1","1238.0","90.08","50.52","561.0","54.79","128.92","2353.0","49.95","28.84","577.0","6.75","12.54","1857.0","-1.0","-1.0","-1.0","99.44","249.77","2512.0","-1.0","-1.0","-1.0","-1.0","-1.0","-1.0","0.05","0.04","880.0","-1.0","-1.0","-1.0","-1.0","-1.0","-1.0","59.0","45.0","771.0","-1.0","-1.0","-1.0","0.02","0.29","-1.0"
"133","2016","3","Gujarat","Mehsana","4.73","11.26","2382.0","63.06","194.2","3080.0","-1.0","-1.0","-1.0","-1.0","0.0","0.0","-1.0","-1.0","-1.0","13.84","34.95","2525.0","0.25","0.42","1680.0","-1.0","-1.0","-1.0","-1.0","-1.0","-1.0","0.36","0.4","1124.0","0.22","0.25","1131.0","32.28","14.02","434.0","16.74","39.11","2336.0","4.11","1.54","375.0","23.03","39.79","1727.0","-1.0","-1.0","-1.0","66.32","155.26","2341.0","-1.0","-1.0","-1.0","-1.0","-1.0","-1.0","-1.0","-1.0","-1.0","-1.0","-1.0","-1.0","-1.0","-1.0","-1.0","33.0","25.0","766.0","-1.0","-1.0","-1.0","7.87","0.32","-1.0"
"133","2017","3","Gujarat","Mehsana","7.45","17.9","2404.0","72.77","242.09","3327.0","0.12","0.16","1391.0","-1.0","0.0","0.0","0.12","0.16","1391.0","16.72","46.49","2781.0","0.31","0.49","1573.0","-1.0","-1.0","-1.0","-1.0","-1.0","-1.0","0.6","0.77","1285.0","0.15","0.18","1241.0","18.84","13.99","743.0","17.64","37.13","2104.0","3.0","2.09","696.0","19.58","33.25","1698.0","-1.0","-1.0","-1.0","70.1","172.18","2456.0","-1.0","-1.0","-1.0","-1.0","-1.0","-1.0","-1.0","-1.0","-1.0","-1.0","-1.0","-1.0","-1.0","-1.0","-1.0","42.0","33.0","781.0","-1.0","-1.0","-1.0","7.59","0.51","-1.0"
"134","2016","3","Gujarat","Panchmahal","54.91","54.53","993.0","21.9","35.42","1618.0","-1.0","-1.0","-1.0","-1.0","0.0","0.0","-1.0","-1.0","-1.0","4.05","9.21","2272.0","88.04","181.59","2063.0","-1.0","-1.0","-1.0","-1.0","-1.0","-1.0","2.2","2.24","1017.0","15.83","24.84","1569.0","3.14","2.83","899.0","1.82","3.04","1673.0","0.66","0.31","472.0","0.27","0.49","1770.0","-1.0","-1.0","-1.0","2.93","4.29","1463.0","-1.0","-1.0","-1.0","-1.0","-1.0","-1.0","2.51","3.01","1200.0","-1.0","-1.0","-1.0","-1.0","-1.0","-1.0","10.0","3.0","303.0","-1.0","-1.0","-1.0","0.07","0.06","-1.0"
"134","2017","3","Gujarat","Panchmahal","48.65","50.88","1046.0","12.48","23.91","1915.0","0.02","0.03","1368.0","-1.0","0.0","0.0","0.02","0.03","1368.0","1.17","2.27","1938.0","85.01","147.76","1738.0","-1.0","-1.0","-1.0","-1.0","-1.0","-1.0","2.51","2.57","1025.0","17.46","30.7","1758.0","2.71","2.61","964.0","0.69","1.31","1889.0","0.46","0.26","561.0","0.19","0.34","1811.0","-1.0","-1.0","-1.0","4.69","6.85","1460.0","-1.0","-1.0","-1.0","-1.0","-1.0","-1.0","2.81","4.21","1500.0","-1.0","-1.0","-1.0","-1.0","-1.0","-1.0","11.0","7.0","638.0","-1.0","-1.0","-1.0","0.04","0.07","-1.0"
"135","2016","3","Gujarat","Rajkot","-1.0","-1.0","-1.0","17.43","64.09","3678.0","0.4","0.62","1540.0","-1.0","0.0","0.0","0.4","0.62","1540.0","0.28","0.68","2480.0","0.26","0.44","1677.0","-1.0","-1.0","-1.0","-1.0","-1.0","-1.0","4.38","3.66","837.0","3.36","3.8","1132.0","5.15","3.16","613.0","274.35","469.09","1710.0","2.73","1.78","650.0","0.02","0.03","1765.0","-1.0","-1.0","-1.0","11.68","20.84","1785.0","-1.0","-1.0","-1.0","-1.0","-1.0","-1.0","3.05","1.62","531.0","-1.0","-1.0","-1.0","0.05","0.36","7188.0","216.0","15.0","70.0","-1.0","-1.0","-1.0","-1.0","2.15","-1.0"
"135","2017","3","Gujarat","Rajkot","-1.0","-1.0","-1.0","60.05","218.74","3643.0","-1.0","-1.0","-1.0","0.05","0.06","1311.0","0.04","0.06","1311.0","1.39","2.65","1897.0","0.34","0.76","2213.0","-1.0","-1.0","-1.0","-1.0","-1.0","-1.0","16.67","36.33","2179.0","3.17","3.94","1243.0","2.98","2.09","703.0","263.91","745.71","2826.0","2.36","2.37","1003.0","0.02","0.03","1789.0","-1.0","-1.0","-1.0","8.55","24.53","2870.0","-1.0","-1.0","-1.0","-1.0","-1.0","-1.0","0.36","0.25","686.0","-1.0","-1.0","-1.0","0.06","0.36","6205.0","239.0","240.0","1.0","-1.0","-1.0","-1.0","-1.0","3.72","-1.0"
"136","2016","3","Gujarat","Sabarkantha","6.19","17.64","2852.0","74.74","214.34","2868.0","-1.0","-1.0","-1.0","-1.0","0.0","0.0","-1.0","-1.0","-1.0","1.49","3.89","2611.0","17.01","28.23","1660.0","-1.0","-1.0","-1.0","-1.0","-1.0","-1.0","0.82","0.92","1124.0","10.71","12.63","1179.0","16.67","10.67","640.0","54.12","72.3","1336.0","0.78","0.41","526.0","1.15","1.86","1617.0","-1.0","-1.0","-1.0","17.32","32.78","1893.0","-1.0","-1.0","-1.0","-1.0","-1.0","-1.0","-1.0","-1.0","-1.0","-1.0","-1.0","-1.0","-1.0","-1.0","-1.0","64.0","35.0","541.0","-1.0","-1.0","-1.0","9.35","0.17","-1.0"
"136","2017","3","Gujarat","Sabarkantha","7.45","26.95","3615.0","89.0","289.48","3253.0","0.0","0.0","1500.0","-1.0","0.0","0.0","0.0","0.0","1500.0","3.23","10.66","3297.0","15.83","45.98","2904.0","-1.0","-1.0","-1.0","-1.0","-1.0","-1.0","1.37","1.76","1285.0","8.07","10.29","1275.0","13.4","11.82","882.0","50.24","130.13","2590.0","0.3","0.17","563.0","0.58","1.04","1808.0","-1.0","-1.0","-1.0","19.19","44.12","2300.0","-1.0","-1.0","-1.0","-1.0","-1.0","-1.0","-1.0","-1.0","-1.0","-1.0","-1.0","-1.0","-1.0","-1.0","-1.0","80.0","59.0","745.0","-1.0","-1.0","-1.0","8.16","0.18","-1.0"
"137","2016","3","Gujarat","Surat","44.47","111.98","2518.0","4.98","12.9","2591.0","11.23","19.59","1745.0","1.93","1.75","905.0","13.16","21.33","1622.0","0.05","0.13","2491.0","2.16","3.3","1532.0","-1.0","-1.0","-1.0","-1.0","-1.0","-1.0","1.16","1.3","1123.0","11.69","16.54","1414.0","5.83","3.94","676.0","1.3","2.56","1974.0","0.28","0.13","462.0","0.09","0.16","1773.0","-1.0","-1.0","-1.0","0.06","0.12","2067.0","-1.0","-1.0","-1.0","-1.0","-1.0","-1.0","10.27","8.99","875.0","-1.0","-1.0","-1.0","77.03","571.37","7417.0","3.0","2.0","663.0","-1.0","-1.0","-1.0","-1.0","0.55","-1.0"
"137","2017","3","Gujarat","Surat","50.45","133.13","2639.0","4.6","12.5","2721.0","10.15","14.01","1380.0","2.37","2.1","885.0","12.52","16.11","1287.0","0.03","0.08","2923.0","1.6","2.34","1465.0","-1.0","-1.0","-1.0","-1.0","-1.0","-1.0","1.49","1.91","1285.0","10.18","25.89","2544.0","4.54","3.05","673.0","1.1","2.46","2229.0","0.25","0.13","496.0","0.03","0.06","1813.0","-1.0","-1.0","-1.0","0.07","0.18","2543.0","-1.0","-1.0","-1.0","-1.0","-1.0","-1.0","13.21","11.82","895.0","-1.0","-1.0","-1.0","86.0","584.79","6800.0","4.0","6.0","1.0","-1.0","-1.0","-1.0","-1.0","0.26","-1.0"
"138","2016","3","Gujarat","Surendranagar","0.37","0.97","2597.0","33.02","94.0","2847.0","-1.0","-1.0","-1.0","-1.0","0.0","0.0","-1.0","-1.0","-1.0","6.25","7.12","1139.0","-1.0","-1.0","-1.0","-1.0","-1.0","-1.0","-1.0","-1.0","-1.0","11.15","8.13","730.0","0.67","0.76","1132.0","12.58","6.91","550.0","30.01","78.42","2613.0","19.5","9.28","476.0","0.76","1.35","1771.0","-1.0","-1.0","-1.0","43.57","74.95","1720.0","-1.0","-1.0","-1.0","-1.0","-1.0","-1.0","-1.0","-1.0","-1.0","-1.0","-1.0","-1.0","0.02","0.14","7185.0","360.0","141.0","391.0","-1.0","-1.0","-1.0","0.03","1.35","-1.0"
"138","2017","3","Gujarat","Surendranagar","0.85","1.57","1854.0","37.79","115.82","3065.0","0.04","0.06","1400.0","-1.0","0.0","0.0","0.04","0.06","1400.0","6.63","13.73","2071.0","0.01","0.01","1600.0","-1.0","-1.0","-1.0","-1.0","-1.0","-1.0","16.35","14.55","890.0","0.25","0.31","1241.0","3.04","1.69","556.0","18.71","46.95","2509.0","12.94","6.57","508.0","0.63","1.02","1609.0","-1.0","-1.0","-1.0","26.83","53.78","2004.0","-1.0","-1.0","-1.0","-1.0","-1.0","-1.0","-1.0","-1.0","-1.0","-1.0","-1.0","-1.0","-1.0","-1.0","-1.0","396.0","239.0","604.0","-1.0","-1.0","-1.0","0.01","0.76","-1.0"
"139","2016","10","Rajasthan","Ajmer","0.01","0.02","2286.0","55.47","185.01","3336.0","143.96","81.57","567.0","-1.0","0.0","0.0","143.96","81.57","567.0","61.71","60.53","981.0","25.82","28.4","1100.0","-1.0","-1.0","-1.0","22.17","71.12","3208.0","149.36","125.35","839.0","0.0","-1.0","0.0","139.11","98.5","708.0","1.82","2.42","1328.0","7.06","3.56","505.0","49.33","66.66","1351.0","-1.0","-1.0","-1.0","0.09","0.21","2247.0","0.04","0.03","725.0","-1.0","-1.0","-1.0","0.0","0.0","1000.0","-1.0","-1.0","-1.0","0.02","0.16","7130.0","10.0","6.0","560.0","0.78","6.09","6.87","0.01","1.18","29.0"
"139","2017","10","Rajasthan","Ajmer","0.01","0.02","2333.0","40.33","128.01","3174.0","126.85","74.55","588.0","-1.0","0.0","0.0","126.85","74.55","588.0","58.5","69.63","1190.0","23.37","29.32","1255.0","-1.0","-1.0","-1.0","15.63","41.06","2628.0","66.19","61.42","928.0","-1.0","-1.0","-1.0","165.21","116.68","706.0","1.48","2.09","1409.0","6.59","2.43","369.0","23.83","40.65","1706.0","-1.0","-1.0","-1.0","0.14","0.14","1022.0","0.25","0.24","933.0","-1.0","-1.0","-1.0","0.0","0.0","1000.0","-1.0","-1.0","-1.0","0.0","0.02","5725.0","12.0","2.0","139.0","0.78","5.58","6.36","-1.0","0.93","25.0"
"140","2016","10","Rajasthan","Alwar","0.27","0.61","2289.0","215.68","941.46","4365.0","24.06","20.93","870.0","-1.0","0.0","0.0","24.06","20.93","870.0","273.59","588.05","2149.0","3.68","5.58","1517.0","-1.0","-1.0","-1.0","7.76","32.34","4165.0","11.06","16.3","1474.0","1.92","2.19","1138.0","0.52","1.22","2366.0","1.14","1.67","1468.0","2.34","0.81","348.0","229.72","446.95","1946.0","-1.0","-1.0","-1.0","-1.0","-1.0","-1.0","-1.0","-1.0","-1.0","-1.0","-1.0","-1.0","-1.0","-1.0","-1.0","-1.0","-1.0","-1.0","0.03","0.24","9544.0","35.0","22.0","608.0","0.37","14.5","14.87","0.08","9.27","43.0"
"140","2017","10","Rajasthan","Alwar","0.24","0.56","2367.0","203.83","875.18","4294.0","23.76","16.25","684.0","-1.0","0.0","0.0","23.76","16.25","684.0","275.81","540.06","1958.0","3.28","5.78","1764.0","-1.0","-1.0","-1.0","7.42","30.93","4170.0","7.49","14.6","1949.0","0.83","0.9","1092.0","0.43","1.02","2379.0","0.39","0.64","1628.0","1.91","0.52","269.0","229.01","468.87","2047.0","-1.0","-1.0","-1.0","-1.0","-1.0","-1.0","-1.0","-1.0","-1.0","-1.0","-1.0","-1.0","-1.0","-1.0","-1.0","-1.0","-1.0","-1.0","0.02","0.06","2538.0","46.0","4.0","86.0","0.37","11.57","11.95","0.05","0.22","31.0"
"141","2016","10","Rajasthan","Banswara","29.24","30.53","1044.0","82.69","168.95","2043.0","0.32","0.2","602.0","-1.0","0.0","0.0","0.32","0.2","602.0","0.07","0.07","1000.0","124.04","165.71","1336.0","-1.0","-1.0","-1.0","0.97","3.18","3296.0","11.93","13.05","1094.0","4.36","3.49","800.0","10.53","7.34","697.0","0.21","0.43","2047.0","0.31","0.11","346.0","0.03","0.05","1516.0","-1.0","-1.0","-1.0","0.01","0.0","444.0","0.0","0.0","1000.0","-1.0","-1.0","-1.0","61.82","84.55","1368.0","-1.0","-1.0","-1.0","0.05","0.25","5062.0","11.0","4.0","343.0","0.01","0.31","0.32","-1.0","0.02","2.0"
"141","2017","10","Rajasthan","Banswara","28.59","28.87","1010.0","87.37","205.91","2357.0","0.29","0.17","584.0","-1.0","0.0","0.0","0.29","0.17","584.0","0.13","0.11","880.0","111.2","186.34","1676.0","-1.0","-1.0","-1.0","0.89","2.95","3324.0","11.98","11.75","981.0","6.2","5.88","949.0","9.39","8.44","898.0","0.26","0.5","1953.0","0.28","0.07","268.0","0.04","0.07","1625.0","-1.0","-1.0","-1.0","0.01","0.0","429.0","-1.0","-1.0","-1.0","-1.0","-1.0","-1.0","69.14","82.28","1190.0","-1.0","-1.0","-1.0","0.03","0.21","6156.0","11.0","1.0","101.0","0.01","0.3","0.31","0.0","0.02","2.0"
"142","2016","10","Rajasthan","Barmer","-1.0","-1.0","-1.0","17.61","21.64","1229.0","6.61","0.46","70.0","-1.0","0.0","0.0","6.61","0.46","70.0","795.06","118.86","150.0","0.01","0.01","1600.0","-1.0","-1.0","-1.0","0.02","0.08","3304.0","2.01","1.83","911.0","-1.0","-1.0","-1.0","329.38","30.74","93.0","4.06","7.37","1814.0","6.28","0.65","103.0","14.43","11.52","798.0","-1.0","-1.0","-1.0","22.83","15.98","700.0","0.01","0.01","1250.0","-1.0","-1.0","-1.0","0.0","0.0","1000.0","-1.0","-1.0","-1.0","-1.0","-1.0","-1.0","0.0","0.0","540.0","0.33","0.19","0.52","-1.0","0.12","419.0"
"142","2017","10","Rajasthan","Barmer","-1.0","-1.0","-1.0","14.54","21.97","1511.0","3.58","0.47","132.0","-1.0","0.0","0.0","3.58","0.47","132.0","901.1","209.34","232.0","0.02","0.03","2000.0","-1.0","-1.0","-1.0","0.02","0.08","3333.0","2.85","3.06","1074.0","-1.0","-1.0","-1.0","270.97","45.88","169.0","4.37","5.89","1346.0","4.73","0.48","101.0","10.1","9.73","963.0","-1.0","-1.0","-1.0","23.78","32.78","1378.0","0.01","0.01","929.0","-1.0","-1.0","-1.0","-1.0","-1.0","-1.0","-1.0","-1.0","-1.0","-1.0","-1.0","-1.0","-1.0","-1.0","-1.0","0.96","0.44","1.4","-1.0","0.06","385.0"
"143","2016","10","Rajasthan","Bharatpur","1.29","2.94","2282.0","160.51","713.88","4448.0","49.91","34.8","697.0","-1.0","0.0","0.0","49.91","34.8","697.0","114.23","214.0","1873.0","0.0","0.0","2000.0","-1.0","-1.0","-1.0","2.08","6.86","3296.0","4.18","4.91","1176.0","0.18","0.17","946.0","3.49","1.76","504.0","0.01","0.01","2000.0","2.44","0.97","396.0","201.29","390.29","1939.0","-1.0","-1.0","-1.0","0.02","0.02","1000.0","0.02","0.08","4000.0","-1.0","-1.0","-1.0","-1.0","-1.0","-1.0","-1.0","-1.0","-1.0","0.01","0.04","7140.0","7.0","2.0","276.0","1.17","5.26","6.42","3.62","0.04","46.0"
"143","2017","10","Rajasthan","Bharatpur","0.98","2.11","2148.0","156.37","661.12","4228.0","50.28","28.62","569.0","-1.0","0.0","0.0","50.28","28.62","569.0","126.93","185.98","1465.0","0.0","0.0","2000.0","-1.0","-1.0","-1.0","2.12","7.04","3324.0","3.46","2.82","817.0","0.03","0.03","1000.0","0.42","0.98","2321.0","0.0","0.01","2000.0","1.73","0.5","290.0","200.02","384.76","1924.0","-1.0","-1.0","-1.0","0.02","0.02","1000.0","-1.0","-1.0","-1.0","-1.0","-1.0","-1.0","-1.0","-1.0","-1.0","-1.0","-1.0","-1.0","0.01","0.02","2700.0","7.0","1.0","91.0","1.18","4.61","5.79","3.35","0.02","35.0"
"144","2016","10","Rajasthan","Bhilwara","0.52","1.18","2289.0","139.8","503.06","3599.0","45.15","35.5","786.0","-1.0","0.0","0.0","45.15","35.5","786.0","2.22","3.09","1393.0","173.08","265.21","1532.0","-1.0","-1.0","-1.0","26.31","79.42","3019.0","33.41","37.46","1121.0","0.02","0.03","2000.0","109.81","61.44","560.0","9.38","8.92","950.0","11.12","3.07","276.0","39.59","49.24","1244.0","-1.0","-1.0","-1.0","0.03","0.03","967.0","0.04","0.04","854.0","-1.0","-1.0","-1.0","4.93","4.01","812.0","-1.0","-1.0","-1.0","0.03","0.17","5921.0","31.0","18.0","577.0","0.7","1.54","2.24","0.0","0.07","42.0"
"144","2017","10","Rajasthan","Bhilwara","0.58","1.36","2366.0","102.8","341.13","3318.0","40.35","40.37","1001.0","-1.0","0.0","0.0","40.35","40.37","1001.0","2.31","2.49","1080.0","158.94","361.78","2276.0","-1.0","-1.0","-1.0","21.36","63.04","2951.0","34.02","38.51","1132.0","0.02","0.03","1556.0","121.88","33.77","277.0","9.1","11.04","1214.0","10.07","2.41","239.0","21.65","27.13","1253.0","-1.0","-1.0","-1.0","0.02","0.01","333.0","0.04","0.04","1000.0","-1.0","-1.0","-1.0","5.32","5.76","1082.0","-1.0","-1.0","-1.0","0.04","0.29","7326.0","41.0","5.0","118.0","0.64","1.54","2.19","0.05","0.06","33.0"
"145","2016","10","Rajasthan","Bikaner","0.01","0.02","2250.0","113.18","282.65","2497.0","0.04","0.03","610.0","-1.0","0.0","0.0","0.04","0.03","610.0","117.99","80.35","681.0","0.0","0.0","2000.0","-1.0","-1.0","-1.0","4.52","8.42","1862.0","226.59","193.59","854.0","0.01","0.01","1000.0","424.75","203.15","478.0","174.95","467.36","2671.0","9.4","2.74","291.0","71.79","77.04","1073.0","-1.0","-1.0","-1.0","0.1","0.12","1204.0","-1.0","-1.0","-1.0","-1.0","-1.0","-1.0","-1.0","-1.0","-1.0","-1.0","-1.0","-1.0","0.0","0.01","7150.0","1.0","0.0","596.0","0.35","1.48","1.83","0.0","1.08","829.0"
"145","2017","10","Rajasthan","Bikaner","-1.0","-1.0","-1.0","108.3","271.41","2506.0","2.05","1.2","583.0","-1.0","0.0","0.0","2.05","1.2","583.0","124.37","60.14","484.0","-1.0","-1.0","-1.0","-1.0","-1.0","-1.0","4.83","10.66","2208.0","255.78","234.96","919.0","0.01","0.01","1000.0","369.54","141.99","384.0","220.55","514.1","2331.0","12.35","4.43","359.0","101.33","128.81","1271.0","-1.0","-1.0","-1.0","0.12","0.16","1303.0","0.0","0.0","1000.0","-1.0","-1.0","-1.0","-1.0","-1.0","-1.0","-1.0","-1.0","-1.0","0.0","0.03","7025.0","2.0","0.0","99.0","0.41","1.39","1.8","0.01","1.15","717.0"
"146","2016","10","Rajasthan","Bundi","44.35","118.52","2673.0","162.25","705.98","4351.0","0.17","0.1","605.0","-1.0","0.0","0.0","0.17","0.1","605.0","1.13","1.35","1195.0","30.34","87.4","2881.0","-1.0","-1.0","-1.0","1.04","3.43","3297.0","7.17","10.82","1509.0","0.07","0.05","692.0","123.74","88.61","716.0","0.44","0.91","2045.0","1.61","0.54","334.0","38.86","54.71","1408.0","-1.0","-1.0","-1.0","-1.0","-1.0","-1.0","0.06","0.1","1672.0","-1.0","-1.0","-1.0","64.13","65.12","1016.0","-1.0","-1.0","-1.0","1.01","8.61","8495.0","0.0","0.0","596.0","0.5","2.52","3.01","0.12","0.04","9.0"
"146","2017","10","Rajasthan","Bundi","47.01","133.1","2832.0","146.75","605.43","4126.0","0.1","0.06","586.0","-1.0","0.0","0.0","0.1","0.06","586.0","0.92","1.57","1706.0","22.94","79.26","3455.0","-1.0","-1.0","-1.0","1.89","6.28","3324.0","50.6","64.82","1281.0","0.01","0.01","714.0","149.72","96.57","645.0","0.39","0.76","1953.0","1.01","0.29","290.0","20.63","28.41","1377.0","-1.0","-1.0","-1.0","0.0","0.0","1000.0","0.03","0.04","1357.0","-1.0","-1.0","-1.0","23.94","34.01","1421.0","-1.0","-1.0","-1.0","0.77","6.01","7853.0","0.0","0.0","99.0","0.52","2.42","2.94","0.05","0.04","7.0"
"147","2016","10","Rajasthan","Chittorgarh","0.86","1.17","1369.0","157.88","637.03","4035.0","13.69","12.45","909.0","-1.0","0.0","0.0","13.69","12.45","909.0","0.23","0.23","996.0","111.41","162.06","1455.0","-1.0","-1.0","-1.0","9.58","34.5","3602.0","7.03","10.65","1514.0","0.01","0.0","333.0","10.02","4.52","452.0","16.79","14.17","844.0","2.41","0.25","102.0","41.39","64.89","1568.0","-1.0","-1.0","-1.0","-1.0","-1.0","-1.0","0.12","0.09","746.0","-1.0","-1.0","-1.0","118.32","96.16","813.0","-1.0","-1.0","-1.0","1.45","10.98","7567.0","10.0","7.0","728.0","0.16","1.74","1.9","0.01","0.53","24.0"
"147","2017","10","Rajasthan","Chittorgarh","1.08","2.48","2301.0","153.59","625.98","4076.0","13.33","14.43","1083.0","-1.0","0.0","0.0","13.33","14.43","1083.0","0.03","0.03","871.0","106.83","325.82","3050.0","-1.0","-1.0","-1.0","9.68","31.75","3280.0","17.05","25.04","1469.0","0.0","0.0","250.0","13.07","7.68","588.0","18.59","31.4","1689.0","2.03","0.78","385.0","35.07","53.12","1515.0","-1.0","-1.0","-1.0","-1.0","-1.0","-1.0","0.17","0.13","796.0","-1.0","-1.0","-1.0","116.62","96.68","829.0","-1.0","-1.0","-1.0","1.78","12.86","7248.0","12.0","1.0","118.0","0.14","5.35","5.49","0.01","3.75","23.0"
"148","2016","10","Rajasthan","Churu","-1.0","-1.0","-1.0","35.14","71.74","2041.0","0.0","0.0","1000.0","-1.0","0.0","0.0","0.0","0.0","1000.0","258.88","127.43","492.0","-1.0","-1.0","-1.0","-1.0","-1.0","-1.0","6.67","15.98","2394.0","219.11","76.13","347.0","-1.0","-1.0","-1.0","602.74","179.84","298.0","52.51","134.04","2553.0","7.02","1.56","222.0","54.62","55.33","1013.0","-1.0","-1.0","-1.0","-1.0","-1.0","-1.0","0.03","0.01","400.0","-1.0","-1.0","-1.0","-1.0","-1.0","-1.0","-1.0","-1.0","-1.0","-1.0","-1.0","-1.0","1.0","1.0","596.0","0.04","1.1","1.14","0.0","0.98","210.0"
"148","2017","10","Rajasthan","Churu","-1.0","-1.0","-1.0","33.49","73.28","2188.0","0.01","0.0","600.0","-1.0","0.0","0.0","0.01","0.0","600.0","266.15","106.08","399.0","0.0","0.0","2000.0","-1.0","-1.0","-1.0","7.73","17.79","2302.0","107.09","41.02","383.0","-1.0","-1.0","-1.0","514.3","151.27","294.0","63.45","144.69","2280.0","7.57","1.21","160.0","72.9","75.82","1040.0","-1.0","-1.0","-1.0","-1.0","-1.0","-1.0","0.0","-1.0","-1.0","-1.0","-1.0","-1.0","-1.0","-1.0","-1.0","-1.0","-1.0","-1.0","-1.0","-1.0","-1.0","1.0","0.0","61.0","0.05","0.58","0.63","-1.0","0.46","259.0"
"149","2016","10","Rajasthan","Dungarpur","17.68","22.43","1269.0","46.99","97.79","2081.0","0.2","0.12","605.0","-1.0","0.0","0.0","0.2","0.12","605.0","0.04","0.04","1000.0","63.66","87.49","1374.0","-1.0","-1.0","-1.0","0.87","2.88","3297.0","11.87","13.83","1165.0","1.32","1.05","800.0","12.05","8.94","742.0","0.04","0.09","2047.0","1.23","0.43","347.0","0.44","0.67","1521.0","-1.0","-1.0","-1.0","0.22","0.22","1000.0","-1.0","-1.0","-1.0","-1.0","-1.0","-1.0","29.19","35.66","1222.0","-1.0","-1.0","-1.0","0.02","0.09","5313.0","1.0","0.0","230.0","0.0","0.15","0.15","-1.0","0.01","4.0"
"149","2017","10","Rajasthan","Dungarpur","17.17","19.73","1149.0","47.73","110.6","2317.0","0.23","0.13","583.0","-1.0","0.0","0.0","0.23","0.13","583.0","0.04","0.03","886.0","61.45","70.31","1144.0","-1.0","-1.0","-1.0","0.88","2.92","3324.0","11.7","14.62","1249.0","1.32","1.02","772.0","12.12","9.34","771.0","0.04","0.08","1952.0","1.06","0.28","269.0","0.43","0.69","1614.0","-1.0","-1.0","-1.0","0.16","0.16","1000.0","-1.0","-1.0","-1.0","-1.0","-1.0","-1.0","32.76","30.05","917.0","-1.0","-1.0","-1.0","0.01","0.05","5811.0","1.0","0.0","99.0","0.0","0.13","0.14","-1.0","0.02","4.0"
"150","2016","10","Rajasthan","Ganganagar","13.77","39.13","2841.0","248.34","984.3","3964.0","0.21","0.13","603.0","-1.0","0.0","0.0","0.21","0.13","603.0","14.57","17.4","1194.0","0.15","0.23","1500.0","-1.0","-1.0","-1.0","40.14","154.75","3855.0","91.34","90.36","989.0","3.13","6.27","2000.0","86.42","49.56","573.0","3.47","4.97","1433.0","0.89","0.39","440.0","230.5","347.48","1508.0","-1.0","-1.0","-1.0","0.43","0.85","1979.0","0.05","0.05","1020.0","-1.0","-1.0","-1.0","-1.0","-1.0","-1.0","-1.0","-1.0","-1.0","3.5","24.04","6872.0","89.0","51.0","573.0","8.95","2.37","11.32","0.33","0.03","365.0"
"150","2017","10","Rajasthan","Ganganagar","10.54","29.07","2759.0","262.11","1059.31","4041.0","0.02","0.01","583.0","-1.0","0.0","0.0","0.02","0.01","583.0","9.03","13.14","1455.0","0.05","0.11","2019.0","-1.0","-1.0","-1.0","56.12","228.83","4077.0","98.51","98.91","1004.0","0.08","0.16","2000.0","54.3","28.42","523.0","5.32","8.54","1604.0","0.87","0.33","373.0","198.71","344.35","1733.0","-1.0","-1.0","-1.0","0.2","0.51","2602.0","0.06","0.09","1387.0","-1.0","-1.0","-1.0","-1.0","-1.0","-1.0","-1.0","-1.0","-1.0","2.08","14.19","6835.0","128.0","15.0","115.0","9.53","2.37","11.89","0.21","0.07","379.0"
"151","2016","10","Rajasthan","Jaipur","-1.0","-1.0","-1.0","157.23","569.36","3621.0","37.23","23.2","623.0","-1.0","0.0","0.0","37.23","23.2","623.0","303.97","494.31","1626.0","1.63","2.45","1498.0","-1.0","-1.0","-1.0","56.32","189.63","3367.0","100.18","105.1","1049.0","0.25","0.08","321.0","118.6","95.9","809.0","33.41","60.73","1817.0","5.14","1.69","329.0","98.45","136.78","1389.0","-1.0","-1.0","-1.0","0.0","0.0","1000.0","0.0","0.0","1000.0","-1.0","-1.0","-1.0","0.01","0.01","1000.0","-1.0","-1.0","-1.0","0.03","0.18","7128.0","0.0","0.0","596.0","2.7","24.36","27.06","0.04","3.95","72.0"
"151","2017","10","Rajasthan","Jaipur","-1.0","-1.0","-1.0","140.9","512.68","3639.0","32.69","12.59","385.0","-1.0","0.0","0.0","32.69","12.59","385.0","298.58","445.3","1491.0","1.6","1.81","1133.0","-1.0","-1.0","-1.0","51.76","182.7","3530.0","26.46","25.8","975.0","0.08","0.05","630.0","141.74","71.91","507.0","32.19","54.44","1691.0","4.29","1.45","338.0","67.85","110.48","1628.0","-1.0","-1.0","-1.0","-1.0","-1.0","-1.0","0.01","0.01","833.0","-1.0","-1.0","-1.0","0.0","0.0","1000.0","-1.0","-1.0","-1.0","0.04","0.26","7035.0","0.0","0.0","99.0","2.1","25.42","27.51","0.02","3.91","69.0"
"152","2016","10","Rajasthan","Jaisalmer","-1.0","-1.0","-1.0","9.99","13.82","1384.0","3.13","1.47","470.0","-1.0","0.0","0.0","3.13","1.47","470.0","98.69","8.66","88.0","-1.0","-1.0","-1.0","-1.0","-1.0","-1.0","0.01","0.02","3200.0","152.94","136.89","895.0","0.0","0.0","1000.0","58.14","20.77","357.0","19.79","26.09","1318.0","6.39","2.27","354.0","43.82","37.8","863.0","-1.0","-1.0","-1.0","4.25","1.27","298.0","-1.0","-1.0","-1.0","-1.0","-1.0","-1.0","-1.0","-1.0","-1.0","-1.0","-1.0","-1.0","-1.0","-1.0","-1.0","0.0","0.0","596.0","0.32","0.16","0.49","-1.0","0.03","599.0"
"152","2017","10","Rajasthan","Jaisalmer","-1.0","-1.0","-1.0","8.98","16.12","1794.0","2.75","0.5","181.0","-1.0","0.0","0.0","2.75","0.5","181.0","105.07","13.74","131.0","-1.0","-1.0","-1.0","-1.0","-1.0","-1.0","0.0","0.01","3333.0","159.08","125.62","790.0","0.0","0.0","250.0","59.97","13.78","230.0","25.67","42.2","1644.0","6.03","0.89","148.0","41.69","40.8","979.0","-1.0","-1.0","-1.0","4.72","9.43","1996.0","0.0","0.0","1000.0","-1.0","-1.0","-1.0","-1.0","-1.0","-1.0","-1.0","-1.0","-1.0","-1.0","-1.0","-1.0","0.0","0.0","99.0","0.33","0.05","0.39","-1.0","0.01","599.0"
"153","2016","10","Rajasthan","Jalore","-1.0","-1.0","-1.0","52.18","101.98","1954.0","4.93","0.83","168.0","-1.0","0.0","0.0","4.93","0.83","168.0","306.85","124.5","406.0","0.05","0.07","1490.0","-1.0","-1.0","-1.0","0.23","0.75","3298.0","16.87","19.74","1170.0","-1.0","-1.0","-1.0","139.93","45.54","325.0","18.08","35.16","1945.0","13.86","3.7","267.0","81.58","90.41","1108.0","-1.0","-1.0","-1.0","50.48","93.93","1861.0","0.01","0.0","444.0","-1.0","-1.0","-1.0","-1.0","-1.0","-1.0","-1.0","-1.0","-1.0","-1.0","-1.0","-1.0","0.0","0.0","596.0","1.28","1.8","3.07","0.22","0.26","76.0"
"153","2017","10","Rajasthan","Jalore","-1.0","-1.0","-1.0","46.94","100.7","2145.0","4.63","1.14","245.0","-1.0","0.0","0.0","4.63","1.14","245.0","314.12","92.5","294.0","0.03","0.07","2029.0","-1.0","-1.0","-1.0","0.21","0.71","3322.0","27.23","31.5","1157.0","-1.0","-1.0","-1.0","147.69","39.88","270.0","20.61","29.02","1408.0","11.11","2.27","204.0","83.19","105.46","1268.0","-1.0","-1.0","-1.0","49.26","89.48","1816.0","0.0","0.0","1000.0","-1.0","-1.0","-1.0","-1.0","-1.0","-1.0","-1.0","-1.0","-1.0","-1.0","-1.0","-1.0","1.0","0.0","99.0","1.51","1.59","3.1","0.12","0.28","61.0"
"154","2016","10","Rajasthan","Jhalawar","4.42","8.05","1819.0","109.04","417.55","3829.0","1.0","0.61","604.0","-1.0","0.0","0.0","1.0","0.61","604.0","0.03","0.03","1000.0","50.64","94.64","1869.0","-1.0","-1.0","-1.0","0.32","1.05","3298.0","17.32","22.36","1291.0","0.17","0.04","238.0","51.81","39.17","756.0","1.36","2.78","2046.0","0.53","0.19","348.0","35.58","53.14","1494.0","-1.0","-1.0","-1.0","0.01","-1.0","-1.0","0.8","0.96","1196.0","-1.0","-1.0","-1.0","219.28","228.05","1040.0","-1.0","-1.0","-1.0","0.02","0.15","7129.0","0.0","0.0","630.0","12.29","3.86","16.15","0.09","2.36","3.0"
"154","2017","10","Rajasthan","Jhalawar","4.45","12.82","2885.0","102.2","413.26","4044.0","0.63","0.37","582.0","-1.0","0.0","0.0","0.63","0.37","582.0","0.01","0.01","909.0","45.99","140.92","3064.0","-1.0","-1.0","-1.0","0.21","0.68","3322.0","57.91","88.81","1534.0","0.15","0.12","800.0","65.03","54.73","842.0","1.48","2.89","1953.0","0.62","0.17","269.0","39.76","10.23","257.0","-1.0","-1.0","-1.0","-1.0","-1.0","-1.0","0.92","0.37","400.0","-1.0","-1.0","-1.0","209.4","282.41","1349.0","-1.0","-1.0","-1.0","0.01","0.07","7040.0","0.0","0.0","90.0","12.42","3.69","16.11","0.07","2.45","2.0"
"155","2016","10","Rajasthan","Jhunjhunu","-1.0","-1.0","-1.0","86.55","350.09","4045.0","-1.0","-1.0","-1.0","-1.0","0.0","0.0","-1.0","-1.0","-1.0","222.79","327.99","1472.0","-1.0","-1.0","-1.0","-1.0","-1.0","-1.0","9.9","30.78","3111.0","56.9","71.25","1252.0","-1.0","-1.0","-1.0","88.07","58.64","666.0","3.73","7.3","1956.0","0.38","0.13","347.0","69.71","98.4","1412.0","-1.0","-1.0","-1.0","0.01","0.01","714.0","-1.0","-1.0","-1.0","-1.0","-1.0","-1.0","-1.0","-1.0","-1.0","-1.0","-1.0","-1.0","-1.0","-1.0","-1.0","4.0","2.0","609.0","0.13","4.63","4.76","0.0","3.87","72.0"
"155","2017","10","Rajasthan","Jhunjhunu","-1.0","-1.0","-1.0","85.96","340.01","3956.0","-1.0","-1.0","-1.0","-1.0","0.0","0.0","-1.0","-1.0","-1.0","219.33","229.12","1045.0","-1.0","-1.0","-1.0","-1.0","-1.0","-1.0","8.87","28.96","3264.0","58.08","79.1","1362.0","-1.0","-1.0","-1.0","78.16","24.6","315.0","4.27","7.46","1748.0","0.33","0.09","269.0","58.64","102.45","1747.0","-1.0","-1.0","-1.0","0.02","0.01","611.0","-1.0","-1.0","-1.0","-1.0","-1.0","-1.0","0.0","0.0","1000.0","-1.0","-1.0","-1.0","-1.0","-1.0","-1.0","9.0","1.0","74.0","0.12","4.34","4.46","0.0","3.66","74.0"
"156","2016","10","Rajasthan","Jodhpur","-1.0","-1.0","-1.0","77.94","180.68","2318.0","44.48","20.93","470.0","-1.0","0.0","0.0","44.48","20.93","470.0","417.35","329.98","791.0","0.01","0.01","1500.0","-1.0","-1.0","-1.0","0.38","1.25","3298.0","19.07","17.96","942.0","-1.0","-1.0","-1.0","387.5","150.5","388.0","115.45","198.44","1719.0","28.55","10.12","354.0","143.64","168.38","1172.0","-1.0","-1.0","-1.0","26.19","13.08","500.0","0.02","0.11","7000.0","-1.0","-1.0","-1.0","-1.0","-1.0","-1.0","-1.0","-1.0","-1.0","0.0","0.01","7100.0","41.0","36.0","887.0","0.45","24.05","24.5","0.0","18.77","229.0"
"156","2017","10","Rajasthan","Jodhpur","-1.0","-1.0","-1.0","66.07","150.97","2285.0","34.49","20.03","581.0","-1.0","0.0","0.0","34.49","20.03","581.0","421.94","420.02","995.0","0.0","0.01","2000.0","-1.0","-1.0","-1.0","0.36","1.2","3323.0","19.37","28.3","1461.0","-1.0","-1.0","-1.0","412.02","237.07","575.0","129.42","241.97","1870.0","21.04","9.11","433.0","149.41","196.46","1315.0","-1.0","-1.0","-1.0","24.76","12.33","498.0","0.01","0.01","714.0","-1.0","-1.0","-1.0","-1.0","-1.0","-1.0","-1.0","-1.0","-1.0","-1.0","-1.0","-1.0","47.0","4.0","83.0","0.38","25.32","25.7","0.02","20.17","201.0"
"157","2016","10","Rajasthan","Kota","22.71","60.34","2657.0","141.6","622.81","4398.0","3.1","4.26","1373.0","-1.0","0.0","0.0","3.1","4.26","1373.0","0.08","0.08","1000.0","5.5","9.68","1758.0","-1.0","-1.0","-1.0","0.27","0.9","3297.0","8.06","13.73","1702.0","0.03","0.03","1000.0","48.93","40.5","828.0","0.35","0.72","2046.0","2.38","0.86","362.0","41.02","68.82","1677.0","-1.0","-1.0","-1.0","-1.0","-1.0","-1.0","0.13","0.13","962.0","-1.0","-1.0","-1.0","164.98","167.54","1016.0","-1.0","-1.0","-1.0","0.0","0.01","7150.0","0.0","0.0","600.0","0.02","2.09","2.1","0.16","0.07","1.0"
"157","2017","10","Rajasthan","Kota","21.83","63.16","2893.0","120.49","502.52","4171.0","1.23","1.49","1219.0","-1.0","0.0","0.0","1.23","1.49","1219.0","0.04","0.04","875.0","3.64","9.63","2648.0","-1.0","-1.0","-1.0","0.41","1.36","3323.0","51.42","77.53","1508.0","0.01","0.01","1000.0","103.08","78.34","760.0","0.43","0.83","1953.0","0.9","0.28","308.0","36.95","61.52","1665.0","-1.0","-1.0","-1.0","-1.0","-1.0","-1.0","0.19","0.19","1000.0","-1.0","-1.0","-1.0","120.76","150.55","1247.0","-1.0","-1.0","-1.0","0.01","0.05","7043.0","0.0","0.0","90.0","0.02","1.83","1.85","0.19","0.02","2.0"
"158","2016","10","Rajasthan","Nagaur","-1.0","-1.0","-1.0","64.95","165.2","2544.0","26.99","15.71","582.0","-1.0","0.0","0.0","26.99","15.71","582.0","344.53","363.99","1056.0","0.03","0.04","1480.0","-1.0","-1.0","-1.0","8.51","21.37","2512.0","46.59","38.61","829.0","-1.0","-1.0","-1.0","663.94","385.55","581.0","14.53","30.55","2103.0","6.88","2.67","388.0","57.03","54.58","957.0","-1.0","-1.0","-1.0","0.02","0.02","1267.0","4.28","8.47","1980.0","-1.0","-1.0","-1.0","0.0","0.0","1000.0","-1.0","-1.0","-1.0","-1.0","-1.0","-1.0","51.0","24.0","461.0","0.37","11.34","11.72","0.01","9.08","91.0"
"158","2017","10","Rajasthan","Nagaur","-1.0","-1.0","-1.0","53.68","142.53","2655.0","27.72","13.75","496.0","-1.0","0.0","0.0","27.72","13.75","496.0","307.54","281.7","916.0","0.02","0.05","2045.0","-1.0","-1.0","-1.0","7.7","20.32","2638.0","18.94","21.03","1110.0","-1.0","-1.0","-1.0","698.55","344.28","493.0","17.6","30.94","1758.0","7.03","1.66","236.0","45.03","53.59","1190.0","-1.0","-1.0","-1.0","0.03","0.04","1121.0","0.8","0.86","1065.0","-1.0","-1.0","-1.0","-1.0","-1.0","-1.0","-1.0","-1.0","-1.0","-1.0","-1.0","-1.0","54.0","4.0","78.0","0.38","10.58","10.96","0.01","8.48","97.0"
"159","2016","10","Rajasthan","Pali","-1.0","-1.0","-1.0","92.53","265.88","2873.0","82.76","48.38","585.0","-1.0","0.0","0.0","82.76","48.38","585.0","38.28","28.8","752.0","13.6","19.07","1403.0","-1.0","-1.0","-1.0","5.04","13.61","2700.0","75.0","100.48","1340.0","0.04","0.02","425.0","279.88","107.26","383.0","0.87","1.79","2046.0","66.34","21.74","328.0","72.54","93.01","1282.0","-1.0","-1.0","-1.0","3.41","1.71","502.0","0.03","0.06","2000.0","-1.0","-1.0","-1.0","0.0","0.0","1000.0","-1.0","-1.0","-1.0","-1.0","-1.0","-1.0","10.0","6.0","594.0","0.75","1.38","2.13","0.01","0.19","35.0"
"159","2017","10","Rajasthan","Pali","-1.0","-1.0","-1.0","82.07","216.51","2638.0","69.69","21.82","313.0","-1.0","0.0","0.0","69.69","21.82","313.0","35.42","15.81","446.0","12.78","9.59","751.0","-1.0","-1.0","-1.0","4.83","13.49","2792.0","100.02","136.6","1366.0","0.06","0.03","508.0","297.86","68.75","231.0","0.94","0.89","946.0","64.16","12.5","195.0","47.78","53.14","1112.0","-1.0","-1.0","-1.0","2.55","1.31","515.0","0.01","0.01","1000.0","-1.0","-1.0","-1.0","0.01","0.02","1214.0","-1.0","-1.0","-1.0","-1.0","-1.0","-1.0","14.0","1.0","100.0","0.6","1.36","1.96","0.03","0.11","36.0"
"160","2016","10","Rajasthan","Swami Madhopur","1.63","3.62","2217.0","85.34","350.08","4102.0","0.72","0.43","604.0","-1.0","0.0","0.0","0.72","0.43","604.0","67.18","115.74","1723.0","0.44","0.65","1499.0","-1.0","-1.0","-1.0","0.54","1.77","3297.0","15.79","28.45","1802.0","0.32","0.25","789.0","32.94","24.52","744.0","3.24","4.29","1326.0","27.84","12.93","465.0","162.94","270.58","1661.0","-1.0","-1.0","-1.0","-1.0","-1.0","-1.0","0.0","0.0","1000.0","-1.0","-1.0","-1.0","11.06","16.12","1458.0","-1.0","-1.0","-1.0","0.02","0.3","18513.0","-1.0","-1.0","-1.0","0.17","1.87","2.04","0.02","0.24","7.0"
"160","2017","10","Rajasthan","Swami Madhopur","1.39","3.15","2277.0","64.27","251.73","3916.0","0.56","0.33","583.0","-1.0","0.0","0.0","0.56","0.33","583.0","63.4","98.2","1549.0","0.36","0.73","2028.0","-1.0","-1.0","-1.0","0.45","1.48","3324.0","37.14","58.87","1585.0","0.07","0.05","761.0","72.79","25.26","347.0","2.31","2.44","1059.0","25.54","9.87","387.0","99.5","170.89","1717.0","-1.0","-1.0","-1.0","-1.0","-1.0","-1.0","0.01","0.0","571.0","-1.0","-1.0","-1.0","5.04","5.57","1106.0","-1.0","-1.0","-1.0","0.01","0.09","7782.0","0.0","0.0","120.0","0.11","1.08","1.18","0.01","0.1","4.0"
"161","2016","10","Rajasthan","Sikar","-1.0","-1.0","-1.0","92.03","333.63","3625.0","0.0","0.0","1000.0","-1.0","0.0","0.0","0.0","0.0","1000.0","279.6","412.27","1475.0","0.01","0.02","1500.0","-1.0","-1.0","-1.0","27.7","102.82","3712.0","38.46","39.19","1019.0","0.0","0.0","1000.0","82.2","67.63","823.0","21.75","48.82","2245.0","0.36","0.13","347.0","43.62","45.97","1054.0","-1.0","-1.0","-1.0","-1.0","-1.0","-1.0","-1.0","-1.0","-1.0","-1.0","-1.0","-1.0","0.0","0.0","1000.0","-1.0","-1.0","-1.0","0.01","0.08","7127.0","0.0","0.0","598.0","0.61","15.22","15.83","0.0","12.49","99.0"
"161","2017","10","Rajasthan","Sikar","-1.0","-1.0","-1.0","86.09","285.83","3320.0","-1.0","-1.0","-1.0","-1.0","0.0","0.0","-1.0","-1.0","-1.0","271.3","208.18","767.0","0.0","0.0","2000.0","-1.0","-1.0","-1.0","25.7","83.15","3236.0","35.81","42.91","1198.0","-1.0","-1.0","-1.0","83.1","36.78","443.0","22.54","50.07","2221.0","0.44","0.12","270.0","33.02","40.66","1231.0","-1.0","-1.0","-1.0","-1.0","-1.0","-1.0","-1.0","-1.0","-1.0","-1.0","-1.0","-1.0","-1.0","-1.0","-1.0","-1.0","-1.0","-1.0","0.02","0.11","7033.0","0.0","0.0","104.0","0.47","15.41","15.88","0.0","12.28","100.0"
"162","2016","10","Rajasthan","Sirohi","0.0","0.01","2500.0","37.51","108.65","2897.0","4.45","0.75","168.0","-1.0","0.0","0.0","4.45","0.75","168.0","11.91","6.14","516.0","20.15","26.38","1309.0","-1.0","-1.0","-1.0","1.02","3.38","3297.0","5.0","3.65","730.0","0.09","0.05","500.0","10.62","4.21","396.0","13.94","16.49","1183.0","14.57","3.43","235.0","18.73","19.93","1064.0","-1.0","-1.0","-1.0","32.47","58.31","1796.0","-1.0","-1.0","-1.0","-1.0","-1.0","-1.0","0.0","0.0","1000.0","-1.0","-1.0","-1.0","-1.0","-1.0","-1.0","1.0","1.0","668.0","0.46","3.07","3.53","0.49","0.07","28.0"
"162","2017","10","Rajasthan","Sirohi","-1.0","-1.0","-1.0","22.24","66.37","2985.0","6.91","-1.0","-1.0","-1.0","0.0","0.0","6.91","-1.0","-1.0","16.61","0.01","1.0","20.43","0.86","42.0","-1.0","-1.0","-1.0","0.6","1.98","3324.0","2.73","2.66","974.0","0.06","-1.0","-1.0","14.2","0.64","45.0","17.64","-1.0","-1.0","24.1","0.04","2.0","11.71","12.28","1049.0","-1.0","-1.0","-1.0","34.88","17.04","489.0","-1.0","-1.0","-1.0","-1.0","-1.0","-1.0","0.0","0.0","1500.0","-1.0","-1.0","-1.0","-1.0","-1.0","-1.0","3.0","0.0","99.0","0.57","2.17","2.74","0.29","0.0","32.0"
"163","2016","10","Rajasthan","Tonk","0.0","0.0","2000.0","69.18","250.84","3626.0","61.82","26.77","433.0","-1.0","0.0","0.0","61.82","26.77","433.0","44.64","65.12","1459.0","8.71","9.13","1048.0","-1.0","-1.0","-1.0","5.23","15.26","2921.0","48.89","48.11","984.0","0.0","0.0","1000.0","142.8","95.82","671.0","10.61","12.76","1202.0","11.23","3.91","348.0","244.22","409.67","1677.0","-1.0","-1.0","-1.0","0.01","0.0","444.0","27.67","27.2","983.0","-1.0","-1.0","-1.0","0.58","0.55","957.0","-1.0","-1.0","-1.0","0.04","0.3","7176.0","1.0","1.0","713.0","0.65","4.17","4.82","0.07","0.2","16.0"
"163","2017","10","Rajasthan","Tonk","0.0","0.01","2500.0","45.84","152.77","3333.0","52.43","26.63","508.0","-1.0","0.0","0.0","52.43","26.63","508.0","41.81","63.86","1528.0","7.32","32.18","4396.0","-1.0","-1.0","-1.0","4.05","10.57","2607.0","101.37","107.96","1065.0","-1.0","-1.0","-1.0","190.46","122.58","644.0","11.69","11.33","969.0","7.36","3.22","437.0","186.64","296.76","1590.0","-1.0","-1.0","-1.0","0.02","0.01","533.0","0.01","0.01","833.0","-1.0","-1.0","-1.0","0.12","0.14","1207.0","-1.0","-1.0","-1.0","0.02","0.09","4535.0","1.0","0.0","137.0","0.55","3.27","3.83","0.06","0.14","12.0"
"164","2016","10","Rajasthan","Udaipur","4.86","5.49","1128.0","80.41","250.98","3121.0","7.2","3.31","459.0","-1.0","0.0","0.0","7.2","3.31","459.0","0.02","0.02","1000.0","172.24","209.33","1215.0","-1.0","-1.0","-1.0","9.75","24.74","2538.0","9.07","12.41","1368.0","3.07","3.51","1142.0","9.49","4.48","472.0","1.56","1.37","883.0","1.66","0.58","347.0","9.96","9.82","986.0","-1.0","-1.0","-1.0","0.07","0.06","849.0","0.03","0.02","778.0","-1.0","-1.0","-1.0","14.53","13.83","952.0","-1.0","-1.0","-1.0","0.23","0.78","3387.0","1.0","0.0","367.0","0.08","0.86","0.93","0.02","0.07","23.0"
"164","2017","10","Rajasthan","Udaipur","5.2","5.94","1141.0","80.94","229.86","2840.0","5.7","3.77","663.0","-1.0","0.0","0.0","5.7","3.77","663.0","0.04","0.03","895.0","163.08","217.57","1334.0","-1.0","-1.0","-1.0","9.42","22.4","2379.0","9.35","11.25","1203.0","2.61","3.06","1173.0","9.3","4.64","500.0","1.43","1.1","768.0","1.53","0.41","270.0","7.65","7.19","940.0","-1.0","-1.0","-1.0","0.06","0.06","1000.0","0.01","0.01","917.0","-1.0","-1.0","-1.0","19.34","17.62","911.0","-1.0","-1.0","-1.0","0.23","1.48","6565.0","1.0","0.0","61.0","0.06","0.87","0.93","0.0","0.06","23.0"
"165","2016","9","Punjab","Gurdaspur","175.0","557.0","3183.0","184.0","848.0","4609.0","-1.0","-1.0","-1.0","-1.0","0.0","0.0","-1.0","-1.0","-1.0","-1.0","-1.0","-1.0","1.0","2.0","2000.0","-1.0","-1.0","-1.0","-1.0","-1.0","-1.0","-1.0","-1.0","-1.0","-1.0","-1.0","-1.0","0.5","0.3","600.0","-1.0","-1.0","-1.0","0.1","-1.0","-1.0","2.2","3.1","1409.0","-1.0","-1.0","-1.0","-1.0","-1.0","-1.0","-1.0","-1.0","-1.0","-1.0","-1.0","-1.0","-1.0","-1.0","-1.0","-1.0","-1.0","-1.0","21.0","170.6","8124.0","-1.0","-1.0","-1.0","0.34","1.96","2.31","-1.0","-1.0","24.0"
"165","2017","9","Punjab","Gurdaspur","176.0","643.0","3653.0","185.0","876.0","4735.0","-1.0","-1.0","-1.0","-1.0","0.0","0.0","-1.0","-1.0","-1.0","-1.0","-1.0","-1.0","1.0","2.0","2000.0","-1.0","-1.0","-1.0","-1.0","-1.0","-1.0","-1.0","-1.0","-1.0","-1.0","-1.0","-1.0","1.1","1.1","1000.0","-1.0","-1.0","-1.0","0.1","-1.0","-1.0","1.9","2.8","1474.0","-1.0","-1.0","-1.0","-1.0","-1.0","-1.0","-1.0","-1.0","-1.0","-1.0","-1.0","-1.0","-1.0","-1.0","-1.0","-1.0","-1.0","-1.0","22.0","189.5","8614.0","-1.0","-1.0","-1.0","0.44","1.98","2.42","-1.0","-1.0","22.0"
"166","2016","9","Punjab","Amritsar","180.0","574.0","3189.0","188.0","930.0","4947.0","-1.0","-1.0","-1.0","-1.0","0.0","0.0","-1.0","-1.0","-1.0","-1.0","-1.0","-1.0","1.0","3.0","3000.0","-1.0","-1.0","-1.0","-1.0","-1.0","-1.0","-1.0","-1.0","-1.0","0.4","0.3","750.0","1.4","1.2","857.0","-1.0","-1.0","-1.0","0.6","0.2","333.0","1.5","2.6","1733.0","-1.0","-1.0","-1.0","-1.0","-1.0","-1.0","-1.0","-1.0","-1.0","-1.0","-1.0","-1.0","-1.0","-1.0","-1.0","-1.0","-1.0","-1.0","4.0","30.2","7550.0","-1.0","-1.0","-1.0","1.05","2.38","3.42","-1.0","-1.0","30.0"
"166","2017","9","Punjab","Amritsar","180.0","677.0","3761.0","189.0","920.0","4868.0","-1.0","-1.0","-1.0","-1.0","0.0","0.0","-1.0","-1.0","-1.0","-1.0","-1.0","-1.0","2.0","5.0","2500.0","-1.0","-1.0","-1.0","-1.0","-1.0","-1.0","-1.0","-1.0","-1.0","0.4","0.4","1000.0","4.4","3.1","705.0","-1.0","-1.0","-1.0","0.7","0.3","429.0","1.8","2.7","1500.0","-1.0","-1.0","-1.0","-1.0","-1.0","-1.0","-1.0","-1.0","-1.0","-1.0","-1.0","-1.0","-1.0","-1.0","-1.0","-1.0","-1.0","-1.0","6.0","50.1","8350.0","-1.0","-1.0","-1.0","1.05","2.38","3.42","-1.0","-1.0","30.0"
"167","2016","9","Punjab","Kapurthala","118.0","483.0","4093.0","106.0","522.0","4925.0","-1.0","-1.0","-1.0","-1.0","0.0","0.0","-1.0","-1.0","-1.0","-1.0","-1.0","-1.0","2.0","5.0","2500.0","-1.0","-1.0","-1.0","-1.0","-1.0","-1.0","-1.0","-1.0","-1.0","-1.0","-1.0","-1.0","0.0","0.0","0.0","-1.0","-1.0","-1.0","-1.0","-1.0","-1.0","0.5","0.7","1400.0","-1.0","-1.0","-1.0","-1.0","-1.0","-1.0","-1.0","-1.0","-1.0","0.2","0.3","1500.0","-1.0","-1.0","-1.0","-1.0","-1.0","-1.0","4.0","32.7","8175.0","-1.0","-1.0","-1.0","4.9","16.11","21.01","-1.0","-1.0","14.0"
"167","2017","9","Punjab","Kapurthala","118.0","513.0","4347.0","108.0","523.0","4843.0","-1.0","-1.0","-1.0","-1.0","0.0","0.0","-1.0","-1.0","-1.0","-1.0","-1.0","-1.0","2.0","11.0","5500.0","-1.0","-1.0","-1.0","-1.0","-1.0","-1.0","-1.0","-1.0","-1.0","-1.0","-1.0","-1.0","0.3","0.3","1000.0","-1.0","-1.0","-1.0","0.1","-1.0","-1.0","0.5","1.0","2000.0","-1.0","-1.0","-1.0","-1.0","-1.0","-1.0","-1.0","-1.0","-1.0","0.1","0.2","2000.0","-1.0","-1.0","-1.0","-1.0","-1.0","-1.0","4.0","33.5","8375.0","-1.0","-1.0","-1.0","3.93","14.45","18.37","-1.0","-1.0","13.0"
"168","2016","9","Punjab","Jalandhar","170.0","699.0","4112.0","167.0","809.0","4844.0","-1.0","-1.0","-1.0","-1.0","0.0","0.0","-1.0","-1.0","-1.0","-1.0","-1.0","-1.0","7.0","39.0","5571.0","-1.0","-1.0","-1.0","-1.0","-1.0","-1.0","-1.0","-1.0","-1.0","0.3","0.3","1000.0","0.1","0.1","1000.0","-1.0","-1.0","-1.0","0.1","0.1","1000.0","0.8","1.0","1250.0","-1.0","-1.0","-1.0","-1.0","-1.0","-1.0","-1.0","-1.0","-1.0","0.8","1.2","1500.0","-1.0","-1.0","-1.0","-1.0","-1.0","-1.0","10.0","85.6","8560.0","-1.0","-1.0","-1.0","0.51","21.44","21.95","-1.0","-1.0","30.0"
"168","2017","9","Punjab","Jalandhar","171.0","715.0","4181.0","170.0","861.0","5065.0","-1.0","-1.0","-1.0","-1.0","0.0","0.0","-1.0","-1.0","-1.0","-1.0","-1.0","-1.0","6.0","28.0","4667.0","-1.0","-1.0","-1.0","-1.0","-1.0","-1.0","-1.0","-1.0","-1.0","0.3","0.3","1000.0","0.6","0.6","1000.0","-1.0","-1.0","-1.0","0.2","-1.0","-1.0","0.8","1.0","1250.0","-1.0","-1.0","-1.0","-1.0","-1.0","-1.0","-1.0","-1.0","-1.0","0.2","0.3","1500.0","-1.0","-1.0","-1.0","-1.0","-1.0","-1.0","11.0","95.8","8709.0","-1.0","-1.0","-1.0","0.52","20.29","20.81","-1.0","-1.0","28.0"
"169","2016","9","Punjab","Hoshiarpur","74.0","287.0","3878.0","147.0","606.0","4122.0","-1.0","-1.0","-1.0","-1.0","0.0","0.0","-1.0","-1.0","-1.0","-1.0","-1.0","-1.0","56.0","212.0","3786.0","-1.0","-1.0","-1.0","-1.0","-1.0","-1.0","0.1","0.1","1000.0","-1.0","-1.0","-1.0","0.6","0.5","833.0","1.0","1.9","1900.0","0.2","-1.0","-1.0","4.0","4.8","1200.0","-1.0","-1.0","-1.0","-1.0","-1.0","-1.0","-1.0","-1.0","-1.0","0.7","1.0","1429.0","-1.0","-1.0","-1.0","-1.0","-1.0","-1.0","22.0","169.9","7723.0","-1.0","-1.0","-1.0","0.61","5.64","6.25","-1.0","-1.0","36.0"
"169","2017","9","Punjab","Hoshiarpur","75.0","292.0","3893.0","143.0","620.0","4336.0","-1.0","-1.0","-1.0","-1.0","0.0","0.0","-1.0","-1.0","-1.0","-1.0","-1.0","-1.0","56.0","197.0","3518.0","-1.0","-1.0","-1.0","-1.0","-1.0","-1.0","-1.0","-1.0","-1.0","-1.0","-1.0","-1.0","0.3","0.3","1000.0","1.2","2.3","1917.0","-1.0","-1.0","-1.0","3.8","4.6","1211.0","-1.0","-1.0","-1.0","-1.0","-1.0","-1.0","-1.0","-1.0","-1.0","-1.0","-1.0","-1.0","-1.0","-1.0","-1.0","-1.0","-1.0","-1.0","23.0","183.0","7957.0","-1.0","-1.0","-1.0","0.93","4.48","5.41","-1.0","-1.0","30.0"
"170","2016","9","Punjab","Roopnagar","38.0","172.0","4526.0","68.0","328.0","4824.0","-1.0","-1.0","-1.0","-1.0","0.0","0.0","-1.0","-1.0","-1.0","-1.0","-1.0","-1.0","21.0","79.0","3762.0","-1.0","-1.0","-1.0","0.1","0.3","3000.0","-1.0","-1.0","-1.0","0.1","0.1","1000.0","0.0","0.0","0.0","-1.0","-1.0","-1.0","0.2","0.1","500.0","2.1","2.6","1238.0","-1.0","-1.0","-1.0","-1.0","-1.0","-1.0","-1.0","-1.0","-1.0","-1.0","-1.0","-1.0","-1.0","-1.0","-1.0","-1.0","-1.0","-1.0","3.0","24.1","8033.0","-1.0","-1.0","-1.0","0.18","0.84","1.03","-1.0","-1.0","7.0"
"170","2017","9","Punjab","Roopnagar","40.0","170.0","4250.0","67.0","326.0","4866.0","-1.0","-1.0","-1.0","-1.0","0.0","0.0","-1.0","-1.0","-1.0","-1.0","-1.0","-1.0","22.0","91.0","4136.0","-1.0","-1.0","-1.0","0.1","0.4","4000.0","-1.0","-1.0","-1.0","-1.0","-1.0","-1.0","0.8","0.6","750.0","-1.0","-1.0","-1.0","0.2","-1.0","-1.0","2.0","2.6","1300.0","-1.0","-1.0","-1.0","-1.0","-1.0","-1.0","-1.0","-1.0","-1.0","-1.0","-1.0","-1.0","-1.0","-1.0","-1.0","-1.0","-1.0","-1.0","3.0","22.9","7633.0","-1.0","-1.0","-1.0","0.22","0.53","0.74","-1.0","-1.0","11.0"
"171","2016","9","Punjab","Ludhiana","259.0","1247.0","4815.0","250.0","1273.0","5092.0","-1.0","-1.0","-1.0","-1.0","0.0","0.0","-1.0","-1.0","-1.0","-1.0","-1.0","-1.0","1.0","3.0","3000.0","-1.0","-1.0","-1.0","1.3","5.1","3923.0","-1.0","-1.0","-1.0","0.7","0.5","714.0","0.4","0.4","1000.0","-1.0","-1.0","-1.0","-1.0","-1.0","-1.0","1.4","2.1","1500.0","-1.0","-1.0","-1.0","-1.0","-1.0","-1.0","-1.0","-1.0","-1.0","1.2","2.3","1917.0","-1.0","-1.0","-1.0","-1.0","-1.0","-1.0","2.0","17.7","8850.0","-1.0","-1.0","-1.0","0.67","23.7","24.37","-1.0","-1.0","42.0"
"171","2017","9","Punjab","Ludhiana","258.0","1224.0","4744.0","252.0","1296.0","5143.0","-1.0","-1.0","-1.0","-1.0","0.0","0.0","-1.0","-1.0","-1.0","-1.0","-1.0","-1.0","1.0","4.0","4000.0","-1.0","-1.0","-1.0","1.4","6.1","4357.0","-1.0","-1.0","-1.0","0.6","0.6","1000.0","2.5","2.1","840.0","-1.0","-1.0","-1.0","-1.0","-1.0","-1.0","1.4","2.2","1571.0","-1.0","-1.0","-1.0","-1.0","-1.0","-1.0","-1.0","-1.0","-1.0","1.2","2.5","2083.0","-1.0","-1.0","-1.0","-1.0","-1.0","-1.0","3.0","27.3","9100.0","-1.0","-1.0","-1.0","0.0","13.98","13.98","-1.0","-1.0","20.0"
"172","2016","9","Punjab","Ferozpur","187.0","791.0","4230.0","184.0","959.0","5212.0","-1.0","-1.0","-1.0","-1.0","0.0","0.0","-1.0","-1.0","-1.0","-1.0","-1.0","-1.0","-1.0","-1.0","-1.0","-1.0","-1.0","-1.0","-1.0","-1.0","-1.0","-1.0","-1.0","-1.0","-1.0","-1.0","-1.0","0.8","0.8","1000.0","-1.0","-1.0","-1.0","0.6","0.4","667.0","0.4","0.6","1500.0","-1.0","-1.0","-1.0","-1.0","-1.0","-1.0","-1.0","-1.0","-1.0","-1.0","-1.0","-1.0","-1.0","-1.0","-1.0","-1.0","-1.0","-1.0","-1.0","-1.0","-1.0","-1.0","-1.0","-1.0","0.0","5.65","5.65","-1.0","-1.0","23.0"
"172","2017","9","Punjab","Ferozpur","185.0","842.0","4551.0","187.0","977.0","5225.0","-1.0","-1.0","-1.0","-1.0","0.0","0.0","-1.0","-1.0","-1.0","-1.0","-1.0","-1.0","-1.0","-1.0","-1.0","-1.0","-1.0","-1.0","-1.0","-1.0","-1.0","-1.0","-1.0","-1.0","0.1","0.1","1000.0","0.9","0.8","889.0","-1.0","-1.0","-1.0","0.4","0.2","500.0","0.3","0.4","1333.0","-1.0","-1.0","-1.0","-1.0","-1.0","-1.0","-1.0","-1.0","-1.0","-1.0","-1.0","-1.0","-1.0","-1.0","-1.0","-1.0","-1.0","-1.0","-1.0","-1.0","-1.0","-1.0","-1.0","-1.0","0.0","12.05","12.05","-1.0","-1.0","28.0"
"173","2016","9","Punjab","Faridkot","115.0","468.0","4070.0","117.0","609.0","5205.0","-1.0","-1.0","-1.0","-1.0","0.0","0.0","-1.0","-1.0","-1.0","-1.0","-1.0","-1.0","-1.0","-1.0","-1.0","-1.0","-1.0","-1.0","-1.0","-1.0","-1.0","-1.0","-1.0","-1.0","0.1","0.1","1000.0","0.1","0.1","1000.0","-1.0","-1.0","-1.0","-1.0","-1.0","-1.0","0.4","0.6","1500.0","-1.0","-1.0","-1.0","-1.0","-1.0","-1.0","-1.0","-1.0","-1.0","-1.0","-1.0","-1.0","-1.0","-1.0","-1.0","-1.0","-1.0","-1.0","-1.0","-1.0","-1.0","2.0","1.0","630.0","0.54","1.97","2.52","-1.0","-1.0","5.0"
"173","2017","9","Punjab","Faridkot","115.0","511.0","4443.0","116.0","619.0","5336.0","-1.0","-1.0","-1.0","-1.0","0.0","0.0","-1.0","-1.0","-1.0","-1.0","-1.0","-1.0","-1.0","-1.0","-1.0","-1.0","-1.0","-1.0","0.1","0.3","3000.0","-1.0","-1.0","-1.0","-1.0","-1.0","-1.0","0.5","0.3","600.0","-1.0","-1.0","-1.0","-1.0","-1.0","-1.0","0.4","0.4","1000.0","-1.0","-1.0","-1.0","-1.0","-1.0","-1.0","-1.0","-1.0","-1.0","-1.0","-1.0","-1.0","-1.0","-1.0","-1.0","-1.0","-1.0","-1.0","-1.0","-1.0","-1.0","2.0","1.0","720.0","0.51","2.05","2.56","-1.0","-1.0","6.0"
"174","2016","9","Punjab","Bhatinda","152.0","689.0","4533.0","252.0","1335.0","5298.0","-1.0","-1.0","-1.0","-1.0","0.0","0.0","-1.0","-1.0","-1.0","0.2","0.1","500.0","-1.0","-1.0","-1.0","-1.0","-1.0","-1.0","1.2","3.8","3167.0","0.2","0.3","1500.0","0.2","0.2","1000.0","0.5","0.5","1000.0","-1.0","-1.0","-1.0","-1.0","-1.0","-1.0","2.4","3.4","1417.0","-1.0","-1.0","-1.0","-1.0","-1.0","-1.0","-1.0","-1.0","-1.0","-1.0","-1.0","-1.0","-1.0","-1.0","-1.0","-1.0","-1.0","-1.0","-1.0","-1.0","-1.0","97.0","86.0","887.0","1.82","8.0","9.82","-1.0","-1.0","26.0"
"174","2017","9","Punjab","Bhatinda","160.0","747.0","4669.0","254.0","1345.0","5295.0","-1.0","-1.0","-1.0","-1.0","0.0","0.0","-1.0","-1.0","-1.0","0.1","0.1","1000.0","-1.0","-1.0","-1.0","-1.0","-1.0","-1.0","0.9","3.2","3556.0","0.1","0.1","1000.0","-1.0","-1.0","-1.0","1.3","1.0","769.0","-1.0","-1.0","-1.0","-1.0","-1.0","-1.0","2.0","4.0","2000.0","-1.0","-1.0","-1.0","-1.0","-1.0","-1.0","-1.0","-1.0","-1.0","-1.0","-1.0","-1.0","-1.0","-1.0","-1.0","-1.0","-1.0","-1.0","-1.0","-1.0","-1.0","99.0","88.0","893.0","1.69","6.89","8.58","-1.0","-1.0","27.0"
"175","2016","9","Punjab","Sangrur","278.0","1355.0","4874.0","286.0","1589.0","5556.0","-1.0","-1.0","-1.0","-1.0","0.0","0.0","-1.0","-1.0","-1.0","-1.0","-1.0","-1.0","1.0","3.0","3000.0","-1.0","-1.0","-1.0","1.6","6.6","4125.0","0.1","0.1","1000.0","0.2","0.2","1000.0","0.3","0.4","1333.0","-1.0","-1.0","-1.0","-1.0","-1.0","-1.0","1.5","2.0","1333.0","-1.0","-1.0","-1.0","-1.0","-1.0","-1.0","-1.0","-1.0","-1.0","-1.0","-1.0","-1.0","-1.0","-1.0","-1.0","-1.0","-1.0","-1.0","3.0","26.7","8900.0","7.0","5.0","746.0","0.44","4.72","5.16","-1.0","-1.0","37.0"
"175","2017","9","Punjab","Sangrur","284.0","1442.0","5077.0","288.0","1599.0","5552.0","-1.0","-1.0","-1.0","-1.0","0.0","0.0","-1.0","-1.0","-1.0","0.2","0.1","500.0","-1.0","-1.0","-1.0","-1.0","-1.0","-1.0","1.6","6.5","4063.0","0.1","0.2","2000.0","0.2","0.2","1000.0","2.1","2.9","1381.0","-1.0","-1.0","-1.0","-1.0","-1.0","-1.0","1.6","2.1","1313.0","-1.0","-1.0","-1.0","-1.0","-1.0","-1.0","-1.0","-1.0","-1.0","-1.0","-1.0","-1.0","-1.0","-1.0","-1.0","-1.0","-1.0","-1.0","4.0","36.9","9225.0","6.0","4.0","720.0","0.41","4.37","4.78","-1.0","-1.0","35.0"
"176","2016","9","Punjab","Patiala","232.0","984.0","4241.0","231.0","1193.0","5165.0","-1.0","-1.0","-1.0","-1.0","0.0","0.0","-1.0","-1.0","-1.0","-1.0","-1.0","-1.0","1.0","5.0","5000.0","-1.0","-1.0","-1.0","0.5","2.6","5200.0","-1.0","-1.0","-1.0","-1.0","-1.0","-1.0","1.4","2.1","1500.0","-1.0","-1.0","-1.0","-1.0","-1.0","-1.0","0.8","1.3","1625.0","-1.0","-1.0","-1.0","-1.0","-1.0","-1.0","-1.0","-1.0","-1.0","0.7","1.2","1714.0","-1.0","-1.0","-1.0","-1.0","-1.0","-1.0","2.0","18.3","9150.0","1.0","1.0","720.0","1.06","11.17","12.23","-1.0","-1.0","27.0"
"176","2017","9","Punjab","Patiala","233.0","1001.0","4296.0","232.0","1223.0","5272.0","-1.0","-1.0","-1.0","-1.0","0.0","0.0","-1.0","-1.0","-1.0","-1.0","-1.0","-1.0","1.0","4.0","4000.0","-1.0","-1.0","-1.0","0.5","2.7","5400.0","-1.0","-1.0","-1.0","-1.0","-1.0","-1.0","1.5","0.9","600.0","-1.0","-1.0","-1.0","-1.0","-1.0","-1.0","0.7","1.1","1571.0","-1.0","-1.0","-1.0","-1.0","-1.0","-1.0","-1.0","-1.0","-1.0","1.5","3.1","2067.0","-1.0","-1.0","-1.0","-1.0","-1.0","-1.0","2.0","20.4","10200.0","1.0","1.0","720.0","1.06","10.06","11.12","-1.0","-1.0","27.0"
"177","2016","4","Haryana","Hissar","67.8","186.0","2743.0","226.3","1075.0","4750.0","-1.0","-1.0","-1.0","-1.0","-1.0","-1.0","0.0","0.0","0.0","44.1","84.0","1905.0","-1.0","0.0","-1.0","-1.0","-1.0","-1.0","3.0","11.0","3667.0","4.5","6.2","1378.0","-1.0","-1.0","-1.0","7.1","10.0","1408.0","0.3","0.4","1333.0","0.2","0.1","500.0","64.7","121.0","1870.0","-1.0","-1.0","-1.0","-1.0","-1.0","-1.0","-1.0","-1.0","-1.0","-1.0","-1.0","-1.0","-1.0","-1.0","-1.0","66.1","132.4","2003.0","1.7","13.0","7647.0","114.0","75.0","658.0","-1.0","-1.0","-1.0","0.3","-1.0","-1.0"
"177","2017","4","Haryana","Hissar","70.0","188.0","2686.0","224.0","1101.0","4915.0","-1.0","-1.0","-1.0","-1.0","-1.0","-1.0","0.0","0.0","0.0","33.2","59.0","1777.0","0.1","0.0","0.0","-1.0","-1.0","-1.0","2.7","10.0","3704.0","7.3","10.0","1370.0","-1.0","-1.0","-1.0","10.1","14.3","1416.0","0.2","0.2","1000.0","0.1","0.1","1000.0","67.7","149.0","2201.0","-1.0","-1.0","-1.0","-1.0","-1.0","-1.0","-1.0","-1.0","-1.0","-1.0","-1.0","-1.0","-1.0","-1.0","-1.0","68.4","160.2","2342.0","-1.0","-1.0","-1.0","132.0","68.0","520.0","-1.0","-1.0","-1.0","-1.0","-1.0","-1.0"
"178","2016","4","Haryana","Sirsa","85.5","315.0","3684.0","304.4","1547.0","5082.0","-1.0","-1.0","-1.0","-1.0","-1.0","-1.0","-1.0","0.0","-1.0","4.1","9.0","2195.0","0.3","0.0","0.0","-1.0","-1.0","-1.0","3.3","11.0","3333.0","3.4","5.1","1500.0","-1.0","-1.0","-1.0","1.5","10.1","6733.0","2.9","3.4","1172.0","0.1","0.1","1000.0","41.6","66.0","1587.0","-1.0","-1.0","-1.0","-1.0","-1.0","-1.0","-1.0","-1.0","-1.0","-1.0","-1.0","-1.0","-1.0","-1.0","-1.0","45.4","70.3","1548.0","0.2","0.0","0.0","179.0","132.0","737.0","-1.0","-1.0","-1.0","0.0","-1.0","-1.0"
"178","2017","4","Haryana","Sirsa","95.5","324.0","3393.0","295.3","1498.0","5073.0","-1.0","-1.0","-1.0","-1.0","-1.0","-1.0","0.0","0.0","0.0","3.2","5.0","1563.0","-1.0","-1.0","-1.0","-1.0","-1.0","-1.0","3.1","10.0","3226.0","4.2","6.0","1429.0","-1.0","-1.0","-1.0","0.5","8.5","17000.0","1.8","2.1","1167.0","0.1","-1.0","-1.0","47.7","96.0","2013.0","-1.0","-1.0","-1.0","-1.0","-1.0","-1.0","-1.0","-1.0","-1.0","-1.0","-1.0","-1.0","-1.0","-1.0","-1.0","49.9","98.9","1982.0","-1.0","-1.0","-1.0","199.0","68.0","340.0","-1.0","-1.0","-1.0","-1.0","-1.0","-1.0"
"179","2016","4","Haryana","Bhiwani","28.1","63.0","2242.0","119.8","519.0","4332.0","-1.0","-1.0","-1.0","-1.0","-1.0","-1.0","2.7","2.0","741.0","110.8","189.0","1706.0","-1.0","0.0","-1.0","-1.0","-1.0","-1.0","3.1","13.0","4194.0","14.3","16.0","1119.0","-1.0","-1.0","-1.0","10.3","3.7","359.0","-1.0","0.1","-1.0","0.3","0.1","333.0","113.1","193.0","1706.0","-1.0","-1.0","-1.0","-1.0","-1.0","-1.0","-1.0","-1.0","-1.0","-1.0","-1.0","-1.0","-1.0","-1.0","-1.0","113.3","193.2","1705.0","3.8","25.0","6579.0","88.0","48.0","545.0","-1.0","-1.0","-1.0","0.3","-1.0","-1.0"
"179","2017","4","Haryana","Bhiwani","21.7","56.0","2581.0","117.4","506.0","4310.0","-1.0","-1.0","-1.0","-1.0","-1.0","-1.0","-1.0","0.0","-1.0","60.6","75.0","1238.0","0.1","0.0","0.0","-1.0","-1.0","-1.0","3.1","9.0","2903.0","11.1","9.0","811.0","-1.0","-1.0","-1.0","4.1","1.8","439.0","-1.0","-1.0","-1.0","0.2","0.1","500.0","120.0","222.0","1850.0","-1.0","-1.0","-1.0","-1.0","-1.0","-1.0","-1.0","-1.0","-1.0","-1.0","-1.0","-1.0","-1.0","-1.0","-1.0","120.2","222.1","1848.0","-1.0","-1.0","-1.0","86.0","37.0","423.0","-1.0","-1.0","-1.0","-1.0","-1.0","-1.0"
"180","2016","4","Haryana","Gurgaon","5.5","15.0","2727.0","47.6","224.0","4706.0","-1.0","-1.0","-1.0","-1.0","-1.0","-1.0","1.2","1.0","833.0","31.3","59.0","1885.0","-1.0","0.0","-1.0","-1.0","-1.0","-1.0","1.1","5.0","4545.0","-1.0","0.0","0.0","-1.0","-1.0","-1.0","0.6","0.4","667.0","-1.0","-1.0","-1.0","0.4","0.3","750.0","9.6","20.0","2083.0","-1.0","-1.0","-1.0","-1.0","-1.0","-1.0","-1.0","-1.0","-1.0","-1.0","-1.0","-1.0","-1.0","-1.0","-1.0","10.0","20.3","2030.0","-1.0","0.0","0.0","1.0","0.0","514.0","-1.0","-1.0","-1.0","0.8","-1.0","-1.0"
"180","2017","4","Haryana","Gurgaon","5.2","13.0","2500.0","43.0","211.0","4907.0","-1.0","-1.0","-1.0","-1.0","-1.0","-1.0","0.3","-1.0","-1.0","31.7","61.0","1924.0","0.0","0.0","0.0","-1.0","-1.0","-1.0","0.8","4.0","5000.0","-1.0","-1.0","-1.0","-1.0","-1.0","-1.0","-1.0","-1.0","-1.0","-1.0","-1.0","-1.0","0.5","0.2","400.0","14.6","35.0","2397.0","-1.0","-1.0","-1.0","-1.0","-1.0","-1.0","-1.0","-1.0","-1.0","-1.0","-1.0","-1.0","-1.0","-1.0","-1.0","15.1","35.2","2331.0","-1.0","-1.0","-1.0","2.0","1.0","500.0","-1.0","-1.0","-1.0","-1.0","-1.0","-1.0"
"181","2016","4","Haryana","Jind","135.0","349.0","2585.0","217.0","1056.0","4866.0","-1.0","-1.0","-1.0","-1.0","-1.0","-1.0","0.0","0.0","0.0","19.0","34.0","1789.0","0.0","0.0","0.0","-1.0","-1.0","-1.0","0.0","0.0","0.0","0.0","0.0","0.0","-1.0","-1.0","-1.0","0.1","1.0","10000.0","0.0","0.0","0.0","-1.0","0.1","-1.0","4.0","8.0","2000.0","-1.0","-1.0","-1.0","-1.0","-1.0","-1.0","-1.0","-1.0","-1.0","-1.0","-1.0","-1.0","-1.0","-1.0","-1.0","4.0","8.1","2025.0","5.0","38.0","7600.0","59.0","32.0","534.0","-1.0","-1.0","-1.0","-1.0","-1.0","-1.0"
"181","2017","4","Haryana","Jind","135.7","376.0","2771.0","216.4","1090.0","5037.0","-1.0","-1.0","-1.0","-1.0","-1.0","-1.0","0.0","-1.0","0.0","13.9","24.0","1727.0","0.0","0.0","0.0","-1.0","-1.0","-1.0","0.3","-1.0","-1.0","0.1","-1.0","-1.0","-1.0","-1.0","-1.0","0.2","-1.0","-1.0","0.0","0.0","0.0","-1.0","-1.0","-1.0","4.9","10.0","2041.0","-1.0","-1.0","-1.0","-1.0","-1.0","-1.0","-1.0","-1.0","-1.0","-1.0","-1.0","-1.0","-1.0","-1.0","-1.0","5.0","10.0","2000.0","-1.0","-1.0","-1.0","63.0","31.0","497.0","-1.0","-1.0","-1.0","-1.0","-1.0","-1.0"
"182","2016","4","Haryana","Mahendragarh","0.0","0.0","0.0","50.0","236.0","4720.0","-1.0","-1.0","-1.0","-1.0","-1.0","-1.0","-1.0","0.0","-1.0","99.3","228.0","2296.0","0.0","0.0","0.0","-1.0","-1.0","-1.0","0.5","0.0","0.0","11.3","15.3","1354.0","-1.0","-1.0","-1.0","1.3","15.5","11923.0","-1.0","-1.0","-1.0","0.0","0.0","0.0","82.9","163.0","1966.0","-1.0","-1.0","-1.0","-1.0","-1.0","-1.0","-1.0","-1.0","-1.0","-1.0","-1.0","-1.0","-1.0","-1.0","-1.0","82.9","163.0","1966.0","-1.0","0.0","0.0","15.0","9.0","596.0","-1.0","-1.0","-1.0","0.0","-1.0","-1.0"
"182","2017","4","Haryana","Mahendragarh","0.0","0.0","0.0","49.1","209.0","4257.0","-1.0","-1.0","-1.0","-1.0","-1.0","-1.0","0.2","0.0","0.0","98.5","147.0","1492.0","0.0","0.0","0.0","-1.0","-1.0","-1.0","0.5","1.0","2000.0","5.5","6.0","1091.0","-1.0","-1.0","-1.0","0.6","8.5","14167.0","-1.0","-1.0","-1.0","0.0","0.0","0.0","80.9","153.1","1892.0","-1.0","-1.0","-1.0","-1.0","-1.0","-1.0","-1.0","-1.0","-1.0","-1.0","-1.0","-1.0","-1.0","-1.0","-1.0","80.9","153.1","1892.0","-1.0","-1.0","-1.0","26.0","14.0","549.0","-1.0","-1.0","-1.0","-1.0","-1.0","-1.0"
"183","2016","4","Haryana","Ambala","82.7","319.0","3857.0","86.7","392.0","4521.0","-1.0","-1.0","-1.0","-1.0","-1.0","-1.0","0.0","0.0","0.0","0.3","0.0","0.0","0.3","1.0","3333.0","-1.0","-1.0","-1.0","0.0","0.0","0.0","-1.0","0.0","0.0","-1.0","-1.0","-1.0","1.5","6.8","4533.0","0.0","0.0","0.0","-1.0","-1.0","-1.0","1.3","1.0","769.0","-1.0","-1.0","-1.0","-1.0","-1.0","-1.0","-1.0","-1.0","-1.0","-1.0","-1.0","-1.0","-1.0","-1.0","-1.0","4.2","6.8","1619.0","9.8","78.0","7959.0","0.0","0.0","0.0","-1.0","-1.0","-1.0","2.1","-1.0","-1.0"
"183","2017","4","Haryana","Ambala","85.0","331.0","3894.0","87.1","405.0","4650.0","-1.0","-1.0","-1.0","-1.0","-1.0","-1.0","0.0","0.0","0.0","0.2","0.0","0.0","0.0","0.0","0.0","-1.0","-1.0","-1.0","-1.0","0.0","0.0","-1.0","-1.0","-1.0","-1.0","-1.0","-1.0","-1.0","-1.0","-1.0","0.0","0.0","0.0","-1.0","-1.0","-1.0","2.0","4.0","2000.0","-1.0","-1.0","-1.0","-1.0","-1.0","-1.0","-1.0","-1.0","-1.0","-1.0","-1.0","-1.0","-1.0","-1.0","-1.0","3.7","7.1","1919.0","-1.0","-1.0","-1.0","0.0","0.0","0.0","-1.0","-1.0","-1.0","-1.0","-1.0","-1.0"
"184","2016","4","Haryana","Karnal","174.8","555.0","3175.0","197.3","897.0","4546.0","-1.0","-1.0","-1.0","-1.0","-1.0","-1.0","0.0","0.0","0.0","0.4","0.0","0.0","0.2","0.0","0.0","-1.0","-1.0","-1.0","0.2","0.0","0.0","-1.0","0.0","0.0","-1.0","-1.0","-1.0","0.4","4.8","12000.0","0.0","0.0","0.0","-1.0","-1.0","-1.0","1.6","4.0","2500.0","-1.0","-1.0","-1.0","-1.0","-1.0","-1.0","-1.0","-1.0","-1.0","-1.0","-1.0","-1.0","-1.0","-1.0","-1.0","1.6","4.0","2500.0","11.8","112.0","9492.0","-1.0","0.0","0.0","-1.0","-1.0","-1.0","0.0","-1.0","-1.0"
"184","2017","4","Haryana","Karnal","174.0","661.0","3799.0","176.0","866.0","4920.0","-1.0","-1.0","-1.0","-1.0","-1.0","-1.0","0.0","0.0","0.0","0.4","0.0","0.0","0.1","-1.0","-1.0","-1.0","-1.0","-1.0","-1.0","0.0","0.0","-1.0","0.1","-1.0","-1.0","-1.0","-1.0","-1.0","-1.0","-1.0","0.0","0.0","0.0","-1.0","-1.0","-1.0","1.6","2.1","1313.0","-1.0","-1.0","-1.0","-1.0","-1.0","-1.0","-1.0","-1.0","-1.0","-1.0","-1.0","-1.0","-1.0","-1.0","-1.0","1.6","2.1","1313.0","-1.0","-1.0","-1.0","0.0","0.0","0.0","-1.0","-1.0","-1.0","-1.0","-1.0","-1.0"
"185","2016","4","Haryana","Kurukshetra","115.3","495.0","4293.0","106.2","521.0","4906.0","-1.0","-1.0","-1.0","-1.0","-1.0","-1.0","1.8","0.0","0.0","-1.0","0.0","0.0","1.3","1.0","769.0","-1.0","-1.0","-1.0","-1.0","0.0","0.0","-1.0","0.0","0.0","-1.0","-1.0","-1.0","1.3","9.3","7154.0","0.0","0.0","0.0","0.0","0.0","0.0","1.9","3.1","1632.0","-1.0","-1.0","-1.0","-1.0","-1.0","-1.0","-1.0","-1.0","-1.0","-1.0","-1.0","-1.0","-1.0","-1.0","-1.0","7.2","14.0","1944.0","9.9","86.0","8687.0","0.0","0.0","0.0","-1.0","-1.0","-1.0","0.0","-1.0","-1.0"
"185","2017","4","Haryana","Kurukshetra","120.8","506.0","4189.0","112.7","545.0","4836.0","-1.0","-1.0","-1.0","-1.0","-1.0","-1.0","0.0","0.0","0.0","-1.0","0.0","0.0","0.1","-1.0","-1.0","-1.0","-1.0","-1.0","-1.0","0.0","0.0","0.1","0.0","0.0","-1.0","-1.0","-1.0","0.9","8.5","9444.0","0.0","0.0","0.0","-1.0","0.0","0.0","1.8","4.0","2222.0","-1.0","-1.0","-1.0","-1.0","-1.0","-1.0","-1.0","-1.0","-1.0","-1.0","-1.0","-1.0","-1.0","-1.0","-1.0","5.0","9.7","1940.0","-1.0","-1.0","-1.0","0.0","0.0","0.0","-1.0","-1.0","-1.0","-1.0","-1.0","-1.0"
"186","2016","4","Haryana","Rohtak","46.9","95.0","2026.0","105.1","482.0","4586.0","-1.0","-1.0","-1.0","-1.0","-1.0","-1.0","11.3","8.0","708.0","12.9","25.0","1938.0","0.0","10.0","0.0","-1.0","-1.0","-1.0","2.0","6.0","3000.0","0.3","2.0","6667.0","-1.0","-1.0","-1.0","0.8","8.8","11000.0","0.0","0.0","0.0","-1.0","-1.0","-1.0","9.7","13.0","1340.0","-1.0","-1.0","-1.0","-1.0","-1.0","-1.0","-1.0","-1.0","-1.0","-1.0","-1.0","-1.0","-1.0","-1.0","-1.0","9.8","13.0","1327.0","10.3","71.0","6893.0","15.0","7.0","444.0","-1.0","-1.0","-1.0","0.2","-1.0","-1.0"
"186","2017","4","Haryana","Rohtak","48.9","129.0","2638.0","104.4","481.0","4607.0","-1.0","-1.0","-1.0","-1.0","-1.0","-1.0","14.0","7.0","500.0","11.8","22.0","1864.0","0.5","3.0","6000.0","-1.0","-1.0","-1.0","1.8","6.0","3333.0","0.3","0.5","1667.0","-1.0","-1.0","-1.0","0.6","8.5","14167.0","0.0","0.0","0.0","-1.0","-1.0","-1.0","12.0","23.0","1917.0","-1.0","-1.0","-1.0","-1.0","-1.0","-1.0","-1.0","-1.0","-1.0","-1.0","-1.0","-1.0","-1.0","-1.0","-1.0","12.0","23.0","1917.0","-1.0","-1.0","-1.0","15.0","7.0","509.0","-1.0","-1.0","-1.0","-1.0","-1.0","-1.0"
"187","2016","4","Haryana","Sonepat","108.8","264.0","2426.0","144.5","744.0","5149.0","-1.0","-1.0","-1.0","-1.0","-1.0","-1.0","5.6","3.0","536.0","6.2","12.0","1935.0","0.5","5.0","10000.0","-1.0","-1.0","-1.0","0.1","0.0","0.0","-1.0","0.0","0.0","-1.0","-1.0","-1.0","0.5","0.6","1200.0","0.0","0.0","0.0","0.0","0.0","0.0","1.4","2.0","1429.0","-1.0","-1.0","-1.0","-1.0","-1.0","-1.0","-1.0","-1.0","-1.0","-1.0","-1.0","-1.0","-1.0","-1.0","-1.0","1.4","2.0","1429.0","8.1","70.0","8642.0","3.0","2.0","582.0","-1.0","-1.0","-1.0","0.8","-1.0","-1.0"
"187","2017","4","Haryana","Sonepat","107.7","275.0","2553.0","144.3","730.0","5059.0","-1.0","-1.0","-1.0","-1.0","-1.0","-1.0","4.3","2.0","465.0","5.9","8.0","1356.0","0.2","1.0","5000.0","-1.0","-1.0","-1.0","-1.0","0.0","0.0","-1.0","-1.0","-1.0","-1.0","-1.0","-1.0","-1.0","-1.0","-1.0","0.0","0.0","0.0","0.0","0.0","0.0","1.4","2.0","1429.0","-1.0","-1.0","-1.0","-1.0","-1.0","-1.0","-1.0","-1.0","-1.0","-1.0","-1.0","-1.0","-1.0","-1.0","-1.0","1.4","2.0","1429.0","-1.0","-1.0","-1.0","4.0","3.0","758.0","-1.0","-1.0","-1.0","-1.0","-1.0","-1.0"
"188","2016","4","Haryana","Faridabad","12.0","33.0","2750.0","30.0","141.0","4700.0","-1.0","-1.0","-1.0","-1.0","-1.0","-1.0","1.0","1.0","1000.0","4.0","9.0","2250.0","0.0","0.0","0.0","-1.0","-1.0","-1.0","0.0","0.0","0.0","0.0","0.0","0.0","-1.0","-1.0","-1.0","0.0","1.2","0.0","0.0","0.0","0.0","-1.0","-1.0","-1.0","0.0","23.0","0.0","-1.0","-1.0","-1.0","-1.0","-1.0","-1.0","-1.0","-1.0","-1.0","-1.0","-1.0","-1.0","-1.0","-1.0","-1.0","-1.0","23.0","-1.0","1.0","8.0","8000.0","0.0","0.0","0.0","-1.0","-1.0","-1.0","8.7","-1.0","-1.0"
"188","2017","4","Haryana","Faridabad","12.0","32.0","2667.0","30.0","134.0","4467.0","-1.0","-1.0","-1.0","-1.0","-1.0","-1.0","1.0","0.0","0.0","2.1","4.0","1905.0","0.0","0.0","0.0","-1.0","-1.0","-1.0","0.2","0.0","0.0","0.0","0.0","0.0","-1.0","-1.0","-1.0","0.1","0.1","1000.0","0.0","0.0","0.0","-1.0","-1.0","-1.0","0.4","0.1","250.0","-1.0","-1.0","-1.0","-1.0","-1.0","-1.0","-1.0","-1.0","-1.0","-1.0","-1.0","-1.0","-1.0","-1.0","-1.0","0.4","0.1","250.0","-1.0","-1.0","-1.0","0.0","0.0","0.0","-1.0","-1.0","-1.0","-1.0","-1.0","-1.0"
"189","2016","12","Uttar Pradesh","Saharanpur","57.54","142.18","2471.0","112.62","423.13","3757.0","-1.0","-1.0","-1.0","-1.0","0.0","0.0","-1.0","-1.0","-1.0","0.0","0.0","2000.0","7.6","12.08","1590.0","-1.0","-1.0","-1.0","0.08","0.24","2798.0","0.03","0.03","1074.0","-1.0","-1.0","-1.0","5.57","3.97","712.0","3.7","3.58","968.0","0.05","0.01","212.0","0.98","1.15","1169.0","-1.0","-1.0","-1.0","-1.0","-1.0","-1.0","-1.0","-1.0","-1.0","-1.0","-1.0","-1.0","-1.0","-1.0","-1.0","-1.0","-1.0","-1.0","137.26","963.44","7019.0","0.0","0.0","60.0","28.12","6.15","34.27","0.57","0.06","56.0"
"189","2017","12","Uttar Pradesh","Saharanpur","57.09","152.66","2674.0","111.96","435.98","3894.0","-1.0","-1.0","-1.0","-1.0","0.0","0.0","-1.0","-1.0","-1.0","-1.0","-1.0","-1.0","7.58","12.03","1587.0","-1.0","-1.0","-1.0","0.04","0.11","2850.0","0.01","0.01","1000.0","-1.0","-1.0","-1.0","4.71","4.16","883.0","3.77","4.13","1096.0","0.05","0.02","294.0","0.96","1.4","1449.0","-1.0","-1.0","-1.0","-1.0","-1.0","-1.0","-1.0","-1.0","-1.0","-1.0","-1.0","-1.0","-1.0","-1.0","-1.0","-1.0","-1.0","-1.0","142.74","1045.39","7324.0","-1.0","-1.0","-1.0","-1.0","-1.0","-1.0","0.54","0.21","-1.0"
"190","2016","12","Uttar Pradesh","Muzaffarnagar","11.58","25.78","2226.0","80.25","334.74","4171.0","-1.0","-1.0","-1.0","-1.0","0.0","0.0","-1.0","-1.0","-1.0","-1.0","-1.0","-1.0","0.03","0.05","1607.0","-1.0","-1.0","-1.0","0.16","0.45","2795.0","0.03","0.03","1074.0","0.05","0.04","804.0","1.51","1.12","736.0","-1.0","-1.0","-1.0","-1.0","-1.0","-1.0","4.02","4.96","1235.0","-1.0","-1.0","-1.0","-1.0","-1.0","-1.0","-1.0","-1.0","-1.0","-1.0","-1.0","-1.0","-1.0","-1.0","-1.0","-1.0","-1.0","-1.0","172.23","1427.03","8286.0","0.0","0.0","64.0","5.41","3.72","9.12","1.08","0.04","47.0"
"190","2017","12","Uttar Pradesh","Muzaffarnagar","12.77","32.85","2573.0","85.62","341.21","3985.0","-1.0","-1.0","-1.0","-1.0","0.0","0.0","-1.0","-1.0","-1.0","-1.0","-1.0","-1.0","0.04","0.06","1641.0","-1.0","-1.0","-1.0","0.13","0.36","2844.0","0.02","0.02","1063.0","0.06","0.04","729.0","1.3","1.02","784.0","0.0","0.0","1000.0","0.0","0.0","0.0","4.13","5.83","1412.0","-1.0","-1.0","-1.0","-1.0","-1.0","-1.0","-1.0","-1.0","-1.0","-1.0","-1.0","-1.0","-1.0","-1.0","-1.0","-1.0","-1.0","-1.0","173.43","1502.81","8665.0","0.0","0.0","67.0","-1.0","-1.0","-1.0","1.44","0.02","-1.0"
"191","2016","12","Uttar Pradesh","Meerut","14.87","39.35","2646.0","76.1","332.0","4363.0","-1.0","-1.0","-1.0","-1.0","0.0","0.0","-1.0","-1.0","-1.0","0.02","0.03","1167.0","0.68","1.53","2251.0","-1.0","-1.0","-1.0","0.06","0.22","3484.0","0.0","0.0","1000.0","1.02","1.25","1220.0","2.03","1.48","729.0","-1.0","-1.0","-1.0","-1.0","-1.0","-1.0","4.96","6.95","1401.0","-1.0","-1.0","-1.0","-1.0","-1.0","-1.0","-1.0","-1.0","-1.0","-1.0","-1.0","-1.0","-1.0","-1.0","-1.0","-1.0","-1.0","-1.0","131.42","1093.77","8323.0","0.0","0.0","60.0","8.41","12.93","21.34","6.0","0.07","47.0"
"191","2017","12","Uttar Pradesh","Meerut","14.42","42.27","2931.0","75.59","329.96","4365.0","-1.0","-1.0","-1.0","-1.0","0.0","0.0","-1.0","-1.0","-1.0","0.02","0.04","1944.0","0.46","1.16","2540.0","-1.0","-1.0","-1.0","0.1","0.39","3960.0","0.01","0.01","1000.0","0.98","1.63","1661.0","2.62","2.44","934.0","-1.0","-1.0","-1.0","0.0","-1.0","-1.0","5.25","7.45","1419.0","-1.0","-1.0","-1.0","-1.0","-1.0","-1.0","-1.0","-1.0","-1.0","-1.0","-1.0","-1.0","-1.0","-1.0","-1.0","-1.0","-1.0","-1.0","131.65","1255.68","9538.0","-1.0","-1.0","-1.0","-1.0","-1.0","-1.0","5.5","0.11","-1.0"
"192","2016","12","Uttar Pradesh","Buland Shahar","83.82","211.72","2526.0","195.36","834.37","4271.0","0.4","0.3","740.0","-1.0","0.0","0.0","0.4","0.3","740.0","12.19","24.03","1972.0","48.32","112.17","2322.0","-1.0","-1.0","-1.0","5.79","20.13","3479.0","0.07","0.08","1086.0","9.87","4.99","505.0","4.43","3.35","757.0","0.0","0.0","1000.0","0.01","0.0","143.0","9.8","12.87","1313.0","-1.0","-1.0","-1.0","-1.0","-1.0","-1.0","-1.0","-1.0","-1.0","-1.0","-1.0","-1.0","-1.0","-1.0","-1.0","-1.0","-1.0","-1.0","45.79","352.81","7705.0","0.0","0.0","64.0","15.86","16.94","32.8","8.83","0.12","57.0"
"192","2017","12","Uttar Pradesh","Buland Shahar","92.58","278.84","3012.0","191.41","869.19","4541.0","0.01","0.01","923.0","-1.0","0.0","0.0","0.01","0.01","923.0","13.72","28.01","2041.0","43.91","109.65","2497.0","-1.0","-1.0","-1.0","5.77","22.83","3960.0","0.02","0.02","1043.0","5.5","4.01","730.0","5.95","5.6","941.0","0.0","0.0","1000.0","0.01","0.0","250.0","9.86","16.93","1716.0","-1.0","-1.0","-1.0","-1.0","-1.0","-1.0","0.05","0.03","604.0","-1.0","-1.0","-1.0","-1.0","-1.0","-1.0","-1.0","-1.0","-1.0","48.47","405.46","8365.0","0.0","0.0","67.0","-1.0","-1.0","-1.0","8.32","0.19","-1.0"
"193","2016","12","Uttar Pradesh","Ghaziabad","9.32","22.96","2465.0","28.06","116.86","4164.0","-1.0","-1.0","-1.0","-1.0","0.0","0.0","-1.0","-1.0","-1.0","0.21","0.25","1171.0","0.11","0.26","2327.0","-1.0","-1.0","-1.0","0.08","0.29","3476.0","-1.0","-1.0","-1.0","1.18","1.44","1221.0","0.24","0.18","770.0","-1.0","-1.0","-1.0","-1.0","-1.0","-1.0","1.31","1.83","1401.0","-1.0","-1.0","-1.0","-1.0","-1.0","-1.0","-1.0","-1.0","-1.0","-1.0","-1.0","-1.0","-1.0","-1.0","-1.0","-1.0","-1.0","-1.0","20.2","158.5","7845.0","-1.0","-1.0","-1.0","0.39","1.85","2.23","0.43","0.01","15.0"
"193","2017","12","Uttar Pradesh","Ghaziabad","8.95","23.29","2603.0","27.71","111.74","4032.0","0.0","0.0","1000.0","-1.0","0.0","0.0","0.0","0.0","1000.0","0.17","0.32","1952.0","0.23","0.59","2500.0","-1.0","-1.0","-1.0","0.08","0.33","3963.0","-1.0","-1.0","-1.0","0.69","1.14","1661.0","0.09","0.08","932.0","-1.0","-1.0","-1.0","-1.0","-1.0","-1.0","2.48","2.91","1172.0","-1.0","-1.0","-1.0","-1.0","-1.0","-1.0","-1.0","-1.0","-1.0","-1.0","-1.0","-1.0","-1.0","-1.0","-1.0","-1.0","-1.0","-1.0","23.5","208.71","8882.0","-1.0","-1.0","-1.0","-1.0","-1.0","-1.0","0.35","0.01","-1.0"
"194","2016","12","Uttar Pradesh","Aligarh","79.39","201.33","2536.0","218.16","868.29","3980.0","0.0","0.0","1000.0","-1.0","0.0","0.0","0.0","0.0","1000.0","88.38","202.91","2296.0","20.44","47.66","2331.0","-1.0","-1.0","-1.0","4.32","14.43","3339.0","0.04","0.04","1079.0","16.66","14.61","877.0","7.23","4.27","590.0","0.08","0.07","901.0","0.02","0.01","227.0","25.12","34.89","1389.0","-1.0","-1.0","-1.0","-1.0","-1.0","-1.0","-1.0","-1.0","-1.0","0.0","0.0","1000.0","-1.0","-1.0","-1.0","-1.0","-1.0","-1.0","3.94","26.47","6722.0","1.0","0.0","73.0","7.53","34.63","42.16","26.3","0.14","32.0"
"194","2017","12","Uttar Pradesh","Aligarh","83.45","222.91","2671.0","223.56","961.3","4300.0","0.0","0.0","1000.0","-1.0","0.0","0.0","0.0","0.0","1000.0","87.17","206.75","2372.0","18.3","49.4","2700.0","-1.0","-1.0","-1.0","5.59","18.94","3391.0","0.03","0.03","1034.0","7.1","5.35","752.0","7.0","5.99","857.0","0.02","0.02","1000.0","0.03","0.01","281.0","24.01","39.41","1641.0","-1.0","-1.0","-1.0","-1.0","-1.0","-1.0","-1.0","-1.0","-1.0","0.05","0.07","1440.0","-1.0","-1.0","-1.0","-1.0","-1.0","-1.0","7.31","54.34","7438.0","1.0","0.0","53.0","-1.0","-1.0","-1.0","23.33","0.1","-1.0"
"195","2016","12","Uttar Pradesh","Mathura","47.92","110.88","2314.0","194.29","797.35","4104.0","0.03","0.03","1000.0","-1.0","0.0","0.0","0.03","0.03","1000.0","42.31","59.44","1405.0","0.16","0.43","2752.0","-1.0","-1.0","-1.0","4.11","14.04","3421.0","-1.0","-1.0","-1.0","3.68","2.76","751.0","2.44","0.81","331.0","-1.0","-1.0","-1.0","0.53","0.07","131.0","46.29","84.63","1828.0","-1.0","-1.0","-1.0","-1.0","-1.0","-1.0","-1.0","-1.0","-1.0","-1.0","-1.0","-1.0","-1.0","-1.0","-1.0","-1.0","-1.0","-1.0","0.3","1.58","5360.0","3.0","0.0","63.0","0.42","19.14","19.56","13.55","0.0","43.0"
"195","2017","12","Uttar Pradesh","Mathura","46.13","83.54","1811.0","200.42","704.48","3515.0","0.02","0.02","1000.0","-1.0","0.0","0.0","0.02","0.02","1000.0","37.59","64.58","1718.0","0.15","0.42","2856.0","-1.0","-1.0","-1.0","3.87","12.5","3234.0","0.03","0.06","1897.0","1.28","0.96","746.0","2.17","1.06","489.0","-1.0","-1.0","-1.0","0.34","0.04","112.0","45.27","88.77","1961.0","-1.0","-1.0","-1.0","-1.0","-1.0","-1.0","-1.0","-1.0","-1.0","-1.0","-1.0","-1.0","-1.0","-1.0","-1.0","-1.0","-1.0","-1.0","0.52","2.96","5668.0","2.0","0.0","45.0","-1.0","-1.0","-1.0","11.85","0.01","-1.0"
"196","2016","12","Uttar Pradesh","Agra","4.87","13.28","2726.0","128.55","524.5","4080.0","0.08","0.08","1000.0","-1.0","0.0","0.0","0.08","0.08","1000.0","115.54","282.94","2449.0","0.88","1.78","2020.0","-1.0","-1.0","-1.0","9.5","32.51","3421.0","2.51","4.69","1870.0","1.23","1.11","900.0","1.96","1.67","854.0","-1.0","-1.0","-1.0","2.25","0.29","130.0","52.03","91.93","1767.0","-1.0","-1.0","-1.0","-1.0","-1.0","-1.0","-1.0","-1.0","-1.0","-1.0","-1.0","-1.0","-1.0","-1.0","-1.0","-1.0","-1.0","-1.0","0.15","0.82","5360.0","0.0","0.0","63.0","2.3","83.36","85.66","67.01","0.08","24.0"
"196","2017","12","Uttar Pradesh","Agra","5.25","13.11","2496.0","137.14","553.64","4037.0","0.1","0.1","1011.0","-1.0","0.0","0.0","0.1","0.1","1011.0","122.63","291.93","2381.0","0.16","0.4","2463.0","-1.0","-1.0","-1.0","5.65","19.84","3513.0","1.1","2.09","1901.0","1.21","1.5","1238.0","0.91","0.88","966.0","-1.0","-1.0","-1.0","1.62","0.18","113.0","53.84","113.91","2116.0","-1.0","-1.0","-1.0","-1.0","-1.0","-1.0","-1.0","-1.0","-1.0","-1.0","-1.0","-1.0","-1.0","-1.0","-1.0","-1.0","-1.0","-1.0","0.26","1.45","5668.0","0.0","0.0","45.0","-1.0","-1.0","-1.0","57.88","0.09","-1.0"
"197","2016","12","Uttar Pradesh","Mainpuri","62.34","157.4","2525.0","149.63","600.78","4015.0","0.46","0.46","1000.0","-1.0","0.0","0.0","0.46","0.46","1000.0","18.21","48.45","2660.0","42.0","125.55","2989.0","-1.0","-1.0","-1.0","2.12","7.27","3421.0","0.89","1.67","1870.0","1.11","1.0","900.0","6.23","7.67","1231.0","1.28","3.18","2493.0","0.53","0.07","130.0","7.37","14.72","1996.0","-1.0","-1.0","-1.0","-1.0","-1.0","-1.0","-1.0","-1.0","-1.0","0.01","0.01","1167.0","-1.0","-1.0","-1.0","-1.0","-1.0","-1.0","0.46","2.48","5360.0","-1.0","-1.0","-1.0","1.59","27.47","29.06","14.14","0.91","6.0"
"197","2017","12","Uttar Pradesh","Mainpuri","61.74","185.89","3011.0","150.75","666.01","4418.0","0.51","0.51","1006.0","-1.0","0.0","0.0","0.51","0.51","1006.0","18.47","47.38","2565.0","40.92","126.95","3103.0","-1.0","-1.0","-1.0","2.78","12.45","4478.0","0.79","1.51","1900.0","1.08","1.34","1238.0","6.42","7.26","1130.0","0.24","0.27","1119.0","0.39","0.04","113.0","7.05","14.15","2008.0","-1.0","-1.0","-1.0","-1.0","-1.0","-1.0","-1.0","-1.0","-1.0","0.01","0.02","1417.0","-1.0","-1.0","-1.0","-1.0","-1.0","-1.0","0.44","2.5","5668.0","-1.0","-1.0","-1.0","-1.0","-1.0","-1.0","14.11","1.01","-1.0"
"198","2016","12","Uttar Pradesh","Etah","17.8","38.92","2186.0","134.94","523.7","3881.0","-1.0","-1.0","-1.0","-1.0","0.0","0.0","-1.0","-1.0","-1.0","46.09","105.81","2296.0","29.81","71.31","2392.0","-1.0","-1.0","-1.0","8.62","33.74","3916.0","0.24","0.26","1085.0","2.45","2.2","897.0","6.15","4.41","717.0","0.38","0.34","904.0","0.33","0.07","214.0","11.12","16.29","1465.0","-1.0","-1.0","-1.0","-1.0","-1.0","-1.0","-1.0","-1.0","-1.0","-1.0","-1.0","-1.0","-1.0","-1.0","-1.0","-1.0","-1.0","-1.0","0.24","1.56","6517.0","0.0","0.0","72.0","2.9","18.29","21.2","6.41","0.15","12.0"
"198","2017","12","Uttar Pradesh","Etah","14.24","36.75","2580.0","135.3","528.87","3909.0","-1.0","-1.0","-1.0","-1.0","0.0","0.0","-1.0","-1.0","-1.0","49.03","119.64","2440.0","25.15","61.51","2446.0","-1.0","-1.0","-1.0","7.88","26.61","3378.0","0.25","0.26","1049.0","2.85","2.16","759.0","6.04","4.78","791.0","0.59","0.6","1014.0","0.25","0.07","297.0","12.33","24.15","1959.0","-1.0","-1.0","-1.0","-1.0","-1.0","-1.0","-1.0","-1.0","-1.0","-1.0","-1.0","-1.0","-1.0","-1.0","-1.0","-1.0","-1.0","-1.0","0.25","1.78","7076.0","0.0","0.0","90.0","-1.0","-1.0","-1.0","6.14","0.33","-1.0"
"199","2016","12","Uttar Pradesh","Bareilly","160.28","358.38","2236.0","214.08","782.67","3656.0","0.15","0.15","987.0","-1.0","0.0","0.0","0.15","0.15","987.0","6.69","9.84","1470.0","0.95","1.87","1972.0","-1.0","-1.0","-1.0","0.02","0.06","2522.0","0.01","0.01","1167.0","2.66","2.18","819.0","11.08","9.47","855.0","1.24","1.54","1242.0","1.8","0.22","124.0","15.08","13.39","888.0","-1.0","-1.0","-1.0","-1.0","-1.0","-1.0","-1.0","-1.0","-1.0","0.02","0.02","1167.0","-1.0","-1.0","-1.0","-1.0","-1.0","-1.0","94.9","656.18","6915.0","-1.0","-1.0","-1.0","3.16","11.09","14.26","2.7","0.07","12.0"
"199","2017","12","Uttar Pradesh","Bareilly","145.23","357.42","2461.0","195.12","716.28","3671.0","0.09","0.09","1012.0","-1.0","0.0","0.0","0.09","0.09","1012.0","7.21","11.59","1608.0","0.26","0.58","2243.0","-1.0","-1.0","-1.0","0.05","0.13","2851.0","0.02","0.02","1053.0","0.04","0.03","917.0","12.04","14.76","1226.0","0.9","1.33","1477.0","2.53","0.25","98.0","15.51","27.61","1780.0","-1.0","-1.0","-1.0","-1.0","-1.0","-1.0","0.01","0.01","636.0","0.02","0.03","1471.0","-1.0","-1.0","-1.0","-1.0","-1.0","-1.0","96.96","776.6","8009.0","-1.0","-1.0","-1.0","-1.0","-1.0","-1.0","2.25","0.16","-1.0"
"200","2016","12","Uttar Pradesh","Budaun","70.02","148.24","2117.0","233.62","819.78","3509.0","0.18","0.18","983.0","-1.0","0.0","0.0","0.18","0.18","983.0","93.01","175.94","1892.0","17.42","34.83","2000.0","-1.0","-1.0","-1.0","1.04","2.62","2514.0","0.19","0.21","1088.0","2.87","2.35","819.0","60.0","40.51","675.0","0.53","0.55","1051.0","4.13","0.7","169.0","40.9","42.52","1039.0","-1.0","-1.0","-1.0","-1.0","-1.0","-1.0","0.01","0.0","571.0","0.04","0.05","1184.0","-1.0","-1.0","-1.0","-1.0","-1.0","-1.0","27.61","191.59","6939.0","-1.0","-1.0","-1.0","4.39","22.19","26.58","11.93","1.1","7.0"
"200","2017","12","Uttar Pradesh","Budaun","74.02","151.44","2046.0","222.88","822.87","3692.0","0.02","0.02","1000.0","-1.0","0.0","0.0","0.02","0.02","1000.0","93.43","144.24","1544.0","8.34","18.62","2234.0","-1.0","-1.0","-1.0","0.42","1.2","2845.0","0.03","0.04","1061.0","0.11","0.1","908.0","44.87","30.24","674.0","0.53","0.78","1476.0","2.17","0.31","141.0","36.39","59.11","1625.0","-1.0","-1.0","-1.0","-1.0","-1.0","-1.0","0.02","0.01","591.0","0.04","0.06","1447.0","-1.0","-1.0","-1.0","-1.0","-1.0","-1.0","32.3","235.87","7304.0","-1.0","-1.0","-1.0","-1.0","-1.0","-1.0","12.9","0.27","-1.0"
"201","2016","12","Uttar Pradesh","Moradabad","93.31","214.24","2296.0","118.93","417.79","3513.0","0.03","0.03","1000.0","-1.0","0.0","0.0","0.03","0.03","1000.0","2.94","3.79","1291.0","0.12","0.26","2056.0","-1.0","-1.0","-1.0","0.01","0.02","2714.0","0.02","0.02","1105.0","0.0","0.0","1000.0","5.69","3.66","644.0","-1.0","-1.0","-1.0","0.02","0.0","250.0","2.56","3.01","1176.0","-1.0","-1.0","-1.0","-1.0","-1.0","-1.0","-1.0","-1.0","-1.0","-1.0","-1.0","-1.0","-1.0","-1.0","-1.0","-1.0","-1.0","-1.0","46.82","325.72","6957.0","-1.0","-1.0","-1.0","3.12","4.23","7.35","1.6","0.06","19.0"
"201","2017","12","Uttar Pradesh","Moradabad","95.06","219.39","2308.0","123.23","456.08","3701.0","0.04","0.04","1000.0","-1.0","0.0","0.0","0.04","0.04","1000.0","2.52","3.8","1508.0","0.07","0.15","2130.0","-1.0","-1.0","-1.0","0.01","0.01","2800.0","0.0","0.01","1250.0","0.02","0.02","714.0","3.88","3.27","844.0","-1.0","-1.0","-1.0","0.02","0.01","316.0","2.35","2.96","1256.0","-1.0","-1.0","-1.0","-1.0","-1.0","-1.0","-1.0","-1.0","-1.0","-1.0","-1.0","-1.0","-1.0","-1.0","-1.0","-1.0","-1.0","-1.0","43.76","341.69","7808.0","-1.0","-1.0","-1.0","-1.0","-1.0","-1.0","1.21","0.08","-1.0"
"202","2016","12","Uttar Pradesh","Shahjahanpur","210.85","627.06","2974.0","250.68","1054.36","4206.0","1.1","1.09","987.0","-1.0","0.0","0.0","1.1","1.09","987.0","3.57","5.06","1418.0","2.25","4.29","1909.0","-1.0","-1.0","-1.0","0.22","0.54","2516.0","0.06","0.07","1081.0","0.23","0.19","821.0","34.39","37.04","1077.0","4.45","5.62","1264.0","8.52","1.19","140.0","14.14","11.71","828.0","-1.0","-1.0","-1.0","-1.0","-1.0","-1.0","-1.0","-1.0","-1.0","-1.0","-1.0","-1.0","0.02","0.01","667.0","-1.0","-1.0","-1.0","39.82","297.02","7459.0","-1.0","-1.0","-1.0","4.01","12.41","16.42","8.91","0.34","10.0"
"202","2017","12","Uttar Pradesh","Shahjahanpur","210.77","686.88","3259.0","247.7","989.81","3996.0","1.11","1.12","1006.0","-1.0","0.0","0.0","1.11","1.12","1006.0","3.38","5.26","1556.0","2.3","4.91","2131.0","-1.0","-1.0","-1.0","0.26","0.73","2845.0","0.19","0.2","1048.0","0.31","0.28","909.0","33.84","30.53","902.0","3.87","5.71","1477.0","8.85","0.77","87.0","14.44","17.73","1228.0","-1.0","-1.0","-1.0","-1.0","-1.0","-1.0","0.01","0.01","625.0","-1.0","-1.0","-1.0","0.02","0.01","778.0","-1.0","-1.0","-1.0","45.74","371.08","8113.0","-1.0","-1.0","-1.0","-1.0","-1.0","-1.0","8.76","0.27","-1.0"
"203","2016","12","Uttar Pradesh","Pilibhit","153.58","481.01","3132.0","140.43","589.8","4200.0","-1.0","-1.0","-1.0","-1.0","0.0","0.0","-1.0","-1.0","-1.0","-1.0","-1.0","-1.0","0.35","0.72","2057.0","-1.0","-1.0","-1.0","0.0","0.01","2500.0","0.0","0.0","1000.0","0.0","0.0","1000.0","3.1","3.68","1185.0","0.35","0.44","1241.0","1.81","0.31","169.0","11.94","10.33","865.0","-1.0","-1.0","-1.0","-1.0","-1.0","-1.0","0.0","0.0","500.0","0.04","0.04","1171.0","0.49","0.33","673.0","-1.0","-1.0","-1.0","67.85","475.78","7012.0","-1.0","-1.0","-1.0","1.2","3.33","4.54","0.48","0.01","7.0"
"203","2017","12","Uttar Pradesh","Pilibhit","140.74","461.08","3276.0","131.99","559.23","4237.0","-1.0","-1.0","-1.0","-1.0","0.0","0.0","-1.0","-1.0","-1.0","-1.0","-1.0","-1.0","0.18","0.41","2212.0","-1.0","-1.0","-1.0","0.0","0.01","3000.0","0.1","0.11","1049.0","0.0","0.0","1000.0","2.78","4.13","1486.0","1.0","1.47","1477.0","0.64","0.06","98.0","10.82","8.96","828.0","-1.0","-1.0","-1.0","-1.0","-1.0","-1.0","0.0","0.0","500.0","-1.0","-1.0","-1.0","0.3","0.23","776.0","-1.0","-1.0","-1.0","79.28","643.38","8116.0","-1.0","-1.0","-1.0","-1.0","-1.0","-1.0","0.46","0.04","-1.0"
"204","2016","12","Uttar Pradesh","Rampur","148.54","362.45","2440.0","142.05","556.82","3920.0","1.31","1.3","994.0","-1.0","0.0","0.0","1.31","1.3","994.0","2.37","2.96","1251.0","0.22","0.45","2083.0","-1.0","-1.0","-1.0","0.0","0.0","3000.0","-1.0","-1.0","-1.0","0.18","0.2","1082.0","5.85","5.53","945.0","0.02","0.02","762.0","0.04","0.01","214.0","4.04","5.56","1377.0","-1.0","-1.0","-1.0","-1.0","-1.0","-1.0","-1.0","-1.0","-1.0","0.01","0.01","1375.0","0.1","0.07","676.0","-1.0","-1.0","-1.0","20.57","143.28","6964.0","-1.0","-1.0","-1.0","3.0","7.39","10.39","1.69","0.02","12.0"
"204","2017","12","Uttar Pradesh","Rampur","138.67","328.51","2369.0","149.25","598.2","4008.0","0.59","0.59","1009.0","-1.0","0.0","0.0","0.59","0.59","1009.0","2.69","2.68","996.0","0.28","0.75","2728.0","-1.0","-1.0","-1.0","0.01","0.03","2889.0","0.02","0.02","1211.0","-1.0","-1.0","-1.0","8.01","6.88","859.0","0.01","0.01","1000.0","0.04","0.01","289.0","3.77","3.82","1015.0","-1.0","-1.0","-1.0","-1.0","-1.0","-1.0","-1.0","-1.0","-1.0","0.01","0.02","1286.0","0.04","0.03","778.0","-1.0","-1.0","-1.0","21.85","163.94","7503.0","-1.0","-1.0","-1.0","-1.0","-1.0","-1.0","1.78","0.03","-1.0"
"205","2016","12","Uttar Pradesh","Bijnor","53.39","134.92","2527.0","148.01","511.68","3457.0","-1.0","-1.0","-1.0","-1.0","0.0","0.0","-1.0","-1.0","-1.0","-1.0","-1.0","-1.0","0.02","0.03","2125.0","-1.0","-1.0","-1.0","0.0","0.01","3000.0","0.03","0.03","1074.0","0.03","0.03","1080.0","3.02","2.49","824.0","0.6","0.46","762.0","0.01","0.0","182.0","4.59","5.87","1277.0","-1.0","-1.0","-1.0","-1.0","-1.0","-1.0","-1.0","-1.0","-1.0","-1.0","-1.0","-1.0","-1.0","-1.0","-1.0","-1.0","-1.0","-1.0","205.35","1610.05","7840.0","-1.0","-1.0","-1.0","5.75","3.23","8.98","1.06","0.02","28.0"
"205","2017","12","Uttar Pradesh","Bijnor","50.88","127.77","2511.0","157.27","569.33","3620.0","-1.0","-1.0","-1.0","-1.0","0.0","0.0","-1.0","-1.0","-1.0","-1.0","-1.0","-1.0","0.03","0.1","3000.0","-1.0","-1.0","-1.0","0.0","0.01","3000.0","0.01","0.02","1231.0","0.0","0.0","750.0","2.57","1.88","733.0","0.91","0.93","1013.0","0.01","0.0","308.0","4.07","3.07","754.0","-1.0","-1.0","-1.0","-1.0","-1.0","-1.0","-1.0","-1.0","-1.0","-1.0","-1.0","-1.0","-1.0","-1.0","-1.0","-1.0","-1.0","-1.0","201.63","1681.51","8340.0","-1.0","-1.0","-1.0","-1.0","-1.0","-1.0","0.65","0.0","-1.0"
"206","2016","12","Uttar Pradesh","Farrukhabad","16.44","43.42","2641.0","76.77","301.01","3921.0","1.12","1.25","1117.0","-1.0","0.0","0.0","1.12","1.25","1117.0","4.1","8.81","2150.0","33.22","74.7","2249.0","-1.0","-1.0","-1.0","1.28","3.56","2786.0","0.83","1.08","1303.0","1.5","2.14","1424.0","6.29","5.65","899.0","1.2","1.09","904.0","1.9","0.26","138.0","6.86","10.88","1585.0","-1.0","-1.0","-1.0","-1.0","-1.0","-1.0","-1.0","-1.0","-1.0","0.04","0.05","1171.0","-1.0","-1.0","-1.0","-1.0","-1.0","-1.0","8.09","50.31","6222.0","-1.0","-1.0","-1.0","4.34","46.77","51.12","33.82","0.94","8.0"
"206","2017","12","Uttar Pradesh","Farrukhabad","14.26","43.08","3021.0","75.12","337.88","4498.0","1.1","1.68","1531.0","-1.0","0.0","0.0","1.1","1.68","1531.0","3.9","6.18","1584.0","32.54","111.19","3417.0","-1.0","-1.0","-1.0","1.34","3.96","2961.0","0.53","0.9","1680.0","1.15","1.5","1301.0","7.63","6.54","857.0","0.77","0.78","1013.0","2.19","0.48","220.0","7.28","12.18","1674.0","-1.0","-1.0","-1.0","-1.0","-1.0","-1.0","-1.0","-1.0","-1.0","0.14","0.2","1439.0","-1.0","-1.0","-1.0","-1.0","-1.0","-1.0","8.17","53.38","6537.0","-1.0","-1.0","-1.0","-1.0","-1.0","-1.0","35.17","0.88","-1.0"
"207","2016","12","Uttar Pradesh","Etawah","50.52","137.91","2730.0","99.2","410.7","4140.0","0.13","0.14","1120.0","-1.0","0.0","0.0","0.13","0.14","1120.0","35.81","83.43","2330.0","5.48","14.62","2669.0","-1.0","-1.0","-1.0","0.65","1.8","2786.0","1.68","2.19","1304.0","2.52","7.46","2954.0","7.8","7.77","996.0","0.74","0.67","904.0","1.1","0.21","189.0","16.65","35.63","2141.0","-1.0","-1.0","-1.0","-1.0","-1.0","-1.0","-1.0","-1.0","-1.0","0.0","0.01","1250.0","-1.0","-1.0","-1.0","-1.0","-1.0","-1.0","0.43","2.59","6037.0","-1.0","-1.0","-1.0","0.57","19.66","20.23","16.22","0.08","4.0"
"207","2017","12","Uttar Pradesh","Etawah","51.45","147.2","2861.0","96.03","360.51","3754.0","0.18","0.27","1528.0","-1.0","0.0","0.0","0.18","0.27","1528.0","38.48","84.95","2208.0","5.46","18.78","3441.0","-1.0","-1.0","-1.0","1.14","4.2","3671.0","1.8","3.03","1679.0","2.38","5.79","2431.0","7.18","6.49","903.0","0.07","0.07","1015.0","0.94","0.19","207.0","15.34","29.41","1918.0","-1.0","-1.0","-1.0","-1.0","-1.0","-1.0","-1.0","-1.0","-1.0","0.01","0.01","1444.0","-1.0","-1.0","-1.0","-1.0","-1.0","-1.0","0.42","2.74","6470.0","-1.0","-1.0","-1.0","-1.0","-1.0","-1.0","18.84","0.05","-1.0"
"209","2016","12","Uttar Pradesh","Fatehpur","86.79","215.67","2485.0","175.8","614.4","3495.0","10.14","8.08","797.0","-1.0","0.0","0.0","10.14","8.08","797.0","8.12","7.79","959.0","0.5","0.98","1954.0","-1.0","-1.0","-1.0","3.89","10.24","2633.0","44.68","57.18","1280.0","20.46","22.15","1083.0","17.65","10.99","622.0","0.2","0.18","902.0","8.6","0.97","113.0","16.17","18.32","1133.0","-1.0","-1.0","-1.0","-1.0","-1.0","-1.0","0.09","0.04","385.0","0.0","0.0","1000.0","-1.0","-1.0","-1.0","-1.0","-1.0","-1.0","6.31","45.85","7267.0","-1.0","-1.0","-1.0","1.11","16.91","18.02","8.86","1.39","11.0"
"209","2017","12","Uttar Pradesh","Fatehpur","82.06","216.65","2640.0","170.17","591.44","3476.0","8.49","10.88","1282.0","-1.0","0.0","0.0","8.49","10.88","1282.0","7.4","8.83","1194.0","0.31","0.67","2200.0","-1.0","-1.0","-1.0","3.58","10.43","2917.0","42.14","67.92","1612.0","17.47","20.49","1173.0","15.83","12.3","777.0","0.21","0.22","1014.0","9.36","2.91","311.0","15.17","18.69","1232.0","-1.0","-1.0","-1.0","-1.0","-1.0","-1.0","0.18","0.16","863.0","0.0","0.0","1500.0","-1.0","-1.0","-1.0","-1.0","-1.0","-1.0","6.38","23.42","3673.0","-1.0","-1.0","-1.0","-1.0","-1.0","-1.0","8.77","1.52","-1.0"
"210","2016","12","Uttar Pradesh","Allahabad","166.48","459.98","2763.0","223.34","669.62","2998.0","3.28","2.26","689.0","-1.0","0.0","0.0","3.28","2.26","689.0","27.34","26.07","953.0","0.11","0.21","1876.0","-1.0","-1.0","-1.0","5.38","16.15","3000.0","16.61","15.59","939.0","14.47","19.87","1373.0","23.7","21.96","926.0","-1.0","-1.0","-1.0","0.46","0.06","123.0","1.22","1.03","845.0","-1.0","-1.0","-1.0","-1.0","-1.0","-1.0","1.12","0.43","382.0","-1.0","-1.0","-1.0","-1.0","-1.0","-1.0","-1.0","-1.0","-1.0","0.68","4.91","7267.0","-1.0","-1.0","-1.0","0.96","16.99","17.95","13.35","0.42","5.0"
"210","2017","12","Uttar Pradesh","Allahabad","167.12","458.57","2744.0","210.21","790.67","3761.0","5.16","3.24","628.0","-1.0","0.0","0.0","5.16","3.24","628.0","18.17","13.55","746.0","0.29","0.78","2646.0","-1.0","-1.0","-1.0","3.15","7.96","2523.0","12.01","16.38","1364.0","14.56","28.47","1955.0","18.45","12.88","698.0","-1.0","-1.0","-1.0","0.53","0.15","290.0","1.18","1.07","908.0","-1.0","-1.0","-1.0","-1.0","-1.0","-1.0","0.32","0.28","866.0","-1.0","-1.0","-1.0","-1.0","-1.0","-1.0","-1.0","-1.0","-1.0","1.12","4.13","3673.0","-1.0","-1.0","-1.0","-1.0","-1.0","-1.0","13.33","0.48","-1.0"
"211","2016","12","Uttar Pradesh","Jhansi","10.42","14.25","1368.0","167.7","514.97","3071.0","3.26","3.11","952.0","-1.0","0.0","0.0","3.26","3.11","952.0","0.01","0.02","1154.0","1.79","1.64","917.0","-1.0","-1.0","-1.0","8.53","21.09","2471.0","76.1","92.71","1218.0","2.09","1.97","944.0","173.95","141.74","815.0","21.52","18.35","853.0","74.31","13.45","181.0","11.17","8.85","792.0","-1.0","-1.0","-1.0","-1.0","-1.0","-1.0","0.35","0.19","537.0","0.09","0.11","1172.0","0.58","0.38","647.0","-1.0","-1.0","-1.0","0.06","0.22","3804.0","-1.0","-1.0","-1.0","0.05","3.94","3.98","0.67","0.09","1.0"
"211","2017","12","Uttar Pradesh","Jhansi","9.25","15.79","1707.0","149.64","394.01","2633.0","1.93","1.64","848.0","-1.0","0.0","0.0","1.93","1.64","848.0","0.0","0.01","1750.0","0.89","0.63","708.0","-1.0","-1.0","-1.0","5.09","12.29","2414.0","29.14","29.4","1009.0","0.82","0.54","660.0","135.76","85.16","627.0","23.27","22.29","958.0","76.37","20.93","274.0","9.72","8.18","842.0","-1.0","-1.0","-1.0","-1.0","-1.0","-1.0","0.66","0.4","602.0","-1.0","-1.0","-1.0","0.46","0.16","340.0","-1.0","-1.0","-1.0","0.15","0.61","3944.0","-1.0","-1.0","-1.0","-1.0","-1.0","-1.0","0.63","0.12","-1.0"
"212","2016","12","Uttar Pradesh","Lalitpur","1.24","0.8","647.0","171.45","525.51","3065.0","0.54","0.52","952.0","-1.0","0.0","0.0","0.54","0.52","952.0","-1.0","-1.0","-1.0","27.44","32.0","1166.0","-1.0","-1.0","-1.0","9.62","23.46","2440.0","20.12","31.59","1570.0","-1.0","-1.0","-1.0","258.21","233.96","906.0","9.7","7.87","811.0","8.35","1.23","147.0","7.74","5.54","716.0","-1.0","-1.0","-1.0","-1.0","-1.0","-1.0","-1.0","-1.0","-1.0","0.05","0.06","1184.0","8.74","5.9","675.0","-1.0","-1.0","-1.0","0.04","0.16","3805.0","-1.0","-1.0","-1.0","0.03","2.46","2.49","0.41","0.15","0.0"
"212","2017","12","Uttar Pradesh","Lalitpur","0.96","0.44","459.0","152.66","424.39","2780.0","0.29","0.36","1244.0","-1.0","0.0","0.0","0.29","0.36","1244.0","-1.0","-1.0","-1.0","19.85","17.81","897.0","-1.0","-1.0","-1.0","7.36","14.3","1944.0","13.73","17.77","1295.0","-1.0","-1.0","-1.0","242.45","190.45","786.0","7.96","4.78","600.0","6.94","0.78","112.0","7.96","4.6","578.0","-1.0","-1.0","-1.0","-1.0","-1.0","-1.0","0.0","0.0","500.0","0.0","0.0","1333.0","12.99","10.3","793.0","-1.0","-1.0","-1.0","0.02","0.09","3942.0","-1.0","-1.0","-1.0","-1.0","-1.0","-1.0","0.43","0.16","-1.0"
"213","2016","12","Uttar Pradesh","Jalaun","0.42","0.66","1552.0","147.43","547.85","3716.0","7.55","7.18","951.0","-1.0","0.0","0.0","7.55","7.18","951.0","14.76","16.98","1150.0","-1.0","-1.0","-1.0","-1.0","-1.0","-1.0","6.43","16.58","2578.0","43.39","52.27","1205.0","6.26","7.54","1203.0","118.53","183.8","1551.0","0.01","0.01","818.0","25.9","4.84","187.0","18.37","27.61","1503.0","-1.0","-1.0","-1.0","-1.0","-1.0","-1.0","0.25","0.13","538.0","-1.0","-1.0","-1.0","0.04","0.03","628.0","-1.0","-1.0","-1.0","1.22","4.65","3804.0","-1.0","-1.0","-1.0","0.03","10.39","10.42","0.26","0.06","2.0"
"213","2017","12","Uttar Pradesh","Jalaun","0.27","0.34","1265.0","160.36","581.17","3624.0","6.86","12.92","1883.0","-1.0","0.0","0.0","6.86","12.92","1883.0","15.03","24.31","1617.0","0.02","0.06","2522.0","-1.0","-1.0","-1.0","7.56","18.18","2407.0","13.72","19.37","1412.0","3.39","5.84","1721.0","114.67","177.27","1546.0","0.01","0.01","909.0","30.37","13.97","460.0","15.57","18.04","1159.0","-1.0","-1.0","-1.0","-1.0","-1.0","-1.0","0.09","0.05","607.0","-1.0","-1.0","-1.0","0.04","0.03","773.0","-1.0","-1.0","-1.0","1.04","4.11","3944.0","-1.0","-1.0","-1.0","-1.0","-1.0","-1.0","0.45","0.44","-1.0"
"214","2016","12","Uttar Pradesh","Hamirpur","0.15","0.26","1777.0","135.07","410.13","3036.0","16.04","10.79","673.0","-1.0","0.0","0.0","16.04","10.79","673.0","0.19","0.15","789.0","1.51","4.21","2797.0","-1.0","-1.0","-1.0","3.39","8.91","2631.0","89.82","74.36","828.0","14.87","13.85","931.0","67.03","54.19","808.0","0.19","0.1","521.0","22.75","3.89","171.0","18.82","21.38","1136.0","-1.0","-1.0","-1.0","-1.0","-1.0","-1.0","3.4","1.01","298.0","0.0","0.0","1000.0","0.02","0.02","667.0","-1.0","-1.0","-1.0","2.84","12.21","4295.0","-1.0","-1.0","-1.0","0.02","2.06","2.07","0.04","0.1","2.0"
"214","2017","12","Uttar Pradesh","Hamirpur","0.04","0.08","1951.0","113.11","354.01","3130.0","16.11","14.16","879.0","-1.0","0.0","0.0","16.11","14.16","879.0","0.65","0.68","1041.0","0.39","1.17","3003.0","-1.0","-1.0","-1.0","3.07","7.97","2599.0","92.8","86.72","934.0","15.22","15.41","1013.0","62.84","47.65","758.0","0.21","0.19","923.0","29.05","6.01","207.0","14.34","15.75","1099.0","-1.0","-1.0","-1.0","-1.0","-1.0","-1.0","2.62","1.71","652.0","-1.0","-1.0","-1.0","0.02","0.02","792.0","-1.0","-1.0","-1.0","6.31","24.18","3833.0","-1.0","-1.0","-1.0","-1.0","-1.0","-1.0","0.04","0.07","-1.0"
"215","2016","12","Uttar Pradesh","Banda","61.21","105.03","1716.0","197.16","462.31","2345.0","23.8","21.84","917.0","-1.0","0.0","0.0","23.8","21.84","917.0","3.69","3.55","963.0","-1.0","-1.0","-1.0","-1.0","-1.0","-1.0","1.17","3.08","2631.0","57.55","48.2","838.0","17.62","19.91","1130.0","57.12","43.18","756.0","0.58","0.42","725.0","7.78","0.69","88.0","4.72","2.65","561.0","-1.0","-1.0","-1.0","-1.0","-1.0","-1.0","4.77","3.06","640.0","-1.0","-1.0","-1.0","0.03","0.02","679.0","-1.0","-1.0","-1.0","0.53","2.27","4295.0","-1.0","-1.0","-1.0","0.04","1.89","1.93","0.24","0.4","3.0"
"215","2017","12","Uttar Pradesh","Banda","51.76","102.02","1971.0","158.94","363.7","2288.0","23.72","38.26","1613.0","-1.0","0.0","0.0","23.72","38.26","1613.0","3.25","6.09","1874.0","0.01","0.02","2222.0","-1.0","-1.0","-1.0","0.85","2.4","2842.0","96.31","87.4","907.0","17.75","26.77","1508.0","38.69","25.58","661.0","0.4","0.66","1628.0","11.09","4.56","411.0","2.89","1.94","672.0","-1.0","-1.0","-1.0","-1.0","-1.0","-1.0","2.86","2.3","804.0","-1.0","-1.0","-1.0","0.02","0.02","773.0","-1.0","-1.0","-1.0","0.4","1.51","3833.0","-1.0","-1.0","-1.0","-1.0","-1.0","-1.0","0.17","0.32","-1.0"
"216","2016","12","Uttar Pradesh","Varanasi","50.29","123.46","2455.0","70.91","239.15","3372.0","2.41","1.95","811.0","-1.0","0.0","0.0","2.41","1.95","811.0","5.05","3.55","704.0","2.95","5.2","1759.0","-1.0","-1.0","-1.0","0.33","0.77","2293.0","2.52","4.24","1684.0","4.17","3.38","810.0","5.62","6.92","1230.0","0.0","0.0","1000.0","0.24","0.1","409.0","0.72","1.4","1940.0","-1.0","-1.0","-1.0","-1.0","-1.0","-1.0","0.0","0.0","500.0","-1.0","-1.0","-1.0","-1.0","-1.0","-1.0","-1.0","-1.0","-1.0","4.13","27.24","6595.0","-1.0","-1.0","-1.0","0.28","7.08","7.36","3.26","0.22","3.0"
"216","2017","12","Uttar Pradesh","Varanasi","51.72","131.83","2549.0","69.36","234.53","3381.0","2.84","2.95","1039.0","-1.0","0.0","0.0","2.84","2.95","1039.0","6.2","5.89","950.0","2.94","5.25","1782.0","-1.0","-1.0","-1.0","0.33","0.74","2221.0","1.93","2.88","1493.0","4.74","5.86","1237.0","5.42","4.88","900.0","0.0","0.0","1000.0","0.34","0.1","295.0","0.67","0.77","1156.0","-1.0","-1.0","-1.0","-1.0","-1.0","-1.0","0.0","0.0","1000.0","-1.0","-1.0","-1.0","-1.0","-1.0","-1.0","-1.0","-1.0","-1.0","2.53","16.93","6687.0","-1.0","-1.0","-1.0","-1.0","-1.0","-1.0","3.09","0.26","-1.0"
"217","2016","12","Uttar Pradesh","Mirzpur","91.19","240.74","2640.0","98.53","275.29","2794.0","4.27","4.75","1112.0","-1.0","0.0","0.0","4.27","4.75","1112.0","9.54","11.89","1246.0","2.21","0.93","423.0","-1.0","-1.0","-1.0","4.49","7.2","1605.0","13.38","15.37","1148.0","16.1","19.59","1217.0","9.8","9.59","978.0","2.38","0.75","314.0","0.72","0.03","47.0","2.52","1.85","735.0","-1.0","-1.0","-1.0","-1.0","-1.0","-1.0","4.06","1.94","479.0","0.0","0.0","1000.0","-1.0","-1.0","-1.0","-1.0","-1.0","-1.0","1.84","13.39","7267.0","-1.0","-1.0","-1.0","0.02","7.56","7.58","1.92","0.35","2.0"
"217","2017","12","Uttar Pradesh","Mirzpur","84.71","215.76","2547.0","94.55","278.69","2948.0","3.04","3.15","1038.0","-1.0","0.0","0.0","3.04","3.15","1038.0","9.88","11.65","1179.0","1.33","2.22","1667.0","-1.0","-1.0","-1.0","4.0","4.55","1135.0","13.8","19.56","1417.0","12.43","14.06","1132.0","9.28","9.8","1056.0","2.3","4.85","2108.0","1.52","0.17","109.0","2.24","1.71","763.0","-1.0","-1.0","-1.0","-1.0","-1.0","-1.0","3.4","2.07","608.0","-1.0","-1.0","-1.0","-1.0","-1.0","-1.0","-1.0","-1.0","-1.0","1.71","13.51","7924.0","-1.0","-1.0","-1.0","-1.0","-1.0","-1.0","1.99","0.38","-1.0"
"218","2016","12","Uttar Pradesh","Jaunpur","153.46","359.4","2342.0","206.88","668.23","3230.0","3.51","4.18","1190.0","-1.0","0.0","0.0","3.51","4.18","1190.0","6.75","7.83","1160.0","46.4","71.69","1545.0","-1.0","-1.0","-1.0","0.51","1.18","2292.0","5.05","11.48","2272.0","10.14","8.49","837.0","13.91","18.12","1303.0","-1.0","-1.0","-1.0","0.76","0.31","407.0","3.62","7.02","1940.0","-1.0","-1.0","-1.0","-1.0","-1.0","-1.0","-1.0","-1.0","-1.0","0.07","0.08","1171.0","-1.0","-1.0","-1.0","-1.0","-1.0","-1.0","8.73","55.13","6312.0","-1.0","-1.0","-1.0","0.77","12.68","13.45","11.34","0.98","4.0"
"218","2017","12","Uttar Pradesh","Jaunpur","157.28","362.68","2306.0","207.67","735.15","3540.0","2.96","4.19","1413.0","-1.0","0.0","0.0","2.96","4.19","1413.0","4.94","5.8","1174.0","43.35","67.23","1551.0","-1.0","-1.0","-1.0","0.56","1.25","2220.0","5.05","7.48","1481.0","7.3","5.09","697.0","12.09","13.15","1088.0","-1.0","-1.0","-1.0","0.56","0.17","294.0","3.16","3.65","1156.0","-1.0","-1.0","-1.0","-1.0","-1.0","-1.0","0.23","0.2","858.0","0.01","0.01","1400.0","-1.0","-1.0","-1.0","-1.0","-1.0","-1.0","9.52","62.68","6587.0","-1.0","-1.0","-1.0","-1.0","-1.0","-1.0","19.47","0.99","-1.0"
"219","2016","12","Uttar Pradesh","Ghazipur","147.67","317.05","2147.0","180.11","577.94","3209.0","2.78","2.02","726.0","-1.0","0.0","0.0","2.78","2.02","726.0","15.53","10.54","679.0","0.86","0.95","1095.0","-1.0","-1.0","-1.0","11.8","25.63","2172.0","5.4","13.19","2442.0","6.09","5.33","875.0","15.43","16.71","1083.0","0.05","0.05","906.0","0.08","0.03","402.0","0.46","0.89","1939.0","-1.0","-1.0","-1.0","-1.0","-1.0","-1.0","-1.0","-1.0","-1.0","0.01","0.02","1214.0","-1.0","-1.0","-1.0","-1.0","-1.0","-1.0","7.5","42.78","5708.0","-1.0","-1.0","-1.0","1.69","15.58","17.27","7.87","0.75","11.0"
"219","2017","12","Uttar Pradesh","Ghazipur","154.82","384.25","2482.0","166.21","494.15","2973.0","2.7","5.16","1913.0","-1.0","0.0","0.0","2.7","5.16","1913.0","14.76","15.48","1049.0","0.81","1.03","1267.0","-1.0","-1.0","-1.0","6.93","15.38","2221.0","4.26","7.39","1733.0","5.39","6.84","1269.0","16.78","19.02","1134.0","0.06","0.06","1018.0","0.05","0.01","304.0","0.45","0.52","1155.0","-1.0","-1.0","-1.0","-1.0","-1.0","-1.0","0.01","0.01","818.0","0.03","0.04","1444.0","-1.0","-1.0","-1.0","-1.0","-1.0","-1.0","7.31","45.25","6192.0","-1.0","-1.0","-1.0","-1.0","-1.0","-1.0","10.96","0.65","-1.0"
"220","2016","12","Uttar Pradesh","Ballia","115.91","276.56","2386.0","137.67","542.43","3940.0","1.6","1.87","1169.0","-1.0","0.0","0.0","1.6","1.87","1169.0","1.95","3.71","1901.0","31.71","31.62","997.0","-1.0","-1.0","-1.0","3.93","8.01","2039.0","3.21","5.65","1762.0","6.37","6.75","1059.0","22.2","30.55","1376.0","0.17","0.15","904.0","-1.0","-1.0","-1.0","0.94","1.18","1249.0","-1.0","-1.0","-1.0","-1.0","-1.0","-1.0","-1.0","-1.0","-1.0","0.05","0.06","1167.0","-1.0","-1.0","-1.0","-1.0","-1.0","-1.0","6.31","41.54","6581.0","-1.0","-1.0","-1.0","3.11","10.23","13.34","8.16","0.85","2.0"
"220","2017","12","Uttar Pradesh","Ballia","115.87","290.02","2503.0","136.89","495.07","3616.0","1.76","2.35","1341.0","-1.0","0.0","0.0","1.76","2.35","1341.0","1.98","3.83","1931.0","31.76","60.94","1919.0","-1.0","-1.0","-1.0","2.46","6.36","2582.0","3.34","5.6","1677.0","6.7","7.85","1172.0","22.39","29.28","1308.0","0.24","0.24","1013.0","-1.0","-1.0","-1.0","0.92","1.28","1399.0","-1.0","-1.0","-1.0","-1.0","-1.0","-1.0","-1.0","-1.0","-1.0","-1.0","-1.0","-1.0","-1.0","-1.0","-1.0","-1.0","-1.0","-1.0","6.48","35.62","5497.0","-1.0","-1.0","-1.0","-1.0","-1.0","-1.0","8.32","0.84","-1.0"
"221","2016","12","Uttar Pradesh","Gorakhpur","152.5","282.12","1850.0","191.38","697.6","3645.0","-1.0","-1.0","-1.0","-1.0","0.0","0.0","-1.0","-1.0","-1.0","0.01","0.02","1875.0","3.32","4.25","1278.0","-1.0","-1.0","-1.0","1.88","6.48","3450.0","0.55","0.56","1024.0","4.5","4.19","931.0","3.76","4.17","1108.0","3.1","2.51","811.0","0.26","0.06","213.0","3.27","2.44","747.0","-1.0","-1.0","-1.0","-1.0","-1.0","-1.0","-1.0","-1.0","-1.0","0.07","0.08","1182.0","-1.0","-1.0","-1.0","-1.0","-1.0","-1.0","2.6","15.9","6113.0","-1.0","-1.0","-1.0","4.26","6.36","10.62","4.59","0.09","3.0"
"221","2017","12","Uttar Pradesh","Gorakhpur","153.22","391.03","2552.0","192.24","814.34","4236.0","-1.0","-1.0","-1.0","-1.0","0.0","0.0","-1.0","-1.0","-1.0","0.01","0.02","1889.0","2.64","1.55","586.0","-1.0","-1.0","-1.0","1.85","6.03","3262.0","0.35","0.37","1066.0","3.02","1.63","541.0","3.1","3.9","1259.0","3.05","3.25","1063.0","0.24","0.07","294.0","4.03","4.71","1171.0","-1.0","-1.0","-1.0","-1.0","-1.0","-1.0","0.03","0.02","600.0","-1.0","-1.0","-1.0","-1.0","-1.0","-1.0","-1.0","-1.0","-1.0","2.34","15.22","6505.0","-1.0","-1.0","-1.0","-1.0","-1.0","-1.0","4.47","0.19","-1.0"
"222","2016","12","Uttar Pradesh","Deoria","133.4","279.35","2094.0","152.15","508.78","3344.0","0.06","0.07","1321.0","-1.0","0.0","0.0","0.06","0.07","1321.0","0.24","0.45","1831.0","7.35","19.72","2682.0","-1.0","-1.0","-1.0","0.44","1.53","3450.0","0.12","0.12","1025.0","4.96","4.61","931.0","1.76","2.16","1227.0","1.94","1.88","972.0","0.09","0.02","213.0","1.79","1.34","747.0","-1.0","-1.0","-1.0","-1.0","-1.0","-1.0","-1.0","-1.0","-1.0","-1.0","-1.0","-1.0","-1.0","-1.0","-1.0","-1.0","-1.0","-1.0","8.8","55.09","6260.0","-1.0","-1.0","-1.0","4.58","2.63","7.21","1.7","0.21","1.0"
"222","2017","12","Uttar Pradesh","Deoria","135.89","312.41","2299.0","153.4","482.14","3143.0","0.04","0.07","1651.0","-1.0","0.0","0.0","0.04","0.07","1651.0","0.15","0.29","1932.0","7.49","18.08","2413.0","-1.0","-1.0","-1.0","0.39","1.28","3262.0","0.11","0.12","1064.0","4.58","2.48","541.0","2.18","2.74","1258.0","1.92","1.86","970.0","0.11","0.03","294.0","1.58","1.85","1171.0","-1.0","-1.0","-1.0","-1.0","-1.0","-1.0","-1.0","-1.0","-1.0","-1.0","-1.0","-1.0","-1.0","-1.0","-1.0","-1.0","-1.0","-1.0","8.89","57.42","6462.0","-1.0","-1.0","-1.0","-1.0","-1.0","-1.0","1.5","0.2","-1.0"
"223","2016","12","Uttar Pradesh","Basti","102.55","211.67","2064.0","119.43","379.65","3179.0","-1.0","-1.0","-1.0","-1.0","0.0","0.0","-1.0","-1.0","-1.0","-1.0","-1.0","-1.0","2.72","2.64","970.0","-1.0","-1.0","-1.0","0.06","0.18","2794.0","0.86","0.95","1104.0","3.26","2.44","747.0","6.86","7.09","1034.0","0.0","0.0","1000.0","0.17","0.04","216.0","2.68","2.93","1092.0","-1.0","-1.0","-1.0","-1.0","-1.0","-1.0","0.02","0.01","522.0","-1.0","-1.0","-1.0","-1.0","-1.0","-1.0","-1.0","-1.0","-1.0","35.11","229.46","6535.0","-1.0","-1.0","-1.0","1.44","2.12","3.56","2.5","0.3","3.0"
"223","2017","12","Uttar Pradesh","Basti","105.37","312.63","2967.0","119.62","471.77","3944.0","-1.0","-1.0","-1.0","-1.0","0.0","0.0","-1.0","-1.0","-1.0","-1.0","-1.0","-1.0","2.73","2.67","976.0","-1.0","-1.0","-1.0","0.03","0.07","2840.0","0.91","0.97","1072.0","3.06","2.17","710.0","6.77","8.25","1218.0","0.0","0.0","1000.0","0.16","0.05","293.0","2.56","2.81","1099.0","-1.0","-1.0","-1.0","-1.0","-1.0","-1.0","0.02","0.01","609.0","-1.0","-1.0","-1.0","-1.0","-1.0","-1.0","-1.0","-1.0","-1.0","40.25","265.91","6607.0","-1.0","-1.0","-1.0","-1.0","-1.0","-1.0","2.49","0.24","-1.0"
"224","2016","12","Uttar Pradesh","Azamgarh","210.85","474.2","2249.0","231.99","778.11","3354.0","0.0","0.0","1000.0","-1.0","0.0","0.0","0.0","0.0","1000.0","0.11","0.2","1896.0","6.71","11.0","1638.0","-1.0","-1.0","-1.0","2.73","5.56","2039.0","3.26","5.34","1638.0","8.13","12.76","1570.0","6.86","9.66","1407.0","0.04","0.04","905.0","0.07","0.02","211.0","2.24","2.79","1250.0","-1.0","-1.0","-1.0","-1.0","-1.0","-1.0","-1.0","-1.0","-1.0","0.0","0.01","1250.0","-1.0","-1.0","-1.0","-1.0","-1.0","-1.0","19.25","116.81","6068.0","-1.0","-1.0","-1.0","1.07","6.58","7.65","4.83","0.74","4.0"
"224","2017","12","Uttar Pradesh","Azamgarh","216.04","512.23","2371.0","235.09","808.72","3440.0","0.02","0.03","1350.0","-1.0","0.0","0.0","0.02","0.03","1350.0","0.11","0.22","1929.0","5.95","9.86","1655.0","-1.0","-1.0","-1.0","1.06","2.69","2527.0","3.22","3.39","1052.0","4.54","3.59","792.0","6.02","6.01","998.0","0.05","0.05","1019.0","0.07","0.02","300.0","2.27","3.18","1399.0","-1.0","-1.0","-1.0","-1.0","-1.0","-1.0","0.03","0.02","600.0","0.0","0.0","1333.0","-1.0","-1.0","-1.0","-1.0","-1.0","-1.0","19.03","116.03","6096.0","-1.0","-1.0","-1.0","-1.0","-1.0","-1.0","4.96","0.77","-1.0"
"225","2016","12","Uttar Pradesh","Lucknow","63.8","124.29","1948.0","80.52","228.83","2842.0","1.94","2.42","1247.0","-1.0","0.0","0.0","1.94","2.42","1247.0","0.87","1.24","1423.0","2.9","4.66","1607.0","-1.0","-1.0","-1.0","0.13","0.34","2736.0","0.88","0.66","751.0","0.6","0.6","987.0","8.38","5.3","632.0","0.1","0.09","969.0","1.61","1.02","634.0","4.71","4.74","1006.0","-1.0","-1.0","-1.0","-1.0","-1.0","-1.0","-1.0","-1.0","-1.0","-1.0","-1.0","-1.0","-1.0","-1.0","-1.0","-1.0","-1.0","-1.0","0.22","1.55","7135.0","-1.0","-1.0","-1.0","28.59","10.46","39.05","4.46","0.1","5.0"
"225","2017","12","Uttar Pradesh","Lucknow","51.62","139.73","2707.0","81.59","266.23","3263.0","2.1","2.13","1011.0","-1.0","0.0","0.0","2.1","2.13","1011.0","0.8","0.9","1128.0","1.62","1.88","1167.0","-1.0","-1.0","-1.0","0.22","0.58","2624.0","0.93","0.88","942.0","0.75","0.88","1177.0","9.91","9.6","969.0","0.09","0.08","944.0","0.84","0.36","427.0","4.09","4.75","1162.0","-1.0","-1.0","-1.0","-1.0","-1.0","-1.0","-1.0","-1.0","-1.0","-1.0","-1.0","-1.0","-1.0","-1.0","-1.0","-1.0","-1.0","-1.0","0.27","2.08","7809.0","-1.0","-1.0","-1.0","-1.0","-1.0","-1.0","4.41","0.08","-1.0"
"226","2016","12","Uttar Pradesh","Unnao","99.89","193.98","1942.0","242.1","772.55","3191.0","3.04","3.79","1247.0","-1.0","0.0","0.0","3.04","3.79","1247.0","1.22","1.66","1366.0","30.98","50.55","1632.0","-1.0","-1.0","-1.0","1.0","2.73","2738.0","2.59","2.31","892.0","2.17","1.79","828.0","35.0","21.05","602.0","2.8","1.59","566.0","12.76","1.65","129.0","16.04","14.87","927.0","-1.0","-1.0","-1.0","-1.0","-1.0","-1.0","0.02","0.01","545.0","0.09","0.1","1176.0","-1.0","-1.0","-1.0","-1.0","-1.0","-1.0","0.78","5.58","7135.0","-1.0","-1.0","-1.0","18.54","19.13","37.67","8.53","0.64","7.0"
"226","2017","12","Uttar Pradesh","Unnao","94.99","199.19","2097.0","244.36","798.32","3267.0","3.37","3.32","985.0","-1.0","0.0","0.0","3.37","3.32","985.0","1.17","0.74","633.0","29.23","65.62","2245.0","-1.0","-1.0","-1.0","1.2","3.13","2623.0","2.97","3.85","1295.0","2.45","2.89","1177.0","34.44","23.06","669.0","2.66","2.3","863.0","11.16","1.29","116.0","17.26","18.94","1097.0","-1.0","-1.0","-1.0","-1.0","-1.0","-1.0","0.02","0.01","591.0","-1.0","-1.0","-1.0","-1.0","-1.0","-1.0","-1.0","-1.0","-1.0","0.61","4.78","7809.0","-1.0","-1.0","-1.0","-1.0","-1.0","-1.0","7.68","0.71","-1.0"
"227","2016","12","Uttar Pradesh","Rae - Bareily","90.54","217.94","2407.0","133.72","438.2","3277.0","5.98","3.78","632.0","-1.0","0.0","0.0","5.98","3.78","632.0","0.69","0.99","1423.0","0.19","0.43","2251.0","-1.0","-1.0","-1.0","3.75","10.28","2738.0","7.86","6.96","886.0","4.96","3.51","707.0","17.2","7.74","450.0","0.97","0.3","308.0","2.88","1.82","634.0","6.94","4.57","658.0","-1.0","-1.0","-1.0","-1.0","-1.0","-1.0","0.03","0.02","556.0","0.0","0.0","1000.0","-1.0","-1.0","-1.0","-1.0","-1.0","-1.0","3.41","19.12","5610.0","-1.0","-1.0","-1.0","0.47","9.44","9.91","3.89","0.29","7.0"
"227","2017","12","Uttar Pradesh","Rae - Bareily","90.88","222.46","2448.0","132.32","444.98","3363.0","6.15","4.57","743.0","-1.0","0.0","0.0","6.15","4.57","743.0","0.72","0.81","1129.0","0.1","0.24","2443.0","-1.0","-1.0","-1.0","1.91","4.35","2279.0","5.42","5.0","923.0","5.0","4.26","851.0","17.1","7.64","447.0","1.27","1.26","994.0","2.96","1.23","416.0","6.72","5.06","753.0","-1.0","-1.0","-1.0","-1.0","-1.0","-1.0","0.04","0.02","600.0","-1.0","-1.0","-1.0","-1.0","-1.0","-1.0","-1.0","-1.0","-1.0","2.42","12.46","5154.0","-1.0","-1.0","-1.0","-1.0","-1.0","-1.0","4.28","0.24","-1.0"
"228","2016","12","Uttar Pradesh","Sitapur","167.97","391.38","2330.0","212.21","715.56","3372.0","4.31","5.36","1242.0","-1.0","0.0","0.0","4.31","5.36","1242.0","2.52","1.6","637.0","15.37","19.28","1254.0","-1.0","-1.0","-1.0","0.61","1.67","2738.0","0.58","0.43","750.0","3.83","6.7","1749.0","37.91","24.69","651.0","2.6","2.39","921.0","11.13","4.44","399.0","27.74","24.97","900.0","-1.0","-1.0","-1.0","-1.0","-1.0","-1.0","0.01","0.01","571.0","0.0","0.0","1000.0","-1.0","-1.0","-1.0","-1.0","-1.0","-1.0","138.03","979.01","7093.0","-1.0","-1.0","-1.0","15.34","7.45","22.79","4.9","0.13","6.0"
"228","2017","12","Uttar Pradesh","Sitapur","163.87","384.1","2344.0","210.94","685.96","3252.0","3.46","3.5","1012.0","-1.0","0.0","0.0","3.46","3.5","1012.0","2.36","2.03","862.0","9.97","9.12","915.0","-1.0","-1.0","-1.0","0.64","1.67","2622.0","0.5","0.48","942.0","2.87","6.31","2198.0","31.48","22.82","725.0","2.31","2.2","954.0","10.07","3.14","312.0","26.63","25.24","948.0","-1.0","-1.0","-1.0","-1.0","-1.0","-1.0","0.02","0.01","611.0","-1.0","-1.0","-1.0","-1.0","-1.0","-1.0","-1.0","-1.0","-1.0","153.46","1158.91","7552.0","-1.0","-1.0","-1.0","-1.0","-1.0","-1.0","3.87","0.26","-1.0"
"229","2016","12","Uttar Pradesh","Hardoi","141.44","338.75","2395.0","314.47","1143.43","3636.0","5.67","7.72","1363.0","-1.0","0.0","0.0","5.67","7.72","1363.0","3.48","4.71","1353.0","37.34","90.69","2429.0","-1.0","-1.0","-1.0","1.64","4.49","2738.0","0.59","0.44","750.0","1.76","1.74","986.0","41.03","28.08","684.0","7.83","9.75","1245.0","19.23","14.53","756.0","13.6","13.98","1028.0","-1.0","-1.0","-1.0","-1.0","-1.0","-1.0","-1.0","-1.0","-1.0","0.92","1.08","1173.0","0.0","0.0","1000.0","-1.0","-1.0","-1.0","34.23","236.17","6900.0","-1.0","-1.0","-1.0","6.01","19.43","25.45","11.27","0.57","6.0"
"229","2017","12","Uttar Pradesh","Hardoi","149.8","377.21","2518.0","314.43","1155.22","3674.0","4.83","7.53","1559.0","-1.0","0.0","0.0","4.83","7.53","1559.0","3.39","4.39","1292.0","36.16","87.71","2426.0","-1.0","-1.0","-1.0","1.7","5.1","3011.0","1.33","1.25","942.0","1.62","1.91","1177.0","33.48","24.4","729.0","8.54","9.06","1061.0","17.72","12.58","710.0","13.38","15.25","1140.0","-1.0","-1.0","-1.0","-1.0","-1.0","-1.0","0.0","0.0","667.0","0.49","0.71","1446.0","0.0","0.0","1000.0","-1.0","-1.0","-1.0","37.34","282.07","7553.0","-1.0","-1.0","-1.0","-1.0","-1.0","-1.0","9.75","0.51","-1.0"
"230","2016","12","Uttar Pradesh","Kheri","182.52","506.32","2774.0","192.36","727.5","3782.0","0.19","0.24","1249.0","-1.0","0.0","0.0","0.19","0.24","1249.0","0.56","0.8","1424.0","9.82","18.24","1857.0","-1.0","-1.0","-1.0","0.69","1.88","2739.0","0.33","0.25","752.0","1.88","1.86","986.0","19.44","16.11","829.0","6.74","6.3","935.0","4.62","0.09","19.0","25.23","22.23","881.0","-1.0","-1.0","-1.0","-1.0","-1.0","-1.0","-1.0","-1.0","-1.0","-1.0","-1.0","-1.0","-1.0","-1.0","-1.0","-1.0","-1.0","-1.0","245.84","1769.78","7199.0","-1.0","-1.0","-1.0","3.46","3.47","6.94","1.23","0.13","10.0"
"230","2017","12","Uttar Pradesh","Kheri","181.78","568.25","3126.0","188.6","775.53","4112.0","0.04","0.04","1023.0","-1.0","0.0","0.0","0.04","0.04","1023.0","0.64","0.72","1128.0","8.41","12.96","1541.0","-1.0","-1.0","-1.0","0.52","1.36","2622.0","0.4","0.38","940.0","0.87","1.02","1176.0","20.45","15.84","775.0","6.49","5.18","799.0","3.69","0.7","189.0","27.06","25.04","925.0","-1.0","-1.0","-1.0","-1.0","-1.0","-1.0","0.0","0.0","1000.0","-1.0","-1.0","-1.0","-1.0","-1.0","-1.0","-1.0","-1.0","-1.0","248.14","2002.65","8071.0","-1.0","-1.0","-1.0","-1.0","-1.0","-1.0","1.39","0.09","-1.0"
"231","2016","12","Uttar Pradesh","Faizabad","97.62","249.33","2554.0","110.74","364.23","3289.0","1.73","2.13","1230.0","-1.0","0.0","0.0","1.73","2.13","1230.0","0.0","0.0","1000.0","2.47","3.47","1405.0","-1.0","-1.0","-1.0","0.22","0.62","2770.0","1.55","2.78","1792.0","1.97","1.65","838.0","9.83","6.56","667.0","-1.0","-1.0","-1.0","0.03","0.01","219.0","4.03","2.89","717.0","-1.0","-1.0","-1.0","-1.0","-1.0","-1.0","0.02","0.01","550.0","-1.0","-1.0","-1.0","-1.0","-1.0","-1.0","-1.0","-1.0","-1.0","21.72","152.62","7026.0","-1.0","-1.0","-1.0","6.28","10.04","16.32","4.12","0.31","7.0"
"231","2017","12","Uttar Pradesh","Faizabad","101.93","263.89","2589.0","109.26","412.91","3779.0","1.74","1.26","724.0","-1.0","0.0","0.0","1.74","1.26","724.0","0.0","0.0","2000.0","2.78","5.35","1929.0","-1.0","-1.0","-1.0","0.26","0.73","2848.0","1.56","1.18","754.0","2.01","1.53","759.0","9.66","7.28","754.0","-1.0","-1.0","-1.0","0.04","0.01","293.0","3.86","3.16","820.0","-1.0","-1.0","-1.0","-1.0","-1.0","-1.0","0.02","0.01","600.0","-1.0","-1.0","-1.0","-1.0","-1.0","-1.0","-1.0","-1.0","-1.0","19.95","153.53","7696.0","-1.0","-1.0","-1.0","-1.0","-1.0","-1.0","4.21","0.3","-1.0"
"232","2016","12","Uttar Pradesh","Gonda","130.23","301.09","2312.0","155.88","482.59","3096.0","-1.0","-1.0","-1.0","-1.0","0.0","0.0","-1.0","-1.0","-1.0","-1.0","-1.0","-1.0","50.35","62.28","1237.0","-1.0","-1.0","-1.0","0.76","2.12","2794.0","0.89","0.97","1085.0","5.26","3.26","620.0","17.55","17.06","972.0","0.02","0.02","889.0","0.43","0.09","213.0","7.42","8.13","1095.0","-1.0","-1.0","-1.0","-1.0","-1.0","-1.0","0.03","0.02","536.0","-1.0","-1.0","-1.0","-1.0","-1.0","-1.0","-1.0","-1.0","-1.0","77.66","469.4","6044.0","-1.0","-1.0","-1.0","3.06","5.49","8.55","3.48","0.83","5.0"
"232","2017","12","Uttar Pradesh","Gonda","125.43","294.51","2348.0","154.3","463.53","3004.0","-1.0","-1.0","-1.0","-1.0","0.0","0.0","-1.0","-1.0","-1.0","-1.0","-1.0","-1.0","48.4","61.16","1264.0","-1.0","-1.0","-1.0","0.58","1.64","2846.0","0.65","0.68","1048.0","5.58","4.11","736.0","17.27","17.26","999.0","0.02","0.02","1000.0","0.35","0.1","295.0","7.56","6.52","862.0","-1.0","-1.0","-1.0","-1.0","-1.0","-1.0","0.03","0.02","588.0","-1.0","-1.0","-1.0","-1.0","-1.0","-1.0","-1.0","-1.0","-1.0","79.63","557.63","7003.0","-1.0","-1.0","-1.0","-1.0","-1.0","-1.0","3.36","1.52","-1.0"
"233","2016","12","Uttar Pradesh","Bahraich","159.19","360.08","2262.0","159.63","504.74","3162.0","0.05","0.06","1058.0","-1.0","0.0","0.0","0.05","0.06","1058.0","0.02","0.03","1875.0","86.8","126.5","1457.0","-1.0","-1.0","-1.0","0.11","0.3","2789.0","0.06","0.06","1089.0","3.8","2.4","632.0","54.01","46.57","862.0","1.51","1.36","904.0","0.42","0.09","213.0","5.07","4.1","808.0","-1.0","-1.0","-1.0","-1.0","-1.0","-1.0","0.04","0.02","550.0","0.02","0.02","1176.0","0.05","0.03","667.0","-1.0","-1.0","-1.0","22.13","145.11","6556.0","-1.0","-1.0","-1.0","2.68","6.98","9.67","2.08","0.6","3.0"
"233","2017","12","Uttar Pradesh","Bahraich","164.74","418.92","2543.0","167.8","629.4","3751.0","0.05","0.07","1241.0","-1.0","0.0","0.0","0.05","0.07","1241.0","0.01","0.03","1929.0","80.28","140.52","1750.0","-1.0","-1.0","-1.0","0.33","0.93","2846.0","0.31","0.32","1049.0","3.88","2.49","640.0","52.33","101.35","1937.0","1.69","1.71","1013.0","0.51","0.15","295.0","7.08","6.82","963.0","-1.0","-1.0","-1.0","-1.0","-1.0","-1.0","0.14","0.09","606.0","-1.0","-1.0","-1.0","0.05","0.04","784.0","-1.0","-1.0","-1.0","22.4","159.73","7132.0","-1.0","-1.0","-1.0","-1.0","-1.0","-1.0","2.13","0.79","-1.0"
"234","2016","12","Uttar Pradesh","Sultanpur","96.0","222.63","2319.0","101.12","342.49","3387.0","4.8","5.91","1230.0","-1.0","0.0","0.0","4.8","5.91","1230.0","0.13","0.11","799.0","4.6","3.41","743.0","-1.0","-1.0","-1.0","0.9","2.49","2771.0","2.2","3.94","1792.0","5.46","4.57","838.0","17.38","12.95","745.0","0.02","0.02","889.0","0.26","0.06","212.0","2.74","1.96","717.0","-1.0","-1.0","-1.0","-1.0","-1.0","-1.0","0.02","0.01","545.0","0.02","0.03","1167.0","-1.0","-1.0","-1.0","-1.0","-1.0","-1.0","9.85","62.5","6347.0","-1.0","-1.0","-1.0","9.36","9.52","18.88","5.59","0.66","7.0"
"234","2017","12","Uttar Pradesh","Sultanpur","95.97","306.62","3195.0","114.56","461.65","4030.0","4.37","3.17","724.0","-1.0","0.0","0.0","4.37","3.17","724.0","0.13","0.26","1970.0","4.75","8.25","1736.0","-1.0","-1.0","-1.0","0.77","2.18","2846.0","1.97","1.48","754.0","5.06","3.84","759.0","18.84","18.14","963.0","0.02","0.02","1000.0","0.28","0.08","295.0","2.88","2.36","819.0","-1.0","-1.0","-1.0","-1.0","-1.0","-1.0","0.04","0.02","600.0","0.03","0.04","1444.0","-1.0","-1.0","-1.0","-1.0","-1.0","-1.0","9.41","59.69","6342.0","-1.0","-1.0","-1.0","-1.0","-1.0","-1.0","5.39","0.63","-1.0"
"235","2016","12","Uttar Pradesh","Pratapgarh","99.01","217.03","2192.0","150.56","463.73","3080.0","3.35","3.45","1031.0","-1.0","0.0","0.0","3.35","3.45","1031.0","10.28","8.54","831.0","0.63","1.22","1929.0","-1.0","-1.0","-1.0","0.98","2.49","2530.0","3.45","3.12","905.0","6.71","8.39","1251.0","15.85","12.13","765.0","0.0","0.0","1000.0","0.54","0.07","122.0","2.17","2.43","1121.0","-1.0","-1.0","-1.0","-1.0","-1.0","-1.0","0.0","-1.0","-1.0","-1.0","-1.0","-1.0","-1.0","-1.0","-1.0","-1.0","-1.0","-1.0","0.98","7.15","7267.0","-1.0","-1.0","-1.0","1.59","8.86","10.44","5.98","0.56","6.0"
"235","2017","12","Uttar Pradesh","Pratapgarh","96.36","227.79","2364.0","148.32","469.72","3167.0","3.3","2.67","810.0","-1.0","0.0","0.0","3.3","2.67","810.0","9.44","7.4","784.0","0.6","1.35","2251.0","-1.0","-1.0","-1.0","0.98","2.71","2768.0","3.35","3.93","1172.0","6.1","5.18","848.0","15.73","11.48","730.0","0.0","0.0","1000.0","0.14","0.04","287.0","1.31","1.64","1252.0","-1.0","-1.0","-1.0","-1.0","-1.0","-1.0","0.01","0.01","889.0","-1.0","-1.0","-1.0","-1.0","-1.0","-1.0","-1.0","-1.0","-1.0","0.83","3.05","3673.0","-1.0","-1.0","-1.0","-1.0","-1.0","-1.0","5.63","0.58","-1.0"
"236","2016","12","Uttar Pradesh","Barabanki","183.33","499.76","2726.0","166.97","606.94","3635.0","1.38","1.68","1217.0","-1.0","0.0","0.0","1.38","1.68","1217.0","0.42","0.31","736.0","4.08","3.26","799.0","-1.0","-1.0","-1.0","0.06","0.17","2770.0","0.69","1.23","1791.0","2.05","1.72","838.0","26.07","21.85","838.0","0.22","0.2","903.0","0.2","0.04","216.0","21.55","15.35","712.0","-1.0","-1.0","-1.0","-1.0","-1.0","-1.0","0.0","0.0","667.0","0.01","0.01","1222.0","-1.0","-1.0","-1.0","-1.0","-1.0","-1.0","8.76","61.66","7037.0","-1.0","-1.0","-1.0","4.69","20.44","25.12","15.12","0.38","6.0"
"236","2017","12","Uttar Pradesh","Barabanki","181.6","520.66","2867.0","168.35","677.09","4022.0","1.24","0.9","725.0","-1.0","0.0","0.0","1.24","0.9","725.0","0.55","1.09","1973.0","4.45","8.32","1869.0","-1.0","-1.0","-1.0","0.07","0.19","2846.0","0.78","0.59","754.0","1.93","1.46","759.0","24.97","19.34","775.0","0.18","0.18","1011.0","0.17","0.05","297.0","20.62","16.91","820.0","-1.0","-1.0","-1.0","-1.0","-1.0","-1.0","-1.0","-1.0","-1.0","-1.0","-1.0","-1.0","-1.0","-1.0","-1.0","-1.0","-1.0","-1.0","9.25","73.55","7948.0","-1.0","-1.0","-1.0","-1.0","-1.0","-1.0","14.96","0.37","-1.0"
"237","2016","16","Uttarakhand","Nainital","11.09","31.5","2840.0","22.44","64.81","2889.0","-1.0","-1.0","-1.0","-1.0","0.0","0.0","-1.0","-1.0","-1.0","-1.0","-1.0","-1.0","3.59","4.79","1334.0","2.48","3.59","1450.0","0.81","1.13","1382.0","0.49","0.44","888.0","0.05","0.03","577.0","2.86","2.31","808.0","0.05","0.07","1296.0","0.01","0.0","111.0","0.18","0.15","855.0","-1.0","-1.0","-1.0","-1.0","-1.0","-1.0","0.0","0.0","333.0","-1.0","-1.0","-1.0","6.76","9.22","1365.0","-1.0","-1.0","-1.0","3.46","22.56","6520.0","-1.0","-1.0","-1.0","4.77","7.91","12.68","3.27","0.71","2.0"
"237","2017","16","Uttarakhand","Nainital","11.08","37.92","3423.0","22.09","65.37","2960.0","-1.0","-1.0","-1.0","-1.0","0.0","0.0","-1.0","-1.0","-1.0","-1.0","-1.0","-1.0","3.39","4.49","1325.0","1.9","3.11","1635.0","0.71","1.03","1462.0","0.38","0.34","889.0","-1.0","-1.0","-1.0","3.2","2.7","845.0","0.11","0.15","1376.0","0.02","0.0","133.0","0.21","0.22","1049.0","-1.0","-1.0","-1.0","-1.0","-1.0","-1.0","-1.0","-1.0","-1.0","-1.0","-1.0","-1.0","5.78","8.06","1395.0","-1.0","-1.0","-1.0","3.11","21.47","6900.0","-1.0","-1.0","-1.0","4.3","9.02","13.31","3.28","0.61","2.0"
"238","2016","16","Uttarakhand","Almorah","15.64","20.04","1281.0","32.58","30.01","921.0","-1.0","-1.0","-1.0","-1.0","0.0","0.0","-1.0","-1.0","-1.0","-1.0","-1.0","-1.0","1.94","1.64","843.0","33.59","45.27","1348.0","3.2","2.96","925.0","0.09","0.05","552.0","0.07","0.04","571.0","5.62","4.57","813.0","-1.0","-1.0","-1.0","0.12","0.03","274.0","0.71","0.29","403.0","-1.0","-1.0","-1.0","-1.0","-1.0","-1.0","-1.0","-1.0","-1.0","-1.0","-1.0","-1.0","0.32","0.27","870.0","-1.0","-1.0","-1.0","-1.0","-1.0","-1.0","-1.0","-1.0","-1.0","0.4","1.86","2.26","0.59","0.59","0.0"
"238","2017","16","Uttarakhand","Almorah","14.39","17.56","1221.0","28.13","33.79","1201.0","-1.0","-1.0","-1.0","-1.0","0.0","0.0","-1.0","-1.0","-1.0","-1.0","-1.0","-1.0","1.87","2.45","1307.0","31.52","34.51","1095.0","3.28","3.23","986.0","0.06","0.04","609.0","0.1","0.05","546.0","5.91","5.66","957.0","0.0","0.0","1000.0","0.14","0.04","264.0","1.31","1.12","850.0","-1.0","-1.0","-1.0","-1.0","-1.0","-1.0","-1.0","-1.0","-1.0","-1.0","-1.0","-1.0","0.38","0.35","932.0","-1.0","-1.0","-1.0","-1.0","-1.0","-1.0","-1.0","-1.0","-1.0","0.12","2.95","3.07","1.08","0.82","0.0"
"239","2016","16","Uttarakhand","Pithorgarh","21.31","28.11","1319.0","22.22","35.41","1594.0","-1.0","-1.0","-1.0","-1.0","0.0","0.0","-1.0","-1.0","-1.0","-1.0","-1.0","-1.0","2.55","3.4","1334.0","6.14","9.47","1542.0","3.03","4.25","1403.0","0.04","0.03","721.0","-1.0","-1.0","-1.0","7.57","6.11","807.0","-1.0","-1.0","-1.0","0.05","0.01","292.0","0.77","0.84","1092.0","-1.0","-1.0","-1.0","-1.0","-1.0","-1.0","-1.0","-1.0","-1.0","0.01","0.0","571.0","1.03","1.22","1179.0","-1.0","-1.0","-1.0","-1.0","-1.0","-1.0","-1.0","-1.0","-1.0","0.0","2.5","2.5","0.75","0.5","0.0"
"239","2017","16","Uttarakhand","Pithorgarh","21.1","24.72","1171.0","21.2","38.08","1796.0","-1.0","-1.0","-1.0","-1.0","0.0","0.0","-1.0","-1.0","-1.0","-1.0","-1.0","-1.0","2.27","3.13","1380.0","6.7","10.39","1551.0","3.59","4.92","1370.0","-1.0","-1.0","-1.0","-1.0","-1.0","-1.0","7.26","7.31","1007.0","0.0","0.0","1500.0","0.05","0.01","286.0","0.72","0.72","1000.0","-1.0","-1.0","-1.0","-1.0","-1.0","-1.0","-1.0","-1.0","-1.0","-1.0","-1.0","-1.0","1.1","1.4","1271.0","-1.0","-1.0","-1.0","-1.0","-1.0","-1.0","-1.0","-1.0","-1.0","0.0","2.61","2.61","1.0","0.45","0.0"
"240","2016","16","Uttarakhand","Chamoli","11.45","14.88","1300.0","14.05","19.42","1382.0","-1.0","-1.0","-1.0","-1.0","0.0","0.0","-1.0","-1.0","-1.0","-1.0","-1.0","-1.0","0.24","0.4","1689.0","9.97","15.17","1521.0","1.88","2.4","1277.0","-1.0","-1.0","-1.0","0.15","0.08","575.0","2.36","2.54","1077.0","-1.0","-1.0","-1.0","0.04","0.01","167.0","0.53","0.45","853.0","-1.0","-1.0","-1.0","-1.0","-1.0","-1.0","-1.0","-1.0","-1.0","-1.0","-1.0","-1.0","0.41","0.37","917.0","-1.0","-1.0","-1.0","-1.0","-1.0","-1.0","-1.0","-1.0","-1.0","0.01","2.03","2.04","1.78","0.14","0.0"
"240","2017","16","Uttarakhand","Chamoli","11.03","16.06","1456.0","14.4","20.45","1420.0","-1.0","-1.0","-1.0","-1.0","0.0","0.0","-1.0","-1.0","-1.0","-1.0","-1.0","-1.0","0.21","0.36","1723.0","9.64","14.83","1538.0","1.9","2.47","1302.0","-1.0","-1.0","-1.0","0.2","0.11","543.0","2.29","2.55","1113.0","-1.0","-1.0","-1.0","0.02","0.0","158.0","0.39","0.14","359.0","-1.0","-1.0","-1.0","-1.0","-1.0","-1.0","-1.0","-1.0","-1.0","-1.0","-1.0","-1.0","0.6","0.55","928.0","-1.0","-1.0","-1.0","-1.0","-1.0","-1.0","-1.0","-1.0","-1.0","0.01","2.4","2.41","2.05","0.08","0.0"
"241","2016","16","Uttarakhand","Uttar Kashi","10.11","17.89","1770.0","11.12","18.91","1700.0","-1.0","-1.0","-1.0","-1.0","0.0","0.0","-1.0","-1.0","-1.0","-1.0","-1.0","-1.0","0.43","0.7","1615.0","4.92","8.11","1650.0","0.19","0.28","1492.0","0.0","0.0","500.0","0.3","0.26","879.0","4.66","3.84","823.0","-1.0","-1.0","-1.0","0.67","0.23","338.0","0.74","0.26","354.0","-1.0","-1.0","-1.0","-1.0","-1.0","-1.0","-1.0","-1.0","-1.0","-1.0","-1.0","-1.0","0.21","0.22","1048.0","-1.0","-1.0","-1.0","-1.0","-1.0","-1.0","-1.0","-1.0","-1.0","0.57","2.81","3.38","2.44","0.05","0.0"
"241","2017","16","Uttarakhand","Uttar Kashi","10.25","17.57","1715.0","10.67","17.71","1660.0","-1.0","-1.0","-1.0","-1.0","0.0","0.0","-1.0","-1.0","-1.0","-1.0","-1.0","-1.0","0.47","1.26","2665.0","5.23","9.22","1763.0","0.24","0.5","2049.0","0.01","0.0","600.0","0.45","0.41","924.0","4.49","4.17","928.0","-1.0","-1.0","-1.0","0.7","0.24","337.0","0.98","0.55","558.0","-1.0","-1.0","-1.0","-1.0","-1.0","-1.0","-1.0","-1.0","-1.0","-1.0","-1.0","-1.0","0.19","0.19","984.0","-1.0","-1.0","-1.0","-1.0","-1.0","-1.0","-1.0","-1.0","-1.0","1.02","3.35","4.37","2.89","0.04","0.0"
"242","2016","16","Uttarakhand","Tehri Garhwal","11.87","18.66","1571.0","22.71","32.23","1419.0","-1.0","-1.0","-1.0","-1.0","0.0","0.0","-1.0","-1.0","-1.0","-1.0","-1.0","-1.0","1.77","2.99","1688.0","11.64","20.1","1727.0","1.56","2.33","1496.0","0.01","0.01","643.0","1.25","1.35","1078.0","7.85","6.31","804.0","-1.0","-1.0","-1.0","0.47","0.14","300.0","0.92","0.9","973.0","-1.0","-1.0","-1.0","-1.0","-1.0","-1.0","-1.0","-1.0","-1.0","-1.0","-1.0","-1.0","0.72","0.37","522.0","-1.0","-1.0","-1.0","-1.0","-1.0","-1.0","-1.0","-1.0","-1.0","0.02","1.95","1.96","0.84","0.19","0.0"
"242","2017","16","Uttarakhand","Tehri Garhwal","10.42","20.49","1967.0","20.69","32.75","1583.0","-1.0","-1.0","-1.0","-1.0","0.0","0.0","-1.0","-1.0","-1.0","-1.0","-1.0","-1.0","2.11","4.75","2253.0","11.08","17.55","1583.0","2.07","2.63","1271.0","0.01","0.0","600.0","1.54","1.75","1133.0","8.51","5.3","623.0","-1.0","-1.0","-1.0","0.51","0.16","315.0","0.79","0.43","541.0","-1.0","-1.0","-1.0","-1.0","-1.0","-1.0","-1.0","-1.0","-1.0","-1.0","-1.0","-1.0","0.6","0.41","681.0","-1.0","-1.0","-1.0","-1.0","-1.0","-1.0","-1.0","-1.0","-1.0","0.02","2.73","2.75","0.97","0.16","0.0"
"243","2016","16","Uttarakhand","Garhwal","10.85","15.18","1398.0","18.19","22.38","1230.0","-1.0","-1.0","-1.0","-1.0","0.0","0.0","-1.0","-1.0","-1.0","-1.0","-1.0","-1.0","2.21","3.99","1800.0","19.81","27.3","1378.0","5.64","6.47","1148.0","0.07","0.04","652.0","0.35","0.21","599.0","7.74","5.49","710.0","-1.0","-1.0","-1.0","0.06","0.01","196.0","1.27","1.06","837.0","-1.0","-1.0","-1.0","-1.0","-1.0","-1.0","-1.0","-1.0","-1.0","-1.0","-1.0","-1.0","0.42","0.21","500.0","-1.0","-1.0","-1.0","-1.0","-1.0","-1.0","-1.0","-1.0","-1.0","0.09","1.75","1.84","0.63","0.83","0.0"
"243","2017","16","Uttarakhand","Garhwal","10.02","13.87","1385.0","13.44","21.2","1577.0","-1.0","-1.0","-1.0","-1.0","0.0","0.0","-1.0","-1.0","-1.0","-1.0","-1.0","-1.0","2.22","4.59","2065.0","17.08","23.05","1350.0","3.93","5.81","1477.0","0.03","0.02","655.0","0.67","0.53","802.0","6.72","3.59","534.0","0.0","0.0","1000.0","0.06","0.01","200.0","1.99","0.71","358.0","-1.0","-1.0","-1.0","-1.0","-1.0","-1.0","-1.0","-1.0","-1.0","-1.0","-1.0","-1.0","0.3","0.15","510.0","-1.0","-1.0","-1.0","-1.0","-1.0","-1.0","-1.0","-1.0","-1.0","0.1","1.87","1.97","0.66","0.87","0.0"
"244","2016","16","Uttarakhand","Dehradun","10.19","20.74","2036.0","17.47","42.47","2431.0","-1.0","-1.0","-1.0","-1.0","0.0","0.0","-1.0","-1.0","-1.0","-1.0","-1.0","-1.0","7.3","16.1","2207.0","1.05","1.67","1584.0","0.53","0.84","1575.0","0.02","0.02","810.0","0.23","0.19","834.0","3.14","3.1","989.0","0.05","0.06","1298.0","0.09","0.02","267.0","0.88","0.55","621.0","-1.0","-1.0","-1.0","-1.0","-1.0","-1.0","0.02","0.01","429.0","-1.0","-1.0","-1.0","0.02","0.01","563.0","-1.0","-1.0","-1.0","4.02","26.07","6480.0","-1.0","-1.0","-1.0","2.58","4.32","6.9","0.67","0.06","2.0"
"244","2017","16","Uttarakhand","Dehradun","9.29","19.56","2105.0","16.85","39.43","2340.0","-1.0","-1.0","-1.0","-1.0","0.0","0.0","-1.0","-1.0","-1.0","-1.0","-1.0","-1.0","6.75","18.54","2747.0","1.17","1.94","1660.0","0.58","0.9","1553.0","0.02","0.02","833.0","0.31","0.27","882.0","3.1","3.23","1043.0","0.01","0.02","1417.0","0.09","0.02","271.0","0.81","0.79","973.0","-1.0","-1.0","-1.0","-1.0","-1.0","-1.0","-1.0","-1.0","-1.0","-1.0","-1.0","-1.0","0.02","0.01","500.0","-1.0","-1.0","-1.0","3.88","26.2","6750.0","-1.0","-1.0","-1.0","2.88","4.5","7.37","0.74","0.06","2.0"
"501","2016","14","Chhattisgarh","Rajnandgaon","290.28","539.71","1859.0","19.09","24.56","1287.0","-1.0","-1.0","-1.0","-1.0","0.0","0.0","0.05","0.06","1422.0","-1.0","-1.0","-1.0","6.2","12.98","2094.0","0.05","0.01","220.0","0.01","0.01","1333.0","68.75","80.6","1172.0","13.18","8.93","678.0","35.09","34.88","994.0","0.01","0.02","2143.0","1.39","0.56","401.0","1.92","0.78","407.0","0.01","0.01","429.0","-1.0","-1.0","-1.0","-1.0","-1.0","-1.0","0.01","-1.0","-1.0","25.58","19.74","772.0","-1.0","-1.0","-1.0","0.12","0.04","359.0","0.0","0.0","580.0","0.43","11.85","12.28","0.03","0.12","0.0"
"501","2017","14","Chhattisgarh","Rajnandgaon","294.32","307.93","1046.0","12.8","17.62","1377.0","-1.0","-1.0","-1.0","-1.0","0.0","0.0","0.04","0.06","1465.0","-1.0","-1.0","-1.0","6.89","13.96","2025.0","-1.0","-1.0","-1.0","0.0","0.0","1000.0","79.39","80.2","1010.0","15.36","6.44","419.0","33.39","14.6","437.0","-1.0","-1.0","-1.0","1.38","0.38","274.0","1.46","0.73","503.0","0.19","0.09","476.0","-1.0","-1.0","-1.0","3.17","0.82","258.0","0.01","-1.0","-1.0","24.64","10.81","439.0","-1.0","-1.0","-1.0","0.16","0.04","270.0","0.0","0.0","540.0","-1.0","-1.0","-1.0","0.04","0.05","-1.0"
"502","2016","6","Madhya Pradesh","Bhopal","-1.0","-1.0","-1.0","87.0","301.0","3460.0","1.0","1.0","1000.0","-1.0","-1.0","-1.0","1.0","1.0","1000.0","0.0","0.0","0.0","8.0","16.0","2000.0","-1.0","-1.0","-1.0","0.0","0.0","0.0","35.0","47.0","1343.0","9.0","12.0","1333.0","9.0","8.0","889.0","1.0","1.0","1000.0","0.0","0.0","0.0","1.0","0.99","987.0","0.1","0.03","300.0","0.0","0.0","0.0","0.0","0.0","0.0","0.0","0.0","0.0","88.0","90.0","1023.0","-1.0","-1.0","-1.0","0.3","1.1","3667.0","0.0","0.0","0.0","0.16","3.95","4.11","0.66","2.15","7.0"
"502","2017","6","Madhya Pradesh","Bhopal","8.95","5.65","631.0","81.0","236.52","2920.0","0.15","0.32","2133.0","-1.0","-1.0","-1.0","0.15","0.32","2133.0","0.0","0.0","0.0","5.92","15.54","2625.0","-1.0","-1.0","-1.0","0.0","0.0","0.0","39.1","49.11","1256.0","5.7","10.9","1912.0","15.54","8.07","519.0","0.52","0.55","1058.0","0.3","0.1","333.0","0.35","0.3","857.0","0.0","0.0","0.0","0.0","0.0","0.0","0.02","0.02","1000.0","0.0","0.0","0.0","95.2","93.5","982.0","-1.0","-1.0","-1.0","0.0","0.0","0.0","0.0","0.0","0.0","0.19","1.53","1.72","0.38","2.58","1.0"
"503","2016","1","Andhra Pradesh","Vizianagaram","125.3","380.55","3037.0","-1.0","-1.0","-1.0","0.05","0.07","1440.0","-1.0","0.0","0.0","0.05","0.07","1440.0","0.09","0.11","1222.0","35.99","202.44","5625.0","2.06","2.47","1203.0","-1.0","-1.0","-1.0","0.13","0.2","1508.0","1.35","1.05","780.0","48.54","22.59","465.0","4.6","6.35","1382.0","16.33","3.83","234.0","-1.0","-1.0","-1.0","-1.0","-1.0","-1.0","-1.0","-1.0","-1.0","-1.0","-1.0","-1.0","0.0","0.0","1000.0","-1.0","-1.0","-1.0","29.77","129.93","4364.0","13.27","88.67","6681.0","15.0","6.0","383.0","74.85","6.11","80.97","-1.0","0.2","0.0"
"503","2017","1","Andhra Pradesh","Vizianagaram","128.84","384.69","2986.0","0.0","0.0","1000.0","0.05","0.06","1019.0","0.01","0.03","4286.0","0.06","0.09","1393.0","0.11","0.16","1455.0","37.63","253.89","6746.0","2.48","3.26","1312.0","-1.0","-1.0","-1.0","0.11","0.16","1429.0","1.0","0.72","714.0","45.43","27.66","609.0","3.1","4.55","1469.0","9.8","2.89","295.0","-1.0","-1.0","-1.0","-1.0","-1.0","-1.0","0.0","0.0","1000.0","-1.0","-1.0","-1.0","-1.0","-1.0","-1.0","-1.0","-1.0","-1.0","18.69","121.99","6527.0","12.48","80.63","6460.0","14.0","6.0","443.0","74.12","5.29","79.4","-1.0","0.21","0.0"
"504","2016","1","Andhra Pradesh","Prakasam","40.07","143.9","3591.0","-1.0","-1.0","-1.0","0.21","0.3","1438.0","10.79","8.38","777.0","10.99","8.68","790.0","16.96","33.69","1986.0","7.66","57.93","7565.0","0.94","1.58","1671.0","-1.0","-1.0","-1.0","82.61","123.08","1490.0","94.88","41.94","442.0","44.63","17.7","397.0","6.19","17.92","2894.0","16.22","2.8","172.0","0.04","0.0","50.0","-1.0","-1.0","-1.0","2.19","1.16","531.0","-1.0","-1.0","-1.0","0.84","0.89","1059.0","0.0","0.0","1000.0","25.52","22.77","892.0","0.44","3.46","7800.0","16.0","9.0","554.0","24.97","7.34","32.31","-1.0","0.71","15.0"
"504","2017","1","Andhra Pradesh","Prakasam","47.35","181.58","3835.0","-1.0","-1.0","-1.0","0.61","0.62","1018.0","11.62","6.95","598.0","12.23","7.57","619.0","17.83","36.21","2031.0","18.01","112.9","6269.0","0.75","1.23","1639.0","-1.0","-1.0","-1.0","107.73","139.41","1294.0","86.18","33.53","389.0","33.2","15.48","466.0","4.29","10.41","2425.0","6.76","1.7","251.0","0.01","0.0","400.0","-1.0","-1.0","-1.0","2.2","0.83","378.0","-1.0","-1.0","-1.0","0.4","0.4","1000.0","-1.0","-1.0","-1.0","13.65","13.33","977.0","0.23","1.66","7110.0","36.0","15.0","433.0","21.79","7.51","29.3","-1.0","0.21","14.0"
"506","2016","11","Tamil Nadu","Dharmapuri","33.35","149.43","4481.0","-1.0","-1.0","-1.0","15.06","5.76","383.0","0.01","0.01","357.0","15.08","5.77","383.0","0.44","1.26","2874.0","5.85","24.18","4132.0","10.3","21.66","2104.0","-1.0","-1.0","-1.0","0.66","0.36","548.0","7.78","4.87","626.0","10.45","4.1","392.0","7.68","10.76","1402.0","0.1","0.04","390.0","0.0","-1.0","-1.0","-1.0","-1.0","-1.0","0.07","0.02","338.0","-1.0","-1.0","-1.0","0.12","0.1","846.0","-1.0","-1.0","-1.0","-1.0","-1.0","-1.0","8.2","52.78","6433.0","12.0","3.0","240.0","10.83","19.74","30.57","-1.0","0.33","3.0"
"506","2017","11","Tamil Nadu","Dharmapuri","22.23","107.21","4822.0","-1.0","-1.0","-1.0","21.78","34.51","1585.0","0.37","0.4","1079.0","22.14","34.91","1577.0","0.43","0.51","1193.0","6.95","57.46","8274.0","16.72","62.3","3725.0","-1.0","-1.0","-1.0","0.85","0.79","926.0","8.71","11.85","1361.0","31.49","26.6","845.0","10.87","33.49","3079.0","0.35","0.15","436.0","0.02","0.0","105.0","-1.0","-1.0","-1.0","0.29","0.1","343.0","-1.0","-1.0","-1.0","0.02","0.02","1353.0","-1.0","-1.0","-1.0","-1.0","-1.0","-1.0","8.11","59.23","7300.0","14.0","0.0","0.0","-1.0","-1.0","-1.0","-1.0","0.21","-1.0"
"507","2016","11","Tamil Nadu","Periyar(Erode)","34.4","146.47","4258.0","-1.0","-1.0","-1.0","-1.0","-1.0","-1.0","-1.0","0.0","0.0","-1.0","-1.0","-1.0","0.06","0.16","2825.0","14.68","49.46","3369.0","3.29","1.18","360.0","-1.0","-1.0","-1.0","-1.0","-1.0","-1.0","1.42","0.41","287.0","1.94","1.22","631.0","17.16","12.45","725.0","0.28","0.07","267.0","0.02","0.0","200.0","-1.0","-1.0","-1.0","0.35","0.11","305.0","-1.0","-1.0","-1.0","-1.0","-1.0","-1.0","-1.0","-1.0","-1.0","-1.0","-1.0","-1.0","19.37","126.24","6517.0","1.0","0.0","255.0","13.48","10.46","23.94","0.53","0.96","23.0"
"507","2017","11","Tamil Nadu","Periyar(Erode)","10.77","54.46","5057.0","-1.0","-1.0","-1.0","0.02","0.02","1143.0","0.1","0.11","1078.0","0.12","0.14","1089.0","0.27","0.6","2227.0","18.21","121.43","6668.0","5.49","16.03","2921.0","-1.0","-1.0","-1.0","-1.0","-1.0","-1.0","1.3","1.31","1011.0","4.33","3.19","737.0","18.99","45.3","2385.0","5.34","4.2","787.0","0.0","-1.0","-1.0","-1.0","-1.0","-1.0","0.3","0.09","307.0","-1.0","-1.0","-1.0","0.02","0.02","1375.0","-1.0","-1.0","-1.0","-1.0","-1.0","-1.0","8.74","105.78","12100.0","1.0","0.0","0.0","-1.0","-1.0","-1.0","0.41","0.85","-1.0"
"508","2016","11","Tamil Nadu","Pudukkottai","69.14","258.98","3746.0","-1.0","-1.0","-1.0","0.02","0.02","850.0","0.03","0.01","324.0","0.05","0.03","519.0","0.0","0.01","2500.0","3.2","10.17","3178.0","0.02","0.04","2263.0","-1.0","-1.0","-1.0","-1.0","-1.0","-1.0","0.3","0.2","656.0","4.68","2.37","506.0","8.43","19.31","2290.0","1.16","0.44","381.0","-1.0","-1.0","-1.0","-1.0","-1.0","-1.0","-1.0","-1.0","-1.0","-1.0","-1.0","-1.0","0.02","0.02","857.0","-1.0","-1.0","-1.0","-1.0","-1.0","-1.0","3.47","30.64","8822.0","0.0","0.0","232.0","8.58","0.73","9.31","-1.0","0.0","0.0"
"508","2017","11","Tamil Nadu","Pudukkottai","85.68","171.65","2003.0","-1.0","-1.0","-1.0","0.03","0.03","1148.0","0.03","0.03","1074.0","0.05","0.06","1111.0","0.01","0.02","2300.0","3.42","27.25","7980.0","0.01","0.05","3769.0","-1.0","-1.0","-1.0","-1.0","-1.0","-1.0","0.55","0.61","1092.0","4.88","3.55","727.0","10.6","30.78","2905.0","1.25","0.75","599.0","-1.0","-1.0","-1.0","-1.0","-1.0","-1.0","0.0","0.0","1000.0","-1.0","-1.0","-1.0","-1.0","-1.0","-1.0","-1.0","-1.0","-1.0","-1.0","-1.0","-1.0","3.39","25.75","7600.0","0.0","0.0","0.0","-1.0","-1.0","-1.0","-1.0","0.01","-1.0"
"509","2016","11","Tamil Nadu","Dindigul Anna","14.99","71.95","4800.0","-1.0","-1.0","-1.0","2.17","3.2","1473.0","40.72","12.6","309.0","42.89","15.8","368.0","0.66","0.51","771.0","21.33","32.38","1518.0","0.0","0.01","3000.0","-1.0","-1.0","-1.0","0.56","0.32","575.0","0.81","0.58","711.0","20.0","6.44","322.0","3.64","7.35","2020.0","0.2","0.08","392.0","-1.0","-1.0","-1.0","-1.0","-1.0","-1.0","0.02","0.01","350.0","-1.0","-1.0","-1.0","0.31","0.27","860.0","-1.0","-1.0","-1.0","-1.0","-1.0","-1.0","2.37","5.98","2519.0","5.0","1.0","188.0","28.61","13.84","42.45","2.76","2.03","2.0"
"509","2017","11","Tamil Nadu","Dindigul Anna","8.8","49.46","5619.0","-1.0","-1.0","-1.0","21.26","33.6","1580.0","29.63","37.98","1282.0","50.89","71.58","1407.0","0.43","0.87","2016.0","27.12","240.8","8880.0","0.02","0.07","3944.0","-1.0","-1.0","-1.0","0.31","0.29","925.0","1.4","1.53","1093.0","26.48","18.43","696.0","6.35","18.11","2853.0","0.46","0.22","483.0","-1.0","-1.0","-1.0","-1.0","-1.0","-1.0","0.01","0.0","358.0","-1.0","-1.0","-1.0","0.09","0.12","1264.0","-1.0","-1.0","-1.0","-1.0","-1.0","-1.0","1.66","13.79","8300.0","5.0","0.0","1.0","-1.0","-1.0","-1.0","2.14","1.29","-1.0"
"510","2016","11","Tamil Nadu","Virudhunagar Kamarajar","28.61","100.61","3517.0","-1.0","-1.0","-1.0","0.72","0.73","1025.0","8.23","8.42","1023.0","8.95","9.16","1023.0","2.31","2.24","971.0","27.14","20.81","767.0","0.07","0.23","3081.0","-1.0","-1.0","-1.0","0.01","0.0","571.0","0.62","0.41","655.0","10.4","3.64","350.0","5.4","5.71","1057.0","0.7","0.1","139.0","-1.0","-1.0","-1.0","-1.0","-1.0","-1.0","0.01","0.0","200.0","-1.0","-1.0","-1.0","2.01","0.58","287.0","-1.0","-1.0","-1.0","-1.0","-1.0","-1.0","2.19","14.59","6664.0","15.0","3.0","190.0","6.43","2.45","8.87","-1.0","1.51","3.0"
"510","2017","11","Tamil Nadu","Virudhunagar Kamarajar","18.54","70.47","3800.0","-1.0","-1.0","-1.0","5.13","5.84","1139.0","8.01","20.13","2514.0","13.13","25.96","1977.0","1.38","3.46","2507.0","24.03","149.76","6231.0","0.05","0.23","4333.0","-1.0","-1.0","-1.0","0.01","0.01","857.0","0.66","0.72","1092.0","9.5","5.73","603.0","5.19","5.07","977.0","0.86","0.51","596.0","-1.0","-1.0","-1.0","-1.0","-1.0","-1.0","0.01","0.0","300.0","-1.0","-1.0","-1.0","1.61","1.63","1014.0","-1.0","-1.0","-1.0","-1.0","-1.0","-1.0","1.55","13.3","8600.0","17.0","0.0","0.0","-1.0","-1.0","-1.0","-1.0","0.88","-1.0"
"512","2016","11","Tamil Nadu","Sivagangai Pasumpon","65.21","42.86","657.0","-1.0","-1.0","-1.0","0.09","0.07","826.0","0.09","0.03","333.0","0.18","0.1","574.0","0.02","0.05","2941.0","0.02","0.08","4368.0","0.04","0.11","2524.0","-1.0","-1.0","-1.0","-1.0","-1.0","-1.0","0.05","0.04","648.0","0.92","0.49","540.0","2.77","3.89","1405.0","0.18","0.07","380.0","-1.0","-1.0","-1.0","-1.0","-1.0","-1.0","0.01","0.0","333.0","-1.0","-1.0","-1.0","-1.0","-1.0","-1.0","-1.0","-1.0","-1.0","-1.0","-1.0","-1.0","4.26","21.46","5038.0","1.0","0.0","250.0","7.25","0.38","7.62","-1.0","0.04","0.0"
"512","2017","11","Tamil Nadu","Sivagangai Pasumpon","72.15","64.52","894.0","-1.0","-1.0","-1.0","0.05","0.06","1132.0","0.17","0.18","1079.0","0.22","0.24","1092.0","0.0","0.01","2000.0","0.03","0.26","8226.0","0.08","0.32","3857.0","-1.0","-1.0","-1.0","0.01","0.01","1000.0","0.08","0.09","1096.0","1.91","1.47","769.0","3.06","6.35","2074.0","0.15","0.08","503.0","-1.0","-1.0","-1.0","-1.0","-1.0","-1.0","0.0","-1.0","-1.0","-1.0","-1.0","-1.0","-1.0","-1.0","-1.0","-1.0","-1.0","-1.0","-1.0","-1.0","-1.0","3.27","18.63","5700.0","1.0","0.0","1.0","-1.0","-1.0","-1.0","-1.0","0.05","-1.0"
"513","2016","11","Tamil Nadu","Chidambanar Toothukudi","18.56","74.56","4017.0","-1.0","-1.0","-1.0","-1.0","-1.0","-1.0","8.43","0.95","113.0","8.43","0.95","113.0","9.03","1.32","146.0","33.21","8.46","255.0","0.03","0.1","3125.0","-1.0","-1.0","-1.0","0.02","0.01","625.0","0.01","0.01","636.0","88.71","11.25","127.0","0.79","2.35","2980.0","0.4","0.01","18.0","-1.0","-1.0","-1.0","-1.0","-1.0","-1.0","0.0","0.0","333.0","-1.0","-1.0","-1.0","2.63","0.31","119.0","-1.0","-1.0","-1.0","-1.0","-1.0","-1.0","0.16","1.42","8699.0","6.0","0.0","39.0","12.43","5.53","17.96","-1.0","2.87","2.0"
"513","2017","11","Tamil Nadu","Chidambanar Toothukudi","13.69","60.95","4453.0","-1.0","-1.0","-1.0","-1.0","-1.0","-1.0","10.65","13.43","1261.0","10.65","13.43","1261.0","9.61","17.21","1791.0","33.21","94.26","2838.0","0.03","0.11","4480.0","-1.0","-1.0","-1.0","0.01","0.01","875.0","0.02","0.02","1095.0","82.37","36.79","447.0","0.61","2.25","3717.0","0.43","0.08","189.0","-1.0","-1.0","-1.0","-1.0","-1.0","-1.0","0.0","0.0","500.0","-1.0","-1.0","-1.0","3.34","2.15","643.0","-1.0","-1.0","-1.0","-1.0","-1.0","-1.0","0.04","0.39","10000.0","7.0","0.0","0.0","-1.0","-1.0","-1.0","-1.0","2.69","-1.0"
"514","2016","7","Maharashtra","Jalna","0.0","0.0","0.0","39.1","63.0","1611.0","2.2","3.3","1500.0","102.2","113.8","1114.0","104.4","117.1","1122.0","21.9","18.5","845.0","71.3","207.9","2916.0","-1.0","-1.0","-1.0","-1.0","-1.0","-1.0","56.3","67.6","1201.0","46.18","61.42","1330.0","77.3","55.49","718.0","1.1","0.8","727.0","0.1","0.02","184.0","0.2","0.05","250.0","0.1","0.1","1000.0","0.1","0.02","200.0","0.01","0.0","300.0","0.05","0.0","58.0","112.8","171.5","1520.0","-1.0","-1.0","-1.0","16.43","61.16","3722.0","266.0","126.0","472.0","-1.0","-1.0","-1.0","-1.0","-1.0","-1.0"
"514","2017","7","Maharashtra","Jalna","0.0","0.0","0.0","33.2","38.6","1163.0","0.2","0.05","230.0","91.7","68.0","742.0","91.9","68.05","740.0","19.5","12.3","631.0","65.94","133.1","2019.0","-1.0","-1.0","-1.0","-1.0","-1.0","-1.0","59.2","43.0","726.0","54.4","42.6","783.0","40.1","7.1","177.0","1.56","1.0","642.0","0.32","0.05","149.0","0.1","0.02","200.0","-1.0","-1.0","-1.0","0.1","0.01","100.0","-1.0","-1.0","-1.0","-1.0","-1.0","-1.0","115.4","80.5","698.0","-1.0","-1.0","-1.0","23.79","141.74","5957.0","280.0","31.0","112.0","-1.0","-1.0","-1.0","-1.0","-1.0","-1.0"
"515","2016","7","Maharashtra","Latur","3.3","0.9","273.0","68.6","97.4","1420.0","87.8","77.6","884.0","40.1","43.6","1087.0","127.9","121.2","948.0","2.2","0.3","136.0","9.9","8.4","848.0","-1.0","-1.0","-1.0","-1.0","-1.0","-1.0","161.1","158.2","982.0","126.1","432.43","3429.0","24.88","13.35","537.0","4.2","3.9","929.0","3.09","0.65","211.0","0.8","0.2","250.0","25.0","18.2","728.0","0.5","0.1","200.0","0.6","0.1","167.0","2.69","1.11","413.0","370.3","297.9","804.0","-1.0","-1.0","-1.0","9.0","50.93","5659.0","3.0","2.0","787.0","-1.0","-1.0","-1.0","-1.0","-1.0","-1.0"
"515","2017","7","Maharashtra","Latur","2.8","0.8","286.0","16.8","11.6","690.0","78.41","67.2","857.0","32.76","24.7","754.0","111.17","91.9","827.0","1.5","0.3","200.0","11.78","6.6","560.0","-1.0","-1.0","-1.0","-1.0","-1.0","-1.0","209.35","147.5","705.0","111.3","131.4","1181.0","26.09","8.42","323.0","2.47","1.9","768.0","2.95","0.35","117.0","0.8","0.2","250.0","9.2","4.3","467.0","0.3","0.1","333.0","0.32","0.1","316.0","2.11","0.84","399.0","392.8","465.0","1184.0","-1.0","-1.0","-1.0","40.0","244.0","6100.0","3.0","2.0","677.0","-1.0","-1.0","-1.0","-1.0","-1.0","-1.0"
"516","2016","7","Maharashtra","Gadchiroli","153.4","285.3","1860.0","0.9","1.3","1444.0","-1.0","-1.0","-1.0","0.1","0.1","1000.0","0.1","0.1","1000.0","0.02","0.01","333.0","1.9","5.0","2632.0","-1.0","-1.0","-1.0","-1.0","-1.0","-1.0","16.1","7.2","447.0","4.65","9.04","1944.0","13.01","7.02","540.0","0.01","0.02","1700.0","0.61","0.21","348.0","0.8","0.4","500.0","-1.0","-1.0","-1.0","-1.0","-1.0","-1.0","1.4","0.3","214.0","-1.0","-1.0","-1.0","2.1","1.8","857.0","-1.0","-1.0","-1.0","-1.0","-1.0","-1.0","5.0","3.0","533.0","-1.0","-1.0","-1.0","-1.0","-1.0","-1.0"
"516","2017","7","Maharashtra","Gadchiroli","151.8","188.2","1240.0","0.53","0.6","1126.0","0.02","0.01","522.0","1.3","0.7","538.0","1.32","0.71","538.0","-1.0","-1.0","-1.0","2.33","5.4","2322.0","-1.0","-1.0","-1.0","-1.0","-1.0","-1.0","13.7","7.3","533.0","5.3","5.65","1066.0","13.67","5.3","388.0","0.0","0.0","1000.0","0.34","0.08","231.0","0.8","0.2","250.0","-1.0","-1.0","-1.0","0.1","0.02","230.0","1.3","0.3","231.0","0.03","0.02","769.0","0.2","0.3","1500.0","-1.0","-1.0","-1.0","-1.0","-1.0","-1.0","6.0","4.0","719.0","-1.0","-1.0","-1.0","-1.0","-1.0","-1.0"
"517","2016","7","Maharashtra","Sindhudurg","64.0","208.9","3264.0","-1.0","-1.0","-1.0","-1.0","-1.0","-1.0","-1.0","0.0","0.0","-1.0","-1.0","-1.0","-1.0","-1.0","-1.0","0.06","0.2","3509.0","1.8","3.2","1778.0","-1.0","-1.0","-1.0","-1.0","-1.0","-1.0","0.71","0.58","819.0","2.43","1.58","652.0","1.4","2.1","1500.0","0.02","0.01","336.0","-1.0","-1.0","-1.0","-1.0","-1.0","-1.0","0.03","0.01","333.0","-1.0","-1.0","-1.0","0.01","0.0","600.0","-1.0","-1.0","-1.0","-1.0","-1.0","-1.0","1.21","12.14","10041.0","-1.0","-1.0","-1.0","-1.0","-1.0","-1.0","-1.0","-1.0","-1.0"
"517","2017","7","Maharashtra","Sindhudurg","64.02","206.2","3221.0","-1.0","-1.0","-1.0","-1.0","-1.0","-1.0","-1.0","0.0","0.0","-1.0","-1.0","-1.0","-1.0","-1.0","-1.0","-1.0","-1.0","-1.0","1.8","2.6","1444.0","-1.0","-1.0","-1.0","-1.0","-1.0","-1.0","-1.0","-1.0","-1.0","2.46","1.23","499.0","1.35","2.6","1930.0","-1.0","-1.0","-1.0","0.01","0.01","1000.0","-1.0","-1.0","-1.0","-1.0","-1.0","-1.0","-1.0","-1.0","-1.0","-1.0","-1.0","-1.0","-1.0","-1.0","-1.0","-1.0","-1.0","-1.0","1.1","6.59","6002.0","-1.0","-1.0","-1.0","-1.0","-1.0","-1.0","-1.0","-1.0","-1.0"
"518","2016","3","Gujarat","Gandhinagar","9.18","11.46","1248.0","27.61","92.02","3332.0","-1.0","-1.0","-1.0","-1.0","0.0","0.0","-1.0","-1.0","-1.0","8.06","21.59","2679.0","-1.0","-1.0","-1.0","-1.0","-1.0","-1.0","-1.0","-1.0","-1.0","0.04","0.04","1135.0","0.4","0.45","1132.0","7.38","4.27","579.0","6.06","20.23","3337.0","0.37","0.2","534.0","0.9","1.58","1758.0","-1.0","-1.0","-1.0","24.28","54.27","2235.0","-1.0","-1.0","-1.0","-1.0","-1.0","-1.0","0.05","0.04","880.0","-1.0","-1.0","-1.0","-1.0","-1.0","-1.0","21.0","17.0","777.0","-1.0","-1.0","-1.0","8.41","-1.0","-1.0"
"518","2017","3","Gujarat","Gandhinagar","10.03","12.76","1272.0","29.75","103.71","3486.0","0.11","0.15","1393.0","-1.0","0.0","0.0","0.11","0.15","1393.0","8.33","26.39","3168.0","0.17","0.28","1635.0","-1.0","-1.0","-1.0","-1.0","-1.0","-1.0","0.73","0.94","1285.0","0.22","0.27","1241.0","3.72","2.57","692.0","5.17","15.6","3017.0","0.32","0.19","605.0","0.95","1.58","1665.0","-1.0","-1.0","-1.0","28.45","70.98","2495.0","-1.0","-1.0","-1.0","-1.0","-1.0","-1.0","-1.0","-1.0","-1.0","-1.0","-1.0","-1.0","-1.0","-1.0","-1.0","24.0","18.0","752.0","-1.0","-1.0","-1.0","7.24","-1.0","-1.0"
"519","2016","10","Rajasthan","Dholpur","0.49","1.12","2288.0","65.84","300.34","4561.0","0.29","0.17","603.0","-1.0","0.0","0.0","0.29","0.17","603.0","81.99","164.8","2010.0","-1.0","-1.0","-1.0","-1.0","-1.0","-1.0","0.55","1.82","3297.0","0.97","0.88","910.0","0.44","0.71","1599.0","0.56","0.48","857.0","0.04","0.09","2045.0","2.03","1.43","703.0","61.04","130.28","2134.0","-1.0","-1.0","-1.0","0.01","0.01","1000.0","-1.0","-1.0","-1.0","-1.0","-1.0","-1.0","-1.0","-1.0","-1.0","-1.0","-1.0","-1.0","0.02","0.09","6093.0","0.0","0.0","596.0","0.01","10.44","10.45","9.79","-1.0","4.0"
"519","2017","10","Rajasthan","Dholpur","0.38","0.9","2366.0","61.29","262.66","4286.0","0.32","0.18","584.0","-1.0","0.0","0.0","0.32","0.18","584.0","84.38","199.42","2363.0","-1.0","-1.0","-1.0","-1.0","-1.0","-1.0","0.53","1.75","3323.0","0.71","0.76","1074.0","0.4","0.64","1598.0","0.44","0.39","900.0","0.04","0.07","1943.0","2.07","1.23","594.0","60.86","136.65","2245.0","-1.0","-1.0","-1.0","0.02","0.02","1000.0","-1.0","-1.0","-1.0","-1.0","-1.0","-1.0","-1.0","-1.0","-1.0","-1.0","-1.0","-1.0","0.01","0.06","9071.0","0.0","0.0","98.0","0.01","9.37","9.38","8.78","-1.0","4.0"
"520","2016","20","Telangana","Rangareddy","18.41","52.03","2826.19","0.06","0.08","1258.06","6.92","9.14","1320.05","0.34","0.4","1188.79","7.26","9.54","1313.92","0.14","0.12","870.5","66.87","209.44","3132.26","0.06","0.07","1078.12","-1.0","-1.0","-1.0","2.85","4.2","1477.16","7.78","5.27","677.04","0.98","0.63","642.57","1.17","2.41","2067.81","0.04","0.01","256.41","-1.0","-1.0","-1.0","0.16","0.16","1019.23","1.09","0.46","425.94","-1.0","-1.0","-1.0","0.22","0.4","1794.64","0.24","0.28","1165.25","-1.0","-1.0","-1.0","0.0","0.01","4866.67","46.0","13.0","288.0","7.7","18.67","26.37","0.05","0.55","3.0"
"520","2017","20","Telangana","Rangareddy","25.36","70.67","2787.1","0.04","0.05","1384.62","5.72","6.19","1083.06","0.42","0.57","1350.71","6.14","6.76","1101.45","0.07","0.07","1060.61","52.59","117.71","2238.41","0.02","0.02","1133.33","-1.0","-1.0","-1.0","2.69","3.77","1402.68","6.91","4.79","693.93","0.44","0.16","379.31","1.34","4.04","3023.22","0.0","-1.0","-1.0","-1.0","-1.0","-1.0","0.09","0.05","565.22","1.11","0.6","537.0","-1.0","-1.0","-1.0","0.18","0.38","2136.36","0.02","0.03","1631.58","-1.0","-1.0","-1.0","0.0","0.01","6200.0","80.0","32.0","398.0","9.78","18.18","27.96","0.03","0.46","4.0"
"521","2016","11","Tamil Nadu","Thiruvannamalai","138.88","550.74","3966.0","-1.0","-1.0","-1.0","0.22","0.18","829.0","0.05","0.02","333.0","0.26","0.2","739.0","3.16","7.61","2407.0","1.64","4.87","2967.0","1.13","2.75","2435.0","-1.0","-1.0","-1.0","0.04","0.01","286.0","1.71","1.68","979.0","34.4","16.39","477.0","50.73","85.77","1691.0","1.16","0.36","308.0","-1.0","-1.0","-1.0","-1.0","-1.0","-1.0","0.0","0.0","500.0","-1.0","-1.0","-1.0","0.07","0.08","1041.0","-1.0","-1.0","-1.0","-1.0","-1.0","-1.0","25.4","199.24","7844.0","0.0","0.0","244.0","3.69","3.98","7.68","-1.0","0.07","0.0"
"521","2017","11","Tamil Nadu","Thiruvannamalai","161.71","704.25","4355.0","-1.0","-1.0","-1.0","0.31","0.35","1140.0","0.38","0.41","1079.0","0.69","0.76","1106.0","6.08","13.91","2286.0","2.11","15.48","7344.0","4.84","18.57","3838.0","-1.0","-1.0","-1.0","0.01","0.01","1000.0","1.17","1.96","1675.0","27.73","19.78","713.0","63.86","201.95","3162.0","2.13","1.26","592.0","-1.0","-1.0","-1.0","-1.0","-1.0","-1.0","0.01","0.0","372.0","-1.0","-1.0","-1.0","0.2","0.35","1754.0","-1.0","-1.0","-1.0","-1.0","-1.0","-1.0","20.07","206.72","10300.0","1.0","0.0","1.0","-1.0","-1.0","-1.0","-1.0","0.02","-1.0"
"523","2016","4","Haryana","Yamunanagar","75.4","295.0","3912.0","89.0","399.0","4483.0","-1.0","-1.0","-1.0","-1.0","-1.0","-1.0","0.0","0.0","0.0","-1.0","0.0","0.0","1.0","0.0","0.0","-1.0","-1.0","-1.0","-1.0","2.0","-1.0","0.2","0.0","0.0","-1.0","-1.0","-1.0","0.3","4.7","15667.0","-1.0","-1.0","-1.0","0.0","0.0","0.0","2.1","2.0","952.0","-1.0","-1.0","-1.0","-1.0","-1.0","-1.0","-1.0","-1.0","-1.0","-1.0","-1.0","-1.0","-1.0","-1.0","-1.0","2.3","2.2","957.0","23.0","183.0","7957.0","0.0","0.0","0.0","-1.0","-1.0","-1.0","0.6","-1.0","-1.0"
"523","2017","4","Haryana","Yamunanagar","75.2","313.0","4162.0","89.0","426.0","4787.0","-1.0","-1.0","-1.0","-1.0","-1.0","-1.0","0.0","0.0","0.0","-1.0","0.0","0.0","0.8","1.0","1250.0","-1.0","-1.0","-1.0","0.0","0.0","0.0","-1.0","0.4","-1.0","-1.0","-1.0","-1.0","-1.0","-1.0","-1.0","0.0","0.0","0.0","0.0","0.0","0.0","2.1","3.0","1429.0","-1.0","-1.0","-1.0","-1.0","-1.0","-1.0","-1.0","-1.0","-1.0","-1.0","-1.0","-1.0","-1.0","-1.0","-1.0","2.2","3.0","1364.0","-1.0","-1.0","-1.0","0.0","0.0","0.0","-1.0","-1.0","-1.0","-1.0","-1.0","-1.0"
"524","2016","4","Haryana","Kaithal","162.0","552.0","3407.0","173.0","861.0","4977.0","-1.0","-1.0","-1.0","-1.0","-1.0","-1.0","0.0","0.0","0.0","3.0","6.0","2000.0","0.0","0.0","0.0","-1.0","-1.0","-1.0","0.0","0.0","0.0","0.0","0.0","0.0","-1.0","-1.0","-1.0","0.5","6.4","12800.0","0.0","0.0","0.0","0.0","0.0","0.0","1.0","1.0","1000.0","-1.0","-1.0","-1.0","-1.0","-1.0","-1.0","-1.0","-1.0","-1.0","-1.0","-1.0","-1.0","-1.0","-1.0","-1.0","1.0","1.0","1000.0","4.0","38.0","9500.0","8.0","3.0","405.0","-1.0","-1.0","-1.0","0.0","-1.0","-1.0"
"524","2017","4","Haryana","Kaithal","166.4","641.0","3852.0","173.6","841.0","4844.0","-1.0","-1.0","-1.0","-1.0","-1.0","-1.0","0.0","0.0","0.0","2.5","6.0","2400.0","-1.0","0.0","-1.0","-1.0","-1.0","-1.0","-1.0","0.0","0.0","-1.0","-1.0","-1.0","-1.0","-1.0","-1.0","-1.0","-1.0","-1.0","0.0","0.0","0.0","-1.0","-1.0","-1.0","0.9","3.0","3333.0","-1.0","-1.0","-1.0","-1.0","-1.0","-1.0","-1.0","-1.0","-1.0","-1.0","-1.0","-1.0","-1.0","-1.0","-1.0","0.9","3.0","3333.0","-1.0","-1.0","-1.0","7.0","4.0","550.0","-1.0","-1.0","-1.0","-1.0","-1.0","-1.0"
"525","2016","4","Haryana","Panipat","76.0","198.0","2605.0","82.0","419.0","5110.0","-1.0","-1.0","-1.0","-1.0","-1.0","-1.0","0.0","0.0","0.0","0.0","0.0","0.0","0.0","0.0","0.0","-1.0","-1.0","-1.0","0.0","0.0","0.0","0.0","0.0","0.0","-1.0","-1.0","-1.0","0.0","0.0","0.0","0.0","0.0","0.0","-1.0","-1.0","-1.0","0.0","0.0","0.0","-1.0","-1.0","-1.0","-1.0","-1.0","-1.0","-1.0","-1.0","-1.0","-1.0","-1.0","-1.0","-1.0","-1.0","-1.0","-1.0","0.0","0.0","7.0","58.0","8286.0","0.0","0.0","0.0","-1.0","-1.0","-1.0","-1.0","-1.0","-1.0"
"525","2017","4","Haryana","Panipat","77.2","235.0","3044.0","84.4","436.0","5166.0","-1.0","-1.0","-1.0","-1.0","-1.0","-1.0","-1.0","0.0","-1.0","-1.0","0.0","0.0","-1.0","0.0","-1.0","-1.0","-1.0","-1.0","-1.0","0.0","0.0","0.1","0.0","0.0","-1.0","-1.0","-1.0","0.0","8.5","0.0","0.0","0.0","0.0","-1.0","0.0","0.0","0.6","2.0","3333.0","-1.0","-1.0","-1.0","-1.0","-1.0","-1.0","-1.0","-1.0","-1.0","-1.0","-1.0","-1.0","-1.0","-1.0","-1.0","0.6","2.0","3333.0","-1.0","-1.0","-1.0","0.0","0.0","0.0","-1.0","-1.0","-1.0","-1.0","-1.0","-1.0"
"526","2016","4","Haryana","Rewari","2.4","4.0","1667.0","48.2","241.0","5000.0","-1.0","-1.0","-1.0","-1.0","-1.0","-1.0","0.5","0.0","0.0","68.2","149.0","2185.0","-1.0","0.0","-1.0","-1.0","-1.0","-1.0","0.8","5.0","6250.0","-1.0","0.0","0.0","-1.0","-1.0","-1.0","1.4","13.0","9286.0","0.1","0.1","1000.0","0.3","0.5","1667.0","63.5","144.0","2268.0","-1.0","-1.0","-1.0","-1.0","-1.0","-1.0","-1.0","-1.0","-1.0","-1.0","-1.0","-1.0","-1.0","-1.0","-1.0","63.9","144.6","2263.0","-1.0","0.0","0.0","5.0","3.0","525.0","-1.0","-1.0","-1.0","0.0","-1.0","-1.0"
"526","2017","4","Haryana","Rewari","1.8","5.0","2778.0","46.1","225.0","4881.0","-1.0","-1.0","-1.0","-1.0","-1.0","-1.0","0.4","-1.0","-1.0","67.7","133.0","1965.0","0.0","0.0","0.0","-1.0","-1.0","-1.0","0.8","5.0","6250.0","-1.0","0.0","0.0","-1.0","-1.0","-1.0","-1.0","8.5","-1.0","0.1","0.1","1000.0","0.2","0.1","500.0","66.2","151.0","2281.0","-1.0","-1.0","-1.0","-1.0","-1.0","-1.0","-1.0","-1.0","-1.0","-1.0","-1.0","-1.0","-1.0","-1.0","-1.0","66.5","151.2","2274.0","-1.0","-1.0","-1.0","8.0","4.0","531.0","-1.0","-1.0","-1.0","-1.0","-1.0","-1.0"
"527","2016","16","Uttarakhand","Haridwar","14.89","30.48","2046.0","46.37","149.54","3225.0","-1.0","-1.0","-1.0","-1.0","0.0","0.0","-1.0","-1.0","-1.0","-1.0","-1.0","-1.0","0.52","1.15","2206.0","-1.0","-1.0","-1.0","0.01","0.01","1500.0","0.0","0.0","667.0","-1.0","-1.0","-1.0","0.53","0.37","705.0","0.81","1.05","1299.0","0.32","0.08","241.0","1.28","1.01","788.0","-1.0","-1.0","-1.0","-1.0","-1.0","-1.0","0.0","-1.0","-1.0","-1.0","-1.0","-1.0","-1.0","-1.0","-1.0","-1.0","-1.0","-1.0","68.04","388.49","5710.0","-1.0","-1.0","-1.0","4.87","4.56","9.43","0.18","0.0","20.0"
"527","2017","16","Uttarakhand","Haridwar","13.46","32.78","2435.0","44.64","152.93","3426.0","-1.0","-1.0","-1.0","-1.0","0.0","0.0","-1.0","-1.0","-1.0","-1.0","-1.0","-1.0","0.59","1.35","2278.0","-1.0","-1.0","-1.0","0.01","0.01","1714.0","0.01","0.01","833.0","-1.0","-1.0","-1.0","0.48","0.35","726.0","0.64","0.88","1377.0","0.28","0.07","246.0","1.38","1.35","973.0","-1.0","-1.0","-1.0","-1.0","-1.0","-1.0","-1.0","-1.0","-1.0","-1.0","-1.0","-1.0","-1.0","-1.0","-1.0","-1.0","-1.0","-1.0","69.96","489.7","7000.0","-1.0","-1.0","-1.0","4.98","4.3","9.28","0.12","0.0","19.0"
"528","2016","12","Uttar Pradesh","Firozabad","24.15","61.4","2543.0","101.52","385.26","3795.0","0.09","0.09","1000.0","-1.0","0.0","0.0","0.09","0.09","1000.0","70.89","165.02","2328.0","8.98","25.04","2787.0","-1.0","-1.0","-1.0","6.63","22.69","3421.0","0.54","1.0","1869.0","1.89","1.7","900.0","4.75","3.68","775.0","0.13","0.31","2492.0","1.32","0.17","130.0","9.88","16.57","1677.0","-1.0","-1.0","-1.0","-1.0","-1.0","-1.0","-1.0","-1.0","-1.0","0.26","0.3","1178.0","-1.0","-1.0","-1.0","-1.0","-1.0","-1.0","0.05","0.25","5359.0","0.0","0.0","64.0","2.66","57.09","59.75","50.64","0.19","12.0"
"528","2017","12","Uttar Pradesh","Firozabad","22.53","61.67","2737.0","96.0","325.91","3395.0","0.03","0.03","1000.0","-1.0","0.0","0.0","0.03","0.03","1000.0","83.42","196.0","2350.0","7.27","20.52","2823.0","-1.0","-1.0","-1.0","6.96","22.06","3170.0","0.11","0.21","1898.0","0.54","0.66","1237.0","2.79","2.74","982.0","0.42","0.47","1118.0","2.05","0.23","113.0","12.56","21.43","1706.0","-1.0","-1.0","-1.0","-1.0","-1.0","-1.0","-1.0","-1.0","-1.0","0.3","0.44","1442.0","-1.0","-1.0","-1.0","-1.0","-1.0","-1.0","0.11","0.63","5668.0","0.0","0.0","36.0","-1.0","-1.0","-1.0","48.59","0.19","-1.0"
"529","2016","12","Uttar Pradesh","Sonbhadra","32.58","84.58","2596.0","56.01","134.86","2408.0","2.32","3.43","1480.0","-1.0","0.0","0.0","2.32","3.43","1480.0","0.56","0.8","1427.0","14.79","13.46","910.0","-1.0","-1.0","-1.0","8.52","15.12","1774.0","11.77","14.31","1215.0","11.0","10.92","993.0","15.23","12.71","835.0","0.32","0.1","314.0","4.2","0.58","139.0","3.8","2.31","609.0","-1.0","-1.0","-1.0","-1.0","-1.0","-1.0","5.45","2.4","440.0","-1.0","-1.0","-1.0","-1.0","-1.0","-1.0","-1.0","-1.0","-1.0","0.16","1.16","7266.0","-1.0","-1.0","-1.0","0.0","5.77","5.77","1.24","0.72","0.0"
"529","2017","12","Uttar Pradesh","Sonbhadra","38.87","105.7","2719.0","54.27","127.92","2357.0","2.07","3.69","1777.0","-1.0","0.0","0.0","2.07","3.69","1777.0","-1.0","-1.0","-1.0","13.95","13.21","947.0","-1.0","-1.0","-1.0","7.22","8.47","1173.0","11.3","15.57","1378.0","10.16","8.95","881.0","16.01","13.26","828.0","0.36","0.76","2108.0","4.7","0.88","187.0","2.92","1.76","602.0","-1.0","-1.0","-1.0","-1.0","-1.0","-1.0","4.99","2.43","487.0","-1.0","-1.0","-1.0","-1.0","-1.0","-1.0","-1.0","-1.0","-1.0","0.06","0.51","7925.0","-1.0","-1.0","-1.0","-1.0","-1.0","-1.0","1.09","0.79","-1.0"
"530","2016","12","Uttar Pradesh","Mau","88.32","202.16","2289.0","94.75","315.63","3331.0","0.01","0.01","1200.0","-1.0","0.0","0.0","0.01","0.01","1200.0","0.05","0.1","1904.0","0.53","0.74","1392.0","-1.0","-1.0","-1.0","2.07","4.22","2040.0","1.47","2.41","1637.0","2.4","3.32","1382.0","1.95","2.76","1419.0","0.45","0.41","905.0","0.02","0.0","211.0","0.21","0.27","1250.0","-1.0","-1.0","-1.0","-1.0","-1.0","-1.0","-1.0","-1.0","-1.0","0.01","0.01","1200.0","-1.0","-1.0","-1.0","-1.0","-1.0","-1.0","6.42","37.36","5817.0","-1.0","-1.0","-1.0","0.49","2.08","2.57","0.73","0.21","2.0"
"530","2017","12","Uttar Pradesh","Mau","91.32","217.89","2386.0","95.37","352.98","3701.0","0.01","0.02","1333.0","-1.0","0.0","0.0","0.01","0.02","1333.0","0.05","0.09","1938.0","0.48","0.95","1977.0","-1.0","-1.0","-1.0","2.2","5.57","2537.0","1.43","1.5","1052.0","2.41","2.37","983.0","1.86","2.28","1226.0","0.45","0.45","1013.0","0.02","0.01","294.0","0.21","0.29","1401.0","-1.0","-1.0","-1.0","-1.0","-1.0","-1.0","-1.0","-1.0","-1.0","0.01","0.02","1429.0","-1.0","-1.0","-1.0","-1.0","-1.0","-1.0","6.53","39.58","6060.0","-1.0","-1.0","-1.0","-1.0","-1.0","-1.0","1.1","0.32","-1.0"
"531","2016","12","Uttar Pradesh","Mahrajgani","165.8","420.62","2537.0","148.92","525.38","3528.0","-1.0","-1.0","-1.0","-1.0","0.0","0.0","-1.0","-1.0","-1.0","-1.0","-1.0","-1.0","0.51","0.96","1897.0","-1.0","-1.0","-1.0","0.09","0.3","3448.0","0.01","0.01","1000.0","0.45","0.42","931.0","10.87","8.57","789.0","2.79","3.7","1326.0","0.07","0.02","224.0","3.46","2.58","747.0","-1.0","-1.0","-1.0","-1.0","-1.0","-1.0","0.14","0.08","540.0","0.01","0.01","1182.0","-1.0","-1.0","-1.0","-1.0","-1.0","-1.0","17.49","112.27","6420.0","-1.0","-1.0","-1.0","4.0","3.96","7.96","2.57","0.39","1.0"
"531","2017","12","Uttar Pradesh","Mahrajgani","166.5","414.09","2487.0","145.44","515.74","3546.0","-1.0","-1.0","-1.0","-1.0","0.0","0.0","-1.0","-1.0","-1.0","-1.0","-1.0","-1.0","0.42","0.91","2183.0","-1.0","-1.0","-1.0","0.02","0.07","3286.0","0.0","0.0","1000.0","0.32","0.17","540.0","11.39","10.25","900.0","1.19","1.57","1325.0","0.15","0.04","293.0","3.11","3.64","1171.0","-1.0","-1.0","-1.0","-1.0","-1.0","-1.0","0.22","0.13","600.0","-1.0","-1.0","-1.0","-1.0","-1.0","-1.0","-1.0","-1.0","-1.0","17.64","116.15","6583.0","-1.0","-1.0","-1.0","-1.0","-1.0","-1.0","2.6","0.35","-1.0"
"532","2016","12","Uttar Pradesh","Sidharthnagar","173.51","403.75","2327.0","156.38","618.8","3957.0","-1.0","-1.0","-1.0","-1.0","0.0","0.0","-1.0","-1.0","-1.0","-1.0","-1.0","-1.0","0.38","0.35","924.0","-1.0","-1.0","-1.0","0.01","0.01","2800.0","0.01","0.01","1111.0","2.79","2.08","747.0","6.94","7.06","1017.0","0.04","0.03","895.0","-1.0","-1.0","-1.0","3.21","3.51","1092.0","-1.0","-1.0","-1.0","-1.0","-1.0","-1.0","1.44","0.78","538.0","-1.0","-1.0","-1.0","-1.0","-1.0","-1.0","-1.0","-1.0","-1.0","2.13","13.91","6535.0","-1.0","-1.0","-1.0","4.41","2.73","7.13","1.91","0.3","1.0"
"532","2017","12","Uttar Pradesh","Sidharthnagar","173.51","449.21","2589.0","158.26","629.71","3979.0","-1.0","-1.0","-1.0","-1.0","0.0","0.0","-1.0","-1.0","-1.0","-1.0","-1.0","-1.0","0.46","0.48","1061.0","-1.0","-1.0","-1.0","0.01","0.02","2857.0","0.02","0.02","1048.0","2.16","1.54","710.0","7.68","8.51","1108.0","0.04","0.04","1000.0","-1.0","-1.0","-1.0","3.25","3.57","1099.0","-1.0","-1.0","-1.0","-1.0","-1.0","-1.0","1.36","0.82","602.0","-1.0","-1.0","-1.0","-1.0","-1.0","-1.0","-1.0","-1.0","-1.0","2.01","13.3","6607.0","-1.0","-1.0","-1.0","-1.0","-1.0","-1.0","1.78","0.45","-1.0"
"533","2016","12","Uttar Pradesh","Mahoba","0.05","0.09","1784.0","74.14","187.51","2529.0","3.92","3.75","957.0","-1.0","0.0","0.0","3.92","3.75","957.0","-1.0","-1.0","-1.0","0.05","0.13","2688.0","-1.0","-1.0","-1.0","7.97","20.98","2632.0","27.84","21.73","781.0","4.08","4.2","1030.0","113.43","68.43","603.0","8.24","4.16","505.0","24.86","1.84","74.0","7.75","6.61","852.0","-1.0","-1.0","-1.0","-1.0","-1.0","-1.0","8.36","5.79","693.0","0.01","0.01","1222.0","0.33","0.22","674.0","-1.0","-1.0","-1.0","3.3","14.16","4295.0","-1.0","-1.0","-1.0","0.02","1.4","1.42","0.06","0.04","0.0"
"533","2017","12","Uttar Pradesh","Mahoba","0.04","0.07","1944.0","48.39","86.67","1791.0","1.94","1.55","802.0","-1.0","0.0","0.0","1.94","1.55","802.0","-1.0","-1.0","-1.0","0.04","0.09","2432.0","-1.0","-1.0","-1.0","3.84","9.43","2458.0","27.03","18.63","689.0","3.05","2.69","880.0","107.21","42.79","399.0","5.78","5.06","876.0","24.29","6.27","258.0","8.91","3.78","424.0","-1.0","-1.0","-1.0","-1.0","-1.0","-1.0","6.68","3.56","533.0","-1.0","-1.0","-1.0","0.21","0.17","775.0","-1.0","-1.0","-1.0","2.42","9.29","3833.0","-1.0","-1.0","-1.0","-1.0","-1.0","-1.0","0.16","0.09","-1.0"
"536","2016","10","Rajasthan","Baran","18.48","51.55","2789.0","163.27","740.05","4533.0","0.25","0.15","605.0","-1.0","0.0","0.0","0.25","0.15","605.0","1.12","1.34","1195.0","23.93","61.51","2571.0","-1.0","-1.0","-1.0","0.31","1.01","3295.0","14.06","24.92","1773.0","0.03","0.03","1034.0","43.92","33.56","764.0","1.03","2.11","2046.0","1.87","0.46","248.0","73.67","134.16","1821.0","-1.0","-1.0","-1.0","0.0","0.0","2000.0","0.3","0.25","823.0","-1.0","-1.0","-1.0","236.45","246.59","1043.0","-1.0","-1.0","-1.0","0.01","0.09","7131.0","-1.0","-1.0","-1.0","0.56","1.5","2.06","0.07","0.09","1.0"
"536","2017","10","Rajasthan","Baran","17.21","45.46","2641.0","115.75","535.05","4623.0","0.13","0.08","583.0","-1.0","0.0","0.0","0.13","0.08","583.0","0.55","0.49","881.0","20.66","61.64","2984.0","-1.0","-1.0","-1.0","0.12","0.41","3325.0","71.02","130.88","1843.0","0.01","0.01","818.0","136.79","119.8","876.0","0.99","1.92","1953.0","0.74","0.37","497.0","64.24","136.18","2120.0","-1.0","-1.0","-1.0","-1.0","-1.0","-1.0","0.41","0.58","1421.0","-1.0","-1.0","-1.0","154.3","209.81","1360.0","-1.0","-1.0","-1.0","0.0","0.01","7050.0","-1.0","-1.0","-1.0","0.52","1.3","1.81","0.04","0.05","1.0"
"537","2016","10","Rajasthan","Dausa","-1.0","-1.0","-1.0","102.49","418.63","4085.0","4.97","3.91","788.0","-1.0","0.0","0.0","4.97","3.91","788.0","149.55","242.83","1624.0","0.35","0.52","1496.0","-1.0","-1.0","-1.0","6.37","21.21","3328.0","14.66","21.83","1489.0","0.04","0.03","722.0","0.2","0.14","683.0","10.21","13.26","1299.0","7.97","2.7","339.0","56.24","85.44","1519.0","-1.0","-1.0","-1.0","-1.0","-1.0","-1.0","-1.0","-1.0","-1.0","-1.0","-1.0","-1.0","0.0","0.0","1000.0","-1.0","-1.0","-1.0","0.0","0.01","7100.0","0.0","0.0","591.0","0.26","1.62","1.88","-1.0","0.05","19.0"
"537","2017","10","Rajasthan","Dausa","-1.0","-1.0","-1.0","90.55","390.09","4308.0","4.45","3.41","765.0","-1.0","0.0","0.0","4.45","3.41","765.0","150.64","207.99","1381.0","0.39","0.78","2029.0","-1.0","-1.0","-1.0","5.52","20.32","3685.0","9.66","13.81","1429.0","0.01","0.01","636.0","0.14","0.09","662.0","9.08","14.55","1603.0","7.43","2.85","383.0","48.4","102.92","2127.0","-1.0","-1.0","-1.0","0.0","0.0","1000.0","-1.0","-1.0","-1.0","-1.0","-1.0","-1.0","-1.0","-1.0","-1.0","-1.0","-1.0","-1.0","-1.0","-1.0","-1.0","0.0","0.0","90.0","0.06","1.53","1.59","0.0","0.04","17.0"
"538","2016","10","Rajasthan","Rajsamand","0.03","0.07","2276.0","32.46","105.56","3252.0","11.2","12.11","1081.0","-1.0","0.0","0.0","11.2","12.11","1081.0","0.36","0.36","997.0","63.79","102.03","1599.0","-1.0","-1.0","-1.0","8.13","19.77","2432.0","0.97","0.88","910.0","-1.0","-1.0","-1.0","2.15","1.36","632.0","1.38","2.83","2046.0","1.14","0.39","347.0","1.7","1.55","913.0","-1.0","-1.0","-1.0","0.0","0.0","1000.0","0.0","0.01","1500.0","-1.0","-1.0","-1.0","0.06","0.07","1079.0","-1.0","-1.0","-1.0","0.32","1.94","6148.0","3.0","2.0","472.0","0.24","1.2","1.44","0.01","0.02","11.0"
"538","2017","10","Rajasthan","Rajsamand","0.03","0.07","2355.0","34.33","112.4","3274.0","10.05","17.99","1790.0","-1.0","0.0","0.0","10.05","17.99","1790.0","0.32","0.28","883.0","63.51","148.63","2340.0","-1.0","-1.0","-1.0","7.53","20.36","2705.0","1.35","1.45","1074.0","0.0","0.0","1000.0","2.25","1.37","609.0","1.27","2.49","1954.0","1.04","0.28","269.0","1.27","1.05","822.0","-1.0","-1.0","-1.0","0.01","0.01","1000.0","0.0","0.0","3000.0","-1.0","-1.0","-1.0","0.2","0.24","1205.0","-1.0","-1.0","-1.0","0.31","1.94","6280.0","4.0","0.0","109.0","0.19","1.14","1.33","0.02","0.02","11.0"
"539","2016","10","Rajasthan","Hanumangarh","34.45","101.14","2936.0","240.24","969.07","4034.0","0.02","0.01","619.0","-1.0","0.0","0.0","0.02","0.01","619.0","41.71","18.42","442.0","0.06","0.1","1500.0","-1.0","-1.0","-1.0","11.73","40.29","3434.0","109.03","74.05","679.0","1.86","0.77","415.0","144.97","56.12","387.0","24.02","38.3","1595.0","1.13","0.39","348.0","123.57","172.79","1398.0","-1.0","-1.0","-1.0","1.81","4.86","2678.0","-1.0","-1.0","-1.0","-1.0","-1.0","-1.0","-1.0","-1.0","-1.0","-1.0","-1.0","-1.0","0.03","0.22","7129.0","161.0","98.0","609.0","1.58","1.85","3.43","0.72","0.08","389.0"
"539","2017","10","Rajasthan","Hanumangarh","31.65","98.21","3103.0","244.53","1079.26","4414.0","0.34","0.2","584.0","-1.0","0.0","0.0","0.34","0.2","584.0","36.99","18.95","512.0","0.02","0.04","2000.0","-1.0","-1.0","-1.0","15.61","49.63","3180.0","97.94","66.5","679.0","0.05","0.04","750.0","66.46","32.08","483.0","21.55","45.77","2124.0","1.06","0.29","270.0","104.14","174.81","1679.0","-1.0","-1.0","-1.0","1.71","4.36","2549.0","-1.0","-1.0","-1.0","-1.0","-1.0","-1.0","-1.0","-1.0","-1.0","-1.0","-1.0","-1.0","0.04","0.25","7037.0","187.0","18.0","95.0","1.75","1.57","3.32","0.42","0.06","448.0"
"542","2016","11","Tamil Nadu","Nagapattinam","166.31","338.26","2034.0","-1.0","-1.0","-1.0","-1.0","-1.0","-1.0","0.0","0.0","500.0","0.0","0.0","500.0","-1.0","-1.0","-1.0","0.01","0.01","1200.0","0.0","0.0","3000.0","-1.0","-1.0","-1.0","-1.0","-1.0","-1.0","-1.0","-1.0","-1.0","53.71","14.51","270.0","1.69","6.19","3671.0","0.4","0.02","40.0","-1.0","-1.0","-1.0","-1.0","-1.0","-1.0","-1.0","-1.0","-1.0","-1.0","-1.0","-1.0","-1.0","-1.0","-1.0","-1.0","-1.0","-1.0","-1.0","-1.0","-1.0","1.06","6.04","5684.0","3.0","2.0","582.0","5.58","0.52","6.1","-1.0","0.01","0.0"
"542","2017","11","Tamil Nadu","Nagapattinam","163.89","447.45","2730.0","-1.0","-1.0","-1.0","-1.0","-1.0","-1.0","-1.0","0.0","0.0","-1.0","-1.0","-1.0","-1.0","-1.0","-1.0","0.01","0.09","6846.0","0.0","0.0","4000.0","-1.0","-1.0","-1.0","-1.0","-1.0","-1.0","-1.0","-1.0","-1.0","71.1","32.65","459.0","1.74","6.7","3857.0","0.28","0.17","613.0","-1.0","-1.0","-1.0","-1.0","-1.0","-1.0","-1.0","-1.0","-1.0","-1.0","-1.0","-1.0","-1.0","-1.0","-1.0","-1.0","-1.0","-1.0","-1.0","-1.0","-1.0","0.6","5.96","10000.0","2.0","0.0","1.0","-1.0","-1.0","-1.0","-1.0","0.01","-1.0"
"543","2016","11","Tamil Nadu","Villupuram","182.3","773.31","4242.0","-1.0","-1.0","-1.0","0.72","0.6","830.0","0.13","0.05","336.0","0.86","0.65","753.0","16.79","47.37","2821.0","14.14","136.68","9667.0","1.23","2.18","1780.0","-1.0","-1.0","-1.0","-1.0","-1.0","-1.0","0.35","0.06","171.0","96.77","53.71","555.0","24.1","50.96","2115.0","4.02","2.43","606.0","-1.0","-1.0","-1.0","-1.0","-1.0","-1.0","0.01","0.01","625.0","-1.0","-1.0","-1.0","0.09","0.02","259.0","-1.0","-1.0","-1.0","-1.0","-1.0","-1.0","60.33","635.37","10532.0","6.0","2.0","276.0","8.47","15.12","23.59","-1.0","0.19","1.0"
"543","2017","11","Tamil Nadu","Villupuram","163.63","703.29","4298.0","-1.0","-1.0","-1.0","1.35","1.54","1139.0","0.26","0.28","1078.0","1.61","1.82","1129.0","29.07","62.64","2155.0","18.86","161.9","8584.0","2.26","6.95","3073.0","-1.0","-1.0","-1.0","-1.0","-1.0","-1.0","0.16","0.18","1093.0","84.58","79.13","935.0","37.02","117.42","3172.0","6.11","3.38","552.0","0.0","-1.0","-1.0","-1.0","-1.0","-1.0","0.01","0.01","661.0","-1.0","-1.0","-1.0","0.08","0.08","926.0","-1.0","-1.0","-1.0","-1.0","-1.0","-1.0","49.64","526.23","10600.0","8.0","0.0","0.0","-1.0","-1.0","-1.0","-1.0","0.19","-1.0"
"545","2016","9","Punjab","Mansa","103.0","442.0","4291.0","171.0","876.0","5123.0","-1.0","-1.0","-1.0","-1.0","0.0","0.0","-1.0","-1.0","-1.0","1.0","0.6","600.0","-1.0","-1.0","-1.0","-1.0","-1.0","-1.0","0.5","1.8","3600.0","0.1","0.2","2000.0","0.1","0.1","1000.0","0.2","0.1","500.0","-1.0","-1.0","-1.0","-1.0","-1.0","-1.0","1.6","2.4","1500.0","-1.0","-1.0","-1.0","-1.0","-1.0","-1.0","-1.0","-1.0","-1.0","-1.0","-1.0","-1.0","-1.0","-1.0","-1.0","-1.0","-1.0","-1.0","-1.0","-1.0","-1.0","63.0","47.0","749.0","0.67","1.72","2.39","-1.0","-1.0","18.0"
"545","2017","9","Punjab","Mansa","107.0","499.0","4664.0","172.0","890.0","5174.0","-1.0","-1.0","-1.0","-1.0","0.0","0.0","-1.0","-1.0","-1.0","0.5","0.3","600.0","-1.0","-1.0","-1.0","-1.0","-1.0","-1.0","0.5","1.7","3400.0","0.1","0.2","2000.0","-1.0","-1.0","-1.0","1.0","1.0","1000.0","-1.0","-1.0","-1.0","-1.0","-1.0","-1.0","1.5","2.5","1667.0","-1.0","-1.0","-1.0","-1.0","-1.0","-1.0","-1.0","-1.0","-1.0","-1.0","-1.0","-1.0","-1.0","-1.0","-1.0","-1.0","-1.0","-1.0","-1.0","-1.0","-1.0","60.0","41.0","681.0","0.61","1.67","2.28","-1.0","-1.0","17.0"
"546","2016","9","Punjab","Fatehgarh Sahib","86.0","405.0","4709.0","84.0","436.0","5190.0","-1.0","-1.0","-1.0","-1.0","0.0","0.0","-1.0","-1.0","-1.0","-1.0","-1.0","-1.0","-1.0","-1.0","-1.0","-1.0","-1.0","-1.0","0.3","1.1","3667.0","-1.0","-1.0","-1.0","-1.0","-1.0","-1.0","0.0","0.0","0.0","-1.0","-1.0","-1.0","-1.0","-1.0","-1.0","0.5","1.0","2000.0","-1.0","-1.0","-1.0","-1.0","-1.0","-1.0","-1.0","-1.0","-1.0","1.0","1.7","1700.0","-1.0","-1.0","-1.0","-1.0","-1.0","-1.0","3.0","26.6","8867.0","-1.0","-1.0","-1.0","0.09","5.78","5.86","-1.0","-1.0","11.0"
"546","2017","9","Punjab","Fatehgarh Sahib","86.0","395.0","4593.0","85.0","454.0","5341.0","-1.0","-1.0","-1.0","-1.0","0.0","0.0","-1.0","-1.0","-1.0","-1.0","-1.0","-1.0","-1.0","-1.0","-1.0","-1.0","-1.0","-1.0","0.3","0.8","2667.0","-1.0","-1.0","-1.0","-1.0","-1.0","-1.0","0.6","0.4","667.0","-1.0","-1.0","-1.0","-1.0","-1.0","-1.0","0.6","1.2","2000.0","-1.0","-1.0","-1.0","-1.0","-1.0","-1.0","-1.0","-1.0","-1.0","2.4","4.2","1750.0","-1.0","-1.0","-1.0","-1.0","-1.0","-1.0","3.0","25.0","8333.0","-1.0","-1.0","-1.0","0.09","4.72","4.81","-1.0","-1.0","6.0"
"547","2016","12","Uttar Pradesh","Kanpur Nagar","35.12","103.22","2939.0","104.39","424.32","4065.0","13.29","11.87","894.0","-1.0","0.0","0.0","13.29","11.87","894.0","1.17","1.89","1608.0","29.23","69.61","2382.0","-1.0","-1.0","-1.0","5.12","5.95","1162.0","14.68","21.16","1441.0","5.96","6.76","1134.0","12.31","10.28","835.0","0.16","0.15","907.0","1.84","0.51","275.0","13.59","18.19","1338.0","-1.0","-1.0","-1.0","-1.0","-1.0","-1.0","0.11","0.06","541.0","0.06","0.08","1172.0","-1.0","-1.0","-1.0","-1.0","-1.0","-1.0","3.13","17.38","5558.0","-1.0","-1.0","-1.0","2.77","18.33","21.1","11.82","0.53","12.0"
"547","2017","12","Uttar Pradesh","Kanpur Nagar","33.3","99.93","3001.0","106.05","408.72","3854.0","11.71","29.77","2543.0","-1.0","0.0","0.0","11.71","29.77","2543.0","1.17","2.06","1757.0","22.48","78.16","3478.0","-1.0","-1.0","-1.0","5.28","12.5","2367.0","15.0","28.4","1894.0","5.11","12.18","2382.0","11.4","10.51","922.0","0.13","0.13","1015.0","2.33","0.5","215.0","13.51","15.54","1150.0","-1.0","-1.0","-1.0","-1.0","-1.0","-1.0","0.44","0.26","602.0","-1.0","-1.0","-1.0","-1.0","-1.0","-1.0","-1.0","-1.0","-1.0","1.86","11.5","6173.0","-1.0","-1.0","-1.0","-1.0","-1.0","-1.0","11.55","0.48","-1.0"
"548","2016","12","Uttar Pradesh","Kanpur Dehat","42.8","135.54","3167.0","121.2","556.04","4588.0","12.41","17.9","1443.0","-1.0","0.0","0.0","12.41","17.9","1443.0","17.45","43.2","2475.0","12.62","37.66","2984.0","-1.0","-1.0","-1.0","4.91","13.69","2786.0","23.57","28.64","1215.0","8.23","17.35","2108.0","10.1","9.78","968.0","-1.0","-1.0","-1.0","2.32","0.44","189.0","22.84","37.72","1651.0","-1.0","-1.0","-1.0","-1.0","-1.0","-1.0","0.01","0.0","571.0","0.03","0.03","1179.0","0.05","0.03","673.0","-1.0","-1.0","-1.0","2.2","13.3","6037.0","-1.0","-1.0","-1.0","0.38","10.42","10.8","3.48","0.53","8.0"
"548","2017","12","Uttar Pradesh","Kanpur Dehat","40.69","121.29","2981.0","120.74","517.02","4282.0","11.73","19.11","1629.0","-1.0","0.0","0.0","11.73","19.11","1629.0","17.29","31.95","1848.0","11.77","32.32","2747.0","-1.0","-1.0","-1.0","4.82","15.73","3264.0","23.4","39.04","1669.0","7.74","16.85","2176.0","11.23","11.19","997.0","-1.0","-1.0","-1.0","1.58","0.33","207.0","23.27","39.26","1687.0","-1.0","-1.0","-1.0","-1.0","-1.0","-1.0","0.05","0.03","593.0","0.02","0.03","1455.0","0.05","0.04","776.0","-1.0","-1.0","-1.0","2.24","14.51","6470.0","-1.0","-1.0","-1.0","-1.0","-1.0","-1.0","3.53","0.57","-1.0"
"549","2016","5","Karnataka","Bangalore(Rural)","0.59","1.55","2638.0","-1.0","-1.0","-1.0","0.0","0.0","1000.0","-1.0","0.0","0.0","0.0","0.0","1000.0","0.01","0.01","1000.0","10.81","20.29","1876.0","36.46","44.06","1208.0","-1.0","-1.0","-1.0","0.21","0.13","589.0","1.27","2.3","1806.0","3.02","1.42","470.0","0.13","0.04","328.0","0.01","0.01","667.0","0.18","0.03","156.0","-1.0","-1.0","-1.0","0.08","0.04","494.0","-1.0","-1.0","-1.0","-1.0","-1.0","-1.0","-1.0","-1.0","-1.0","-1.0","-1.0","-1.0","-1.0","-1.0","-1.0","-1.0","-1.0","-1.0","9.5","5.52","15.03","0.32","0.05","4.0"
"549","2017","5","Karnataka","Bangalore(Rural)","0.68","1.96","2899.0","-1.0","-1.0","-1.0","-1.0","-1.0","-1.0","-1.0","0.0","0.0","-1.0","-1.0","-1.0","0.0","0.0","2000.0","9.45","47.21","4996.0","37.16","93.36","2512.0","-1.0","-1.0","-1.0","0.14","0.1","770.0","1.35","1.14","849.0","3.61","2.46","682.0","0.12","0.1","870.0","0.0","0.0","1000.0","0.23","0.03","142.0","-1.0","-1.0","-1.0","0.1","0.06","639.0","-1.0","-1.0","-1.0","-1.0","-1.0","-1.0","-1.0","-1.0","-1.0","-1.0","-1.0","-1.0","-1.0","-1.0","-1.0","-1.0","-1.0","-1.0","9.35","4.78","14.13","0.2","0.04","2.0"
"550","2016","5","Karnataka","Bangalore(Urban)","0.34","1.09","3238.0","-1.0","-1.0","-1.0","-1.0","-1.0","-1.0","-1.0","0.0","0.0","-1.0","-1.0","-1.0","-1.0","-1.0","-1.0","1.9","9.2","4839.0","15.99","7.91","494.0","-1.0","-1.0","-1.0","-1.0","-1.0","-1.0","0.82","0.82","999.0","1.77","0.71","403.0","0.04","0.02","524.0","0.01","0.0","571.0","0.16","0.03","209.0","-1.0","-1.0","-1.0","0.1","0.05","495.0","-1.0","-1.0","-1.0","0.0","0.0","500.0","-1.0","-1.0","-1.0","-1.0","-1.0","-1.0","-1.0","-1.0","-1.0","-1.0","-1.0","-1.0","2.77","3.76","6.53","0.15","0.01","1.0"
"550","2017","5","Karnataka","Bangalore(Urban)","0.27","0.86","3178.0","-1.0","-1.0","-1.0","-1.0","-1.0","-1.0","-1.0","0.0","0.0","-1.0","-1.0","-1.0","0.0","0.01","1667.0","1.15","5.59","4847.0","14.45","26.61","1841.0","-1.0","-1.0","-1.0","-1.0","-1.0","-1.0","0.6","0.57","948.0","1.54","1.21","786.0","0.08","0.09","1110.0","0.01","0.01","889.0","0.06","0.01","175.0","-1.0","-1.0","-1.0","0.07","0.04","646.0","-1.0","-1.0","-1.0","0.0","0.0","1000.0","-1.0","-1.0","-1.0","-1.0","-1.0","-1.0","0.0","0.02","9400.0","-1.0","-1.0","-1.0","2.61","4.61","7.21","0.3","0.03","1.0"
"601","2016","17","Assam","Cachar","110.92","217.55","1961.0","0.05","0.07","1333.0","-1.0","-1.0","-1.0","-1.0","0.0","0.0","-1.0","-1.0","-1.0","-1.0","-1.0","-1.0","0.1","0.09","846.0","-1.0","-1.0","-1.0","-1.0","-1.0","-1.0","0.06","0.03","564.0","0.14","0.1","713.0","3.69","2.85","772.0","-1.0","-1.0","-1.0","0.16","0.08","509.0","1.76","0.69","393.0","-1.0","-1.0","-1.0","0.0","0.0","1000.0","0.02","0.01","435.0","-1.0","-1.0","-1.0","-1.0","-1.0","-1.0","-1.0","-1.0","-1.0","0.17","0.57","3264.0","0.0","0.0","65.0","5.02","9.89","14.91","2.36","0.08","0.0"
"601","2017","17","Assam","Cachar","111.05","176.64","1591.0","0.05","0.07","1388.0","-1.0","-1.0","-1.0","-1.0","0.0","0.0","-1.0","-1.0","-1.0","-1.0","-1.0","-1.0","0.11","0.14","1250.0","-1.0","-1.0","-1.0","-1.0","-1.0","-1.0","0.05","0.03","560.0","0.14","0.1","719.0","3.78","3.91","1034.0","-1.0","-1.0","-1.0","0.15","0.08","514.0","1.78","0.76","429.0","-1.0","-1.0","-1.0","0.0","0.0","1000.0","0.02","0.01","381.0","-1.0","-1.0","-1.0","-1.0","-1.0","-1.0","-1.0","-1.0","-1.0","0.16","0.49","3080.0","0.0","0.0","70.0","5.12","9.97","15.09","2.43","0.07","0.0"
"602","2016","17","Assam","Darrang","70.81","160.21","2262.0","0.36","0.51","1445.0","-1.0","-1.0","-1.0","-1.0","0.0","0.0","-1.0","-1.0","-1.0","-1.0","-1.0","-1.0","5.23","29.4","5619.0","-1.0","-1.0","-1.0","-1.0","-1.0","-1.0","0.05","0.03","681.0","0.14","0.11","816.0","7.2","6.08","844.0","-1.0","-1.0","-1.0","0.74","0.48","647.0","15.98","8.6","538.0","-1.0","-1.0","-1.0","0.0","0.0","1000.0","0.38","0.23","604.0","-1.0","-1.0","-1.0","-1.0","-1.0","-1.0","-1.0","-1.0","-1.0","0.53","2.42","4592.0","0.0","0.0","90.0","2.19","7.15","9.34","5.2","0.62","0.0"
"602","2017","17","Assam","Darrang","72.45","163.83","2261.0","0.29","0.28","983.0","-1.0","-1.0","-1.0","-1.0","0.0","0.0","-1.0","-1.0","-1.0","-1.0","-1.0","-1.0","5.39","35.04","6498.0","-1.0","-1.0","-1.0","-1.0","-1.0","-1.0","0.03","0.02","786.0","0.11","0.09","820.0","6.86","7.62","1110.0","-1.0","-1.0","-1.0","0.75","0.48","638.0","15.39","8.67","563.0","-1.0","-1.0","-1.0","0.0","0.0","1000.0","0.41","0.3","730.0","-1.0","-1.0","-1.0","-1.0","-1.0","-1.0","-1.0","-1.0","-1.0","0.53","2.11","3991.0","0.0","0.0","450.0","2.0","7.23","9.24","5.27","0.62","0.0"
"603","2016","17","Assam","Dibrugarh","73.73","142.8","1937.0","0.0","0.0","1333.0","-1.0","-1.0","-1.0","-1.0","0.0","0.0","-1.0","-1.0","-1.0","-1.0","-1.0","-1.0","0.11","0.18","1607.0","-1.0","-1.0","-1.0","-1.0","-1.0","-1.0","0.0","0.0","333.0","0.06","0.05","814.0","1.87","1.18","633.0","-1.0","-1.0","-1.0","0.04","0.02","537.0","2.47","2.46","998.0","-1.0","-1.0","-1.0","0.0","0.0","500.0","-1.0","-1.0","-1.0","-1.0","-1.0","-1.0","-1.0","-1.0","-1.0","-1.0","-1.0","-1.0","0.13","0.5","3847.0","-1.0","-1.0","-1.0","2.03","2.55","4.58","1.23","0.06","0.0"
"603","2017","17","Assam","Dibrugarh","78.61","163.91","2085.0","0.0","0.0","1500.0","-1.0","-1.0","-1.0","-1.0","0.0","0.0","-1.0","-1.0","-1.0","-1.0","-1.0","-1.0","0.12","0.19","1612.0","-1.0","-1.0","-1.0","-1.0","-1.0","-1.0","0.0","0.0","333.0","0.06","0.05","818.0","1.8","1.13","625.0","-1.0","-1.0","-1.0","0.04","0.02","537.0","2.59","2.57","991.0","-1.0","-1.0","-1.0","0.0","0.0","333.0","-1.0","-1.0","-1.0","-1.0","-1.0","-1.0","-1.0","-1.0","-1.0","-1.0","-1.0","-1.0","0.16","0.6","3740.0","-1.0","-1.0","-1.0","1.85","2.52","4.37","1.19","0.07","0.0"
"604","2016","17","Assam","Goalpara","82.26","188.41","2290.0","1.14","1.58","1390.0","-1.0","-1.0","-1.0","-1.0","0.0","0.0","-1.0","-1.0","-1.0","-1.0","-1.0","-1.0","1.03","1.8","1746.0","-1.0","-1.0","-1.0","-1.0","-1.0","-1.0","0.17","0.11","648.0","0.39","0.47","1201.0","6.52","4.3","660.0","-1.0","-1.0","-1.0","0.28","0.17","600.0","7.5","3.24","432.0","-1.0","-1.0","-1.0","0.01","0.01","417.0","0.2","0.11","550.0","-1.0","-1.0","-1.0","-1.0","-1.0","-1.0","-1.0","-1.0","-1.0","0.2","0.76","3846.0","-1.0","-1.0","-1.0","4.83","5.96","10.79","1.57","0.38","0.0"
"604","2017","17","Assam","Goalpara","83.73","222.34","2656.0","1.21","1.75","1445.0","-1.0","-1.0","-1.0","-1.0","0.0","0.0","-1.0","-1.0","-1.0","-1.0","-1.0","-1.0","1.03","4.62","4500.0","-1.0","-1.0","-1.0","-1.0","-1.0","-1.0","0.06","0.04","696.0","0.32","0.23","701.0","5.36","3.46","646.0","-1.0","-1.0","-1.0","0.31","0.25","800.0","7.71","3.99","517.0","-1.0","-1.0","-1.0","0.02","0.01","476.0","0.2","0.12","600.0","-1.0","-1.0","-1.0","-1.0","-1.0","-1.0","-1.0","-1.0","-1.0","0.27","1.02","3740.0","-1.0","-1.0","-1.0","5.42","5.39","10.8","1.59","0.41","0.0"
"605","2016","17","Assam","Kamrup","113.64","261.27","2299.0","0.83","1.06","1279.0","-1.0","-1.0","-1.0","-1.0","0.0","0.0","-1.0","-1.0","-1.0","-1.0","-1.0","-1.0","0.2","0.73","3581.0","-1.0","-1.0","-1.0","-1.0","-1.0","-1.0","0.09","0.03","322.0","0.18","0.17","927.0","4.79","3.1","647.0","-1.0","-1.0","-1.0","0.26","0.16","600.0","11.85","4.51","381.0","-1.0","-1.0","-1.0","0.01","0.0","428.57","0.13","0.07","519.0","-1.0","-1.0","-1.0","-1.0","-1.0","-1.0","-1.0","-1.0","-1.0","0.89","2.49","2792.0","0.0","0.0","180.0","9.72","9.42","19.14","4.37","0.51","0.0"
"605","2017","17","Assam","Kamrup","104.0","247.04","2375.0","0.64","0.83","1305.0","-1.0","-1.0","-1.0","-1.0","0.0","0.0","-1.0","-1.0","-1.0","-1.0","-1.0","-1.0","0.23","0.82","3578.0","-1.0","-1.0","-1.0","-1.0","-1.0","-1.0","0.09","0.03","326.0","0.16","0.15","927.0","4.18","2.69","645.0","-1.0","-1.0","-1.0","0.26","0.16","600.0","11.95","5.57","466.0","-1.0","-1.0","-1.0","0.01","0.0","500.0","0.13","0.06","512.0","-1.0","-1.0","-1.0","-1.0","-1.0","-1.0","-1.0","-1.0","-1.0","0.75","2.44","3244.0","-1.0","-1.0","-1.0","9.4","9.5","18.91","4.3","0.51","0.0"
"606","2016","17","Assam","Karbi Anglong","133.53","247.31","1852.0","1.16","1.8","1550.0","-1.0","-1.0","-1.0","-1.0","0.0","0.0","-1.0","-1.0","-1.0","-1.0","-1.0","-1.0","10.62","23.51","2214.0","-1.0","-1.0","-1.0","-1.0","-1.0","-1.0","0.43","0.33","767.0","1.14","0.9","787.0","3.88","2.62","676.0","-1.0","-1.0","-1.0","3.1","2.46","793.0","21.87","10.28","470.0","-1.0","-1.0","-1.0","0.39","0.15","390.0","0.07","0.03","417.0","-1.0","-1.0","-1.0","-1.0","-1.0","-1.0","-1.0","-1.0","-1.0","7.95","31.99","4022.0","1.0","0.0","91.0","7.22","6.78","14.0","0.97","0.27","0.0"
"606","2017","17","Assam","Karbi Anglong","132.87","255.01","1919.0","1.17","1.62","1386.0","-1.0","-1.0","-1.0","-1.0","0.0","0.0","-1.0","-1.0","-1.0","-1.0","-1.0","-1.0","10.48","23.21","2214.0","-1.0","-1.0","-1.0","-1.0","-1.0","-1.0","0.46","0.35","767.0","1.09","0.86","788.0","5.84","3.89","667.0","-1.0","-1.0","-1.0","3.26","2.58","793.0","23.67","8.67","366.0","-1.0","-1.0","-1.0","0.38","0.15","392.0","0.06","0.03","422.0","-1.0","-1.0","-1.0","-1.0","-1.0","-1.0","-1.0","-1.0","-1.0","7.9","27.89","3532.0","1.0","0.0","92.0","6.2","6.98","13.18","1.22","0.3","0.0"
"607","2016","17","Assam","Lakhimpur","121.29","231.36","1907.0","0.02","0.02","1333.0","-1.0","-1.0","-1.0","-1.0","0.0","0.0","-1.0","-1.0","-1.0","-1.0","-1.0","-1.0","0.22","0.13","586.0","-1.0","-1.0","-1.0","-1.0","-1.0","-1.0","0.01","0.01","700.0","0.02","0.02","958.0","9.06","7.13","787.0","-1.0","-1.0","-1.0","0.29","0.19","635.0","24.14","20.66","856.0","-1.0","-1.0","-1.0","0.04","0.02","452.0","-1.0","-1.0","-1.0","-1.0","-1.0","-1.0","-1.0","-1.0","-1.0","-1.0","-1.0","-1.0","0.36","1.62","4539.0","0.0","0.0","60.0","3.1","9.46","12.56","8.91","0.15","0.0"
"607","2017","17","Assam","Lakhimpur","121.18","233.1","1924.0","0.0","0.01","1250.0","-1.0","-1.0","-1.0","-1.0","0.0","0.0","-1.0","-1.0","-1.0","-1.0","-1.0","-1.0","0.11","0.46","4193.0","-1.0","-1.0","-1.0","-1.0","-1.0","-1.0","0.01","0.01","556.0","0.03","0.03","897.0","18.28","12.49","683.0","-1.0","-1.0","-1.0","0.35","0.25","724.0","24.5","18.73","764.0","-1.0","-1.0","-1.0","0.03","0.02","563.0","0.02","0.01","600.0","-1.0","-1.0","-1.0","-1.0","-1.0","-1.0","-1.0","-1.0","-1.0","0.38","1.66","4363.0","0.0","0.0","72.0","2.57","8.82","11.39","8.49","0.14","0.0"
"608","2016","17","Assam","North Cachar Hil","15.04","31.7","2109.0","-1.0","-1.0","-1.0","-1.0","-1.0","-1.0","-1.0","0.0","0.0","-1.0","-1.0","-1.0","-1.0","-1.0","-1.0","3.45","5.32","1540.0","-1.0","-1.0","-1.0","-1.0","-1.0","-1.0","-1.0","-1.0","-1.0","0.44","0.31","720.0","1.18","0.67","565.0","-1.0","-1.0","-1.0","0.97","0.67","692.0","3.42","3.26","954.0","-1.0","-1.0","-1.0","0.05","0.02","447.0","-1.0","-1.0","-1.0","-1.0","-1.0","-1.0","-1.0","-1.0","-1.0","-1.0","-1.0","-1.0","3.57","17.93","5025.0","0.0","0.0","90.0","11.48","2.99","14.47","1.91","0.05","0.0"
"608","2017","17","Assam","North Cachar Hil","13.79","31.09","2254.0","-1.0","-1.0","-1.0","-1.0","-1.0","-1.0","-1.0","0.0","0.0","-1.0","-1.0","-1.0","-1.0","-1.0","-1.0","3.45","2.59","750.0","-1.0","-1.0","-1.0","-1.0","-1.0","-1.0","-1.0","-1.0","-1.0","0.44","0.32","720.0","1.28","0.71","553.0","-1.0","-1.0","-1.0","1.02","0.63","614.0","3.05","3.24","1062.0","-1.0","-1.0","-1.0","0.05","0.02","458.0","-1.0","-1.0","-1.0","-1.0","-1.0","-1.0","-1.0","-1.0","-1.0","-1.0","-1.0","-1.0","4.22","21.2","5024.0","0.0","0.0","94.0","11.78","2.98","14.77","1.92","0.06","0.0"
"609","2016","17","Assam","Nagaon","196.85","460.15","2338.0","1.01","0.98","969.0","-1.0","-1.0","-1.0","-1.0","0.0","0.0","-1.0","-1.0","-1.0","-1.0","-1.0","-1.0","0.64","1.95","3045.0","-1.0","-1.0","-1.0","-1.0","-1.0","-1.0","0.12","0.08","678.0","0.3","0.22","749.0","6.39","4.89","765.0","-1.0","-1.0","-1.0","0.84","0.56","665.0","16.12","11.34","703.0","-1.0","-1.0","-1.0","0.01","0.0","333.0","0.26","0.2","779.0","-1.0","-1.0","-1.0","-1.0","-1.0","-1.0","-1.0","-1.0","-1.0","7.27","26.01","3578.0","0.0","0.0","120.0","13.35","17.96","31.31","6.82","0.71","0.0"
"609","2017","17","Assam","Nagaon","196.29","490.29","2498.0","1.45","1.51","1042.0","-1.0","-1.0","-1.0","-1.0","0.0","0.0","-1.0","-1.0","-1.0","-1.0","-1.0","-1.0","0.64","2.13","3338.0","-1.0","-1.0","-1.0","-1.0","-1.0","-1.0","0.12","0.09","760.0","0.48","0.41","854.0","7.2","4.76","662.0","-1.0","-1.0","-1.0","0.97","0.43","448.0","15.2","12.75","839.0","-1.0","-1.0","-1.0","0.01","0.0","400.0","0.38","0.23","599.0","-1.0","-1.0","-1.0","-1.0","-1.0","-1.0","-1.0","-1.0","-1.0","6.19","23.11","3731.0","0.0","0.0","90.0","16.63","22.16","38.79","6.72","0.76","0.0"
"610","2016","17","Assam","Sibsagar","104.03","207.09","1991.0","0.0","0.0","1000.0","-1.0","-1.0","-1.0","-1.0","0.0","0.0","-1.0","-1.0","-1.0","-1.0","-1.0","-1.0","0.03","0.09","2818.0","-1.0","-1.0","-1.0","-1.0","-1.0","-1.0","0.01","0.0","600.0","0.03","0.03","806.0","2.61","2.08","798.0","-1.0","-1.0","-1.0","0.04","0.02","686.0","3.44","1.86","541.0","-1.0","-1.0","-1.0","0.0","0.0","1000.0","-1.0","-1.0","-1.0","-1.0","-1.0","-1.0","-1.0","-1.0","-1.0","-1.0","-1.0","-1.0","0.16","0.61","3847.0","0.0","0.0","180.0","3.19","3.71","6.9","1.47","0.1","1.0"
"610","2017","17","Assam","Sibsagar","105.31","221.83","2107.0","0.0","0.01","1500.0","-1.0","-1.0","-1.0","-1.0","0.0","0.0","-1.0","-1.0","-1.0","-1.0","-1.0","-1.0","0.06","0.18","3105.0","-1.0","-1.0","-1.0","-1.0","-1.0","-1.0","0.01","0.0","600.0","0.03","0.03","867.0","2.86","2.62","917.0","-1.0","-1.0","-1.0","0.04","0.03","658.0","3.32","1.59","480.0","-1.0","-1.0","-1.0","0.0","0.0","1000.0","-1.0","-1.0","-1.0","-1.0","-1.0","-1.0","-1.0","-1.0","-1.0","-1.0","-1.0","-1.0","0.13","0.49","3740.0","-1.0","-1.0","-1.0","3.23","3.42","6.65","1.19","0.09","0.0"
"615","2016","17","Assam","Barpeta","129.79","265.32","2044.0","5.21","7.24","1388.0","-1.0","-1.0","-1.0","-1.0","0.0","0.0","-1.0","-1.0","-1.0","-1.0","-1.0","-1.0","0.15","0.68","4422.0","-1.0","-1.0","-1.0","-1.0","-1.0","-1.0","0.07","0.04","542.0","0.21","0.14","671.0","13.23","8.3","627.0","-1.0","-1.0","-1.0","0.7","0.5","716.0","18.37","12.28","669.0","-1.0","-1.0","-1.0","0.01","0.01","615.0","1.59","0.95","593.0","-1.0","-1.0","-1.0","-1.0","-1.0","-1.0","-1.0","-1.0","-1.0","0.39","1.49","3847.0","0.0","0.0","180.0","3.3","13.85","17.15","8.26","1.27","0.0"
"615","2017","17","Assam","Barpeta","128.02","306.52","2394.0","4.84","7.32","1514.0","-1.0","-1.0","-1.0","-1.0","0.0","0.0","-1.0","-1.0","-1.0","-1.0","-1.0","-1.0","0.17","0.84","4947.0","-1.0","-1.0","-1.0","-1.0","-1.0","-1.0","0.08","0.05","701.0","0.17","0.11","641.0","15.51","8.95","577.0","-1.0","-1.0","-1.0","0.7","0.5","721.0","18.98","13.16","693.0","-1.0","-1.0","-1.0","0.01","0.01","667.0","1.55","0.97","627.0","-1.0","-1.0","-1.0","-1.0","-1.0","-1.0","-1.0","-1.0","-1.0","0.38","1.43","3740.0","0.0","0.0","180.0","2.77","14.87","17.64","8.24","1.25","0.0"
"616","2016","17","Assam","Dhubri","86.3","263.67","3055.0","2.67","3.58","1341.0","-1.0","-1.0","-1.0","-1.0","0.0","0.0","-1.0","-1.0","-1.0","-1.0","-1.0","-1.0","1.19","5.36","4497.0","-1.0","-1.0","-1.0","-1.0","-1.0","-1.0","0.18","0.13","727.0","0.07","0.07","944.0","10.4","7.9","760.0","-1.0","-1.0","-1.0","0.58","0.43","742.0","16.17","11.86","733.0","-1.0","-1.0","-1.0","0.01","0.01","833.0","0.15","0.1","623.0","-1.0","-1.0","-1.0","-1.0","-1.0","-1.0","-1.0","-1.0","-1.0","0.33","1.25","3847.0","-1.0","-1.0","-1.0","1.94","17.42","19.35","3.85","0.53","0.0"
"616","2017","17","Assam","Dhubri","85.67","211.36","2467.0","2.75","3.82","1386.0","-1.0","-1.0","-1.0","-1.0","0.0","0.0","-1.0","-1.0","-1.0","-1.0","-1.0","-1.0","1.19","4.92","4128.0","-1.0","-1.0","-1.0","-1.0","-1.0","-1.0","0.18","0.14","758.0","0.07","0.07","942.0","9.45","7.97","843.0","-1.0","-1.0","-1.0","0.63","0.47","743.0","15.94","12.1","759.0","-1.0","-1.0","-1.0","0.01","0.01","833.0","0.25","0.15","619.0","-1.0","-1.0","-1.0","-1.0","-1.0","-1.0","-1.0","-1.0","-1.0","0.25","0.92","3740.0","-1.0","-1.0","-1.0","2.05","17.39","19.44","3.95","0.54","0.0"
"617","2016","17","Assam","Golaghat","123.37","251.83","2041.0","0.13","0.17","1344.0","-1.0","-1.0","-1.0","-1.0","0.0","0.0","-1.0","-1.0","-1.0","-1.0","-1.0","-1.0","0.17","0.16","943.0","-1.0","-1.0","-1.0","-1.0","-1.0","-1.0","-1.0","-1.0","-1.0","0.14","0.12","892.0","2.72","1.99","734.0","-1.0","-1.0","-1.0","0.27","0.16","599.0","8.73","5.78","662.0","-1.0","-1.0","-1.0","0.03","0.02","613.0","-1.0","-1.0","-1.0","-1.0","-1.0","-1.0","-1.0","-1.0","-1.0","-1.0","-1.0","-1.0","2.25","6.02","2680.0","0.0","0.0","65.0","4.51","11.9","16.42","2.29","0.16","0.0"
"617","2017","17","Assam","Golaghat","123.3","270.57","2194.0","0.13","0.18","1386.0","-1.0","-1.0","-1.0","-1.0","0.0","0.0","-1.0","-1.0","-1.0","-1.0","-1.0","-1.0","0.18","0.17","949.0","-1.0","-1.0","-1.0","-1.0","-1.0","-1.0","0.0","0.0","667.0","0.13","0.11","869.0","2.44","1.81","742.0","-1.0","-1.0","-1.0","0.26","0.16","587.0","8.18","5.23","639.0","-1.0","-1.0","-1.0","0.03","0.02","655.0","-1.0","-1.0","-1.0","-1.0","-1.0","-1.0","-1.0","-1.0","-1.0","-1.0","-1.0","-1.0","2.24","6.12","2734.0","0.0","0.0","60.0","4.53","2.55","7.07","2.28","0.16","0.0"
"618","2016","17","Assam","Jorhat","93.07","197.13","2118.0","0.0","0.01","1250.0","-1.0","-1.0","-1.0","-1.0","0.0","0.0","-1.0","-1.0","-1.0","-1.0","-1.0","-1.0","0.05","0.12","2469.0","-1.0","-1.0","-1.0","-1.0","-1.0","-1.0","0.12","0.08","667.0","0.03","0.03","900.0","11.64","6.1","524.0","-1.0","-1.0","-1.0","0.07","0.04","646.0","9.63","5.89","612.0","-1.0","-1.0","-1.0","0.02","0.01","563.0","0.0","0.0","750.0","-1.0","-1.0","-1.0","-1.0","-1.0","-1.0","-1.0","-1.0","-1.0","0.84","2.83","3360.0","0.0","0.0","68.0","3.32","2.62","5.94","1.86","0.3","0.0"
"618","2017","17","Assam","Jorhat","101.89","225.75","2216.0","0.0","0.01","1500.0","-1.0","-1.0","-1.0","-1.0","0.0","0.0","-1.0","-1.0","-1.0","-1.0","-1.0","-1.0","0.13","0.32","2414.0","-1.0","-1.0","-1.0","-1.0","-1.0","-1.0","0.03","0.02","556.0","0.02","0.02","850.0","9.78","5.66","579.0","-1.0","-1.0","-1.0","0.06","0.04","655.0","10.57","6.26","592.0","-1.0","-1.0","-1.0","0.03","0.01","520.0","0.0","0.0","667.0","-1.0","-1.0","-1.0","-1.0","-1.0","-1.0","-1.0","-1.0","-1.0","0.92","3.03","3294.0","0.0","0.0","68.0","3.76","2.7","6.45","1.71","0.28","0.0"
"619","2016","17","Assam","Karimganj","76.71","147.94","1929.0","0.01","0.01","1333.0","-1.0","-1.0","-1.0","-1.0","0.0","0.0","-1.0","-1.0","-1.0","-1.0","-1.0","-1.0","0.03","0.07","2517.0","-1.0","-1.0","-1.0","-1.0","-1.0","-1.0","0.01","0.0","571.0","0.08","0.06","760.0","1.31","0.95","724.0","-1.0","-1.0","-1.0","0.02","0.01","600.0","0.24","0.15","625.0","-1.0","-1.0","-1.0","0.0","0.0","1000.0","0.03","0.02","556.0","-1.0","-1.0","-1.0","-1.0","-1.0","-1.0","-1.0","-1.0","-1.0","0.2","0.74","3690.0","0.0","0.0","79.0","1.54","2.52","4.06","2.4","0.02","0.0"
"619","2017","17","Assam","Karimganj","64.54","136.61","2117.0","0.01","0.01","1400.0","-1.0","-1.0","-1.0","-1.0","0.0","0.0","-1.0","-1.0","-1.0","-1.0","-1.0","-1.0","0.02","0.06","3200.0","-1.0","-1.0","-1.0","-1.0","-1.0","-1.0","0.01","0.0","286.0","0.07","0.03","385.0","0.86","0.51","590.0","-1.0","-1.0","-1.0","0.02","0.01","813.0","0.13","0.08","638.0","-1.0","-1.0","-1.0","0.0","0.0","1000.0","0.03","0.0","111.0","-1.0","-1.0","-1.0","-1.0","-1.0","-1.0","-1.0","-1.0","-1.0","0.15","0.55","3630.0","0.0","0.0","51.0","1.53","1.82","3.35","1.7","0.02","0.0"
"620","2016","17","Assam","Kokrajhar","107.81","197.86","1835.0","0.83","1.37","1650.0","-1.0","-1.0","-1.0","-1.0","0.0","0.0","-1.0","-1.0","-1.0","-1.0","-1.0","-1.0","0.95","0.63","660.0","-1.0","-1.0","-1.0","-1.0","-1.0","-1.0","0.05","0.03","565.0","0.45","0.39","871.0","5.38","3.72","691.0","-1.0","-1.0","-1.0","0.58","0.43","740.0","24.04","17.3","720.0","-1.0","-1.0","-1.0","0.08","0.05","588.0","0.39","0.23","585.0","-1.0","-1.0","-1.0","-1.0","-1.0","-1.0","-1.0","-1.0","-1.0","0.28","1.06","3847.0","0.0","0.0","90.0","3.71","9.91","13.62","7.1","0.48","0.0"
"620","2017","17","Assam","Kokrajhar","100.86","179.92","1784.0","0.84","1.45","1733.0","-1.0","-1.0","-1.0","-1.0","0.0","0.0","-1.0","-1.0","-1.0","-1.0","-1.0","-1.0","0.97","0.64","662.0","-1.0","-1.0","-1.0","-1.0","-1.0","-1.0","0.04","0.02","564.0","0.44","0.38","874.0","4.17","2.55","611.0","-1.0","-1.0","-1.0","0.51","0.38","736.0","23.65","15.67","663.0","-1.0","-1.0","-1.0","0.06","0.04","581.0","0.37","0.21","585.0","-1.0","-1.0","-1.0","-1.0","-1.0","-1.0","-1.0","-1.0","-1.0","0.29","1.07","3738.0","0.0","0.0","80.0","2.88","7.88","10.75","6.2","0.48","0.0"
"621","2016","17","Assam","Nalbari","75.73","173.54","2292.0","0.15","0.15","1007.0","-1.0","-1.0","-1.0","-1.0","0.0","0.0","-1.0","-1.0","-1.0","-1.0","-1.0","-1.0","0.14","0.27","1901.0","-1.0","-1.0","-1.0","-1.0","-1.0","-1.0","0.02","0.01","700.0","0.1","0.08","798.0","2.39","2.31","968.0","-1.0","-1.0","-1.0","0.16","0.1","650.0","8.58","6.62","771.0","-1.0","-1.0","-1.0","0.0","0.0","1000.0","0.15","0.1","680.0","-1.0","-1.0","-1.0","-1.0","-1.0","-1.0","-1.0","-1.0","-1.0","0.12","0.42","3538.0","0.0","0.0","180.0","3.98","10.04","14.01","4.68","0.3","0.0"
"621","2017","17","Assam","Nalbari","75.74","219.81","2902.0","0.15","0.12","801.0","-1.0","-1.0","-1.0","-1.0","0.0","0.0","-1.0","-1.0","-1.0","-1.0","-1.0","-1.0","0.55","2.15","3900.0","-1.0","-1.0","-1.0","-1.0","-1.0","-1.0","0.02","0.01","778.0","0.1","0.1","1073.0","5.03","4.99","993.0","-1.0","-1.0","-1.0","0.25","0.16","649.0","8.63","6.91","801.0","-1.0","-1.0","-1.0","0.0","0.0","1000.0","0.17","0.12","720.0","-1.0","-1.0","-1.0","-1.0","-1.0","-1.0","-1.0","-1.0","-1.0","0.19","0.63","3347.0","0.0","0.0","180.0","5.87","10.17","16.04","4.58","0.28","0.0"
"622","2016","17","Assam","Sonitpur","167.79","350.05","2086.0","0.36","0.45","1249.0","-1.0","-1.0","-1.0","-1.0","0.0","0.0","-1.0","-1.0","-1.0","-1.0","-1.0","-1.0","1.55","7.95","5117.0","-1.0","-1.0","-1.0","-1.0","-1.0","-1.0","0.24","0.17","723.0","0.66","0.62","940.0","10.36","8.3","801.0","-1.0","-1.0","-1.0","0.85","0.66","775.0","22.44","15.34","684.0","-1.0","-1.0","-1.0","0.01","0.0","333.0","0.12","0.08","645.0","-1.0","-1.0","-1.0","-1.0","-1.0","-1.0","-1.0","-1.0","-1.0","2.67","10.34","3871.0","0.0","0.0","65.0","7.99","14.42","22.41","8.68","0.57","0.0"
"622","2017","17","Assam","Sonitpur","166.06","357.48","2153.0","0.34","0.41","1199.0","-1.0","-1.0","-1.0","-1.0","0.0","0.0","-1.0","-1.0","-1.0","-1.0","-1.0","-1.0","1.56","7.61","4896.0","-1.0","-1.0","-1.0","-1.0","-1.0","-1.0","0.3","0.19","618.0","0.66","0.61","935.0","9.82","8.06","821.0","-1.0","-1.0","-1.0","0.76","0.61","801.0","20.34","13.74","676.0","-1.0","-1.0","-1.0","0.01","0.0","333.0","0.12","0.05","458.0","-1.0","-1.0","-1.0","-1.0","-1.0","-1.0","-1.0","-1.0","-1.0","2.6","9.46","3635.0","0.0","0.0","65.0","8.07","14.36","22.43","8.6","0.59","0.0"
"626","2016","18","Himachal Pradesh","Bilashpur","1.41","2.94","2078.5","23.55","15.29","649.27","-1.0","-1.0","-1.0","-1.0","0.0","0.0","-1.0","-1.0","-1.0","-1.0","-1.0","-1.0","23.09","45.76","1981.64","-1.0","-1.0","-1.0","0.13","0.13","969.23","0.1","0.01","78.43","-1.0","-1.0","-1.0","0.08","0.04","493.33","-1.0","-1.0","-1.0","0.09","0.04","428.57","0.11","0.02","132.74","-1.0","-1.0","-1.0","-1.0","-1.0","-1.0","-1.0","-1.0","-1.0","-1.0","-1.0","-1.0","0.01","0.01","1625.0","-1.0","-1.0","-1.0","0.0","0.0","900.0","-1.0","-1.0","-1.0","0.16","0.24","0.4","0.01","-1.0","0.0"
"626","2017","18","Himachal Pradesh","Bilashpur","1.43","2.98","2090.34","23.8","37.85","1590.31","-1.0","-1.0","-1.0","-1.0","0.0","0.0","-1.0","-1.0","-1.0","-1.0","-1.0","-1.0","24.51","69.07","2818.19","-1.0","-1.0","-1.0","0.13","0.26","1954.55","0.08","0.08","1025.64","-1.0","-1.0","-1.0","0.08","0.06","722.89","-1.0","-1.0","-1.0","0.01","0.0","428.57","0.11","0.06","482.46","-1.0","-1.0","-1.0","-1.0","-1.0","-1.0","-1.0","-1.0","-1.0","-1.0","-1.0","-1.0","0.01","0.01","1625.0","-1.0","-1.0","-1.0","0.0","0.0","1033.33","-1.0","-1.0","-1.0","-1.0","-1.0","-1.0","0.01","0.06","-1.0"
"627","2016","18","Himachal Pradesh","Chamba","2.46","2.97","1203.65","18.48","24.91","1347.96","-1.0","-1.0","-1.0","-1.0","0.0","0.0","-1.0","-1.0","-1.0","-1.0","-1.0","-1.0","25.2","67.34","2671.57","0.0","0.0","600.0","3.55","3.9","1096.82","-1.0","-1.0","-1.0","-1.0","-1.0","-1.0","2.1","0.69","327.3","-1.0","-1.0","-1.0","0.02","0.01","466.67","2.78","0.74","267.36","-1.0","-1.0","-1.0","-1.0","-1.0","-1.0","-1.0","-1.0","-1.0","-1.0","-1.0","-1.0","-1.0","-1.0","-1.0","-1.0","-1.0","-1.0","-1.0","-1.0","-1.0","-1.0","-1.0","-1.0","4.08","2.01","6.09","0.45","-1.0","0.0"
"627","2017","18","Himachal Pradesh","Chamba","2.49","3.0","1203.93","18.68","50.28","2691.78","-1.0","-1.0","-1.0","-1.0","0.0","0.0","-1.0","-1.0","-1.0","-1.0","-1.0","-1.0","26.75","98.79","3693.05","0.0","0.0","800.0","3.59","6.94","1932.33","-1.0","-1.0","-1.0","-1.0","-1.0","-1.0","4.11","9.48","2310.6","-1.0","-1.0","-1.0","0.0","0.0","400.0","1.61","0.8","494.1","-1.0","-1.0","-1.0","-1.0","-1.0","-1.0","-1.0","-1.0","-1.0","-1.0","-1.0","-1.0","-1.0","-1.0","-1.0","-1.0","-1.0","-1.0","-1.0","-1.0","-1.0","-1.0","-1.0","-1.0","-1.0","-1.0","-1.0","0.45","0.04","-1.0"
"628","2016","18","Himachal Pradesh","Hamirpur","1.85","2.61","1411.67","30.71","17.79","579.39","-1.0","-1.0","-1.0","-1.0","0.0","0.0","-1.0","-1.0","-1.0","0.0","0.0","400.0","27.72","53.11","1915.63","-1.0","-1.0","-1.0","0.04","0.03","810.81","0.0","-1.0","-1.0","-1.0","-1.0","-1.0","0.02","0.01","260.87","-1.0","-1.0","-1.0","0.0","0.0","250.0","0.24","0.02","66.12","-1.0","-1.0","-1.0","-1.0","-1.0","-1.0","-1.0","-1.0","-1.0","-1.0","-1.0","-1.0","-1.0","-1.0","-1.0","-1.0","-1.0","-1.0","0.03","0.03","912.12","-1.0","-1.0","-1.0","0.09","0.26","0.35","0.0","-1.0","0.0"
"628","2017","18","Himachal Pradesh","Hamirpur","1.87","2.74","1464.99","31.04","34.79","1120.85","-1.0","-1.0","-1.0","-1.0","0.0","0.0","-1.0","-1.0","-1.0","0.0","0.0","600.0","29.42","77.87","2646.59","-1.0","-1.0","-1.0","0.04","0.06","1657.89","0.0","0.0","1000.0","-1.0","-1.0","-1.0","0.02","0.01","391.3","-1.0","-1.0","-1.0","0.0","0.0","425.0","0.24","0.08","323.77","-1.0","-1.0","-1.0","-1.0","-1.0","-1.0","-1.0","-1.0","-1.0","-1.0","-1.0","-1.0","-1.0","-1.0","-1.0","-1.0","-1.0","-1.0","0.03","0.04","1109.09","-1.0","-1.0","-1.0","-1.0","-1.0","-1.0","0.01","0.03","-1.0"
"629","2016","18","Himachal Pradesh","Kangra","33.16","49.97","1507.28","85.9","95.72","1114.33","-1.0","-1.0","-1.0","-1.0","0.0","0.0","-1.0","-1.0","-1.0","0.12","0.06","482.76","53.34","85.58","1604.39","0.0","0.0","750.0","2.54","2.76","1087.83","0.17","0.12","694.61","0.0","-1.0","-1.0","2.51","1.15","456.9","-1.0","-1.0","-1.0","2.29","0.73","318.62","1.31","0.32","242.56","-1.0","-1.0","-1.0","-1.0","-1.0","-1.0","0.32","0.11","347.0","-1.0","-1.0","-1.0","0.07","0.1","1371.43","-1.0","-1.0","-1.0","0.62","0.93","1503.55","0.0","0.0","60.0","6.91","3.22","10.13","1.3","-1.0","4.0"
"629","2017","18","Himachal Pradesh","Kangra","33.51","50.51","1507.33","86.83","190.99","2199.58","-1.0","-1.0","-1.0","-1.0","0.0","0.0","-1.0","-1.0","-1.0","0.05","0.04","750.0","56.61","125.81","2222.49","0.0","0.0","1000.0","2.57","4.96","1932.19","0.1","0.11","1081.63","0.01","0.0","416.67","4.06","7.93","1952.46","-1.0","-1.0","-1.0","0.03","0.02","545.45","1.68","1.08","642.14","-1.0","-1.0","-1.0","-1.0","-1.0","-1.0","0.59","0.18","301.35","-1.0","-1.0","-1.0","0.07","0.1","1380.28","-1.0","-1.0","-1.0","0.63","0.96","1526.0","-1.0","-1.0","-1.0","-1.0","-1.0","-1.0","1.3","0.1","-1.0"
"630","2016","18","Himachal Pradesh","Kinnaur","0.01","0.02","1500.0","0.18","0.18","1005.43","-1.0","-1.0","-1.0","-1.0","0.0","0.0","-1.0","-1.0","-1.0","-1.0","-1.0","-1.0","0.18","0.43","2371.58","0.02","0.02","882.35","0.78","1.21","1550.58","-1.0","-1.0","-1.0","-1.0","-1.0","-1.0","0.65","0.41","628.09","-1.0","-1.0","-1.0","-1.0","-1.0","-1.0","-1.0","-1.0","-1.0","-1.0","-1.0","-1.0","-1.0","-1.0","-1.0","-1.0","-1.0","-1.0","-1.0","-1.0","-1.0","-1.0","-1.0","-1.0","-1.0","-1.0","-1.0","-1.0","-1.0","-1.0","-1.0","-1.0","-1.0","6.15","1.0","7.15","0.1","-1.0","0.0"
"630","2017","18","Himachal Pradesh","Kinnaur","0.01","0.02","1571.43","0.19","0.18","994.62","-1.0","-1.0","-1.0","-1.0","0.0","0.0","-1.0","-1.0","-1.0","-1.0","-1.0","-1.0","0.19","0.64","3283.51","0.02","0.02","882.35","0.99","1.86","1882.83","-1.0","-1.0","-1.0","-1.0","-1.0","-1.0","0.38","0.8","2113.16","-1.0","-1.0","-1.0","-1.0","-1.0","-1.0","-1.0","-1.0","-1.0","-1.0","-1.0","-1.0","-1.0","-1.0","-1.0","-1.0","-1.0","-1.0","-1.0","-1.0","-1.0","-1.0","-1.0","-1.0","-1.0","-1.0","-1.0","-1.0","-1.0","-1.0","-1.0","-1.0","-1.0","-1.0","-1.0","-1.0","0.1","-1.0","-1.0"
"631","2016","18","Himachal Pradesh","Kullu","1.33","1.74","1307.52","21.61","28.14","1302.09","-1.0","-1.0","-1.0","-1.0","0.0","0.0","-1.0","-1.0","-1.0","-1.0","-1.0","-1.0","14.19","40.34","2842.09","0.2","0.15","764.1","3.0","3.04","1014.34","0.04","0.02","513.51","-1.0","-1.0","-1.0","1.39","0.43","310.74","0.02","0.02","909.09","-1.0","-1.0","-1.0","0.59","0.08","139.93","-1.0","-1.0","-1.0","-1.0","-1.0","-1.0","-1.0","-1.0","-1.0","-1.0","-1.0","-1.0","0.0","0.0","1500.0","-1.0","-1.0","-1.0","-1.0","-1.0","-1.0","-1.0","-1.0","-1.0","16.67","4.15","20.82","0.78","-1.0","0.0"
"631","2017","18","Himachal Pradesh","Kullu","1.34","1.76","1308.04","21.85","34.54","1581.25","-1.0","-1.0","-1.0","-1.0","0.0","0.0","-1.0","-1.0","-1.0","-1.0","-1.0","-1.0","15.06","59.12","3925.04","0.2","0.16","807.11","2.43","4.58","1883.63","0.04","0.04","973.68","-1.0","-1.0","-1.0","3.3","7.42","2251.52","0.02","0.02","1266.67","-1.0","-1.0","-1.0","0.89","0.41","456.28","-1.0","-1.0","-1.0","-1.0","-1.0","-1.0","-1.0","-1.0","-1.0","-1.0","-1.0","-1.0","0.0","0.0","1500.0","-1.0","-1.0","-1.0","-1.0","-1.0","-1.0","-1.0","-1.0","-1.0","-1.0","-1.0","-1.0","0.78","0.03","-1.0"
"632","2016","18","Himachal Pradesh","Lahul & Spiti","-1.0","-1.0","-1.0","0.05","0.05","903.85","-1.0","-1.0","-1.0","-1.0","0.0","0.0","-1.0","-1.0","-1.0","-1.0","-1.0","-1.0","0.02","0.04","1850.0","-1.0","-1.0","-1.0","0.44","0.39","894.74","-1.0","-1.0","-1.0","-1.0","-1.0","-1.0","1.35","1.35","1000.74","-1.0","-1.0","-1.0","-1.0","-1.0","-1.0","0.05","0.08","1627.45","-1.0","-1.0","-1.0","-1.0","-1.0","-1.0","-1.0","-1.0","-1.0","-1.0","-1.0","-1.0","-1.0","-1.0","-1.0","-1.0","-1.0","-1.0","-1.0","-1.0","-1.0","-1.0","-1.0","-1.0","0.24","2.49","2.73","0.67","-1.0","0.0"
"632","2017","18","Himachal Pradesh","Lahul & Spiti","-1.0","-1.0","-1.0","0.05","0.08","1415.09","-1.0","-1.0","-1.0","-1.0","0.0","0.0","-1.0","-1.0","-1.0","-1.0","-1.0","-1.0","0.02","0.06","2761.9","-1.0","-1.0","-1.0","0.44","0.4","893.67","-1.0","-1.0","-1.0","-1.0","-1.0","-1.0","0.36","0.81","2223.14","-1.0","-1.0","-1.0","-1.0","-1.0","-1.0","0.1","0.05","475.25","-1.0","-1.0","-1.0","-1.0","-1.0","-1.0","-1.0","-1.0","-1.0","-1.0","-1.0","-1.0","-1.0","-1.0","-1.0","-1.0","-1.0","-1.0","-1.0","-1.0","-1.0","-1.0","-1.0","-1.0","-1.0","-1.0","-1.0","0.67","-1.0","-1.0"
"633","2016","18","Himachal Pradesh","Solan","3.86","9.73","2521.24","23.18","32.8","1415.3","-1.0","-1.0","-1.0","-1.0","0.0","0.0","-1.0","-1.0","-1.0","-1.0","-1.0","-1.0","19.72","50.0","2535.34","-1.0","-1.0","-1.0","1.6","0.92","577.07","0.02","0.0","86.96","-1.0","-1.0","-1.0","1.69","0.49","288.84","-1.0","-1.0","-1.0","0.11","0.03","302.75","0.22","0.03","147.98","-1.0","-1.0","-1.0","-1.0","-1.0","-1.0","-1.0","-1.0","-1.0","-1.0","-1.0","-1.0","0.02","0.02","1117.65","-1.0","-1.0","-1.0","0.05","0.1","1976.92","0.0","0.0","73.0","0.24","2.37","2.61","0.06","-1.0","0.0"
"633","2017","18","Himachal Pradesh","Solan","3.9","9.84","2521.4","27.48","34.15","1242.82","-1.0","-1.0","-1.0","-1.0","0.0","0.0","-1.0","-1.0","-1.0","-1.0","-1.0","-1.0","20.93","73.28","3501.31","-1.0","-1.0","-1.0","1.61","2.38","1474.27","0.02","0.02","1041.67","-1.0","-1.0","-1.0","1.72","1.87","1092.13","-1.0","-1.0","-1.0","0.02","0.01","428.57","0.34","0.2","592.92","-1.0","-1.0","-1.0","-1.0","-1.0","-1.0","-1.0","-1.0","-1.0","-1.0","-1.0","-1.0","0.02","0.02","1235.29","-1.0","-1.0","-1.0","0.05","0.1","1960.38","-1.0","-1.0","-1.0","-1.0","-1.0","-1.0","0.07","0.02","-1.0"
"634","2016","18","Himachal Pradesh","Mandi","18.75","22.6","1205.34","60.39","43.92","727.29","-1.0","-1.0","-1.0","-1.0","0.0","0.0","-1.0","-1.0","-1.0","0.03","0.02","515.15","43.9","11.39","259.58","0.76","0.75","977.72","2.91","2.66","914.72","0.02","0.0","173.91","-1.0","-1.0","-1.0","4.41","1.98","448.55","0.0","0.0","1000.0","0.01","0.0","214.29","0.27","0.01","29.63","-1.0","-1.0","-1.0","-1.0","-1.0","-1.0","0.1","0.0","40.0","-1.0","-1.0","-1.0","0.39","0.75","1913.04","-1.0","-1.0","-1.0","-1.0","-1.0","-1.0","-1.0","-1.0","-1.0","6.83","6.56","13.39","2.25","-1.0","1.0"
"634","2017","18","Himachal Pradesh","Mandi","18.95","32.84","1733.09","61.04","120.39","1972.3","-1.0","-1.0","-1.0","-1.0","0.0","0.0","-1.0","-1.0","-1.0","0.02","0.02","739.13","46.59","16.7","358.49","0.7","0.69","978.6","2.34","4.21","1799.06","0.02","0.02","1041.67","-1.0","-1.0","-1.0","4.45","9.44","2123.79","0.0","0.0","750.0","0.01","0.01","545.45","0.4","0.22","547.74","-1.0","-1.0","-1.0","-1.0","-1.0","-1.0","0.21","0.06","291.87","-1.0","-1.0","-1.0","0.44","0.76","1737.93","-1.0","-1.0","-1.0","-1.0","-1.0","-1.0","-1.0","-1.0","-1.0","-1.0","-1.0","-1.0","2.25","0.1","-1.0"
"635","2016","18","Himachal Pradesh","Shimla","1.12","1.03","917.26","9.79","7.51","766.8","-1.0","-1.0","-1.0","-1.0","0.0","0.0","-1.0","-1.0","-1.0","0.0","0.0","1000.0","9.61","21.79","2267.83","0.63","0.89","1412.97","3.09","1.78","574.94","0.0","0.0","250.0","0.01","0.0","111.11","3.48","1.08","311.39","0.01","0.0","571.43","0.01","0.0","222.22","0.22","0.02","67.26","-1.0","-1.0","-1.0","-1.0","-1.0","-1.0","-1.0","-1.0","-1.0","-1.0","-1.0","-1.0","0.01","0.01","1750.0","-1.0","-1.0","-1.0","0.0","0.0","1700.0","-1.0","-1.0","-1.0","54.26","9.19","63.45","2.98","-1.0","0.0"
"635","2017","18","Himachal Pradesh","Shimla","1.14","1.04","917.25","14.1","28.15","1996.88","-1.0","-1.0","-1.0","-1.0","0.0","0.0","-1.0","-1.0","-1.0","0.0","0.0","1000.0","10.2","31.93","3131.62","0.64","0.9","1408.45","3.12","5.51","1764.65","0.0","0.0","1000.0","0.02","0.01","611.11","5.12","9.9","1933.44","0.01","0.01","757.14","0.01","0.0","444.44","0.41","0.2","486.55","-1.0","-1.0","-1.0","-1.0","-1.0","-1.0","-1.0","-1.0","-1.0","-1.0","-1.0","-1.0","0.0","0.01","2800.0","-1.0","-1.0","-1.0","0.0","0.0","2100.0","-1.0","-1.0","-1.0","-1.0","-1.0","-1.0","2.98","0.02","-1.0"
"636","2016","18","Himachal Pradesh","Sirmaur","5.31","6.29","1183.99","22.9","30.15","1316.81","-1.0","-1.0","-1.0","-1.0","0.0","0.0","-1.0","-1.0","-1.0","0.0","0.0","500.0","17.61","46.94","2664.87","0.25","0.15","593.63","1.87","1.31","698.51","0.08","0.03","321.43","0.0","0.0","1000.0","3.07","1.63","530.25","0.02","0.01","777.78","0.02","0.01","470.59","0.66","0.02","25.68","-1.0","-1.0","-1.0","-1.0","-1.0","-1.0","-1.0","-1.0","-1.0","-1.0","-1.0","-1.0","0.02","0.02","1375.0","-1.0","-1.0","-1.0","1.12","3.48","3111.27","-1.0","-1.0","-1.0","1.66","8.49","10.14","0.72","-1.0","2.0"
"636","2017","18","Himachal Pradesh","Sirmaur","5.37","6.35","1183.9","28.15","33.58","1192.89","-1.0","-1.0","-1.0","-1.0","0.0","0.0","-1.0","-1.0","-1.0","0.0","0.0","500.0","20.82","68.79","3304.86","0.25","0.15","590.55","1.89","2.72","1437.7","0.06","0.07","1046.15","0.02","0.01","466.67","4.32","9.11","2110.0","0.01","0.01","933.33","0.01","0.0","428.57","0.86","0.43","500.58","-1.0","-1.0","-1.0","-1.0","-1.0","-1.0","-1.0","-1.0","-1.0","-1.0","-1.0","-1.0","0.02","0.02","1500.0","-1.0","-1.0","-1.0","1.03","2.32","2248.35","-1.0","-1.0","-1.0","-1.0","-1.0","-1.0","0.72","0.1","-1.0"
"637","2016","18","Himachal Pradesh","Una","1.58","3.65","2308.91","29.16","34.83","1194.33","-1.0","-1.0","-1.0","-1.0","0.0","0.0","-1.0","-1.0","-1.0","-1.0","-1.0","-1.0","28.0","60.73","2168.96","-1.0","-1.0","-1.0","-1.0","-1.0","-1.0","0.03","0.03","1038.46","-1.0","-1.0","-1.0","0.14","0.09","615.38","-1.0","-1.0","-1.0","0.17","0.04","232.14","0.67","0.36","541.11","-1.0","-1.0","-1.0","-1.0","-1.0","-1.0","-1.0","-1.0","-1.0","-1.0","-1.0","-1.0","-1.0","-1.0","-1.0","-1.0","-1.0","-1.0","0.13","0.25","2000.0","-1.0","-1.0","-1.0","0.46","2.15","2.61","0.53","-1.0","3.0"
"637","2017","18","Himachal Pradesh","Una","1.6","3.69","2308.75","29.48","38.6","1309.64","-1.0","-1.0","-1.0","-1.0","0.0","0.0","-1.0","-1.0","-1.0","-1.0","-1.0","-1.0","29.72","89.06","2996.94","-1.0","-1.0","-1.0","-1.0","-1.0","-1.0","0.03","0.03","1038.46","-1.0","-1.0","-1.0","0.15","0.12","821.92","-1.0","-1.0","-1.0","0.03","0.01","366.67","1.68","1.03","613.37","-1.0","-1.0","-1.0","-1.0","-1.0","-1.0","-1.0","-1.0","-1.0","-1.0","-1.0","-1.0","-1.0","-1.0","-1.0","-1.0","-1.0","-1.0","0.13","0.25","2005.51","-1.0","-1.0","-1.0","-1.0","-1.0","-1.0","0.53","0.09","-1.0"
"651","2016","19","Kerala","Alappuzha","32.45","102.44","3156.53","-1.0","-1.0","-1.0","-1.0","-1.0","-1.0","-1.0","0.0","0.0","-1.0","-1.0","-1.0","-1.0","-1.0","-1.0","-1.0","-1.0","-1.0","-1.0","-1.0","-1.0","-1.0","-1.0","-1.0","-1.0","-1.0","-1.0","-1.0","-1.0","-1.0","0.0","0.0","750.0","-1.0","-1.0","-1.0","0.1","0.04","419.96","-1.0","-1.0","-1.0","-1.0","-1.0","-1.0","-1.0","-1.0","-1.0","-1.0","-1.0","-1.0","-1.0","-1.0","-1.0","-1.0","-1.0","-1.0","-1.0","-1.0","-1.0","0.04","0.32","8050.0","-1.0","-1.0","-1.0","-1.0","-1.0","-1.0","-1.0","-1.0","-1.0"
"651","2017","19","Kerala","Alappuzha","36.33","105.68","2909.18","-1.0","-1.0","-1.0","-1.0","-1.0","-1.0","-1.0","0.0","0.0","-1.0","-1.0","-1.0","-1.0","-1.0","-1.0","-1.0","-1.0","-1.0","-1.0","-1.0","-1.0","-1.0","-1.0","-1.0","-1.0","-1.0","-1.0","-1.0","-1.0","-1.0","0.03","0.02","769.23","-1.0","-1.0","-1.0","0.11","0.04","336.37","-1.0","-1.0","-1.0","-1.0","-1.0","-1.0","-1.0","-1.0","-1.0","-1.0","-1.0","-1.0","-1.0","-1.0","-1.0","-1.0","-1.0","-1.0","-1.0","-1.0","-1.0","0.03","0.23","8214.29","-1.0","-1.0","-1.0","-1.0","-1.0","-1.0","-1.0","-1.0","-1.0"
"652","2016","19","Kerala","Kannur","4.67","10.62","2274.25","-1.0","-1.0","-1.0","-1.0","-1.0","-1.0","-1.0","0.0","0.0","-1.0","-1.0","-1.0","-1.0","-1.0","-1.0","-1.0","-1.0","-1.0","-1.0","-1.0","-1.0","-1.0","-1.0","-1.0","-1.0","-1.0","-1.0","-1.0","-1.0","-1.0","0.36","0.22","626.74","-1.0","-1.0","-1.0","-1.0","-1.0","-1.0","-1.0","-1.0","-1.0","-1.0","-1.0","-1.0","-1.0","-1.0","-1.0","-1.0","-1.0","-1.0","-1.0","-1.0","-1.0","-1.0","-1.0","-1.0","-1.0","-1.0","-1.0","0.0","0.04","11263.74","-1.0","-1.0","-1.0","-1.0","-1.0","-1.0","-1.0","-1.0","-1.0"
"652","2017","19","Kerala","Kannur","5.19","11.32","2180.73","-1.0","-1.0","-1.0","-1.0","-1.0","-1.0","-1.0","0.0","0.0","-1.0","-1.0","-1.0","-1.0","-1.0","-1.0","-1.0","-1.0","-1.0","-1.0","-1.0","-1.0","-1.0","-1.0","-1.0","-1.0","-1.0","-1.0","-1.0","-1.0","-1.0","0.52","0.32","627.91","-1.0","-1.0","-1.0","-1.0","-1.0","-1.0","-1.0","-1.0","-1.0","-1.0","-1.0","-1.0","-1.0","-1.0","-1.0","-1.0","-1.0","-1.0","-1.0","-1.0","-1.0","-1.0","-1.0","-1.0","-1.0","-1.0","-1.0","0.0","0.04","13688.21","-1.0","-1.0","-1.0","-1.0","-1.0","-1.0","-1.0","-1.0","-1.0"
"653","2016","19","Kerala","Eranakulam","4.73","10.7","2261.1","-1.0","-1.0","-1.0","-1.0","-1.0","-1.0","-1.0","0.0","0.0","-1.0","-1.0","-1.0","-1.0","-1.0","-1.0","-1.0","-1.0","-1.0","-1.0","-1.0","-1.0","-1.0","-1.0","-1.0","-1.0","-1.0","-1.0","-1.0","-1.0","-1.0","0.03","0.01","406.25","-1.0","-1.0","-1.0","0.0","0.0","152.8","-1.0","-1.0","-1.0","-1.0","-1.0","-1.0","-1.0","-1.0","-1.0","-1.0","-1.0","-1.0","-1.0","-1.0","-1.0","-1.0","-1.0","-1.0","-1.0","-1.0","-1.0","0.0","-1.0","-1.0","-1.0","-1.0","-1.0","-1.0","-1.0","-1.0","-1.0","-1.0","-1.0"
"653","2017","19","Kerala","Eranakulam","5.41","12.89","2380.49","-1.0","-1.0","-1.0","-1.0","-1.0","-1.0","-1.0","0.0","0.0","-1.0","-1.0","-1.0","-1.0","-1.0","-1.0","-1.0","-1.0","-1.0","-1.0","-1.0","-1.0","-1.0","-1.0","-1.0","-1.0","-1.0","-1.0","-1.0","-1.0","-1.0","0.04","0.02","416.67","-1.0","-1.0","-1.0","0.0","0.0","74.16","-1.0","-1.0","-1.0","-1.0","-1.0","-1.0","-1.0","-1.0","-1.0","-1.0","-1.0","-1.0","-1.0","-1.0","-1.0","-1.0","-1.0","-1.0","-1.0","-1.0","-1.0","0.0","-1.0","-1.0","-1.0","-1.0","-1.0","-1.0","-1.0","-1.0","-1.0","-1.0","-1.0"
"654","2016","19","Kerala","Idukki","0.7","1.63","2346.76","0.0","0.0","1000.0","-1.0","-1.0","-1.0","-1.0","0.0","0.0","-1.0","-1.0","-1.0","-1.0","-1.0","-1.0","0.01","0.02","2666.67","0.01","0.02","1846.15","-1.0","-1.0","-1.0","-1.0","-1.0","-1.0","-1.0","-1.0","-1.0","0.06","0.24","3967.21","-1.0","-1.0","-1.0","-1.0","-1.0","-1.0","-1.0","-1.0","-1.0","-1.0","-1.0","-1.0","-1.0","-1.0","-1.0","-1.0","-1.0","-1.0","-1.0","-1.0","-1.0","-1.0","-1.0","-1.0","-1.0","-1.0","-1.0","0.83","9.35","11279.85","-1.0","-1.0","-1.0","-1.0","-1.0","-1.0","0.56","-1.0","-1.0"
"654","2017","19","Kerala","Idukki","0.82","2.29","2779.39","0.0","0.0","1000.0","-1.0","-1.0","-1.0","-1.0","0.0","0.0","-1.0","-1.0","-1.0","-1.0","-1.0","-1.0","0.01","0.03","2479.13","0.03","0.06","1797.1","-1.0","-1.0","-1.0","-1.0","-1.0","-1.0","-1.0","-1.0","-1.0","0.07","0.27","3970.59","-1.0","-1.0","-1.0","-1.0","-1.0","-1.0","-1.0","-1.0","-1.0","-1.0","-1.0","-1.0","-1.0","-1.0","-1.0","-1.0","-1.0","-1.0","-1.0","-1.0","-1.0","-1.0","-1.0","-1.0","-1.0","-1.0","-1.0","0.92","10.31","11229.85","-1.0","-1.0","-1.0","-1.0","-1.0","-1.0","0.52","-1.0","-1.0"
"655","2016","19","Kerala","Kottayam","17.22","48.03","2789.85","-1.0","-1.0","-1.0","-1.0","-1.0","-1.0","-1.0","0.0","0.0","-1.0","-1.0","-1.0","-1.0","-1.0","-1.0","-1.0","-1.0","-1.0","-1.0","-1.0","-1.0","-1.0","-1.0","-1.0","-1.0","-1.0","-1.0","-1.0","-1.0","-1.0","0.0","0.0","0.0","-1.0","-1.0","-1.0","-1.0","-1.0","-1.0","-1.0","-1.0","-1.0","-1.0","-1.0","-1.0","-1.0","-1.0","-1.0","-1.0","-1.0","-1.0","-1.0","-1.0","-1.0","-1.0","-1.0","-1.0","-1.0","-1.0","-1.0","0.01","0.06","7776.43","-1.0","-1.0","-1.0","-1.0","-1.0","-1.0","-1.0","-1.0","-1.0"
"655","2017","19","Kerala","Kottayam","17.43","49.51","2841.1","-1.0","-1.0","-1.0","-1.0","-1.0","-1.0","-1.0","0.0","0.0","-1.0","-1.0","-1.0","-1.0","-1.0","-1.0","-1.0","-1.0","-1.0","-1.0","-1.0","-1.0","-1.0","-1.0","-1.0","-1.0","-1.0","-1.0","-1.0","-1.0","-1.0","0.01","0.01","769.23","-1.0","-1.0","-1.0","-1.0","-1.0","-1.0","-1.0","-1.0","-1.0","-1.0","-1.0","-1.0","-1.0","-1.0","-1.0","-1.0","-1.0","-1.0","-1.0","-1.0","-1.0","-1.0","-1.0","-1.0","-1.0","-1.0","-1.0","0.01","0.11","8294.21","-1.0","-1.0","-1.0","-1.0","-1.0","-1.0","-1.0","-1.0","-1.0"
"656","2016","19","Kerala","Kozhikode","1.99","2.94","1477.1","-1.0","-1.0","-1.0","-1.0","-1.0","-1.0","-1.0","0.0","0.0","-1.0","-1.0","-1.0","-1.0","-1.0","-1.0","-1.0","-1.0","-1.0","-1.0","-1.0","-1.0","-1.0","-1.0","-1.0","-1.0","-1.0","-1.0","-1.0","-1.0","-1.0","0.01","0.0","500.0","-1.0","-1.0","-1.0","0.0","-1.0","-1.0","-1.0","-1.0","-1.0","-1.0","-1.0","-1.0","-1.0","-1.0","-1.0","-1.0","-1.0","-1.0","-1.0","-1.0","-1.0","-1.0","-1.0","-1.0","-1.0","-1.0","-1.0","0.0","-1.0","-1.0","-1.0","-1.0","-1.0","-1.0","-1.0","-1.0","-1.0","-1.0","-1.0"
"656","2017","19","Kerala","Kozhikode","2.53","3.96","1566.46","-1.0","-1.0","-1.0","-1.0","-1.0","-1.0","-1.0","0.0","0.0","-1.0","-1.0","-1.0","-1.0","-1.0","-1.0","-1.0","-1.0","-1.0","-1.0","-1.0","-1.0","-1.0","-1.0","-1.0","-1.0","-1.0","-1.0","-1.0","-1.0","-1.0","0.02","0.01","533.33","-1.0","-1.0","-1.0","0.0","-1.0","-1.0","-1.0","-1.0","-1.0","-1.0","-1.0","-1.0","-1.0","-1.0","-1.0","-1.0","-1.0","-1.0","-1.0","-1.0","-1.0","-1.0","-1.0","-1.0","-1.0","-1.0","-1.0","0.0","-1.0","-1.0","-1.0","-1.0","-1.0","-1.0","-1.0","-1.0","-1.0","-1.0","-1.0"
"657","2016","19","Kerala","Malappuram","7.14","17.21","2410.5","-1.0","-1.0","-1.0","-1.0","-1.0","-1.0","-1.0","0.0","0.0","-1.0","-1.0","-1.0","-1.0","-1.0","-1.0","-1.0","-1.0","-1.0","-1.0","-1.0","-1.0","-1.0","-1.0","-1.0","-1.0","-1.0","-1.0","-1.0","-1.0","-1.0","0.0","0.0","0.0","-1.0","-1.0","-1.0","0.02","0.0","201.38","-1.0","-1.0","-1.0","-1.0","-1.0","-1.0","-1.0","-1.0","-1.0","-1.0","-1.0","-1.0","-1.0","-1.0","-1.0","-1.0","-1.0","-1.0","-1.0","-1.0","-1.0","-1.0","-1.0","-1.0","-1.0","-1.0","-1.0","-1.0","-1.0","-1.0","-1.0","-1.0","-1.0"
"657","2017","19","Kerala","Malappuram","7.79","23.57","3025.8","-1.0","-1.0","-1.0","-1.0","-1.0","-1.0","-1.0","0.0","0.0","-1.0","-1.0","-1.0","-1.0","-1.0","-1.0","-1.0","-1.0","-1.0","-1.0","-1.0","-1.0","-1.0","-1.0","-1.0","-1.0","-1.0","-1.0","-1.0","-1.0","-1.0","0.01","0.0","250.0","-1.0","-1.0","-1.0","0.06","0.01","197.78","-1.0","-1.0","-1.0","-1.0","-1.0","-1.0","-1.0","-1.0","-1.0","-1.0","-1.0","-1.0","-1.0","-1.0","-1.0","-1.0","-1.0","-1.0","-1.0","-1.0","-1.0","-1.0","-1.0","-1.0","-1.0","-1.0","-1.0","-1.0","-1.0","-1.0","-1.0","-1.0","-1.0"
"658","2016","19","Kerala","Palakkad","65.51","144.28","2202.23","-1.0","-1.0","-1.0","-1.0","-1.0","-1.0","-1.0","0.0","0.0","0.14","0.11","785.71","-1.0","-1.0","-1.0","0.06","0.05","881.36","0.02","0.02","900.0","-1.0","-1.0","-1.0","-1.0","-1.0","-1.0","0.18","0.28","1579.55","0.11","0.14","1309.09","0.36","0.5","1410.61","0.03","0.0","65.46","-1.0","-1.0","-1.0","-1.0","-1.0","-1.0","-1.0","-1.0","-1.0","-1.0","-1.0","-1.0","-1.0","-1.0","-1.0","-1.0","-1.0","-1.0","-1.0","-1.0","-1.0","0.17","1.42","8299.8","0.0","0.0","270.0","-1.0","-1.0","-1.0","-1.0","0.03","-1.0"
"658","2017","19","Kerala","Palakkad","75.28","198.63","2638.64","-1.0","-1.0","-1.0","-1.0","-1.0","-1.0","-1.0","0.0","0.0","0.17","0.14","798.85","-1.0","-1.0","-1.0","0.06","0.13","2233.79","0.05","0.05","923.08","-1.0","-1.0","-1.0","-1.0","-1.0","-1.0","0.21","0.32","1560.39","0.16","0.21","1308.18","0.27","0.38","1394.16","0.02","0.01","299.39","-1.0","-1.0","-1.0","-1.0","-1.0","-1.0","-1.0","-1.0","-1.0","-1.0","-1.0","-1.0","-1.0","-1.0","-1.0","-1.0","-1.0","-1.0","-1.0","-1.0","-1.0","0.08","0.75","9624.56","0.0","0.0","283.0","-1.0","-1.0","-1.0","-1.0","0.01","-1.0"
"659","2016","19","Kerala","Kollam","1.3","2.4","1840.25","-1.0","-1.0","-1.0","-1.0","-1.0","-1.0","-1.0","0.0","0.0","-1.0","-1.0","-1.0","-1.0","-1.0","-1.0","-1.0","-1.0","-1.0","-1.0","-1.0","-1.0","-1.0","-1.0","-1.0","-1.0","-1.0","-1.0","-1.0","-1.0","-1.0","0.04","0.02","450.0","-1.0","-1.0","-1.0","0.03","0.01","389.7","-1.0","-1.0","-1.0","-1.0","-1.0","-1.0","-1.0","-1.0","-1.0","-1.0","-1.0","-1.0","-1.0","-1.0","-1.0","-1.0","-1.0","-1.0","-1.0","-1.0","-1.0","-1.0","-1.0","-1.0","-1.0","-1.0","-1.0","-1.0","-1.0","-1.0","-1.0","-1.0","-1.0"
"659","2017","19","Kerala","Kollam","1.92","4.3","2237.13","-1.0","-1.0","-1.0","-1.0","-1.0","-1.0","-1.0","0.0","0.0","-1.0","-1.0","-1.0","-1.0","-1.0","-1.0","-1.0","-1.0","-1.0","-1.0","-1.0","-1.0","-1.0","-1.0","-1.0","-1.0","-1.0","-1.0","-1.0","-1.0","-1.0","0.04","0.02","457.14","-1.0","-1.0","-1.0","0.03","0.03","1027.4","-1.0","-1.0","-1.0","-1.0","-1.0","-1.0","-1.0","-1.0","-1.0","-1.0","-1.0","-1.0","-1.0","-1.0","-1.0","-1.0","-1.0","-1.0","-1.0","-1.0","-1.0","-1.0","-1.0","-1.0","-1.0","-1.0","-1.0","-1.0","-1.0","-1.0","-1.0","-1.0","-1.0"
"660","2016","19","Kerala","Thrissur","21.1","57.48","2724.08","-1.0","-1.0","-1.0","-1.0","-1.0","-1.0","-1.0","0.0","0.0","-1.0","-1.0","-1.0","-1.0","-1.0","-1.0","-1.0","-1.0","-1.0","-1.0","-1.0","-1.0","-1.0","-1.0","-1.0","-1.0","-1.0","-1.0","-1.0","-1.0","-1.0","0.0","0.0","0.0","-1.0","-1.0","-1.0","0.0","-1.0","-1.0","-1.0","-1.0","-1.0","-1.0","-1.0","-1.0","-1.0","-1.0","-1.0","-1.0","-1.0","-1.0","-1.0","-1.0","-1.0","-1.0","-1.0","-1.0","-1.0","-1.0","-1.0","-1.0","-1.0","-1.0","-1.0","-1.0","-1.0","-1.0","-1.0","-1.0","-1.0","-1.0","-1.0"
"660","2017","19","Kerala","Thrissur","21.48","69.11","3217.9","-1.0","-1.0","-1.0","-1.0","-1.0","-1.0","-1.0","0.0","0.0","-1.0","-1.0","-1.0","-1.0","-1.0","-1.0","-1.0","-1.0","-1.0","-1.0","-1.0","-1.0","-1.0","-1.0","-1.0","-1.0","-1.0","-1.0","-1.0","-1.0","-1.0","0.0","0.0","0.0","-1.0","-1.0","-1.0","0.01","0.0","178.82","-1.0","-1.0","-1.0","-1.0","-1.0","-1.0","-1.0","-1.0","-1.0","-1.0","-1.0","-1.0","-1.0","-1.0","-1.0","-1.0","-1.0","-1.0","-1.0","-1.0","-1.0","-1.0","-1.0","-1.0","-1.0","-1.0","-1.0","-1.0","-1.0","-1.0","-1.0","-1.0","-1.0"
"661","2016","19","Kerala","Thiruvananthapuram","1.39","3.07","2204.74","-1.0","-1.0","-1.0","-1.0","-1.0","-1.0","-1.0","0.0","0.0","-1.0","-1.0","-1.0","-1.0","-1.0","-1.0","-1.0","-1.0","-1.0","-1.0","-1.0","-1.0","-1.0","-1.0","-1.0","-1.0","-1.0","-1.0","-1.0","-1.0","-1.0","0.05","0.05","978.72","-1.0","-1.0","-1.0","0.0","0.0","857.14","-1.0","-1.0","-1.0","-1.0","-1.0","-1.0","-1.0","-1.0","-1.0","-1.0","-1.0","-1.0","-1.0","-1.0","-1.0","-1.0","-1.0","-1.0","-1.0","-1.0","-1.0","-1.0","-1.0","-1.0","-1.0","-1.0","-1.0","-1.0","-1.0","-1.0","-1.0","-1.0","-1.0"
"661","2017","19","Kerala","Thiruvananthapuram","1.74","4.55","2620.03","-1.0","-1.0","-1.0","-1.0","-1.0","-1.0","-1.0","0.0","0.0","-1.0","-1.0","-1.0","-1.0","-1.0","-1.0","-1.0","-1.0","-1.0","-1.0","-1.0","-1.0","-1.0","-1.0","-1.0","-1.0","-1.0","-1.0","-1.0","-1.0","-1.0","0.03","0.02","961.54","-1.0","-1.0","-1.0","0.0","0.0","6625.0","-1.0","-1.0","-1.0","-1.0","-1.0","-1.0","-1.0","-1.0","-1.0","-1.0","-1.0","-1.0","-1.0","-1.0","-1.0","-1.0","-1.0","-1.0","-1.0","-1.0","-1.0","-1.0","-1.0","-1.0","-1.0","-1.0","-1.0","-1.0","-1.0","-1.0","-1.0","-1.0","-1.0"
"662","2016","19","Kerala","Kasaragod","2.74","6.22","2271.47","-1.0","-1.0","-1.0","-1.0","-1.0","-1.0","-1.0","0.0","0.0","-1.0","-1.0","-1.0","-1.0","-1.0","-1.0","-1.0","-1.0","-1.0","-1.0","-1.0","-1.0","-1.0","-1.0","-1.0","-1.0","-1.0","-1.0","-1.0","-1.0","-1.0","0.03","0.06","2035.71","-1.0","-1.0","-1.0","-1.0","-1.0","-1.0","-1.0","-1.0","-1.0","-1.0","-1.0","-1.0","-1.0","-1.0","-1.0","-1.0","-1.0","-1.0","-1.0","-1.0","-1.0","-1.0","-1.0","-1.0","-1.0","-1.0","-1.0","-1.0","-1.0","-1.0","-1.0","-1.0","-1.0","-1.0","-1.0","-1.0","-1.0","-1.0","-1.0"
"662","2017","19","Kerala","Kasaragod","2.06","4.87","2361.47","-1.0","-1.0","-1.0","-1.0","-1.0","-1.0","-1.0","0.0","0.0","-1.0","-1.0","-1.0","-1.0","-1.0","-1.0","-1.0","-1.0","-1.0","-1.0","-1.0","-1.0","-1.0","-1.0","-1.0","-1.0","-1.0","-1.0","-1.0","-1.0","-1.0","0.02","0.04","2045.45","-1.0","-1.0","-1.0","-1.0","-1.0","-1.0","-1.0","-1.0","-1.0","-1.0","-1.0","-1.0","-1.0","-1.0","-1.0","-1.0","-1.0","-1.0","-1.0","-1.0","-1.0","-1.0","-1.0","-1.0","-1.0","-1.0","-1.0","-1.0","-1.0","-1.0","-1.0","-1.0","-1.0","-1.0","-1.0","-1.0","-1.0","-1.0","-1.0"
"663","2016","19","Kerala","Pathanamthitta","2.64","8.84","3347.35","-1.0","-1.0","-1.0","-1.0","-1.0","-1.0","-1.0","0.0","0.0","-1.0","-1.0","-1.0","-1.0","-1.0","-1.0","-1.0","-1.0","-1.0","-1.0","-1.0","-1.0","-1.0","-1.0","-1.0","-1.0","-1.0","-1.0","-1.0","-1.0","-1.0","0.0","0.0","333.33","-1.0","-1.0","-1.0","0.0","0.0","38.89","-1.0","-1.0","-1.0","-1.0","-1.0","-1.0","-1.0","-1.0","-1.0","-1.0","-1.0","-1.0","-1.0","-1.0","-1.0","-1.0","-1.0","-1.0","-1.0","-1.0","-1.0","0.01","0.11","11012.78","-1.0","-1.0","-1.0","-1.0","-1.0","-1.0","-1.0","-1.0","-1.0"
"663","2017","19","Kerala","Pathanamthitta","3.09","8.84","2864.59","-1.0","-1.0","-1.0","-1.0","-1.0","-1.0","-1.0","0.0","0.0","-1.0","-1.0","-1.0","-1.0","-1.0","-1.0","0.0","-1.0","-1.0","-1.0","-1.0","-1.0","-1.0","-1.0","-1.0","-1.0","-1.0","-1.0","-1.0","-1.0","-1.0","0.01","0.0","333.33","-1.0","-1.0","-1.0","0.0","0.0","120.0","-1.0","-1.0","-1.0","-1.0","-1.0","-1.0","-1.0","-1.0","-1.0","-1.0","-1.0","-1.0","-1.0","-1.0","-1.0","-1.0","-1.0","-1.0","-1.0","-1.0","-1.0","0.01","0.08","10319.41","-1.0","-1.0","-1.0","-1.0","-1.0","-1.0","-1.0","-1.0","-1.0"
"664","2016","19","Kerala","Wayanad","7.82","20.65","2639.61","-1.0","-1.0","-1.0","-1.0","-1.0","-1.0","-1.0","0.0","0.0","-1.0","-1.0","-1.0","-1.0","-1.0","-1.0","-1.0","-1.0","-1.0","-1.0","-1.0","-1.0","-1.0","-1.0","-1.0","-1.0","-1.0","-1.0","-1.0","-1.0","-1.0","0.87","0.68","781.61","-1.0","-1.0","-1.0","0.0","-1.0","-1.0","-1.0","-1.0","-1.0","-1.0","-1.0","-1.0","-1.0","-1.0","-1.0","-1.0","-1.0","-1.0","-1.0","-1.0","-1.0","-1.0","-1.0","-1.0","-1.0","-1.0","-1.0","-1.0","-1.0","-1.0","-1.0","-1.0","-1.0","-1.0","-1.0","-1.0","-1.0","-1.0","-1.0"
"664","2017","19","Kerala","Wayanad","8.03","21.79","2715.18","-1.0","-1.0","-1.0","-1.0","-1.0","-1.0","-1.0","0.0","0.0","-1.0","-1.0","-1.0","-1.0","-1.0","-1.0","0.0","-1.0","-1.0","-1.0","-1.0","-1.0","-1.0","-1.0","-1.0","-1.0","-1.0","-1.0","-1.0","-1.0","-1.0","0.86","0.67","782.46","-1.0","-1.0","-1.0","0.0","0.0","370.0","-1.0","-1.0","-1.0","-1.0","-1.0","-1.0","-1.0","-1.0","-1.0","-1.0","-1.0","-1.0","-1.0","-1.0","-1.0","-1.0","-1.0","-1.0","-1.0","-1.0","-1.0","0.0","-1.0","-1.0","-1.0","-1.0","-1.0","-1.0","-1.0","-1.0","-1.0","-1.0","-1.0"
"701","2016","8","Orissa","Balasore","221.83","617.9","2785.0","0.08","0.15","1875.0","-1.0","-1.0","-1.0","-1.0","-1.0","-1.0","-1.0","-1.0","-1.0","-1.0","-1.0","-1.0","0.24","0.57","2375.0","-1.0","-1.0","-1.0","-1.0","-1.0","-1.0","0.07","0.06","857.0","0.01","0.01","1000.0","22.7","10.68","470.0","10.9","22.02","2020.0","0.68","0.3","441.0","3.8","1.88","495.0","-1.0","-1.0","-1.0","0.03","0.02","667.0","-1.0","-1.0","-1.0","0.19","0.19","1000.0","-1.0","-1.0","-1.0","15.6","24.41","1565.0","0.13","0.83","6362.0","0.0","0.0","0.0","12.49","25.52","38.01","0.85","0.86","0.0"
"701","2017","8","Orissa","Balasore","211.89","493.57","2329.0","0.08","0.15","1875.0","-1.0","-1.0","-1.0","-1.0","-1.0","-1.0","-1.0","-1.0","-1.0","-1.0","-1.0","-1.0","0.16","0.37","2313.0","-1.0","-1.0","-1.0","-1.0","-1.0","-1.0","0.1","0.1","1000.0","0.01","0.01","1000.0","25.7","12.93","503.0","9.76","18.89","1935.0","0.88","0.36","409.0","4.0","1.69","423.0","-1.0","-1.0","-1.0","0.04","0.03","750.0","-1.0","-1.0","-1.0","0.19","0.25","1316.0","-1.0","-1.0","-1.0","14.87","21.22","1427.0","0.18","1.38","7667.0","0.0","0.0","0.0","12.5","25.52","38.02","0.85","0.86","0.0"
"702","2016","8","Orissa","Bolangir","197.64","436.54","2209.0","0.11","0.2","1818.0","0.15","0.09","600.0","-1.0","-1.0","-1.0","0.15","0.09","600.0","-1.0","-1.0","-1.0","6.5","17.52","2695.0","0.35","0.26","743.0","-1.0","-1.0","-1.0","1.01","0.9","891.0","9.38","8.68","925.0","144.29","66.7","462.0","9.51","15.96","1678.0","1.99","0.79","397.0","3.49","1.84","527.0","-1.0","-1.0","-1.0","0.09","0.04","444.0","0.05","0.02","400.0","3.07","4.21","1371.0","-1.0","-1.0","-1.0","18.2","22.86","1256.0","0.86","6.27","7295.0","35.0","100.0","2.0","16.65","39.51","56.16","0.5","8.63","0.0"
"702","2017","8","Orissa","Bolangir","156.58","123.94","792.0","0.1","0.18","1800.0","0.11","0.07","636.0","-1.0","-1.0","-1.0","0.11","0.07","636.0","-1.0","-1.0","-1.0","6.78","19.35","2854.0","0.33","0.29","879.0","-1.0","-1.0","-1.0","0.9","0.77","856.0","9.25","8.4","908.0","137.13","65.39","477.0","8.76","14.36","1639.0","2.06","0.85","413.0","5.0","2.13","426.0","-1.0","-1.0","-1.0","0.1","0.05","500.0","0.1","0.06","600.0","1.63","1.98","1215.0","-1.0","-1.0","-1.0","17.65","19.43","1101.0","1.35","10.4","7702.0","41.0","115.0","2.0","16.66","39.52","56.18","0.5","8.63","0.0"
"703","2016","8","Orissa","Cuttack","119.48","396.65","3320.0","0.08","0.14","1750.0","-1.0","-1.0","-1.0","-1.0","-1.0","-1.0","-1.0","-1.0","-1.0","-1.0","-1.0","-1.0","0.71","2.21","3113.0","0.09","0.06","667.0","-1.0","-1.0","-1.0","0.39","0.26","667.0","0.3","0.25","833.0","84.03","39.89","475.0","6.79","13.09","1928.0","1.21","0.49","405.0","1.56","0.61","391.0","-1.0","-1.0","-1.0","0.03","0.01","333.0","0.03","0.01","333.0","0.32","0.37","1156.0","-1.0","-1.0","-1.0","9.94","14.58","1467.0","2.81","19.86","7069.0","-1.0","-1.0","-1.0","13.89","23.71","37.6","3.5","0.53","0.0"
"703","2017","8","Orissa","Cuttack","109.01","239.71","2199.0","0.12","0.23","1917.0","-1.0","-1.0","-1.0","-1.0","-1.0","-1.0","-1.0","-1.0","-1.0","-1.0","-1.0","-1.0","0.79","2.36","2987.0","0.08","0.07","875.0","-1.0","-1.0","-1.0","0.5","0.39","780.0","0.33","0.23","697.0","85.43","43.23","506.0","7.25","14.09","1943.0","1.06","0.43","406.0","3.0","1.28","427.0","-1.0","-1.0","-1.0","0.03","0.01","333.0","0.1","0.05","500.0","0.25","0.34","1360.0","-1.0","-1.0","-1.0","11.69","16.2","1386.0","3.27","25.69","7857.0","-1.0","-1.0","-1.0","13.91","23.72","37.63","3.48","0.53","0.0"
"704","2016","8","Orissa","Dhenkanal","75.37","215.3","2857.0","0.02","0.04","2000.0","-1.0","-1.0","-1.0","-1.0","-1.0","-1.0","-1.0","-1.0","-1.0","-1.0","-1.0","-1.0","2.63","5.62","2137.0","0.03","0.02","667.0","-1.0","-1.0","-1.0","0.53","0.35","660.0","3.22","2.66","826.0","70.26","30.32","432.0","11.79","21.91","1858.0","19.68","7.63","388.0","2.41","0.92","382.0","-1.0","-1.0","-1.0","0.3","0.18","600.0","-1.0","-1.0","-1.0","0.13","0.15","1154.0","-1.0","-1.0","-1.0","34.31","30.79","897.0","0.71","5.1","7180.0","-1.0","-1.0","-1.0","24.71","25.1","49.81","1.1","0.8","0.0"
"704","2017","8","Orissa","Dhenkanal","62.64","86.81","1386.0","-1.0","-1.0","-1.0","-1.0","-1.0","-1.0","-1.0","-1.0","-1.0","-1.0","-1.0","-1.0","-1.0","-1.0","-1.0","2.46","5.33","2167.0","0.02","0.02","1000.0","-1.0","-1.0","-1.0","0.6","0.39","650.0","3.27","2.69","823.0","71.61","33.9","473.0","11.67","21.8","1868.0","18.18","7.28","400.0","3.0","1.28","427.0","-1.0","-1.0","-1.0","0.22","0.13","591.0","-1.0","-1.0","-1.0","0.18","0.23","1278.0","-1.0","-1.0","-1.0","33.25","30.72","924.0","1.35","5.1","3776.0","-1.0","-1.0","-1.0","24.67","25.09","49.76","1.1","0.8","0.0"
"705","2016","8","Orissa","Ganjam","243.69","694.83","2851.0","0.02","0.03","1500.0","0.38","0.23","605.0","-1.0","-1.0","-1.0","0.38","0.23","605.0","0.04","0.02","500.0","19.67","62.79","3192.0","40.84","37.29","913.0","-1.0","-1.0","-1.0","0.42","0.34","810.0","13.28","12.28","925.0","167.09","81.64","489.0","14.16","25.11","1773.0","18.88","7.57","401.0","1.74","0.86","494.0","-1.0","-1.0","-1.0","1.06","0.68","642.0","-1.0","-1.0","-1.0","1.05","1.12","1067.0","-1.0","-1.0","-1.0","36.89","35.34","958.0","2.67","19.46","7289.0","1.0","2.0","2.0","30.5","32.59","63.09","0.5","0.92","0.0"
"705","2017","8","Orissa","Ganjam","204.87","322.69","1575.0","0.09","0.17","1889.0","0.47","0.28","596.0","-1.0","-1.0","-1.0","0.47","0.28","596.0","0.05","0.03","600.0","19.39","57.74","2978.0","15.8","14.99","949.0","-1.0","-1.0","-1.0","0.5","0.48","960.0","13.14","12.01","914.0","175.99","86.97","494.0","12.16","22.54","1854.0","25.25","10.06","398.0","3.0","1.28","427.0","-1.0","-1.0","-1.0","1.55","0.99","639.0","-1.0","-1.0","-1.0","0.57","0.72","1263.0","-1.0","-1.0","-1.0","42.53","35.59","837.0","2.1","16.36","7788.0","1.0","2.0","2.0","30.53","32.6","63.13","0.5","0.92","0.0"
"706","2016","8","Orissa","Kalahandi","220.8","525.56","2380.0","0.02","0.04","2000.0","0.02","0.01","500.0","-1.0","-1.0","-1.0","0.02","0.01","500.0","0.01","0.01","1000.0","13.91","49.74","3576.0","2.06","2.23","1083.0","-1.0","-1.0","-1.0","13.76","11.7","850.0","20.93","20.05","958.0","183.75","93.8","510.0","16.48","30.96","1879.0","2.45","1.05","429.0","11.41","5.25","460.0","0.25","0.16","640.0","1.99","1.57","789.0","1.61","0.82","509.0","3.22","4.52","1404.0","-1.0","-1.0","-1.0","43.53","47.57","1093.0","1.41","10.33","7326.0","53.0","151.0","2.0","19.8","23.51","43.31","0.2","2.36","0.0"
"706","2017","8","Orissa","Kalahandi","199.52","429.13","2151.0","0.01","0.02","2000.0","0.01","0.01","1000.0","-1.0","-1.0","-1.0","0.01","0.01","1000.0","-1.0","-1.0","-1.0","9.8","30.14","3076.0","0.45","0.44","978.0","-1.0","-1.0","-1.0","10.0","8.1","810.0","23.97","21.93","915.0","177.76","90.46","509.0","11.1","20.18","1818.0","1.31","0.55","420.0","8.0","3.46","433.0","0.26","0.16","615.0","1.33","0.98","737.0","1.0","0.47","470.0","1.6","1.97","1231.0","-1.0","-1.0","-1.0","30.98","30.27","977.0","1.27","10.02","7886.0","55.0","155.0","2.0","18.39","23.53","41.92","0.2","2.37","0.0"
"707","2016","8","Orissa","Keonjhar","192.84","422.25","2190.0","0.29","0.46","1586.0","0.1","0.07","700.0","-1.0","-1.0","-1.0","0.1","0.07","700.0","0.01","0.01","1000.0","22.46","66.34","2954.0","0.07","0.05","714.0","-1.0","-1.0","-1.0","3.06","2.69","879.0","3.64","3.2","879.0","69.04","35.55","515.0","3.02","5.4","1788.0","7.22","2.3","319.0","8.46","2.82","333.0","0.01","0.01","1000.0","0.05","0.04","800.0","2.96","1.45","490.0","0.36","0.4","1111.0","-1.0","-1.0","-1.0","33.7","16.18","480.0","0.09","0.63","6944.0","-1.0","-1.0","-1.0","23.08","46.89","69.97","2.05","0.83","0.0"
"707","2017","8","Orissa","Keonjhar","188.36","395.04","2097.0","0.31","0.58","1871.0","0.06","0.04","667.0","-1.0","-1.0","-1.0","0.06","0.04","667.0","0.01","0.01","1000.0","24.42","69.4","2842.0","0.02","0.02","1000.0","-1.0","-1.0","-1.0","2.5","2.04","816.0","2.91","2.59","890.0","64.71","33.69","521.0","8.16","15.23","1866.0","6.81","2.72","399.0","7.5","3.33","444.0","-1.0","-1.0","-1.0","0.04","0.02","500.0","1.5","0.75","500.0","0.18","0.24","1333.0","-1.0","-1.0","-1.0","34.66","25.93","748.0","0.18","1.32","7344.0","-1.0","-1.0","-1.0","23.08","46.91","69.99","2.02","0.83","0.0"
"708","2016","8","Orissa","Koraput","124.99","316.21","2530.0","0.06","0.11","1833.0","0.54","0.38","704.0","-1.0","-1.0","-1.0","0.54","0.38","704.0","0.13","0.07","538.0","24.76","75.01","3029.0","54.32","48.43","892.0","-1.0","-1.0","-1.0","1.19","0.89","748.0","4.94","3.34","676.0","32.87","14.97","455.0","1.29","1.66","1287.0","0.49","0.19","388.0","1.72","0.73","424.0","0.02","0.01","500.0","1.14","0.67","588.0","0.25","0.11","440.0","0.49","0.42","857.0","-1.0","-1.0","-1.0","28.9","11.66","403.0","7.72","57.28","7420.0","1.0","1.0","2.0","43.79","28.8","72.59","2.0","1.07","0.0"
"708","2017","8","Orissa","Koraput","124.12","287.71","2318.0","0.11","0.2","1818.0","0.47","0.3","638.0","-1.0","-1.0","-1.0","0.47","0.3","638.0","0.12","0.08","667.0","22.64","66.13","2921.0","57.46","51.27","892.0","-1.0","-1.0","-1.0","1.0","0.57","570.0","4.47","4.4","984.0","35.48","17.58","495.0","2.16","3.9","1806.0","0.37","0.16","432.0","2.0","0.92","460.0","-1.0","-1.0","-1.0","0.78","0.48","615.0","0.3","0.14","467.0","0.22","0.3","1364.0","-1.0","-1.0","-1.0","28.93","14.12","488.0","6.25","47.07","7530.0","1.0","3.0","2.0","43.8","28.82","72.62","2.0","1.07","0.0"
"709","2016","8","Orissa","Mayurbhanja","306.67","723.12","2358.0","0.31","0.58","1871.0","-1.0","-1.0","-1.0","-1.0","-1.0","-1.0","-1.0","-1.0","-1.0","-1.0","-1.0","-1.0","7.44","17.75","2386.0","-1.0","-1.0","-1.0","-1.0","-1.0","-1.0","5.22","4.11","787.0","8.95","7.26","811.0","50.23","25.17","501.0","6.14","12.34","2010.0","1.62","0.65","401.0","5.89","2.27","385.0","-1.0","-1.0","-1.0","0.19","0.1","526.0","4.6","2.17","472.0","0.19","0.19","1000.0","-1.0","-1.0","-1.0","19.38","17.99","928.0","-1.0","0.0","0.0","-1.0","-1.0","-1.0","40.7","32.7","73.4","1.1","0.81","0.0"
"709","2017","8","Orissa","Mayurbhanja","324.09","655.66","2023.0","0.16","0.31","1938.0","-1.0","-1.0","-1.0","-1.0","-1.0","-1.0","-1.0","-1.0","-1.0","-1.0","-1.0","-1.0","3.84","8.92","2323.0","0.46","0.32","696.0","-1.0","-1.0","-1.0","4.2","3.37","802.0","8.45","8.37","991.0","67.19","35.7","531.0","5.5","10.68","1942.0","2.39","0.94","393.0","7.0","3.07","439.0","-1.0","-1.0","-1.0","0.28","0.17","607.0","3.5","1.72","491.0","0.24","0.3","1250.0","-1.0","-1.0","-1.0","20.73","17.59","849.0","-1.0","0.0","0.0","-1.0","-1.0","-1.0","40.23","32.7","72.93","1.1","0.81","0.0"
"710","2016","8","Orissa","Phulbani(Kandhamal)","40.77","73.1","1793.0","0.01","0.01","1000.0","0.07","0.04","571.0","-1.0","-1.0","-1.0","0.07","0.04","571.0","0.07","0.04","571.0","18.1","43.77","2418.0","1.9","1.54","811.0","-1.0","-1.0","-1.0","0.13","0.11","846.0","4.62","4.11","890.0","19.76","8.14","412.0","2.19","3.41","1557.0","1.1","0.38","345.0","17.74","7.89","445.0","-1.0","-1.0","-1.0","0.29","0.17","586.0","-1.0","-1.0","-1.0","0.19","0.18","947.0","-1.0","-1.0","-1.0","31.48","15.17","482.0","-1.0","0.0","0.0","1.0","1.0","2.0","20.73","21.09","41.82","1.5","0.41","0.0"
"710","2017","8","Orissa","Phulbani(Kandhamal)","30.12","47.02","1561.0","0.01","0.02","2000.0","0.07","0.05","714.0","-1.0","-1.0","-1.0","0.07","0.05","714.0","0.07","0.05","714.0","15.9","43.21","2718.0","2.18","1.91","876.0","-1.0","-1.0","-1.0","0.2","0.19","950.0","4.63","4.16","898.0","20.41","9.36","459.0","5.58","10.02","1796.0","0.8","0.3","375.0","12.0","5.21","434.0","-1.0","-1.0","-1.0","0.45","0.28","622.0","-1.0","-1.0","-1.0","0.32","0.42","1313.0","-1.0","-1.0","-1.0","28.81","19.83","688.0","-1.0","0.0","0.0","1.0","2.0","2.0","20.74","21.12","41.86","1.5","0.41","0.0"
"711","2016","8","Orissa","Puri","107.74","293.09","2720.0","0.05","0.07","1400.0","-1.0","-1.0","-1.0","-1.0","-1.0","-1.0","-1.0","-1.0","-1.0","-1.0","-1.0","-1.0","0.17","0.34","2000.0","0.08","0.05","625.0","-1.0","-1.0","-1.0","0.06","0.04","667.0","-1.0","-1.0","-1.0","59.55","27.3","458.0","17.78","36.72","2065.0","0.91","0.31","341.0","1.63","0.51","313.0","-1.0","-1.0","-1.0","0.02","0.01","500.0","0.51","0.19","373.0","0.72","0.81","1125.0","-1.0","-1.0","-1.0","21.57","38.55","1787.0","0.26","1.73","6662.0","-1.0","-1.0","-1.0","23.44","13.99","37.43","0.5","0.24","0.0"
"711","2017","8","Orissa","Puri","101.7","171.67","1688.0","0.05","0.08","1600.0","-1.0","-1.0","-1.0","-1.0","-1.0","-1.0","-1.0","-1.0","-1.0","-1.0","-1.0","-1.0","0.17","0.42","2471.0","0.11","0.1","909.0","-1.0","-1.0","-1.0","0.1","0.1","1000.0","-1.0","-1.0","-1.0","59.7","29.7","497.0","11.35","21.78","1919.0","1.31","0.45","344.0","2.0","0.92","460.0","-1.0","-1.0","-1.0","0.02","0.01","500.0","0.76","0.35","461.0","0.47","0.58","1234.0","-1.0","-1.0","-1.0","15.91","24.09","1514.0","0.35","2.66","7591.0","-1.0","-1.0","-1.0","23.44","14.0","37.44","0.5","0.24","0.0"
"712","2016","8","Orissa","Sambalpur","160.06","306.93","1918.0","0.1","0.16","1600.0","0.01","0.01","1000.0","-1.0","-1.0","-1.0","0.01","0.01","1000.0","-1.0","-1.0","-1.0","5.08","12.35","2431.0","-1.0","-1.0","-1.0","-1.0","-1.0","-1.0","0.25","0.18","720.0","2.77","2.51","906.0","48.07","21.71","452.0","1.03","1.67","1621.0","18.62","7.12","382.0","6.21","3.04","490.0","-1.0","-1.0","-1.0","0.01","0.01","1000.0","-1.0","-1.0","-1.0","0.12","0.11","917.0","-1.0","-1.0","-1.0","25.99","11.95","460.0","0.04","0.27","6650.0","-1.0","-1.0","-1.0","19.12","18.4","37.52","1.0","1.52","0.0"
"712","2017","8","Orissa","Sambalpur","137.38","151.45","1102.0","0.09","0.16","1778.0","0.01","0.01","1000.0","-1.0","-1.0","-1.0","0.01","0.01","1000.0","-1.0","-1.0","-1.0","4.11","9.92","2414.0","0.01","0.01","1000.0","-1.0","-1.0","-1.0","0.3","0.2","667.0","2.94","2.63","895.0","53.35","26.1","489.0","1.84","3.46","1880.0","17.31","7.01","405.0","5.2","2.24","431.0","-1.0","-1.0","-1.0","0.01","0.01","1000.0","-1.0","-1.0","-1.0","0.16","0.21","1313.0","-1.0","-1.0","-1.0","24.57","12.95","527.0","0.05","0.33","6540.0","-1.0","-1.0","-1.0","19.14","18.44","37.58","1.0","1.52","0.0"
"713","2016","8","Orissa","Sundargarh","207.74","352.36","1696.0","1.02","1.87","1833.0","1.08","0.63","583.0","-1.0","-1.0","-1.0","1.08","0.63","583.0","0.03","0.02","667.0","8.34","21.32","2556.0","1.97","1.58","802.0","-1.0","-1.0","-1.0","4.89","3.2","654.0","7.1","6.73","948.0","60.54","29.54","488.0","3.53","5.4","1530.0","20.4","7.97","391.0","9.91","4.36","440.0","-1.0","-1.0","-1.0","0.26","0.15","577.0","1.17","0.55","470.0","0.19","0.22","1158.0","-1.0","-1.0","-1.0","37.83","19.73","522.0","0.07","0.51","7314.0","-1.0","-1.0","-1.0","20.28","30.32","50.6","1.55","1.81","0.0"
"713","2017","8","Orissa","Sundargarh","198.96","349.97","1759.0","0.4","0.75","1875.0","1.26","0.8","635.0","-1.0","-1.0","-1.0","1.26","0.8","635.0","0.03","0.02","667.0","8.5","21.92","2579.0","4.1","3.67","895.0","-1.0","-1.0","-1.0","2.4","1.73","721.0","7.37","6.74","915.0","57.94","29.0","501.0","3.57","5.91","1655.0","19.81","7.85","396.0","7.0","3.03","433.0","-1.0","-1.0","-1.0","0.25","0.15","600.0","1.0","0.5","500.0","0.25","0.33","1320.0","-1.0","-1.0","-1.0","33.32","18.42","553.0","0.18","1.33","7367.0","-1.0","-1.0","-1.0","20.3","30.32","50.62","1.53","1.81","0.0"
"714","2016","8","Orissa","Bhadrak","155.95","483.76","3102.0","0.01","0.02","2000.0","-1.0","-1.0","-1.0","-1.0","-1.0","-1.0","-1.0","-1.0","-1.0","-1.0","-1.0","-1.0","0.31","0.66","2129.0","-1.0","-1.0","-1.0","-1.0","-1.0","-1.0","-1.0","-1.0","-1.0","-1.0","-1.0","-1.0","12.63","6.42","508.0","0.65","1.33","2046.0","0.32","0.15","469.0","0.6","0.33","550.0","-1.0","-1.0","-1.0","-1.0","-1.0","-1.0","-1.0","-1.0","-1.0","0.53","0.63","1189.0","-1.0","-1.0","-1.0","2.1","2.44","1162.0","0.13","0.94","7200.0","-1.0","-1.0","-1.0","10.38","22.68","33.06","0.55","0.34","0.0"
"714","2017","8","Orissa","Bhadrak","158.26","307.4","1942.0","0.12","0.23","1917.0","-1.0","-1.0","-1.0","-1.0","-1.0","-1.0","-1.0","-1.0","-1.0","-1.0","-1.0","-1.0","0.16","0.36","2250.0","-1.0","-1.0","-1.0","-1.0","-1.0","-1.0","0.1","0.09","900.0","-1.0","-1.0","-1.0","16.4","8.34","509.0","1.15","2.35","2043.0","0.52","0.21","404.0","1.97","0.87","442.0","-1.0","-1.0","-1.0","-1.0","-1.0","-1.0","-1.0","-1.0","-1.0","0.36","0.45","1250.0","-1.0","-1.0","-1.0","4.0","3.88","970.0","0.35","2.7","7700.0","-1.0","-1.0","-1.0","10.37","22.75","33.12","0.55","0.34","0.0"
"716","2016","8","Orissa","Jagatsinghapur","87.87","261.97","2981.0","0.01","0.02","2000.0","-1.0","-1.0","-1.0","-1.0","-1.0","-1.0","-1.0","-1.0","-1.0","-1.0","-1.0","-1.0","0.17","0.44","2588.0","0.01","0.01","1000.0","-1.0","-1.0","-1.0","0.03","0.02","667.0","0.02","0.02","1000.0","60.12","27.29","454.0","6.48","12.38","1910.0","0.09","0.03","333.0","0.65","0.23","354.0","-1.0","-1.0","-1.0","-1.0","-1.0","-1.0","-1.0","-1.0","-1.0","0.4","0.36","900.0","-1.0","-1.0","-1.0","7.62","13.0","1706.0","0.86","5.94","6908.0","-1.0","-1.0","-1.0","6.52","17.18","23.7","0.5","0.37","0.0"
"716","2017","8","Orissa","Jagatsinghapur","78.98","153.09","1938.0","0.09","0.17","1889.0","-1.0","-1.0","-1.0","-1.0","-1.0","-1.0","-1.0","-1.0","-1.0","-1.0","-1.0","-1.0","0.18","0.52","2889.0","-1.0","-1.0","-1.0","-1.0","-1.0","-1.0","0.1","0.1","1000.0","-1.0","-1.0","-1.0","63.78","32.06","503.0","7.65","14.74","1927.0","0.18","0.07","389.0","1.0","0.41","410.0","-1.0","-1.0","-1.0","-1.0","-1.0","-1.0","-1.0","-1.0","-1.0","0.65","0.8","1231.0","-1.0","-1.0","-1.0","9.48","16.02","1690.0","1.25","5.94","4753.0","-1.0","-1.0","-1.0","6.52","17.18","23.7","0.5","0.37","0.0"
"717","2016","8","Orissa","Jajapur","105.27","271.47","2579.0","0.07","0.12","1714.0","-1.0","-1.0","-1.0","-1.0","-1.0","-1.0","-1.0","-1.0","-1.0","-1.0","-1.0","-1.0","2.38","5.02","2109.0","0.01","0.01","1000.0","-1.0","-1.0","-1.0","0.15","0.11","733.0","3.04","2.23","734.0","53.09","24.12","454.0","30.61","62.37","2038.0","0.45","0.18","400.0","2.26","0.94","416.0","-1.0","-1.0","-1.0","0.06","0.04","667.0","0.06","0.03","500.0","0.04","0.04","1000.0","-1.0","-1.0","-1.0","33.48","63.6","1900.0","1.21","8.83","7298.0","-1.0","-1.0","-1.0","8.19","22.28","30.47","0.7","0.88","0.0"
"717","2017","8","Orissa","Jajapur","107.33","147.68","1376.0","0.11","0.2","1818.0","-1.0","-1.0","-1.0","-1.0","-1.0","-1.0","-1.0","-1.0","-1.0","-1.0","-1.0","-1.0","2.33","5.06","2172.0","0.01","0.01","1000.0","-1.0","-1.0","-1.0","0.2","0.15","750.0","1.01","0.84","832.0","46.02","23.2","504.0","24.11","46.33","1922.0","0.79","0.29","367.0","2.9","1.29","445.0","-1.0","-1.0","-1.0","0.06","0.04","667.0","0.2","0.1","500.0","0.07","0.1","1429.0","-1.0","-1.0","-1.0","28.13","48.15","1712.0","1.09","8.61","7898.0","-1.0","-1.0","-1.0","8.18","22.29","30.47","0.7","0.88","0.0"
"718","2016","8","Orissa","Kendrapara","124.78","324.18","2598.0","0.02","0.03","1500.0","-1.0","-1.0","-1.0","-1.0","-1.0","-1.0","-1.0","-1.0","-1.0","-1.0","-1.0","-1.0","0.13","0.23","1769.0","-1.0","-1.0","-1.0","-1.0","-1.0","-1.0","0.03","0.03","1000.0","0.03","0.02","667.0","75.25","35.17","467.0","7.12","11.05","1552.0","0.18","0.06","333.0","1.95","0.61","313.0","-1.0","-1.0","-1.0","0.02","0.01","500.0","0.04","0.02","500.0","0.17","0.16","941.0","-1.0","-1.0","-1.0","9.48","11.91","1256.0","0.41","2.65","6471.0","-1.0","-1.0","-1.0","5.68","19.04","24.72","0.9","0.51","0.0"
"718","2017","8","Orissa","Kendrapara","121.88","168.17","1380.0","0.12","0.22","1833.0","-1.0","-1.0","-1.0","-1.0","-1.0","-1.0","-1.0","-1.0","-1.0","-1.0","-1.0","-1.0","0.14","0.36","2571.0","-1.0","-1.0","-1.0","-1.0","-1.0","-1.0","0.1","0.1","1000.0","0.03","0.02","667.0","77.5","39.11","505.0","0.95","2.02","2126.0","0.13","0.04","308.0","2.0","0.87","435.0","-1.0","-1.0","-1.0","-1.0","-1.0","-1.0","0.1","0.04","400.0","0.21","0.26","1238.0","-1.0","-1.0","-1.0","3.39","3.23","953.0","0.45","3.5","7780.0","-1.0","-1.0","-1.0","5.67","19.04","24.71","0.9","0.51","0.0"
"719","2016","8","Orissa","Angul","78.84","184.45","2340.0","0.04","0.07","1750.0","-1.0","-1.0","-1.0","-1.0","-1.0","-1.0","-1.0","-1.0","-1.0","-1.0","-1.0","-1.0","6.31","14.45","2290.0","0.07","0.06","857.0","-1.0","-1.0","-1.0","1.72","1.24","721.0","9.21","8.61","935.0","93.57","42.17","451.0","11.85","20.33","1716.0","37.0","14.86","402.0","5.54","1.83","330.0","-1.0","-1.0","-1.0","0.12","0.07","583.0","-1.0","-1.0","-1.0","0.6","0.61","1017.0","-1.0","-1.0","-1.0","55.43","37.84","683.0","0.03","0.2","6500.0","-1.0","-1.0","-1.0","24.74","20.55","45.29","1.6","1.44","0.0"
"719","2017","8","Orissa","Angul","91.67","124.5","1358.0","0.05","0.09","1800.0","-1.0","-1.0","-1.0","-1.0","-1.0","-1.0","-1.0","-1.0","-1.0","-1.0","-1.0","-1.0","5.76","14.86","2580.0","0.01","0.01","1000.0","-1.0","-1.0","-1.0","1.3","1.07","823.0","9.73","7.83","805.0","90.25","42.92","476.0","12.71","20.72","1630.0","37.46","14.84","396.0","4.0","1.72","430.0","-1.0","-1.0","-1.0","0.13","0.08","615.0","-1.0","-1.0","-1.0","0.4","0.49","1225.0","-1.0","-1.0","-1.0","55.3","38.13","690.0","0.07","0.46","6500.0","-1.0","-1.0","-1.0","24.76","20.57","45.33","1.6","1.44","0.0"
"720","2016","8","Orissa","Gajapati","42.23","104.92","2484.0","-1.0","-1.0","-1.0","1.88","1.17","622.0","-1.0","-1.0","-1.0","1.88","1.17","622.0","1.15","0.71","617.0","9.1","21.76","2391.0","7.91","7.76","981.0","-1.0","-1.0","-1.0","-1.0","-1.0","-1.0","3.5","2.82","806.0","24.39","12.14","498.0","2.29","3.57","1559.0","1.64","0.75","457.0","0.74","0.32","432.0","-1.0","-1.0","-1.0","0.19","0.11","579.0","-1.0","-1.0","-1.0","0.95","1.09","1147.0","-1.0","-1.0","-1.0","8.0","6.7","838.0","-1.0","0.0","0.0","2.0","4.0","2.0","17.21","17.54","34.75","0.1","0.98","0.0"
"720","2017","8","Orissa","Gajapati","38.37","80.15","2089.0","-1.0","-1.0","-1.0","1.85","1.13","611.0","-1.0","-1.0","-1.0","1.85","1.13","611.0","0.99","0.6","606.0","11.52","32.37","2810.0","5.74","5.37","936.0","-1.0","-1.0","-1.0","-1.0","-1.0","-1.0","3.07","2.42","788.0","25.27","12.76","505.0","2.8","5.45","1946.0","1.46","0.61","418.0","1.0","0.42","420.0","-1.0","-1.0","-1.0","0.21","0.13","619.0","-1.0","-1.0","-1.0","0.57","0.7","1228.0","-1.0","-1.0","-1.0","6.69","7.58","1133.0","-1.0","0.0","0.0","2.0","5.0","2.0","17.23","17.53","34.76","0.1","0.98","0.0"
"721","2016","8","Orissa","Nuapada","97.59","142.25","1458.0","0.05","0.09","1800.0","0.36","0.27","750.0","-1.0","-1.0","-1.0","0.36","0.27","750.0","0.09","0.05","556.0","5.67","13.34","2353.0","2.38","1.67","702.0","-1.0","-1.0","-1.0","2.65","1.73","653.0","6.12","5.24","856.0","99.58","43.85","440.0","11.01","17.19","1561.0","6.73","2.39","355.0","2.39","0.73","305.0","-1.0","-1.0","-1.0","1.45","0.84","579.0","2.23","1.07","480.0","0.43","0.44","1023.0","-1.0","-1.0","-1.0","24.24","22.66","935.0","0.04","0.29","7125.0","7.0","19.0","2.0","11.48","12.33","23.81","0.3","0.88","0.0"
"721","2017","8","Orissa","Nuapada","89.24","60.42","677.0","0.05","0.08","1600.0","0.3","0.22","733.0","-1.0","-1.0","-1.0","0.3","0.22","733.0","0.14","0.09","643.0","6.1","16.54","2711.0","2.81","2.51","893.0","-1.0","-1.0","-1.0","2.1","1.68","800.0","8.58","7.68","895.0","106.55","50.74","476.0","7.9","11.91","1508.0","6.41","2.53","395.0","2.5","1.15","460.0","-1.0","-1.0","-1.0","0.8","0.44","550.0","1.5","0.75","500.0","0.39","0.48","1231.0","-1.0","-1.0","-1.0","19.5","17.26","885.0","0.05","0.36","7120.0","8.0","22.0","2.0","11.47","12.32","23.79","0.3","0.88","0.0"
"722","2016","8","Orissa","Malkangiri","95.84","186.52","1946.0","0.01","0.01","1000.0","0.15","0.09","600.0","-1.0","-1.0","-1.0","0.15","0.09","600.0","0.03","0.02","667.0","8.76","25.16","2872.0","8.0","5.2","650.0","-1.0","-1.0","-1.0","0.05","0.04","800.0","0.91","0.61","670.0","11.79","5.19","440.0","5.53","8.21","1485.0","28.22","11.0","390.0","0.13","0.04","308.0","-1.0","-1.0","-1.0","0.11","0.05","455.0","-1.0","-1.0","-1.0","0.01","0.01","1000.0","-1.0","-1.0","-1.0","34.95","19.64","562.0","0.01","0.07","6500.0","-1.0","-1.0","-1.0","32.04","15.5","47.54","0.1","0.36","0.0"
"722","2017","8","Orissa","Malkangiri","99.58","175.29","1760.0","-1.0","-1.0","-1.0","0.14","0.09","643.0","-1.0","-1.0","-1.0","0.14","0.09","643.0","0.03","0.02","667.0","9.68","28.39","2933.0","8.0","5.05","631.0","-1.0","-1.0","-1.0","0.1","0.09","900.0","0.91","0.72","791.0","13.89","6.87","495.0","2.96","4.45","1503.0","28.46","11.33","398.0","0.3","0.13","433.0","0.06","0.04","667.0","0.28","0.19","679.0","-1.0","-1.0","-1.0","0.14","0.1","714.0","-1.0","-1.0","-1.0","33.15","16.56","500.0","0.03","0.23","7800.0","-1.0","-1.0","-1.0","32.04","15.5","47.54","0.1","0.36","0.0"
"723","2016","8","Orissa","Nawarangpur","147.43","391.72","2657.0","0.12","0.21","1750.0","0.07","0.05","714.0","-1.0","-1.0","-1.0","0.07","0.05","714.0","0.01","0.01","1000.0","64.0","213.78","3340.0","1.45","1.01","697.0","-1.0","-1.0","-1.0","2.01","1.23","612.0","1.62","1.22","753.0","16.64","7.49","450.0","1.1","1.62","1473.0","0.15","0.05","333.0","0.99","0.49","495.0","0.07","0.04","571.0","0.76","0.46","605.0","2.15","1.09","507.0","0.04","0.04","1000.0","-1.0","-1.0","-1.0","5.33","3.82","717.0","4.96","38.73","7809.0","-1.0","-1.0","-1.0","20.34","18.36","38.7","0.45","0.87","0.0"
"723","2017","8","Orissa","Nawarangpur","124.87","307.65","2464.0","0.12","0.23","1917.0","0.08","0.05","625.0","-1.0","-1.0","-1.0","0.08","0.05","625.0","0.01","0.01","1000.0","65.99","219.94","3333.0","1.25","1.11","888.0","-1.0","-1.0","-1.0","2.2","1.6","727.0","1.42","1.22","859.0","23.99","11.86","494.0","5.78","11.42","1976.0","0.5","0.21","420.0","1.0","0.46","460.0","-1.0","-1.0","-1.0","0.1","0.06","600.0","1.5","0.7","467.0","0.2","0.26","1300.0","-1.0","-1.0","-1.0","9.18","13.15","1432.0","3.82","29.52","7727.0","-1.0","-1.0","-1.0","20.35","18.36","38.71","0.45","0.87","0.0"
"724","2016","8","Orissa","Rayagada","61.39","144.1","2347.0","0.11","0.16","1455.0","0.6","0.36","600.0","-1.0","-1.0","-1.0","0.6","0.36","600.0","0.27","0.17","630.0","16.1","53.16","3302.0","15.23","12.53","823.0","-1.0","-1.0","-1.0","0.18","0.12","667.0","16.48","15.57","945.0","35.72","16.22","454.0","1.52","2.3","1513.0","7.1","2.71","382.0","3.29","1.23","374.0","-1.0","-1.0","-1.0","0.63","0.33","524.0","-1.0","-1.0","-1.0","2.92","3.43","1175.0","-1.0","-1.0","-1.0","21.35","11.94","559.0","0.22","1.45","6595.0","32.0","91.0","2.0","20.86","19.52","40.38","0.35","0.84","0.0"
"724","2017","8","Orissa","Rayagada","52.91","127.45","2409.0","0.11","0.2","1818.0","0.73","0.46","630.0","-1.0","-1.0","-1.0","0.73","0.46","630.0","0.29","0.17","586.0","14.38","46.5","3234.0","14.92","12.96","869.0","-1.0","-1.0","-1.0","0.3","0.19","633.0","17.18","16.06","935.0","37.47","17.97","480.0","1.99","3.58","1799.0","5.65","2.2","389.0","3.5","1.53","437.0","-1.0","-1.0","-1.0","0.64","0.39","609.0","-1.0","-1.0","-1.0","1.71","2.08","1216.0","-1.0","-1.0","-1.0","17.47","11.34","649.0","0.39","3.0","7685.0","33.0","93.0","2.0","20.89","19.53","40.42","0.35","0.84","0.0"
"725","2016","8","Orissa","Khurda","95.07","250.18","2632.0","-1.0","-1.0","-1.0","-1.0","-1.0","-1.0","-1.0","-1.0","-1.0","-1.0","-1.0","-1.0","-1.0","-1.0","-1.0","0.42","0.99","2357.0","-1.0","-1.0","-1.0","-1.0","-1.0","-1.0","0.35","0.25","714.0","0.77","0.56","727.0","47.27","21.36","452.0","0.64","0.96","1500.0","0.24","0.08","333.0","1.04","0.41","394.0","-1.0","-1.0","-1.0","-1.0","-1.0","-1.0","0.02","0.01","500.0","0.21","0.28","1333.0","-1.0","-1.0","-1.0","2.15","1.74","809.0","0.17","1.15","6765.0","-1.0","-1.0","-1.0","19.68","21.3","40.98","0.45","0.27","0.0"
"725","2017","8","Orissa","Khurda","84.02","136.32","1622.0","-1.0","-1.0","-1.0","-1.0","-1.0","-1.0","-1.0","-1.0","-1.0","-1.0","-1.0","-1.0","-1.0","-1.0","-1.0","0.42","1.12","2667.0","-1.0","-1.0","-1.0","-1.0","-1.0","-1.0","0.5","0.39","780.0","0.8","0.64","800.0","50.09","25.25","504.0","1.15","2.4","2087.0","1.68","0.66","393.0","1.2","0.57","475.0","0.05","0.03","600.0","-1.0","-1.0","-1.0","0.1","0.05","500.0","0.28","0.34","1214.0","-1.0","-1.0","-1.0","4.46","4.05","908.0","0.35","2.69","7683.0","-1.0","-1.0","-1.0","19.69","21.3","40.99","0.43","0.27","0.0"
"726","2016","8","Orissa","Nayagarh","91.69","209.55","2285.0","0.12","0.16","1333.0","0.05","0.03","600.0","-1.0","-1.0","-1.0","0.05","0.03","600.0","-1.0","-1.0","-1.0","2.8","6.54","2336.0","1.47","1.1","748.0","-1.0","-1.0","-1.0","0.36","0.24","667.0","0.5","0.34","680.0","74.09","31.82","429.0","0.79","1.08","1367.0","3.35","1.35","403.0","1.15","0.57","496.0","-1.0","-1.0","-1.0","0.04","0.02","500.0","0.53","0.24","453.0","0.38","0.38","1000.0","-1.0","-1.0","-1.0","6.24","3.64","583.0","1.65","11.86","7189.0","-1.0","-1.0","-1.0","20.74","15.8","36.54","0.25","0.55","0.0"
"726","2017","8","Orissa","Nayagarh","90.62","125.11","1381.0","0.1","0.19","1900.0","0.05","0.03","600.0","-1.0","-1.0","-1.0","0.05","0.03","600.0","-1.0","-1.0","-1.0","5.59","12.85","2299.0","0.47","0.35","745.0","-1.0","-1.0","-1.0","0.5","0.3","600.0","0.5","0.34","680.0","80.89","39.53","489.0","0.97","1.7","1753.0","1.65","0.64","388.0","1.5","0.71","473.0","0.04","0.02","500.0","0.41","0.25","610.0","0.6","0.27","450.0","0.04","0.05","1250.0","-1.0","-1.0","-1.0","5.21","3.64","699.0","1.39","10.6","7629.0","-1.0","-1.0","-1.0","20.72","15.8","36.52","0.25","0.55","0.0"
"728","2016","8","Orissa","Boudh","56.63","175.51","3099.0","0.06","0.11","1833.0","-1.0","-1.0","-1.0","-1.0","-1.0","-1.0","-1.0","-1.0","-1.0","-1.0","-1.0","-1.0","0.68","1.56","2294.0","0.06","0.05","833.0","-1.0","-1.0","-1.0","0.52","0.33","635.0","4.91","3.46","705.0","35.03","16.64","475.0","0.48","0.79","1646.0","3.2","1.32","413.0","1.14","0.48","421.0","-1.0","-1.0","-1.0","0.03","0.02","667.0","-1.0","-1.0","-1.0","0.21","0.23","1095.0","-1.0","-1.0","-1.0","5.06","2.84","561.0","0.03","0.22","7333.0","0.0","0.0","2.0","6.49","17.14","23.63","0.7","0.93","0.0"
"728","2017","8","Orissa","Boudh","58.92","108.65","1844.0","0.08","0.15","1875.0","-1.0","-1.0","-1.0","-1.0","-1.0","-1.0","-1.0","-1.0","-1.0","-1.0","-1.0","-1.0","0.84","2.13","2536.0","0.07","0.06","857.0","-1.0","-1.0","-1.0","0.6","0.39","650.0","5.07","4.11","811.0","39.31","19.35","492.0","0.85","1.59","1871.0","3.43","1.39","405.0","2.0","0.83","415.0","-1.0","-1.0","-1.0","0.02","0.01","500.0","-1.0","-1.0","-1.0","0.25","0.33","1320.0","-1.0","-1.0","-1.0","6.55","4.15","634.0","0.05","0.37","7320.0","0.0","1.0","2.0","6.49","17.16","23.65","0.7","0.95","0.0"
"729","2016","8","Orissa","Bargarh","278.98","679.94","2437.0","0.02","0.03","1500.0","-1.0","-1.0","-1.0","-1.0","-1.0","-1.0","-1.0","-1.0","-1.0","-1.0","-1.0","-1.0","2.31","5.63","2437.0","-1.0","-1.0","-1.0","-1.0","-1.0","-1.0","0.07","0.05","714.0","2.8","2.38","850.0","83.18","38.04","457.0","19.98","28.7","1436.0","2.21","0.85","385.0","6.5","3.03","466.0","-1.0","-1.0","-1.0","-1.0","-1.0","-1.0","-1.0","-1.0","-1.0","0.35","0.36","1029.0","-1.0","-1.0","-1.0","29.04","32.94","1134.0","0.44","3.2","7275.0","2.0","5.0","2.0","9.68","12.43","22.11","0.9","0.88","0.0"
"729","2017","8","Orissa","Bargarh","297.36","311.94","1049.0","0.12","0.22","1833.0","-1.0","-1.0","-1.0","-1.0","-1.0","-1.0","-1.0","-1.0","-1.0","-1.0","-1.0","-1.0","2.31","5.72","2476.0","-1.0","-1.0","-1.0","-1.0","-1.0","-1.0","0.1","0.07","700.0","2.94","2.33","793.0","85.88","40.85","476.0","20.6","32.94","1599.0","2.1","0.87","414.0","7.0","3.05","436.0","-1.0","-1.0","-1.0","-1.0","-1.0","-1.0","-1.0","-1.0","-1.0","0.32","0.39","1219.0","-1.0","-1.0","-1.0","30.02","37.25","1241.0","0.48","3.68","7675.0","1.0","3.0","2.0","9.93","12.47","22.4","0.9","0.88","0.0"
"730","2016","8","Orissa","Deogarh","41.76","64.88","1554.0","0.05","0.08","1600.0","0.01","0.01","1000.0","-1.0","-1.0","-1.0","0.01","0.01","1000.0","-1.0","-1.0","-1.0","1.39","3.1","2230.0","0.02","0.01","500.0","-1.0","-1.0","-1.0","0.73","0.43","589.0","1.46","1.07","733.0","21.7","8.42","388.0","1.8","2.63","1461.0","11.42","4.73","414.0","1.88","0.82","436.0","-1.0","-1.0","-1.0","-1.0","-1.0","-1.0","-1.0","-1.0","-1.0","0.32","0.29","906.0","-1.0","-1.0","-1.0","15.42","8.47","549.0","0.18","1.14","6328.0","-1.0","-1.0","-1.0","6.78","9.76","16.54","0.5","0.86","0.0"
"730","2017","8","Orissa","Deogarh","46.81","85.78","1833.0","0.12","0.23","1917.0","0.01","0.01","1000.0","-1.0","-1.0","-1.0","0.01","0.01","1000.0","-1.0","-1.0","-1.0","1.5","3.18","2120.0","-1.0","-1.0","-1.0","-1.0","-1.0","-1.0","0.8","0.53","663.0","1.45","1.02","703.0","25.6","10.35","404.0","1.99","3.33","1673.0","11.39","4.65","408.0","3.0","1.26","420.0","-1.0","-1.0","-1.0","-1.0","-1.0","-1.0","-1.0","-1.0","-1.0","0.25","0.34","1360.0","-1.0","-1.0","-1.0","16.63","9.58","576.0","0.18","1.33","7400.0","-1.0","-1.0","-1.0","6.79","9.76","16.55","0.5","0.86","0.0"
"731","2016","8","Orissa","Jharsuguda","47.24","98.4","2083.0","0.06","0.1","1667.0","-1.0","-1.0","-1.0","-1.0","-1.0","-1.0","-1.0","-1.0","-1.0","-1.0","-1.0","-1.0","1.2","3.13","2608.0","0.02","0.01","500.0","-1.0","-1.0","-1.0","0.18","0.13","722.0","0.24","0.23","958.0","15.31","7.45","487.0","0.59","0.79","1339.0","4.37","1.67","382.0","1.34","0.58","433.0","-1.0","-1.0","-1.0","-1.0","-1.0","-1.0","-1.0","-1.0","-1.0","0.14","0.13","929.0","-1.0","-1.0","-1.0","6.44","3.17","492.0","0.24","1.78","7425.0","-1.0","-1.0","-1.0","5.25","6.03","11.28","0.35","0.42","0.0"
"731","2017","8","Orissa","Jharsuguda","48.21","76.9","1595.0","0.08","0.15","1875.0","-1.0","-1.0","-1.0","-1.0","-1.0","-1.0","-1.0","-1.0","-1.0","0.02","0.01","500.0","1.07","2.87","2682.0","0.05","0.04","800.0","-1.0","-1.0","-1.0","0.2","0.16","800.0","0.37","0.37","1000.0","16.53","8.73","528.0","0.68","1.0","1471.0","3.0","1.22","407.0","3.0","1.24","413.0","-1.0","-1.0","-1.0","-1.0","-1.0","-1.0","-1.0","-1.0","-1.0","0.17","0.23","1353.0","-1.0","-1.0","-1.0","6.85","3.69","539.0","0.35","2.7","7726.0","-1.0","-1.0","-1.0","5.27","6.04","11.31","0.35","0.42","0.0"
"732","2016","8","Orissa","Sonepur","134.6","446.68","3319.0","0.13","0.2","1538.0","-1.0","-1.0","-1.0","-1.0","-1.0","-1.0","-1.0","-1.0","-1.0","-1.0","-1.0","-1.0","0.5","1.24","2480.0","-1.0","-1.0","-1.0","-1.0","-1.0","-1.0","0.31","0.19","613.0","4.79","4.36","910.0","39.43","18.21","462.0","2.76","5.64","2043.0","1.27","0.51","402.0","2.91","1.22","419.0","-1.0","-1.0","-1.0","0.04","0.02","500.0","-1.0","-1.0","-1.0","0.08","0.09","1125.0","-1.0","-1.0","-1.0","7.06","7.48","1059.0","0.09","0.61","6789.0","3.0","9.0","2.0","7.73","21.62","29.35","0.14","1.27","0.0"
"732","2017","8","Orissa","Sonepur","128.12","300.5","2345.0","0.1","0.17","1700.0","-1.0","-1.0","-1.0","-1.0","-1.0","-1.0","-1.0","-1.0","-1.0","-1.0","-1.0","-1.0","0.68","1.98","2912.0","-1.0","-1.0","-1.0","-1.0","-1.0","-1.0","0.44","0.29","659.0","4.09","3.93","961.0","44.7","22.75","509.0","4.91","9.26","1886.0","1.37","0.54","394.0","3.0","1.31","437.0","-1.0","-1.0","-1.0","0.02","0.01","500.0","-1.0","-1.0","-1.0","0.16","0.2","1250.0","-1.0","-1.0","-1.0","9.46","11.32","1197.0","0.17","1.31","7682.0","3.0","8.0","2.0","7.73","21.63","29.36","0.13","1.27","0.0"
"801","2016","13","West Bengal","24 - Paraganas South","357.67","888.42","2484.0","0.1","0.3","3082.0","-1.0","-1.0","-1.0","-1.0","0.0","0.0","-1.0","-1.0","-1.0","-1.0","-1.0","-1.0","0.25","0.62","2512.0","-1.0","-1.0","-1.0","-1.0","-1.0","-1.0","0.42","0.36","871.0","0.5","0.62","1238.0","41.64","32.27","775.0","0.04","0.08","2200.0","2.9","2.45","844.0","6.38","5.02","787.0","-1.0","-1.0","-1.0","-1.0","-1.0","-1.0","0.34","0.2","604.0","4.88","6.01","1232.0","-1.0","-1.0","-1.0","-1.0","-1.0","-1.0","0.03","0.24","7367.0","0.0","0.0","571.0","12.16","82.4","94.56","3.94","-1.0","0.0"
"801","2017","13","West Bengal","24 - Paraganas South","380.35","1000.76","2631.0","1.58","3.16","1996.0","-1.0","-1.0","-1.0","-1.0","0.0","0.0","-1.0","-1.0","-1.0","-1.0","-1.0","-1.0","0.06","0.1","1800.0","-1.0","-1.0","-1.0","-1.0","-1.0","-1.0","0.03","0.04","1233.0","0.02","0.03","1667.0","55.63","39.25","705.0","0.08","0.18","2244.0","3.01","4.33","1438.0","2.3","2.06","897.0","-1.0","-1.0","-1.0","-1.0","-1.0","-1.0","0.05","0.01","222.0","5.05","5.91","1170.0","-1.0","-1.0","-1.0","-1.0","-1.0","-1.0","0.04","0.36","8751.0","0.0","0.0","886.0","12.42","81.38","93.8","2.44","-1.0","0.0"
"802","2016","13","West Bengal","24 - Paraganas North","224.33","665.87","2968.0","5.74","17.7","3086.0","-1.0","-1.0","-1.0","-1.0","0.0","0.0","-1.0","-1.0","-1.0","-1.0","-1.0","-1.0","0.45","1.34","2962.0","-1.0","-1.0","-1.0","-1.0","-1.0","-1.0","1.11","0.97","871.0","0.02","0.03","1227.0","16.05","13.4","835.0","2.46","5.02","2044.0","9.85","12.07","1225.0","49.9","60.38","1210.0","0.07","0.08","1095.0","-1.0","-1.0","-1.0","0.0","0.0","500.0","0.28","0.38","1339.0","-1.0","-1.0","-1.0","-1.0","-1.0","-1.0","1.94","14.32","7368.0","-1.0","-1.0","-1.0","22.54","81.65","104.19","8.6","-1.0","0.0"
"802","2017","13","West Bengal","24 - Paraganas North","225.79","689.93","3056.0","0.1","0.2","2000.0","-1.0","-1.0","-1.0","-1.0","0.0","0.0","-1.0","-1.0","-1.0","-1.0","-1.0","-1.0","0.41","1.09","2659.0","-1.0","-1.0","-1.0","-1.0","-1.0","-1.0","0.21","0.26","1243.0","0.03","0.04","1654.0","17.51","14.01","800.0","2.15","4.79","2226.0","12.48","16.56","1327.0","35.9","46.32","1290.0","-1.0","-1.0","-1.0","-1.0","-1.0","-1.0","0.17","0.04","220.0","0.22","0.34","1518.0","-1.0","-1.0","-1.0","-1.0","-1.0","-1.0","1.64","14.34","8751.0","-1.0","-1.0","-1.0","23.25","81.93","105.17","8.07","-1.0","0.0"
"803","2016","13","West Bengal","Nadia","226.16","733.95","3245.0","35.26","113.11","3208.0","-1.0","-1.0","-1.0","-1.0","0.0","0.0","-1.0","-1.0","-1.0","-1.0","-1.0","-1.0","4.66","12.09","2595.0","-1.0","-1.0","-1.0","0.16","0.24","1469.0","7.69","6.75","878.0","0.37","0.45","1238.0","52.86","43.93","831.0","5.8","11.09","1911.0","26.32","27.06","1028.0","71.22","85.33","1198.0","-1.0","-1.0","-1.0","-1.0","-1.0","-1.0","0.62","0.34","546.0","0.01","0.02","1545.0","-1.0","-1.0","-1.0","-1.0","-1.0","-1.0","2.69","19.81","7368.0","-1.0","-1.0","-1.0","22.76","91.35","114.1","5.66","-1.0","1.0"
"803","2017","13","West Bengal","Nadia","242.66","804.3","3315.0","-1.0","-1.0","-1.0","-1.0","-1.0","-1.0","-1.0","0.0","0.0","-1.0","-1.0","-1.0","-1.0","-1.0","-1.0","6.0","23.04","3842.0","-1.0","-1.0","-1.0","-1.0","-1.0","-1.0","3.46","4.18","1209.0","0.23","0.37","1649.0","61.87","55.36","895.0","4.47","8.23","1841.0","29.47","29.41","998.0","87.89","94.41","1074.0","-1.0","-1.0","-1.0","-1.0","-1.0","-1.0","0.19","0.04","219.0","0.01","0.02","1900.0","-1.0","-1.0","-1.0","-1.0","-1.0","-1.0","2.38","20.84","8751.0","-1.0","-1.0","-1.0","23.07","90.89","113.97","4.5","-1.0","1.0"
"804","2016","13","West Bengal","Murshidabad","375.29","1235.66","3293.0","106.15","279.81","2636.0","-1.0","-1.0","-1.0","-1.0","0.0","0.0","-1.0","-1.0","-1.0","-1.0","-1.0","-1.0","12.46","60.84","4882.0","-1.0","-1.0","-1.0","0.44","0.62","1421.0","6.92","6.35","918.0","0.14","0.24","1719.0","57.26","58.12","1015.0","0.27","0.86","3221.0","21.74","18.28","841.0","92.15","121.2","1315.0","-1.0","-1.0","-1.0","-1.0","-1.0","-1.0","0.38","0.08","204.0","0.09","0.1","1086.0","-1.0","-1.0","-1.0","-1.0","-1.0","-1.0","3.14","21.61","6881.0","-1.0","-1.0","-1.0","31.57","101.5","133.06","10.72","-1.0","1.0"
"804","2017","13","West Bengal","Murshidabad","367.54","1178.19","3206.0","0.06","0.19","3048.0","-1.0","-1.0","-1.0","-1.0","0.0","0.0","-1.0","-1.0","-1.0","-1.0","-1.0","-1.0","13.78","56.34","4089.0","-1.0","-1.0","-1.0","0.18","0.26","1431.0","8.94","13.69","1531.0","0.21","0.45","2148.0","85.62","88.55","1034.0","0.09","0.21","2465.0","23.0","19.79","861.0","129.26","167.34","1295.0","-1.0","-1.0","-1.0","-1.0","-1.0","-1.0","0.67","0.12","178.0","0.04","0.04","951.0","-1.0","-1.0","-1.0","-1.0","-1.0","-1.0","3.24","27.52","8485.0","-1.0","-1.0","-1.0","32.05","103.39","135.44","11.93","-1.0","1.0"
"805","2016","13","West Bengal","Burdwan","493.44","1514.45","3069.0","1.47","3.42","2323.0","-1.0","-1.0","-1.0","-1.0","0.0","0.0","-1.0","-1.0","-1.0","-1.0","-1.0","-1.0","0.68","1.47","2149.0","-1.0","-1.0","-1.0","-1.0","-1.0","-1.0","0.19","0.24","1260.0","0.08","0.1","1235.0","2.27","1.92","846.0","2.42","5.45","2251.0","17.36","15.48","892.0","23.29","22.9","983.0","0.01","0.01","714.0","-1.0","-1.0","-1.0","0.25","0.09","378.0","0.09","0.13","1440.0","0.02","0.01","800.0","-1.0","-1.0","-1.0","2.48","15.87","6409.0","-1.0","-1.0","-1.0","8.6","123.5","132.11","61.67","-1.0","0.0"
"805","2017","13","West Bengal","Burdwan","520.61","1597.43","3068.0","3.42","9.12","2668.0","-1.0","-1.0","-1.0","-1.0","0.0","0.0","-1.0","-1.0","-1.0","-1.0","-1.0","-1.0","0.12","0.26","2169.0","-1.0","-1.0","-1.0","-1.0","-1.0","-1.0","1.33","1.72","1295.0","0.11","0.18","1648.0","12.54","13.46","1073.0","2.16","5.77","2673.0","18.12","16.08","888.0","31.91","34.33","1076.0","0.01","0.01","750.0","-1.0","-1.0","-1.0","0.11","0.03","221.0","0.08","0.12","1405.0","-1.0","-1.0","-1.0","-1.0","-1.0","-1.0","2.03","12.93","6370.0","-1.0","-1.0","-1.0","7.95","114.44","122.38","64.07","-1.0","0.0"
"806","2016","13","West Bengal","Birbhum","401.63","1309.02","3259.0","29.35","81.05","2761.0","-1.0","-1.0","-1.0","-1.0","0.0","0.0","-1.0","-1.0","-1.0","-1.0","-1.0","-1.0","0.52","1.28","2469.0","-1.0","-1.0","-1.0","0.04","0.05","1371.0","7.68","9.96","1297.0","0.34","0.42","1237.0","19.13","17.89","935.0","0.1","0.11","1090.0","5.91","3.79","642.0","33.26","30.6","920.0","0.02","0.01","450.0","-1.0","-1.0","-1.0","0.19","0.07","381.0","0.07","0.07","957.0","0.04","0.02","558.0","-1.0","-1.0","-1.0","1.12","8.28","7409.0","-1.0","-1.0","-1.0","6.44","69.26","75.7","15.5","-1.0","1.0"
"806","2017","13","West Bengal","Birbhum","423.81","1376.11","3247.0","35.12","99.7","2839.0","-1.0","-1.0","-1.0","-1.0","0.0","0.0","-1.0","-1.0","-1.0","-1.0","-1.0","-1.0","1.18","2.62","2221.0","-1.0","-1.0","-1.0","0.01","0.01","1273.0","12.36","18.32","1482.0","0.85","1.4","1651.0","23.06","24.8","1075.0","0.09","0.19","2100.0","6.04","6.3","1044.0","32.86","31.97","973.0","0.01","0.01","846.0","-1.0","-1.0","-1.0","0.41","0.09","218.0","0.03","0.05","1394.0","0.04","0.02","550.0","-1.0","-1.0","-1.0","0.58","5.23","8977.0","-1.0","-1.0","-1.0","7.17","69.36","76.53","15.42","-1.0","1.0"
"807","2016","13","West Bengal","Bankura","376.63","1058.24","2810.0","3.96","10.52","2657.0","-1.0","-1.0","-1.0","-1.0","0.0","0.0","-1.0","-1.0","-1.0","-1.0","-1.0","-1.0","0.48","1.37","2876.0","-1.0","-1.0","-1.0","-1.0","-1.0","-1.0","0.07","0.07","1072.0","0.01","0.01","1091.0","1.19","1.0","836.0","1.0","1.47","1478.0","24.55","22.16","903.0","13.27","10.53","793.0","-1.0","-1.0","-1.0","-1.0","-1.0","-1.0","0.25","0.07","268.0","0.64","1.04","1616.0","-1.0","-1.0","-1.0","-1.0","-1.0","-1.0","0.04","0.25","6692.0","-1.0","-1.0","-1.0","8.16","86.73","94.89","31.08","-1.0","0.0"
"807","2017","13","West Bengal","Bankura","384.61","1081.48","2812.0","1.17","3.02","2584.0","-1.0","-1.0","-1.0","-1.0","0.0","0.0","-1.0","-1.0","-1.0","-1.0","-1.0","-1.0","0.73","1.83","2513.0","-1.0","-1.0","-1.0","-1.0","-1.0","-1.0","0.69","0.91","1321.0","0.07","0.12","1611.0","5.09","5.55","1090.0","1.27","2.4","1896.0","27.12","22.84","842.0","13.84","11.65","841.0","-1.0","-1.0","-1.0","-1.0","-1.0","-1.0","0.11","0.03","269.0","0.67","0.74","1101.0","-1.0","-1.0","-1.0","-1.0","-1.0","-1.0","0.02","0.18","10222.0","-1.0","-1.0","-1.0","8.82","86.85","95.67","30.8","-1.0","0.0"
"810","2016","13","West Bengal","Hooghly","266.97","837.1","3136.0","0.12","0.32","2700.0","-1.0","-1.0","-1.0","-1.0","0.0","0.0","-1.0","-1.0","-1.0","-1.0","-1.0","-1.0","0.24","0.48","2017.0","-1.0","-1.0","-1.0","-1.0","-1.0","-1.0","0.03","0.04","1258.0","0.1","0.13","1240.0","1.6","1.48","926.0","13.17","29.2","2217.0","36.59","37.66","1029.0","8.18","7.12","870.0","-1.0","-1.0","-1.0","-1.0","-1.0","-1.0","-1.0","-1.0","-1.0","0.04","0.06","1641.0","-1.0","-1.0","-1.0","-1.0","-1.0","-1.0","0.6","4.06","6719.0","-1.0","-1.0","-1.0","13.64","155.6","169.24","100.13","-1.0","0.0"
"810","2017","13","West Bengal","Hooghly","260.37","839.67","3225.0","0.46","1.12","2417.0","-1.0","-1.0","-1.0","-1.0","0.0","0.0","-1.0","-1.0","-1.0","-1.0","-1.0","-1.0","0.53","1.33","2517.0","-1.0","-1.0","-1.0","-1.0","-1.0","-1.0","0.11","0.16","1436.0","-1.0","-1.0","-1.0","5.55","6.39","1151.0","14.29","36.62","2563.0","39.88","45.6","1143.0","9.74","9.37","962.0","-1.0","-1.0","-1.0","-1.0","-1.0","-1.0","-1.0","-1.0","-1.0","0.01","0.02","1700.0","-1.0","-1.0","-1.0","-1.0","-1.0","-1.0","0.57","3.95","6938.0","-1.0","-1.0","-1.0","14.14","159.71","173.84","103.86","-1.0","0.0"
"811","2016","13","West Bengal","Howrah","115.8","299.34","2585.0","0.21","0.42","2014.0","-1.0","-1.0","-1.0","-1.0","0.0","0.0","-1.0","-1.0","-1.0","-1.0","-1.0","-1.0","0.09","0.12","1378.0","-1.0","-1.0","-1.0","-1.0","-1.0","-1.0","0.0","0.0","750.0","-1.0","-1.0","-1.0","2.24","2.01","900.0","4.89","10.89","2226.0","2.57","3.88","1508.0","1.4","0.79","566.0","-1.0","-1.0","-1.0","-1.0","-1.0","-1.0","-1.0","-1.0","-1.0","0.18","0.21","1133.0","-1.0","-1.0","-1.0","-1.0","-1.0","-1.0","0.18","1.36","7367.0","-1.0","-1.0","-1.0","2.61","22.26","24.86","6.53","-1.0","0.0"
"811","2017","13","West Bengal","Howrah","110.38","300.67","2724.0","0.16","0.28","1724.0","-1.0","-1.0","-1.0","-1.0","0.0","0.0","-1.0","-1.0","-1.0","-1.0","-1.0","-1.0","0.12","0.39","3252.0","-1.0","-1.0","-1.0","-1.0","-1.0","-1.0","0.01","0.01","1273.0","-1.0","-1.0","-1.0","3.46","3.66","1059.0","4.45","10.17","2284.0","2.84","3.3","1165.0","1.93","1.78","922.0","-1.0","-1.0","-1.0","-1.0","-1.0","-1.0","0.04","0.01","214.0","0.1","0.15","1413.0","-1.0","-1.0","-1.0","-1.0","-1.0","-1.0","0.11","0.95","8751.0","-1.0","-1.0","-1.0","2.74","21.8","24.54","5.82","-1.0","0.0"
"812","2016","13","West Bengal","Jalpaiguri","131.64","320.48","2435.0","9.44","15.74","1669.0","-1.0","-1.0","-1.0","-1.0","0.0","0.0","-1.0","-1.0","-1.0","-1.0","-1.0","-1.0","11.53","31.86","2764.0","0.02","0.02","810.0","0.01","0.01","1300.0","0.08","0.08","1013.0","-1.0","-1.0","-1.0","2.47","2.1","851.0","3.76","7.19","1914.0","0.98","0.66","667.0","2.59","1.76","678.0","0.06","0.09","1349.0","-1.0","-1.0","-1.0","0.26","0.11","402.0","0.1","0.13","1286.0","-1.0","-1.0","-1.0","-1.0","-1.0","-1.0","0.13","0.96","7368.0","-1.0","-1.0","-1.0","5.73","57.19","62.93","26.83","-1.0","0.0"
"812","2017","13","West Bengal","Jalpaiguri","134.34","336.41","2504.0","7.59","29.24","3850.0","-1.0","-1.0","-1.0","-1.0","0.0","0.0","-1.0","-1.0","-1.0","-1.0","-1.0","-1.0","6.51","19.19","2945.0","0.03","0.02","793.0","-1.0","-1.0","-1.0","0.09","0.13","1419.0","0.18","0.29","1651.0","5.85","4.25","726.0","3.75","7.45","1990.0","0.83","0.83","1002.0","5.45","4.95","908.0","0.06","0.06","1127.0","-1.0","-1.0","-1.0","0.28","0.06","217.0","0.06","0.06","1127.0","-1.0","-1.0","-1.0","-1.0","-1.0","-1.0","0.15","1.3","8751.0","-1.0","-1.0","-1.0","6.12","62.41","68.53","31.61","-1.0","0.0"
"813","2016","13","West Bengal","Darjeeling","27.3","60.2","2205.0","1.86","2.62","1411.0","-1.0","-1.0","-1.0","-1.0","0.0","0.0","-1.0","-1.0","-1.0","-1.0","-1.0","-1.0","6.7","15.27","2280.0","9.53","10.71","1124.0","0.51","0.72","1425.0","0.02","0.02","1000.0","0.02","0.03","1227.0","1.35","1.16","858.0","0.01","0.01","1714.0","0.21","0.16","744.0","0.38","0.19","504.0","-1.0","-1.0","-1.0","-1.0","-1.0","-1.0","0.12","0.05","400.0","0.01","0.01","1500.0","0.53","0.4","756.0","-1.0","-1.0","-1.0","0.01","0.07","7370.0","-1.0","-1.0","-1.0","12.37","30.58","42.95","6.28","-1.0","0.0"
"813","2017","13","West Bengal","Darjeeling","28.27","65.58","2320.0","0.43","1.3","3012.0","-1.0","-1.0","-1.0","-1.0","0.0","0.0","-1.0","-1.0","-1.0","-1.0","-1.0","-1.0","12.65","30.08","2377.0","-1.0","-1.0","-1.0","-1.0","-1.0","-1.0","0.02","0.02","1438.0","0.03","0.05","1655.0","1.27","0.81","643.0","0.02","0.05","2182.0","0.21","0.19","882.0","0.37","0.13","351.0","-1.0","-1.0","-1.0","-1.0","-1.0","-1.0","0.05","0.01","216.0","0.01","0.01","1571.0","0.22","0.17","800.0","-1.0","-1.0","-1.0","0.01","0.12","8750.0","-1.0","-1.0","-1.0","9.34","17.37","26.71","3.91","-1.0","0.0"
"814","2016","13","West Bengal","Malda","197.17","670.65","3401.0","47.24","145.98","3090.0","-1.0","-1.0","-1.0","-1.0","0.0","0.0","-1.0","-1.0","-1.0","-1.0","-1.0","-1.0","19.92","97.47","4893.0","-1.0","-1.0","-1.0","1.38","1.95","1412.0","3.68","3.41","929.0","0.2","0.34","1755.0","22.29","19.94","895.0","0.31","0.31","994.0","0.41","0.31","743.0","37.83","44.38","1173.0","-1.0","-1.0","-1.0","-1.0","-1.0","-1.0","0.89","0.28","315.0","-1.0","-1.0","-1.0","-1.0","-1.0","-1.0","-1.0","-1.0","-1.0","2.64","27.15","10300.0","-1.0","-1.0","-1.0","35.35","64.12","99.47","5.4","-1.0","0.0"
"814","2017","13","West Bengal","Malda","213.93","629.95","2945.0","9.68","31.46","3249.0","-1.0","-1.0","-1.0","-1.0","0.0","0.0","-1.0","-1.0","-1.0","-1.0","-1.0","-1.0","36.68","284.53","7758.0","-1.0","-1.0","-1.0","0.21","0.29","1417.0","0.55","0.53","971.0","0.21","0.5","2400.0","23.66","24.22","1024.0","0.15","0.44","2946.0","0.28","0.23","838.0","46.46","58.9","1268.0","-1.0","-1.0","-1.0","-1.0","-1.0","-1.0","0.1","0.02","186.0","-1.0","-1.0","-1.0","-1.0","-1.0","-1.0","-1.0","-1.0","-1.0","2.82","28.03","9954.0","-1.0","-1.0","-1.0","35.44","67.76","103.2","8.94","-1.0","0.0"
"815","2016","13","West Bengal","Kalimpong","4.78","9.09","1903.0","0.21","0.37","1763.0","-1.0","-1.0","-1.0","-1.0","0.0","0.0","-1.0","-1.0","-1.0","-1.0","-1.0","-1.0","12.01","24.84","2068.0","-1.0","-1.0","-1.0","-1.0","-1.0","-1.0","-1.0","-1.0","-1.0","-1.0","-1.0","-1.0","0.06","0.06","1125.0","-1.0","-1.0","-1.0","-1.0","-1.0","-1.0","0.1","0.06","592.0","-1.0","-1.0","-1.0","-1.0","-1.0","-1.0","-1.0","-1.0","-1.0","-1.0","-1.0","-1.0","-1.0","-1.0","-1.0","-1.0","-1.0","-1.0","-1.0","-1.0","-1.0","-1.0","-1.0","-1.0","-1.0","-1.0","-1.0","1.38","-1.0","-1.0"
"815","2017","13","West Bengal","Kalimpong","4.82","9.3","1927.0","0.22","0.65","3009.0","-1.0","-1.0","-1.0","-1.0","0.0","0.0","-1.0","-1.0","-1.0","-1.0","-1.0","-1.0","22.46","41.16","1832.0","3.33","3.33","1000.0","0.03","0.04","1400.0","-1.0","-1.0","-1.0","-1.0","-1.0","-1.0","0.08","0.07","864.0","-1.0","-1.0","-1.0","-1.0","-1.0","-1.0","0.11","0.07","611.0","-1.0","-1.0","-1.0","-1.0","-1.0","-1.0","-1.0","-1.0","-1.0","0.0","0.0","1000.0","0.14","0.19","1301.0","-1.0","-1.0","-1.0","-1.0","-1.0","-1.0","-1.0","-1.0","-1.0","0.0","-1.0","-1.0","0.33","-1.0","0.0"
"816","2016","13","West Bengal","Cooch Behar","270.75","705.71","2606.0","8.4","12.66","1507.0","-1.0","-1.0","-1.0","-1.0","0.0","0.0","-1.0","-1.0","-1.0","0.11","0.03","254.0","20.84","119.67","5743.0","0.03","0.02","800.0","-1.0","-1.0","-1.0","-1.0","-1.0","-1.0","-1.0","-1.0","-1.0","5.99","4.61","770.0","0.59","0.54","909.0","0.73","0.52","713.0","10.46","7.12","680.0","-1.0","-1.0","-1.0","-1.0","-1.0","-1.0","1.02","0.41","400.0","-1.0","-1.0","-1.0","-1.0","-1.0","-1.0","-1.0","-1.0","-1.0","0.05","0.38","7367.0","-1.0","-1.0","-1.0","6.75","90.23","96.98","35.09","-1.0","0.0"
"816","2017","13","West Bengal","Cooch Behar","273.05","745.2","2729.0","7.4","22.29","3011.0","-1.0","-1.0","-1.0","-1.0","0.0","0.0","-1.0","-1.0","-1.0","-1.0","-1.0","-1.0","24.38","149.62","6136.0","-1.0","-1.0","-1.0","-1.0","-1.0","-1.0","-1.0","-1.0","-1.0","-1.0","-1.0","-1.0","12.12","9.09","750.0","0.29","1.04","3600.0","0.55","0.4","720.0","33.36","26.12","783.0","-1.0","-1.0","-1.0","-1.0","-1.0","-1.0","1.05","0.23","218.0","-1.0","-1.0","-1.0","-1.0","-1.0","-1.0","-1.0","-1.0","-1.0","0.06","0.5","8751.0","-1.0","-1.0","-1.0","6.93","87.88","94.81","32.33","-1.0","0.0"
"817","2016","13","West Bengal","Purulia","276.82","649.82","2347.0","1.37","2.42","1768.0","0.03","0.01","385.0","-1.0","0.0","0.0","0.03","0.01","385.0","0.05","0.02","377.0","8.45","21.91","2593.0","0.1","0.04","404.0","-1.0","-1.0","-1.0","0.04","0.04","1077.0","0.65","0.73","1124.0","16.42","7.27","443.0","0.83","0.89","1077.0","1.37","1.16","846.0","1.41","1.13","799.0","0.05","0.04","692.0","-1.0","-1.0","-1.0","0.59","0.17","297.0","0.05","0.05","900.0","0.02","0.01","389.0","-1.0","-1.0","-1.0","0.45","2.81","6292.0","-1.0","-1.0","-1.0","5.86","37.76","43.62","1.48","-1.0","0.0"
"817","2017","13","West Bengal","Purulia","273.17","751.47","2751.0","1.05","2.15","2039.0","0.01","0.0","500.0","-1.0","0.0","0.0","0.01","0.0","500.0","0.03","0.01","400.0","10.46","17.29","1653.0","0.01","0.0","400.0","-1.0","-1.0","-1.0","0.53","0.61","1152.0","0.27","0.31","1144.0","26.58","13.67","515.0","1.0","1.26","1258.0","1.16","0.88","765.0","4.67","4.13","884.0","0.03","0.02","800.0","-1.0","-1.0","-1.0","0.37","0.08","219.0","0.01","0.01","909.0","-1.0","-1.0","-1.0","-1.0","-1.0","-1.0","0.47","7.31","15419.0","-1.0","-1.0","-1.0","6.55","38.0","44.55","1.45","-1.0","0.0"
"819","2016","13","West Bengal","Uttar Dinajpur","221.74","604.1","2724.0","44.56","105.86","2376.0","-1.0","-1.0","-1.0","-1.0","0.0","0.0","-1.0","-1.0","-1.0","-1.0","-1.0","-1.0","56.6","328.4","5803.0","0.19","0.16","825.0","0.02","0.03","1611.0","0.07","0.07","917.0","-1.0","-1.0","-1.0","4.8","4.0","833.0","0.23","0.56","2431.0","1.33","0.8","603.0","61.05","49.19","806.0","-1.0","-1.0","-1.0","-1.0","-1.0","-1.0","0.96","0.3","316.0","0.02","0.03","1167.0","-1.0","-1.0","-1.0","-1.0","-1.0","-1.0","0.83","7.0","8441.0","-1.0","-1.0","-1.0","10.73","46.3","57.03","9.39","-1.0","0.0"
"819","2017","13","West Bengal","Uttar Dinajpur","229.13","524.01","2287.0","19.85","57.5","2896.0","-1.0","-1.0","-1.0","-1.0","0.0","0.0","-1.0","-1.0","-1.0","-1.0","-1.0","-1.0","80.6","636.94","7902.0","-1.0","-1.0","-1.0","-1.0","-1.0","-1.0","0.42","0.62","1472.0","-1.0","-1.0","-1.0","9.48","7.6","802.0","0.22","0.42","1972.0","1.42","0.78","545.0","68.57","92.93","1355.0","-1.0","-1.0","-1.0","-1.0","-1.0","-1.0","0.87","0.16","189.0","0.04","0.03","690.0","-1.0","-1.0","-1.0","-1.0","-1.0","-1.0","1.08","9.92","9168.0","-1.0","-1.0","-1.0","10.88","48.16","59.04","11.29","-1.0","0.0"
"820","2016","13","West Bengal","Dakshin Dinajpur","181.01","537.65","2970.0","13.68","43.76","3198.0","-1.0","-1.0","-1.0","-1.0","0.0","0.0","-1.0","-1.0","-1.0","-1.0","-1.0","-1.0","2.35","11.01","4679.0","-1.0","-1.0","-1.0","-1.0","-1.0","-1.0","0.05","0.04","933.0","-1.0","-1.0","-1.0","0.91","0.48","531.0","0.03","0.07","2517.0","0.02","0.01","813.0","25.74","30.78","1196.0","0.0","0.0","1000.0","-1.0","-1.0","-1.0","0.23","0.07","316.0","0.02","0.02","1000.0","-1.0","-1.0","-1.0","-1.0","-1.0","-1.0","-1.0","-1.0","-1.0","-1.0","-1.0","-1.0","4.8","49.61","54.4","5.26","-1.0","0.0"
"820","2017","13","West Bengal","Dakshin Dinajpur","188.84","558.15","2956.0","24.59","91.73","3731.0","-1.0","-1.0","-1.0","-1.0","0.0","0.0","-1.0","-1.0","-1.0","-1.0","-1.0","-1.0","2.36","11.74","4969.0","-1.0","-1.0","-1.0","-1.0","-1.0","-1.0","0.32","0.47","1472.0","-1.0","-1.0","-1.0","23.63","16.11","682.0","0.03","0.1","2941.0","0.02","0.02","833.0","88.03","132.16","1501.0","-1.0","-1.0","-1.0","-1.0","-1.0","-1.0","0.08","0.01","184.0","0.02","0.02","800.0","-1.0","-1.0","-1.0","-1.0","-1.0","-1.0","-1.0","-1.0","-1.0","-1.0","-1.0","-1.0","5.21","49.52","54.73","5.27","-1.0","0.0"
"821","2016","13","West Bengal","Kolkata","-1.0","-1.0","-1.0","-1.0","-1.0","-1.0","-1.0","-1.0","-1.0","-1.0","-1.0","-1.0","-1.0","-1.0","-1.0","-1.0","-1.0","-1.0","-1.0","-1.0","-1.0","-1.0","-1.0","-1.0","-1.0","-1.0","-1.0","-1.0","-1.0","-1.0","-1.0","-1.0","-1.0","-1.0","-1.0","-1.0","-1.0","-1.0","-1.0","-1.0","-1.0","-1.0","-1.0","-1.0","-1.0","-1.0","-1.0","-1.0","-1.0","-1.0","-1.0","-1.0","-1.0","-1.0","-1.0","-1.0","-1.0","-1.0","-1.0","-1.0","-1.0","-1.0","-1.0","-1.0","-1.0","-1.0","-1.0","-1.0","-1.0","-1.0","-1.0","-1.0","-1.0","-1.0","-1.0"
"821","2017","13","West Bengal","Kolkata","-1.0","-1.0","-1.0","-1.0","-1.0","-1.0","-1.0","-1.0","-1.0","-1.0","-1.0","-1.0","-1.0","-1.0","-1.0","-1.0","-1.0","-1.0","-1.0","-1.0","-1.0","-1.0","-1.0","-1.0","-1.0","-1.0","-1.0","-1.0","-1.0","-1.0","-1.0","-1.0","-1.0","-1.0","-1.0","-1.0","-1.0","-1.0","-1.0","-1.0","-1.0","-1.0","-1.0","-1.0","-1.0","-1.0","-1.0","-1.0","-1.0","-1.0","-1.0","-1.0","-1.0","-1.0","-1.0","-1.0","-1.0","-1.0","-1.0","-1.0","-1.0","-1.0","-1.0","-1.0","-1.0","-1.0","-1.0","-1.0","-1.0","-1.0","-1.0","-1.0","-1.0","-1.0","-1.0"
"823","2016","13","West Bengal","East Midnapore Purba Midnapore","407.87","1102.47","2703.0","0.5","1.16","2313.0","-1.0","-1.0","-1.0","-1.0","0.0","0.0","-1.0","-1.0","-1.0","-1.0","-1.0","-1.0","0.1","0.15","1535.0","-1.0","-1.0","-1.0","-1.0","-1.0","-1.0","-1.0","-1.0","-1.0","-1.0","-1.0","-1.0","16.11","21.93","1361.0","17.76","60.7","3417.0","0.29","0.29","986.0","1.82","1.66","911.0","-1.0","-1.0","-1.0","-1.0","-1.0","-1.0","-1.0","-1.0","-1.0","0.36","0.64","1784.0","-1.0","-1.0","-1.0","-1.0","-1.0","-1.0","-1.0","-1.0","-1.0","-1.0","-1.0","-1.0","9.29","46.57","55.86","2.8","-1.0","0.0"
"823","2017","13","West Bengal","East Midnapore Purba Midnapore","401.03","1130.45","2819.0","0.01","0.01","2400.0","-1.0","-1.0","-1.0","-1.0","0.0","0.0","-1.0","-1.0","-1.0","-1.0","-1.0","-1.0","0.12","0.19","1608.0","-1.0","-1.0","-1.0","-1.0","-1.0","-1.0","-1.0","-1.0","-1.0","-1.0","-1.0","-1.0","14.58","16.77","1150.0","14.89","70.66","4745.0","0.31","0.31","975.0","2.68","2.86","1068.0","-1.0","-1.0","-1.0","-1.0","-1.0","-1.0","-1.0","-1.0","-1.0","0.62","1.02","1661.0","-1.0","-1.0","-1.0","-1.0","-1.0","-1.0","-1.0","-1.0","-1.0","-1.0","-1.0","-1.0","9.41","47.11","56.53","2.88","-1.0","0.0"
"824","2016","13","West Bengal","West Midnapore","580.47","1750.25","3015.0","3.51","6.51","1855.0","-1.0","-1.0","-1.0","-1.0","0.0","0.0","-1.0","-1.0","-1.0","-1.0","-1.0","-1.0","1.6","4.14","2585.0","-1.0","-1.0","-1.0","-1.0","-1.0","-1.0","0.02","0.02","1056.0","0.05","0.05","1128.0","5.52","5.29","958.0","11.86","21.46","1810.0","74.48","64.68","868.0","12.38","9.74","786.0","0.28","0.22","789.0","0.06","0.04","629.0","0.03","0.01","276.0","0.39","0.61","1579.0","-1.0","-1.0","-1.0","-1.0","-1.0","-1.0","3.29","21.97","6681.0","-1.0","-1.0","-1.0","12.67","124.19","136.87","63.32","-1.0","0.0"
"824","2017","13","West Bengal","West Midnapore","569.92","1871.33","3283.0","0.18","0.49","2700.0","-1.0","-1.0","-1.0","-1.0","0.0","0.0","-1.0","-1.0","-1.0","-1.0","-1.0","-1.0","0.99","3.06","3102.0","-1.0","-1.0","-1.0","-1.0","-1.0","-1.0","0.09","0.12","1330.0","0.42","0.5","1205.0","6.4","6.76","1057.0","13.84","27.42","1982.0","72.27","65.08","901.0","10.25","9.59","936.0","-1.0","-1.0","-1.0","-1.0","-1.0","-1.0","0.02","0.01","263.0","0.16","0.18","1086.0","-1.0","-1.0","-1.0","-1.0","-1.0","-1.0","2.83","28.91","10221.0","-1.0","-1.0","-1.0","8.89","113.03","121.92","70.34","-1.0","0.0"
"902","2016","2","Bihar","Muzaffarpur","124.09","169.91","1369.0","92.18","257.33","2792.0","-1.0","-1.0","-1.0","-1.0","0.0","0.0","-1.0","-1.0","-1.0","-1.0","-1.0","-1.0","31.38","56.62","1804.0","0.02","0.02","727.0","0.32","0.47","1481.0","0.13","0.15","1119.0","0.54","1.3","2412.0","26.78","11.17","417.0","-1.0","-1.0","-1.0","0.03","0.03","867.0","4.79","3.78","789.0","0.0","0.0","1000.0","-1.0","-1.0","-1.0","0.05","0.05","870.0","0.01","0.01","1500.0","-1.0","-1.0","-1.0","-1.0","-1.0","-1.0","1.27","4.63","3655.0","-1.0","-1.0","-1.0","5.35","10.37","15.72","5.36","0.12","0.0"
"902","2017","2","Bihar","Muzaffarpur","122.74","162.92","1327.0","91.87","258.18","2810.0","-1.0","-1.0","-1.0","-1.0","0.0","0.0","-1.0","-1.0","-1.0","-1.0","-1.0","-1.0","35.04","54.02","1542.0","0.0","0.0","1000.0","0.29","0.46","1587.0","0.12","0.14","1156.0","0.49","0.86","1740.0","27.1","14.74","544.0","-1.0","-1.0","-1.0","0.01","0.01","857.0","4.88","5.21","1067.0","-1.0","-1.0","-1.0","-1.0","-1.0","-1.0","0.05","0.04","844.0","0.0","0.0","1500.0","-1.0","-1.0","-1.0","-1.0","-1.0","-1.0","1.27","4.48","3532.0","-1.0","-1.0","-1.0","5.07","9.73","14.8","5.33","0.12","0.0"
"903","2016","2","Bihar","Darbhanga","78.61","144.4","1837.0","59.88","150.01","2505.0","-1.0","-1.0","-1.0","-1.0","0.0","0.0","-1.0","-1.0","-1.0","-1.0","-1.0","-1.0","14.36","101.96","7100.0","0.59","0.4","676.0","0.02","0.02","1533.0","0.05","0.05","1130.0","0.24","0.25","1029.0","11.21","8.57","764.0","-1.0","-1.0","-1.0","-1.0","-1.0","-1.0","2.05","1.28","625.0","0.1","0.08","810.0","-1.0","-1.0","-1.0","0.03","0.02","880.0","0.02","0.03","1455.0","-1.0","-1.0","-1.0","-1.0","-1.0","-1.0","2.23","12.82","5758.0","-1.0","-1.0","-1.0","4.8","3.96","8.76","2.74","0.08","0.0"
"903","2017","2","Bihar","Darbhanga","78.57","135.76","1728.0","57.92","173.99","3004.0","-1.0","-1.0","-1.0","-1.0","0.0","0.0","-1.0","-1.0","-1.0","-1.0","-1.0","-1.0","9.38","34.47","3675.0","0.59","1.09","1855.0","0.02","0.02","1600.0","0.05","0.05","1156.0","0.24","0.13","556.0","11.83","8.98","759.0","-1.0","-1.0","-1.0","-1.0","-1.0","-1.0","2.04","1.7","832.0","0.1","0.08","814.0","-1.0","-1.0","-1.0","0.03","0.02","840.0","-1.0","-1.0","-1.0","-1.0","-1.0","-1.0","-1.0","-1.0","-1.0","2.24","13.27","5928.0","-1.0","-1.0","-1.0","4.38","4.42","8.79","3.17","0.08","0.0"
"904","2016","2","Bihar","Saharsa","78.69","135.79","1726.0","49.76","133.0","2673.0","-1.0","-1.0","-1.0","-1.0","0.0","0.0","-1.0","-1.0","-1.0","-1.0","-1.0","-1.0","29.68","165.1","5564.0","0.47","0.67","1436.0","0.06","0.09","1508.0","-1.0","-1.0","-1.0","-1.0","-1.0","-1.0","20.23","15.35","759.0","-1.0","-1.0","-1.0","0.0","0.0","1000.0","1.48","0.73","494.0","-1.0","-1.0","-1.0","-1.0","-1.0","-1.0","0.2","0.17","833.0","0.07","0.1","1431.0","-1.0","-1.0","-1.0","-1.0","-1.0","-1.0","0.17","0.92","5534.0","-1.0","-1.0","-1.0","1.05","2.88","3.93","1.57","0.32","0.0"
"904","2017","2","Bihar","Saharsa","67.54","120.25","1780.0","49.38","140.53","2846.0","-1.0","-1.0","-1.0","-1.0","0.0","0.0","-1.0","-1.0","-1.0","-1.0","-1.0","-1.0","26.14","134.49","5145.0","0.45","0.42","940.0","0.05","0.07","1578.0","-1.0","-1.0","-1.0","-1.0","-1.0","-1.0","20.1","12.73","633.0","-1.0","-1.0","-1.0","0.0","0.0","1000.0","1.5","1.39","921.0","-1.0","-1.0","-1.0","-1.0","-1.0","-1.0","0.2","0.17","852.0","0.08","0.11","1427.0","-1.0","-1.0","-1.0","-1.0","-1.0","-1.0","0.15","0.87","5932.0","-1.0","-1.0","-1.0","1.06","2.64","3.69","1.55","0.32","0.0"
"905","2016","2","Bihar","Purnea","120.95","276.75","2288.0","35.39","85.96","2429.0","-1.0","-1.0","-1.0","-1.0","0.0","0.0","-1.0","-1.0","-1.0","-1.0","-1.0","-1.0","36.93","285.54","7731.0","-1.0","-1.0","-1.0","-1.0","-1.0","-1.0","0.03","0.03","1115.0","0.11","0.18","1580.0","6.74","6.9","1024.0","-1.0","-1.0","-1.0","0.04","0.04","878.0","0.82","1.82","2215.0","-1.0","-1.0","-1.0","-1.0","-1.0","-1.0","0.24","0.2","831.0","1.7","2.49","1463.0","-1.0","-1.0","-1.0","-1.0","-1.0","-1.0","0.03","0.16","5369.0","-1.0","-1.0","-1.0","3.28","15.4","18.68","11.23","0.14","0.0"
"905","2017","2","Bihar","Purnea","111.0","217.59","1960.0","19.78","48.7","2462.0","-1.0","-1.0","-1.0","-1.0","0.0","0.0","-1.0","-1.0","-1.0","-1.0","-1.0","-1.0","30.53","205.7","6738.0","-1.0","-1.0","-1.0","-1.0","-1.0","-1.0","-1.0","-1.0","-1.0","0.11","0.16","1552.0","5.34","2.42","454.0","-1.0","-1.0","-1.0","0.03","0.02","885.0","0.22","0.24","1093.0","-1.0","-1.0","-1.0","-1.0","-1.0","-1.0","0.37","0.31","851.0","0.33","0.49","1464.0","-1.0","-1.0","-1.0","-1.0","-1.0","-1.0","0.04","0.22","5908.0","-1.0","-1.0","-1.0","0.87","12.37","13.25","8.98","0.15","0.0"
"906","2016","2","Bihar","Saran","76.45","151.59","1983.0","89.82","312.71","3482.0","-1.0","-1.0","-1.0","-1.0","0.0","0.0","-1.0","-1.0","-1.0","-1.0","-1.0","-1.0","24.99","109.42","4378.0","0.3","0.31","1020.0","-1.0","-1.0","-1.0","-1.0","-1.0","-1.0","0.57","0.81","1438.0","2.25","1.43","637.0","-1.0","-1.0","-1.0","-1.0","-1.0","-1.0","2.91","4.75","1633.0","-1.0","-1.0","-1.0","-1.0","-1.0","-1.0","-1.0","-1.0","-1.0","-1.0","-1.0","-1.0","-1.0","-1.0","-1.0","-1.0","-1.0","-1.0","0.65","3.42","5287.0","-1.0","-1.0","-1.0","1.66","14.91","16.58","4.63","0.14","0.0"
"906","2017","2","Bihar","Saran","62.39","116.16","1862.0","77.6","243.27","3135.0","-1.0","-1.0","-1.0","-1.0","0.0","0.0","-1.0","-1.0","-1.0","-1.0","-1.0","-1.0","26.89","84.14","3129.0","0.39","0.41","1056.0","0.02","0.03","1571.0","0.0","0.0","1000.0","0.43","0.81","1888.0","2.07","1.71","828.0","-1.0","-1.0","-1.0","-1.0","-1.0","-1.0","3.64","5.16","1419.0","-1.0","-1.0","-1.0","-1.0","-1.0","-1.0","-1.0","-1.0","-1.0","-1.0","-1.0","-1.0","-1.0","-1.0","-1.0","-1.0","-1.0","-1.0","0.34","1.78","5313.0","-1.0","-1.0","-1.0","2.34","15.26","17.6","4.75","0.13","0.0"
"907","2016","2","Bihar","Patna","61.36","184.61","3009.0","60.44","200.79","3322.0","0.13","0.14","1063.0","-1.0","0.0","0.0","0.13","0.14","1063.0","-1.0","-1.0","-1.0","6.34","13.91","2194.0","0.02","0.01","722.0","0.17","0.29","1657.0","6.32","8.19","1295.0","0.69","0.87","1258.0","39.81","48.85","1227.0","-1.0","-1.0","-1.0","0.01","0.0","800.0","3.16","4.42","1397.0","-1.0","-1.0","-1.0","-1.0","-1.0","-1.0","0.25","0.21","833.0","0.02","0.03","1500.0","-1.0","-1.0","-1.0","-1.0","-1.0","-1.0","0.12","0.67","5675.0","-1.0","-1.0","-1.0","0.14","16.09","16.23","3.33","1.37","3.0"
"907","2017","2","Bihar","Patna","72.1","216.66","3005.0","68.18","246.7","3618.0","0.01","0.01","1111.0","-1.0","0.0","0.0","0.01","0.01","1111.0","0.01","0.02","1143.0","5.56","24.58","4418.0","-1.0","-1.0","-1.0","0.1","0.18","1740.0","8.74","10.42","1193.0","0.94","2.12","2260.0","37.23","57.38","1541.0","-1.0","-1.0","-1.0","-1.0","-1.0","-1.0","3.81","4.42","1161.0","-1.0","-1.0","-1.0","-1.0","-1.0","-1.0","0.11","0.1","858.0","0.03","0.04","1448.0","-1.0","-1.0","-1.0","-1.0","-1.0","-1.0","0.11","0.67","6068.0","-1.0","-1.0","-1.0","0.06","16.59","16.65","5.43","1.14","3.0"
"908","2016","2","Bihar","Mungair","27.18","84.52","3109.0","13.89","34.32","2470.0","-1.0","-1.0","-1.0","-1.0","0.0","0.0","-1.0","-1.0","-1.0","-1.0","-1.0","-1.0","2.19","4.3","1962.0","-1.0","-1.0","-1.0","-1.0","-1.0","-1.0","0.86","0.99","1163.0","0.05","0.08","1667.0","1.37","1.48","1077.0","-1.0","-1.0","-1.0","-1.0","-1.0","-1.0","0.5","0.48","964.0","-1.0","-1.0","-1.0","-1.0","-1.0","-1.0","0.14","0.11","775.0","-1.0","-1.0","-1.0","-1.0","-1.0","-1.0","-1.0","-1.0","-1.0","0.08","0.46","5725.0","-1.0","-1.0","-1.0","0.19","1.86","2.05","0.55","0.02","0.0"
"908","2017","2","Bihar","Mungair","27.18","76.67","2821.0","13.89","38.83","2795.0","-1.0","-1.0","-1.0","-1.0","0.0","0.0","-1.0","-1.0","-1.0","-1.0","-1.0","-1.0","2.2","6.61","3002.0","-1.0","-1.0","-1.0","-1.0","-1.0","-1.0","0.86","0.91","1062.0","0.05","0.05","1044.0","1.4","1.3","928.0","-1.0","-1.0","-1.0","-1.0","-1.0","-1.0","0.5","0.61","1223.0","-1.0","-1.0","-1.0","-1.0","-1.0","-1.0","0.13","0.11","850.0","-1.0","-1.0","-1.0","-1.0","-1.0","-1.0","-1.0","-1.0","-1.0","0.09","0.52","5680.0","-1.0","-1.0","-1.0","0.32","1.96","2.28","0.55","0.02","0.0"
"909","2016","2","Bihar","Bhagalpur","32.0","74.22","2319.0","48.35","163.6","3384.0","0.01","0.01","1100.0","-1.0","0.0","0.0","0.01","0.01","1100.0","-1.0","-1.0","-1.0","40.7","138.49","3403.0","-1.0","-1.0","-1.0","1.25","0.95","761.0","2.29","1.89","826.0","0.52","0.99","1923.0","9.57","7.15","747.0","-1.0","-1.0","-1.0","0.01","0.01","846.0","2.38","2.57","1081.0","-1.0","-1.0","-1.0","0.01","0.01","1000.0","0.56","0.47","833.0","0.16","0.24","1484.0","-1.0","-1.0","-1.0","-1.0","-1.0","-1.0","5.91","32.8","5552.0","-1.0","-1.0","-1.0","1.97","6.97","8.93","2.59","0.24","0.0"
"909","2017","2","Bihar","Bhagalpur","33.69","115.95","3442.0","47.5","156.47","3294.0","0.01","0.01","1125.0","-1.0","0.0","0.0","0.01","0.01","1125.0","0.01","0.01","1100.0","38.91","179.46","4613.0","-1.0","-1.0","-1.0","1.21","0.82","675.0","2.28","1.46","638.0","0.5","0.62","1244.0","9.27","7.29","786.0","-1.0","-1.0","-1.0","0.01","0.01","909.0","1.82","1.45","795.0","-1.0","-1.0","-1.0","0.01","0.01","1000.0","0.85","0.72","851.0","0.16","0.23","1463.0","-1.0","-1.0","-1.0","-1.0","-1.0","-1.0","1.77","9.73","5510.0","-1.0","-1.0","-1.0","1.99","8.46","10.45","4.41","0.25","0.0"
"910","2016","15","Jharkhand","Santhal Paragana Dumka","62.25","174.76","2807.0","3.31","7.78","2352.0","-1.0","-1.0","-1.0","-1.0","0.0","0.0","-1.0","-1.0","-1.0","-1.0","-1.0","-1.0","8.71","30.45","3496.0","0.03","0.03","1160.0","-1.0","-1.0","-1.0","0.53","0.74","1391.0","0.54","1.03","1917.0","0.0","0.0","2000.0","-1.0","-1.0","-1.0","-1.0","-1.0","-1.0","1.07","0.83","776.0","-1.0","-1.0","-1.0","-1.0","-1.0","-1.0","-1.0","-1.0","-1.0","-1.0","-1.0","-1.0","-1.0","-1.0","-1.0","-1.0","-1.0","-1.0","-1.0","-1.0","-1.0","-1.0","-1.0","-1.0","0.0","3.83","3.83","1.65","0.01","0.0"
"910","2017","15","Jharkhand","Santhal Paragana Dumka","109.87","230.73","2100.0","-1.0","-1.0","-1.0","0.15","0.1","667.0","-1.0","0.0","0.0","0.15","0.1","667.0","0.04","0.03","762.0","22.42","66.81","2980.0","1.69","1.21","715.0","-1.0","-1.0","-1.0","14.85","20.55","1384.0","15.82","12.1","765.0","-1.0","-1.0","-1.0","1.09","0.86","789.0","2.63","1.37","521.0","18.12","11.78","650.0","0.08","0.05","580.0","0.0","0.0","500.0","1.36","0.96","700.0","0.1","0.02","230.0","0.28","0.2","687.0","-1.0","-1.0","-1.0","-1.0","-1.0","-1.0","-1.0","-1.0","-1.0","-1.0","-1.0","-1.0","-1.0","-1.0","-1.0"
"912","2016","2","Bihar","Gaya","98.65","327.85","3323.0","71.95","199.49","2773.0","-1.0","-1.0","-1.0","-1.0","0.0","0.0","-1.0","-1.0","-1.0","-1.0","-1.0","-1.0","4.39","13.71","3124.0","0.12","0.09","724.0","0.67","1.01","1515.0","4.88","5.93","1214.0","1.64","2.64","1610.0","13.05","13.14","1007.0","0.1","0.1","980.0","0.13","0.11","866.0","1.15","1.33","1159.0","-1.0","-1.0","-1.0","-1.0","-1.0","-1.0","0.94","0.78","834.0","-1.0","-1.0","-1.0","-1.0","-1.0","-1.0","-1.0","-1.0","-1.0","0.19","1.31","6839.0","-1.0","-1.0","-1.0","0.14","16.73","16.87","7.3","0.67","0.0"
"912","2017","2","Bihar","Gaya","100.02","342.28","3422.0","71.95","231.67","3220.0","-1.0","-1.0","-1.0","-1.0","0.0","0.0","-1.0","-1.0","-1.0","-1.0","-1.0","-1.0","2.88","8.82","3057.0","0.09","0.09","989.0","0.68","0.93","1356.0","4.89","7.02","1437.0","1.53","1.64","1071.0","12.36","8.02","649.0","0.1","0.1","1010.0","0.11","0.1","883.0","1.14","1.26","1104.0","-1.0","-1.0","-1.0","-1.0","-1.0","-1.0","0.88","0.75","849.0","-1.0","-1.0","-1.0","-1.0","-1.0","-1.0","-1.0","-1.0","-1.0","0.14","0.78","5475.0","-1.0","-1.0","-1.0","0.15","15.76","15.91","6.72","0.67","0.0"
"913","2016","15","Jharkhand","Hazaribagh","38.08","85.52","2246.0","3.39","6.84","2016.0","-1.0","-1.0","-1.0","-1.0","0.0","0.0","-1.0","-1.0","-1.0","-1.0","-1.0","-1.0","5.03","8.87","1763.0","0.63","0.6","946.0","-1.0","-1.0","-1.0","1.13","0.91","799.0","0.46","0.59","1273.0","1.07","0.99","929.0","-1.0","-1.0","-1.0","-1.0","-1.0","-1.0","0.97","0.58","598.0","-1.0","-1.0","-1.0","-1.0","-1.0","-1.0","-1.0","-1.0","-1.0","-1.0","-1.0","-1.0","-1.0","-1.0","-1.0","-1.0","-1.0","-1.0","-1.0","-1.0","-1.0","-1.0","-1.0","-1.0","0.0","9.37","9.37","5.44","0.35","0.0"
"913","2017","15","Jharkhand","Hazaribagh","80.98","137.12","1693.0","-1.0","-1.0","-1.0","0.05","0.04","700.0","-1.0","0.0","0.0","0.05","0.04","700.0","-1.0","-1.0","-1.0","12.38","30.21","2440.0","1.3","0.93","710.0","-1.0","-1.0","-1.0","14.9","22.34","1500.0","7.97","9.56","1200.0","-1.0","-1.0","-1.0","1.14","1.43","1250.0","0.13","0.06","438.0","14.59","13.13","900.0","0.06","0.03","483.0","-1.0","-1.0","-1.0","1.87","1.31","700.0","-1.0","-1.0","-1.0","-1.0","-1.0","-1.0","-1.0","-1.0","-1.0","-1.0","-1.0","-1.0","-1.0","-1.0","-1.0","-1.0","-1.0","-1.0","-1.0","-1.0","-1.0"
"914","2016","15","Jharkhand","Dhanbad","9.37","16.24","1733.0","0.12","0.19","1533.0","-1.0","-1.0","-1.0","-1.0","0.0","0.0","-1.0","-1.0","-1.0","-1.0","-1.0","-1.0","0.45","0.07","145.0","-1.0","-1.0","-1.0","-1.0","-1.0","-1.0","0.0","0.0","1000.0","-1.0","-1.0","-1.0","0.0","0.0","0.0","-1.0","-1.0","-1.0","-1.0","-1.0","-1.0","-1.0","-1.0","-1.0","-1.0","-1.0","-1.0","-1.0","-1.0","-1.0","-1.0","-1.0","-1.0","-1.0","-1.0","-1.0","-1.0","-1.0","-1.0","-1.0","-1.0","-1.0","-1.0","-1.0","-1.0","-1.0","-1.0","-1.0","0.0","1.49","1.49","0.06","0.01","0.0"
"914","2017","15","Jharkhand","Dhanbad","42.07","83.58","1987.0","-1.0","-1.0","-1.0","0.12","0.07","598.0","-1.0","0.0","0.0","0.12","0.07","598.0","0.01","0.01","571.0","2.48","6.21","2500.0","0.29","0.2","688.0","-1.0","-1.0","-1.0","4.82","7.22","1499.0","2.41","2.89","1200.0","-1.0","-1.0","-1.0","0.36","0.45","1251.0","0.14","0.06","437.0","7.86","7.47","950.0","-1.0","-1.0","-1.0","-1.0","-1.0","-1.0","0.21","0.13","621.0","-1.0","-1.0","-1.0","-1.0","-1.0","-1.0","-1.0","-1.0","-1.0","-1.0","-1.0","-1.0","-1.0","-1.0","-1.0","-1.0","-1.0","-1.0","-1.0","-1.0","-1.0"
"915","2016","15","Jharkhand","Palamau","49.76","103.12","2072.0","14.96","26.92","1800.0","-1.0","-1.0","-1.0","-1.0","0.0","0.0","-1.0","-1.0","-1.0","-1.0","-1.0","-1.0","25.26","49.87","1974.0","0.1","0.11","1165.0","-1.0","-1.0","-1.0","11.51","12.24","1063.0","27.75","60.67","2186.0","11.49","9.01","784.0","-1.0","-1.0","-1.0","-1.0","-1.0","-1.0","13.84","11.13","804.0","-1.0","-1.0","-1.0","-1.0","-1.0","-1.0","-1.0","-1.0","-1.0","-1.0","-1.0","-1.0","-1.0","-1.0","-1.0","-1.0","-1.0","-1.0","-1.0","-1.0","-1.0","-1.0","-1.0","-1.0","0.0","6.07","6.07","2.96","0.46","0.0"
"915","2017","15","Jharkhand","Palamau","46.45","90.92","1957.0","-1.0","-1.0","-1.0","-1.0","-1.0","-1.0","-1.0","0.0","0.0","-1.0","-1.0","-1.0","-1.0","-1.0","-1.0","28.55","59.44","2082.0","-1.0","-1.0","-1.0","-1.0","-1.0","-1.0","15.84","12.75","805.0","30.5","27.57","904.0","-1.0","-1.0","-1.0","0.54","0.42","785.0","5.0","2.26","452.0","16.71","8.59","514.0","0.31","-1.0","-1.0","0.0","0.0","1000.0","3.69","1.48","402.0","0.16","0.02","111.0","0.04","0.04","976.0","-1.0","-1.0","-1.0","-1.0","-1.0","-1.0","-1.0","-1.0","-1.0","-1.0","-1.0","-1.0","-1.0","-1.0","-1.0"
"916","2016","15","Jharkhand","Ranchi","190.96","464.85","2434.0","11.85","26.51","2238.0","-1.0","-1.0","-1.0","-1.0","0.0","0.0","-1.0","-1.0","-1.0","-1.0","-1.0","-1.0","2.15","7.35","3423.0","3.23","3.17","983.0","-1.0","-1.0","-1.0","8.32","9.7","1165.0","0.86","1.36","1577.0","1.77","1.26","710.0","-1.0","-1.0","-1.0","-1.0","-1.0","-1.0","10.91","8.62","790.0","-1.0","-1.0","-1.0","-1.0","-1.0","-1.0","-1.0","-1.0","-1.0","-1.0","-1.0","-1.0","-1.0","-1.0","-1.0","-1.0","-1.0","-1.0","-1.0","-1.0","-1.0","-1.0","-1.0","-1.0","0.1","17.41","17.52","3.41","0.42","0.0"
"916","2017","15","Jharkhand","Ranchi","168.18","403.63","2400.0","-1.0","-1.0","-1.0","0.05","0.03","510.0","-1.0","0.0","0.0","0.05","0.03","510.0","-1.0","-1.0","-1.0","13.09","32.91","2514.0","2.93","2.19","750.0","-1.0","-1.0","-1.0","11.0","12.1","1100.0","14.03","11.22","800.0","-1.0","-1.0","-1.0","1.79","1.43","800.0","0.21","0.09","401.0","13.0","9.1","700.0","0.26","0.13","502.0","-1.0","-1.0","-1.0","1.38","0.69","500.0","0.2","0.13","627.0","-1.0","-1.0","-1.0","-1.0","-1.0","-1.0","-1.0","-1.0","-1.0","-1.0","-1.0","-1.0","-1.0","-1.0","-1.0","-1.0","-1.0","-1.0"
"918","2016","2","Bihar","Nalanda","115.1","358.41","3114.0","84.13","265.35","3154.0","-1.0","-1.0","-1.0","-1.0","0.0","0.0","-1.0","-1.0","-1.0","-1.0","-1.0","-1.0","8.05","36.56","4540.0","0.01","0.0","800.0","0.1","0.17","1653.0","4.9","6.06","1238.0","0.2","0.2","961.0","21.4","19.95","932.0","0.05","0.06","1019.0","-1.0","-1.0","-1.0","4.19","6.09","1452.0","-1.0","-1.0","-1.0","-1.0","-1.0","-1.0","0.08","0.06","829.0","0.05","0.07","1431.0","-1.0","-1.0","-1.0","-1.0","-1.0","-1.0","0.15","0.83","5423.0","-1.0","-1.0","-1.0","1.27","13.93","15.19","5.94","1.37","3.0"
"918","2017","2","Bihar","Nalanda","119.79","381.09","3181.0","80.5","253.46","3149.0","-1.0","-1.0","-1.0","-1.0","0.0","0.0","-1.0","-1.0","-1.0","-1.0","-1.0","-1.0","6.92","29.48","4263.0","0.0","0.0","1000.0","0.14","0.25","1738.0","5.37","6.51","1213.0","0.21","0.37","1770.0","19.85","21.88","1102.0","-1.0","-1.0","-1.0","0.0","0.0","1000.0","2.47","3.45","1398.0","-1.0","-1.0","-1.0","-1.0","-1.0","-1.0","0.07","0.05","706.0","0.04","0.05","1417.0","-1.0","-1.0","-1.0","-1.0","-1.0","-1.0","0.12","0.74","6348.0","-1.0","-1.0","-1.0","0.05","11.81","11.87","4.63","0.91","3.0"
"919","2016","2","Bihar","Nawada","68.66","237.33","3457.0","50.6","141.05","2787.0","-1.0","-1.0","-1.0","-1.0","0.0","0.0","-1.0","-1.0","-1.0","-1.0","-1.0","-1.0","1.51","4.38","2910.0","0.13","0.1","725.0","0.01","0.01","1286.0","1.5","1.61","1073.0","0.96","0.55","577.0","6.87","5.75","836.0","0.68","0.7","1020.0","0.08","0.07","859.0","0.43","0.32","748.0","-1.0","-1.0","-1.0","-1.0","-1.0","-1.0","0.38","0.32","834.0","0.01","0.01","1143.0","-1.0","-1.0","-1.0","-1.0","-1.0","-1.0","0.11","1.03","9739.0","-1.0","-1.0","-1.0","0.23","4.85","5.08","2.37","0.01","0.0"
"919","2017","2","Bihar","Nawada","77.05","247.15","3208.0","43.03","132.29","3075.0","-1.0","-1.0","-1.0","-1.0","0.0","0.0","-1.0","-1.0","-1.0","-1.0","-1.0","-1.0","1.21","4.39","3622.0","0.09","0.09","989.0","0.06","0.1","1737.0","1.89","2.61","1382.0","0.97","0.72","739.0","6.72","8.95","1331.0","0.36","0.37","1022.0","0.1","0.08","875.0","0.39","0.36","919.0","-1.0","-1.0","-1.0","-1.0","-1.0","-1.0","0.13","0.11","849.0","0.04","0.06","1452.0","-1.0","-1.0","-1.0","-1.0","-1.0","-1.0","0.08","0.37","4897.0","-1.0","-1.0","-1.0","0.0","4.39","4.39","1.54","0.44","0.0"
"920","2016","2","Bihar","Aurangabad","175.2","619.15","3534.0","71.13","165.65","2329.0","-1.0","-1.0","-1.0","-1.0","0.0","0.0","-1.0","-1.0","-1.0","-1.0","-1.0","-1.0","1.18","2.84","2414.0","0.0","0.0","500.0","0.7","0.83","1183.0","7.39","6.47","875.0","0.46","0.67","1466.0","23.88","18.89","791.0","-1.0","-1.0","-1.0","0.01","0.02","1667.0","2.18","1.51","691.0","-1.0","-1.0","-1.0","-1.0","-1.0","-1.0","2.59","2.16","833.0","-1.0","-1.0","-1.0","-1.0","-1.0","-1.0","-1.0","-1.0","-1.0","0.05","0.56","12250.0","-1.0","-1.0","-1.0","0.0","2.24","2.24","1.66","0.1","0.0"
"920","2017","2","Bihar","Aurangabad","178.07","638.83","3588.0","70.32","177.44","2523.0","-1.0","-1.0","-1.0","-1.0","0.0","0.0","-1.0","-1.0","-1.0","-1.0","-1.0","-1.0","0.23","0.61","2658.0","0.01","0.01","1000.0","0.68","1.45","2138.0","6.84","7.26","1060.0","0.42","0.32","763.0","23.79","22.22","934.0","-1.0","-1.0","-1.0","0.01","0.01","889.0","2.07","2.08","1004.0","-1.0","-1.0","-1.0","-1.0","-1.0","-1.0","2.42","2.05","848.0","-1.0","-1.0","-1.0","-1.0","-1.0","-1.0","-1.0","-1.0","-1.0","0.05","0.19","4070.0","-1.0","-1.0","-1.0","0.0","2.39","2.4","1.62","0.09","0.0"
"921","2016","2","Bihar","Bhojpur","98.9","257.29","2601.0","50.36","166.61","3309.0","0.61","0.65","1065.0","-1.0","0.0","0.0","0.61","0.65","1065.0","0.93","1.05","1135.0","2.64","5.16","1957.0","0.0","0.0","1000.0","2.79","4.05","1453.0","6.6","8.2","1242.0","0.23","0.22","948.0","7.91","9.37","1185.0","-1.0","-1.0","-1.0","-1.0","-1.0","-1.0","0.79","1.37","1745.0","0.0","0.0","750.0","-1.0","-1.0","-1.0","0.16","0.13","832.0","-1.0","-1.0","-1.0","-1.0","-1.0","-1.0","-1.0","-1.0","-1.0","0.21","1.11","5436.0","-1.0","-1.0","-1.0","0.31","9.65","9.96","9.31","0.72","0.0"
"921","2017","2","Bihar","Bhojpur","97.11","393.67","4054.0","71.51","213.08","2980.0","0.61","0.65","1066.0","-1.0","0.0","0.0","0.61","0.65","1066.0","0.98","1.11","1134.0","2.11","5.25","2482.0","0.0","0.0","1000.0","2.31","4.66","2014.0","4.13","4.7","1139.0","0.18","0.23","1307.0","8.5","8.84","1040.0","-1.0","-1.0","-1.0","-1.0","-1.0","-1.0","1.31","1.85","1412.0","0.0","0.0","1000.0","-1.0","-1.0","-1.0","0.19","0.16","858.0","-1.0","-1.0","-1.0","-1.0","-1.0","-1.0","-1.0","-1.0","-1.0","0.05","0.3","6381.0","-1.0","-1.0","-1.0","0.25","9.45","9.71","5.15","0.56","0.0"
"922","2016","2","Bihar","Rohtas","193.38","640.72","3313.0","140.55","460.38","3276.0","-1.0","-1.0","-1.0","-1.0","0.0","0.0","-1.0","-1.0","-1.0","-1.0","-1.0","-1.0","0.08","0.13","1663.0","-1.0","-1.0","-1.0","0.69","1.51","2182.0","3.16","3.27","1035.0","0.93","1.26","1349.0","6.84","9.54","1394.0","-1.0","-1.0","-1.0","-1.0","-1.0","-1.0","2.34","2.62","1119.0","-1.0","-1.0","-1.0","-1.0","-1.0","-1.0","0.61","0.51","832.0","-1.0","-1.0","-1.0","-1.0","-1.0","-1.0","-1.0","-1.0","-1.0","-1.0","-1.0","-1.0","-1.0","-1.0","-1.0","0.35","3.53","3.88","1.96","0.3","0.0"
"922","2017","2","Bihar","Rohtas","190.72","739.67","3878.0","140.75","472.04","3354.0","-1.0","-1.0","-1.0","-1.0","0.0","0.0","-1.0","-1.0","-1.0","-1.0","-1.0","-1.0","0.07","0.22","3027.0","-1.0","-1.0","-1.0","0.69","1.24","1790.0","3.16","3.81","1207.0","0.94","1.76","1874.0","6.82","5.85","857.0","-1.0","-1.0","-1.0","-1.0","-1.0","-1.0","2.35","2.57","1097.0","-1.0","-1.0","-1.0","-1.0","-1.0","-1.0","0.61","0.52","860.0","0.0","0.0","1000.0","-1.0","-1.0","-1.0","-1.0","-1.0","-1.0","-1.0","-1.0","-1.0","-1.0","-1.0","-1.0","0.0","3.46","3.46","1.97","0.31","0.0"
"923","2016","2","Bihar","Siwan","90.48","177.47","1961.0","90.18","263.04","2917.0","-1.0","-1.0","-1.0","-1.0","0.0","0.0","-1.0","-1.0","-1.0","0.08","0.09","1136.0","18.02","85.09","4724.0","0.52","0.49","948.0","0.13","0.19","1504.0","0.22","0.25","1121.0","1.1","1.74","1585.0","2.81","2.25","801.0","-1.0","-1.0","-1.0","0.01","0.01","857.0","2.01","2.5","1244.0","-1.0","-1.0","-1.0","-1.0","-1.0","-1.0","0.03","0.02","815.0","-1.0","-1.0","-1.0","-1.0","-1.0","-1.0","-1.0","-1.0","-1.0","2.59","33.16","12799.0","-1.0","-1.0","-1.0","2.36","12.72","15.08","5.35","0.66","0.0"
"923","2017","2","Bihar","Siwan","91.0","151.3","1663.0","90.63","262.86","2901.0","-1.0","-1.0","-1.0","-1.0","0.0","0.0","-1.0","-1.0","-1.0","0.08","0.09","1136.0","18.96","53.14","2802.0","0.54","0.5","920.0","0.13","0.21","1589.0","0.23","0.26","1156.0","1.1","1.98","1792.0","2.33","2.16","928.0","-1.0","-1.0","-1.0","0.01","0.01","857.0","2.03","2.95","1451.0","-1.0","-1.0","-1.0","-1.0","-1.0","-1.0","0.03","0.03","862.0","-1.0","-1.0","-1.0","-1.0","-1.0","-1.0","-1.0","-1.0","-1.0","2.72","16.67","6125.0","-1.0","-1.0","-1.0","2.39","12.89","15.28","5.37","0.66","0.0"
"924","2016","2","Bihar","Gopalganj","83.02","134.16","1616.0","77.64","263.96","3400.0","-1.0","-1.0","-1.0","-1.0","0.0","0.0","-1.0","-1.0","-1.0","-1.0","-1.0","-1.0","11.28","31.74","2815.0","0.04","0.04","975.0","-1.0","-1.0","-1.0","-1.0","-1.0","-1.0","0.56","0.93","1645.0","1.49","1.1","743.0","-1.0","-1.0","-1.0","-1.0","-1.0","-1.0","2.48","2.89","1167.0","-1.0","-1.0","-1.0","-1.0","-1.0","-1.0","-1.0","-1.0","-1.0","-1.0","-1.0","-1.0","-1.0","-1.0","-1.0","-1.0","-1.0","-1.0","21.48","115.35","5370.0","-1.0","-1.0","-1.0","3.29","5.79","9.08","3.86","0.01","0.0"
"924","2017","2","Bihar","Gopalganj","83.24","145.62","1749.0","74.21","192.6","2595.0","-1.0","-1.0","-1.0","-1.0","0.0","0.0","-1.0","-1.0","-1.0","-1.0","-1.0","-1.0","14.9","41.2","2765.0","0.02","0.02","1000.0","-1.0","-1.0","-1.0","-1.0","-1.0","-1.0","0.42","0.1","243.0","1.16","1.03","890.0","-1.0","-1.0","-1.0","-1.0","-1.0","-1.0","2.21","2.92","1326.0","-1.0","-1.0","-1.0","-1.0","-1.0","-1.0","-1.0","-1.0","-1.0","-1.0","-1.0","-1.0","-1.0","-1.0","-1.0","-1.0","-1.0","-1.0","24.63","140.25","5693.0","-1.0","-1.0","-1.0","1.52","4.89","6.41","3.01","0.02","0.0"
"925","2016","2","Bihar","Champaran(East)","185.07","346.11","1870.0","118.63","287.31","2422.0","-1.0","-1.0","-1.0","-1.0","0.0","0.0","-1.0","-1.0","-1.0","-1.0","-1.0","-1.0","46.68","122.28","2619.0","-1.0","-1.0","-1.0","-1.0","-1.0","-1.0","-1.0","-1.0","-1.0","1.44","3.77","2622.0","9.08","6.19","682.0","-1.0","-1.0","-1.0","0.08","0.07","892.0","2.28","1.45","637.0","-1.0","-1.0","-1.0","-1.0","-1.0","-1.0","0.08","0.07","878.0","0.01","0.01","1273.0","-1.0","-1.0","-1.0","-1.0","-1.0","-1.0","23.0","125.33","5448.0","-1.0","-1.0","-1.0","9.35","15.81","25.16","9.23","0.68","0.0"
"925","2017","2","Bihar","Champaran(East)","188.95","270.04","1429.0","118.82","289.77","2439.0","-1.0","-1.0","-1.0","-1.0","0.0","0.0","-1.0","-1.0","-1.0","-1.0","-1.0","-1.0","46.09","111.43","2418.0","-1.0","-1.0","-1.0","-1.0","-1.0","-1.0","-1.0","-1.0","-1.0","1.37","2.65","1935.0","8.57","9.11","1063.0","-1.0","-1.0","-1.0","-1.0","-1.0","-1.0","2.06","2.25","1093.0","-1.0","-1.0","-1.0","-1.0","-1.0","-1.0","0.03","0.03","844.0","0.01","0.01","1273.0","-1.0","-1.0","-1.0","-1.0","-1.0","-1.0","22.76","98.61","4332.0","-1.0","-1.0","-1.0","9.27","14.87","24.14","9.02","0.54","0.0"
"926","2016","2","Bihar","Champaran(West)","148.49","290.9","1959.0","69.57","154.24","2217.0","-1.0","-1.0","-1.0","-1.0","0.0","0.0","-1.0","-1.0","-1.0","-1.0","-1.0","-1.0","5.37","18.39","3423.0","0.0","0.0","500.0","0.0","0.0","1000.0","0.01","0.01","1083.0","0.23","0.27","1171.0","9.59","10.92","1139.0","0.12","0.12","1017.0","0.05","0.05","868.0","3.03","5.57","1837.0","-1.0","-1.0","-1.0","-1.0","-1.0","-1.0","0.26","0.23","875.0","0.01","0.02","1429.0","-1.0","-1.0","-1.0","-1.0","-1.0","-1.0","144.15","751.63","5214.0","-1.0","-1.0","-1.0","4.77","13.55","18.32","5.88","0.85","0.0"
"926","2017","2","Bihar","Champaran(West)","140.28","238.73","1702.0","70.31","160.94","2289.0","-1.0","-1.0","-1.0","-1.0","0.0","0.0","-1.0","-1.0","-1.0","-1.0","-1.0","-1.0","4.9","15.91","3245.0","0.0","0.0","1000.0","-1.0","-1.0","-1.0","0.01","0.01","1182.0","0.23","0.26","1147.0","9.55","7.45","780.0","0.1","0.1","1020.0","0.05","0.04","870.0","3.2","2.79","870.0","-1.0","-1.0","-1.0","-1.0","-1.0","-1.0","0.24","0.2","846.0","0.01","0.02","1364.0","-1.0","-1.0","-1.0","-1.0","-1.0","-1.0","144.03","869.36","6036.0","-1.0","-1.0","-1.0","4.76","12.88","17.64","5.66","0.81","0.0"
"927","2016","2","Bihar","Vaishali","39.62","85.9","2168.0","43.14","143.46","3326.0","-1.0","-1.0","-1.0","-1.0","0.0","0.0","-1.0","-1.0","-1.0","-1.0","-1.0","-1.0","32.39","123.48","3813.0","0.12","0.09","723.0","0.03","0.04","1481.0","0.01","0.01","1100.0","0.61","1.48","2417.0","7.98","3.43","429.0","-1.0","-1.0","-1.0","0.02","0.02","900.0","3.13","3.16","1009.0","-1.0","-1.0","-1.0","-1.0","-1.0","-1.0","0.02","0.02","864.0","0.0","0.0","2000.0","-1.0","-1.0","-1.0","-1.0","-1.0","-1.0","0.39","2.04","5263.0","-1.0","-1.0","-1.0","9.02","25.99","35.01","7.88","0.62","6.0"
"927","2017","2","Bihar","Vaishali","42.03","89.26","2124.0","40.75","132.67","3256.0","-1.0","-1.0","-1.0","-1.0","0.0","0.0","-1.0","-1.0","-1.0","-1.0","-1.0","-1.0","32.18","105.22","3269.0","0.04","0.04","950.0","0.02","0.04","1583.0","0.0","0.0","1000.0","0.58","1.79","3090.0","8.06","11.4","1414.0","-1.0","-1.0","-1.0","0.05","0.05","885.0","2.91","6.47","2223.0","-1.0","-1.0","-1.0","-1.0","-1.0","-1.0","0.03","0.02","857.0","-1.0","-1.0","-1.0","-1.0","-1.0","-1.0","-1.0","-1.0","-1.0","0.31","1.9","6067.0","-1.0","-1.0","-1.0","8.47","27.57","36.04","8.14","0.81","8.0"
"928","2016","2","Bihar","Sitamarhi","96.29","204.63","2125.0","87.8","273.72","3118.0","-1.0","-1.0","-1.0","-1.0","0.0","0.0","-1.0","-1.0","-1.0","-1.0","-1.0","-1.0","5.38","21.83","4057.0","0.05","0.04","714.0","0.01","0.01","1444.0","-1.0","-1.0","-1.0","0.06","0.15","2417.0","6.13","4.64","757.0","-1.0","-1.0","-1.0","0.04","0.04","864.0","0.6","0.7","1164.0","-1.0","-1.0","-1.0","0.07","0.06","954.0","0.09","0.07","871.0","-1.0","-1.0","-1.0","-1.0","-1.0","-1.0","-1.0","-1.0","-1.0","24.46","142.97","5846.0","-1.0","-1.0","-1.0","3.35","6.7","10.06","4.54","0.13","0.0"
"928","2017","2","Bihar","Sitamarhi","97.9","180.6","1845.0","87.79","258.99","2950.0","-1.0","-1.0","-1.0","-1.0","0.0","0.0","-1.0","-1.0","-1.0","-1.0","-1.0","-1.0","5.34","21.07","3945.0","0.05","0.05","939.0","0.01","0.01","1556.0","-1.0","-1.0","-1.0","0.06","0.13","2083.0","6.06","4.45","734.0","-1.0","-1.0","-1.0","0.04","0.04","864.0","0.61","0.7","1151.0","-1.0","-1.0","-1.0","-1.0","-1.0","-1.0","0.09","0.07","849.0","-1.0","-1.0","-1.0","-1.0","-1.0","-1.0","-1.0","-1.0","-1.0","24.3","161.61","6650.0","-1.0","-1.0","-1.0","3.35","6.81","10.15","4.54","0.14","0.0"
"929","2016","2","Bihar","Madhubani","206.62","363.13","1757.0","92.17","176.07","1910.0","-1.0","-1.0","-1.0","-1.0","0.0","0.0","-1.0","-1.0","-1.0","-1.0","-1.0","-1.0","0.09","0.34","3953.0","0.06","0.04","683.0","0.01","0.02","1500.0","0.0","0.0","1000.0","0.18","0.37","2044.0","23.85","18.88","792.0","-1.0","-1.0","-1.0","0.03","0.03","862.0","0.27","0.14","506.0","-1.0","-1.0","-1.0","0.0","0.0","1000.0","0.08","0.07","866.0","0.0","0.0","1000.0","-1.0","-1.0","-1.0","-1.0","-1.0","-1.0","0.01","0.06","5291.0","-1.0","-1.0","-1.0","6.4","12.01","18.4","4.21","0.34","0.0"
"929","2017","2","Bihar","Madhubani","203.4","303.34","1491.0","90.46","196.94","2177.0","-1.0","-1.0","-1.0","-1.0","0.0","0.0","-1.0","-1.0","-1.0","-1.0","-1.0","-1.0","0.17","0.84","5078.0","0.07","0.13","1855.0","0.08","0.12","1584.0","0.01","0.01","1182.0","0.14","0.14","971.0","23.36","21.57","923.0","-1.0","-1.0","-1.0","0.15","0.13","887.0","1.11","0.96","869.0","-1.0","-1.0","-1.0","0.0","0.0","1000.0","0.33","0.28","850.0","0.0","0.0","1000.0","-1.0","-1.0","-1.0","-1.0","-1.0","-1.0","0.02","0.09","5713.0","-1.0","-1.0","-1.0","6.4","14.23","20.62","6.27","0.67","0.0"
"930","2016","2","Bihar","Samastipur","88.67","222.67","2511.0","49.36","185.32","3755.0","-1.0","-1.0","-1.0","-1.0","0.0","0.0","-1.0","-1.0","-1.0","-1.0","-1.0","-1.0","61.88","300.39","4855.0","0.09","0.06","678.0","0.07","0.1","1507.0","0.07","0.08","1127.0","0.81","0.91","1117.0","16.54","13.64","824.0","-1.0","-1.0","-1.0","0.38","0.33","866.0","7.32","9.97","1363.0","-1.0","-1.0","-1.0","-1.0","-1.0","-1.0","0.1","0.09","864.0","0.0","0.0","1333.0","-1.0","-1.0","-1.0","-1.0","-1.0","-1.0","3.1","16.47","5317.0","-1.0","-1.0","-1.0","6.83","38.44","45.27","15.99","0.35","2.0"
"930","2017","2","Bihar","Samastipur","97.11","202.59","2086.0","55.97","202.36","3616.0","-1.0","-1.0","-1.0","-1.0","0.0","0.0","-1.0","-1.0","-1.0","-1.0","-1.0","-1.0","66.89","444.69","6648.0","0.0","0.0","2000.0","0.02","0.03","1600.0","0.02","0.02","1167.0","0.81","0.88","1096.0","14.94","7.87","527.0","-1.0","-1.0","-1.0","0.39","0.34","875.0","7.82","11.31","1447.0","-1.0","-1.0","-1.0","-1.0","-1.0","-1.0","0.1","0.09","851.0","-1.0","-1.0","-1.0","-1.0","-1.0","-1.0","-1.0","-1.0","-1.0","2.79","16.54","5928.0","-1.0","-1.0","-1.0","6.41","40.02","46.42","14.38","0.48","4.0"
"931","2016","2","Bihar","Begusarai","18.15","61.05","3364.0","60.6","228.99","3779.0","0.09","0.1","1064.0","-1.0","0.0","0.0","0.09","0.1","1064.0","0.01","0.01","1100.0","56.44","211.4","3745.0","0.05","0.03","733.0","0.05","0.07","1500.0","0.02","0.02","1067.0","0.71","1.19","1667.0","4.2","3.82","911.0","0.01","0.01","1000.0","0.02","0.02","905.0","8.25","11.02","1336.0","-1.0","-1.0","-1.0","-1.0","-1.0","-1.0","0.0","0.0","1000.0","0.07","0.11","1527.0","-1.0","-1.0","-1.0","-1.0","-1.0","-1.0","2.57","14.62","5690.0","-1.0","-1.0","-1.0","2.18","12.18","14.36","3.98","0.04","1.0"
"931","2017","2","Bihar","Begusarai","18.68","51.44","2753.0","57.33","200.23","3492.0","0.09","0.1","1066.0","-1.0","0.0","0.0","0.09","0.1","1066.0","-1.0","-1.0","-1.0","46.45","99.96","2152.0","0.01","0.01","1000.0","0.05","0.07","1578.0","0.02","0.02","1235.0","0.78","0.88","1127.0","4.17","4.08","978.0","0.01","0.01","1000.0","0.02","0.02","870.0","7.63","7.6","997.0","-1.0","-1.0","-1.0","-1.0","-1.0","-1.0","-1.0","-1.0","-1.0","0.06","0.09","1492.0","-1.0","-1.0","-1.0","-1.0","-1.0","-1.0","2.12","13.59","6403.0","-1.0","-1.0","-1.0","2.14","10.98","13.12","5.69","0.04","3.0"
"932","2016","2","Bihar","Katihar","109.9","242.53","2207.0","7.58","18.45","2436.0","-1.0","-1.0","-1.0","-1.0","0.0","0.0","-1.0","-1.0","-1.0","-1.0","-1.0","-1.0","89.55","928.28","10366.0","-1.0","-1.0","-1.0","0.07","0.11","1507.0","0.09","0.1","1120.0","-1.0","-1.0","-1.0","7.78","7.76","998.0","-1.0","-1.0","-1.0","0.0","0.0","1000.0","3.91","5.53","1414.0","-1.0","-1.0","-1.0","-1.0","-1.0","-1.0","0.16","0.13","832.0","0.07","0.1","1493.0","-1.0","-1.0","-1.0","-1.0","-1.0","-1.0","0.23","1.27","5605.0","-1.0","-1.0","-1.0","6.44","14.31","20.75","7.7","0.07","0.0"
"932","2017","2","Bihar","Katihar","53.51","113.86","2128.0","28.25","76.45","2706.0","-1.0","-1.0","-1.0","-1.0","0.0","0.0","-1.0","-1.0","-1.0","-1.0","-1.0","-1.0","65.42","588.88","9002.0","-1.0","-1.0","-1.0","-1.0","-1.0","-1.0","0.02","0.02","1125.0","-1.0","-1.0","-1.0","6.45","6.35","986.0","-1.0","-1.0","-1.0","-1.0","-1.0","-1.0","4.24","9.42","2223.0","-1.0","-1.0","-1.0","-1.0","-1.0","-1.0","0.49","0.42","850.0","0.01","0.01","1400.0","-1.0","-1.0","-1.0","-1.0","-1.0","-1.0","-1.0","-1.0","-1.0","-1.0","-1.0","-1.0","6.24","13.35","19.59","4.84","0.05","0.0"
"933","2016","15","Jharkhand","Giridih","73.76","144.22","1955.0","9.44","24.75","2622.0","-1.0","-1.0","-1.0","-1.0","0.0","0.0","-1.0","-1.0","-1.0","-1.0","-1.0","-1.0","18.62","41.79","2245.0","1.09","0.45","413.0","-1.0","-1.0","-1.0","6.81","4.63","680.0","0.07","0.09","1271.0","2.9","2.85","982.0","-1.0","-1.0","-1.0","-1.0","-1.0","-1.0","9.77","6.41","656.0","-1.0","-1.0","-1.0","-1.0","-1.0","-1.0","-1.0","-1.0","-1.0","-1.0","-1.0","-1.0","-1.0","-1.0","-1.0","-1.0","-1.0","-1.0","-1.0","-1.0","-1.0","-1.0","-1.0","-1.0","0.0","7.45","7.45","4.43","0.17","0.0"
"933","2017","15","Jharkhand","Giridih","78.02","158.63","2033.0","-1.0","-1.0","-1.0","0.3","0.37","1209.0","-1.0","0.0","0.0","0.3","0.37","1209.0","0.0","0.0","1000.0","18.44","34.1","1850.0","-1.0","-1.0","-1.0","-1.0","-1.0","-1.0","7.08","10.74","1518.0","6.48","9.88","1525.0","-1.0","-1.0","-1.0","0.14","0.14","1014.0","0.02","0.01","619.0","9.73","6.52","670.0","0.01","0.01","385.0","-1.0","-1.0","-1.0","0.3","0.15","479.0","-1.0","-1.0","-1.0","0.15","0.07","483.0","-1.0","-1.0","-1.0","-1.0","-1.0","-1.0","-1.0","-1.0","-1.0","-1.0","-1.0","-1.0","-1.0","-1.0","-1.0"
"934","2016","2","Bihar","Jehanabad","35.88","108.64","3028.0","23.39","46.06","1970.0","-1.0","-1.0","-1.0","-1.0","0.0","0.0","-1.0","-1.0","-1.0","-1.0","-1.0","-1.0","0.44","2.08","4751.0","0.01","0.01","714.0","0.1","0.14","1346.0","2.04","2.63","1287.0","0.23","0.29","1258.0","13.36","11.96","895.0","-1.0","-1.0","-1.0","-1.0","-1.0","-1.0","0.19","0.19","974.0","-1.0","-1.0","-1.0","-1.0","-1.0","-1.0","0.11","0.09","832.0","0.0","0.01","1500.0","-1.0","-1.0","-1.0","-1.0","-1.0","-1.0","0.02","0.21","12253.0","-1.0","-1.0","-1.0","0.2","2.8","3.0","1.87","0.16","0.0"
"934","2017","2","Bihar","Jehanabad","35.53","117.59","3310.0","23.43","58.33","2490.0","-1.0","-1.0","-1.0","-1.0","0.0","0.0","-1.0","-1.0","-1.0","-1.0","-1.0","-1.0","0.4","1.66","4163.0","0.02","0.02","1000.0","0.09","0.16","1742.0","2.09","2.59","1242.0","0.21","0.19","915.0","12.24","15.65","1278.0","-1.0","-1.0","-1.0","-1.0","-1.0","-1.0","0.12","0.25","2091.0","-1.0","-1.0","-1.0","-1.0","-1.0","-1.0","0.1","0.09","850.0","0.0","0.0","1333.0","-1.0","-1.0","-1.0","-1.0","-1.0","-1.0","0.04","0.16","4069.0","-1.0","-1.0","-1.0","0.05","2.69","2.74","1.85","0.15","0.0"
"935","2016","2","Bihar","Madhepura","84.09","217.78","2590.0","9.6","30.57","3184.0","-1.0","-1.0","-1.0","-1.0","0.0","0.0","-1.0","-1.0","-1.0","-1.0","-1.0","-1.0","40.89","214.46","5246.0","0.22","0.11","514.0","-1.0","-1.0","-1.0","-1.0","-1.0","-1.0","0.02","0.04","1583.0","20.08","13.3","662.0","-1.0","-1.0","-1.0","0.05","0.04","889.0","2.04","1.92","941.0","0.0","0.0","1000.0","0.0","0.0","1000.0","0.08","0.07","838.0","3.47","4.97","1430.0","-1.0","-1.0","-1.0","-1.0","-1.0","-1.0","0.31","2.09","6668.0","-1.0","-1.0","-1.0","2.49","7.36","9.85","3.27","0.16","0.0"
"935","2017","2","Bihar","Madhepura","71.9","133.25","1853.0","32.03","115.71","3612.0","-1.0","-1.0","-1.0","-1.0","0.0","0.0","-1.0","-1.0","-1.0","-1.0","-1.0","-1.0","37.61","166.71","4432.0","0.07","0.05","731.0","0.0","0.0","1000.0","0.0","0.0","1000.0","0.03","0.05","1545.0","19.52","16.71","856.0","-1.0","-1.0","-1.0","0.04","0.04","881.0","1.3","1.85","1425.0","-1.0","-1.0","-1.0","0.01","0.01","1000.0","0.1","0.09","854.0","3.11","4.44","1427.0","-1.0","-1.0","-1.0","-1.0","-1.0","-1.0","0.18","1.11","6105.0","-1.0","-1.0","-1.0","3.43","7.34","10.77","3.37","0.19","0.0"
"936","2016","2","Bihar","Khagaria","22.25","42.68","1918.0","29.34","89.31","3044.0","-1.0","-1.0","-1.0","-1.0","0.0","0.0","-1.0","-1.0","-1.0","-1.0","-1.0","-1.0","63.53","404.63","6369.0","-1.0","-1.0","-1.0","0.07","0.1","1500.0","0.4","0.28","688.0","0.14","0.23","1654.0","6.81","6.22","913.0","-1.0","-1.0","-1.0","0.02","0.01","875.0","3.07","3.36","1095.0","0.0","0.0","1000.0","-1.0","-1.0","-1.0","0.04","0.03","771.0","0.77","1.17","1528.0","-1.0","-1.0","-1.0","-1.0","-1.0","-1.0","-1.0","-1.0","-1.0","-1.0","-1.0","-1.0","2.12","4.72","6.84","1.27","0.23","1.0"
"936","2017","2","Bihar","Khagaria","18.9","42.04","2224.0","28.48","97.21","3414.0","-1.0","-1.0","-1.0","-1.0","0.0","0.0","-1.0","-1.0","-1.0","-1.0","-1.0","-1.0","59.51","294.74","4953.0","0.09","0.09","989.0","0.06","0.1","1581.0","0.02","0.02","1000.0","0.18","0.19","1050.0","6.62","6.1","921.0","-1.0","-1.0","-1.0","0.02","0.02","882.0","2.9","3.13","1078.0","-1.0","-1.0","-1.0","-1.0","-1.0","-1.0","0.02","0.01","824.0","0.68","1.0","1474.0","-1.0","-1.0","-1.0","-1.0","-1.0","-1.0","-1.0","-1.0","-1.0","-1.0","-1.0","-1.0","2.54","4.24","6.78","1.21","0.18","1.0"
"937","2016","15","Jharkhand","Godda","39.01","54.77","1404.0","17.34","28.93","1668.0","-1.0","-1.0","-1.0","-1.0","0.0","0.0","-1.0","-1.0","-1.0","-1.0","-1.0","-1.0","11.96","17.06","1427.0","-1.0","-1.0","-1.0","-1.0","-1.0","-1.0","3.08","1.71","554.0","0.82","1.52","1865.0","0.0","0.0","0.0","-1.0","-1.0","-1.0","-1.0","-1.0","-1.0","1.91","1.39","727.0","-1.0","-1.0","-1.0","-1.0","-1.0","-1.0","-1.0","-1.0","-1.0","-1.0","-1.0","-1.0","-1.0","-1.0","-1.0","-1.0","-1.0","-1.0","-1.0","-1.0","-1.0","-1.0","-1.0","-1.0","0.0","3.22","3.22","1.38","0.09","0.0"
"937","2017","15","Jharkhand","Godda","46.55","100.85","2166.0","-1.0","-1.0","-1.0","-1.0","-1.0","-1.0","-1.0","0.0","0.0","-1.0","-1.0","-1.0","-1.0","-1.0","-1.0","14.76","29.28","1983.0","-1.0","-1.0","-1.0","-1.0","-1.0","-1.0","9.5","11.97","1260.0","1.17","1.17","1000.0","-1.0","-1.0","-1.0","0.9","0.9","1000.0","0.4","0.16","401.0","15.39","-1.0","-1.0","0.5","0.34","681.0","-1.0","-1.0","-1.0","3.47","-1.0","-1.0","0.06","0.05","767.0","-1.0","-1.0","-1.0","-1.0","-1.0","-1.0","-1.0","-1.0","-1.0","-1.0","-1.0","-1.0","-1.0","-1.0","-1.0","-1.0","-1.0","-1.0"
"938","2016","15","Jharkhand","Sahebganj","30.69","58.99","1923.0","3.58","6.94","1938.0","-1.0","-1.0","-1.0","-1.0","0.0","0.0","-1.0","-1.0","-1.0","-1.0","-1.0","-1.0","3.02","1.71","567.0","-1.0","-1.0","-1.0","-1.0","-1.0","-1.0","1.19","1.11","933.0","0.36","0.67","1866.0","1.51","3.45","2285.0","-1.0","-1.0","-1.0","-1.0","-1.0","-1.0","2.75","2.52","915.0","-1.0","-1.0","-1.0","-1.0","-1.0","-1.0","-1.0","-1.0","-1.0","-1.0","-1.0","-1.0","-1.0","-1.0","-1.0","-1.0","-1.0","-1.0","-1.0","-1.0","-1.0","-1.0","-1.0","-1.0","0.0","0.51","0.51","0.01","0.07","0.0"
"938","2017","15","Jharkhand","Sahebganj","44.1","79.49","1802.0","-1.0","-1.0","-1.0","0.04","0.03","643.0","-1.0","0.0","0.0","0.04","0.03","643.0","0.01","0.01","692.0","15.64","28.96","1852.0","-1.0","-1.0","-1.0","-1.0","-1.0","-1.0","9.37","9.47","1010.0","8.95","3.97","444.0","-1.0","-1.0","-1.0","0.01","0.01","833.0","0.24","0.09","361.0","14.05","7.45","530.0","-1.0","-1.0","-1.0","-1.0","-1.0","-1.0","3.66","0.9","245.0","-1.0","-1.0","-1.0","0.06","0.05","750.0","-1.0","-1.0","-1.0","-1.0","-1.0","-1.0","-1.0","-1.0","-1.0","-1.0","-1.0","-1.0","-1.0","-1.0","-1.0"
"940","2016","15","Jharkhand","Devghar Deogarh","36.96","92.54","2503.0","2.41","4.78","1978.0","-1.0","-1.0","-1.0","-1.0","0.0","0.0","-1.0","-1.0","-1.0","-1.0","-1.0","-1.0","2.57","8.46","3297.0","-1.0","-1.0","-1.0","-1.0","-1.0","-1.0","0.23","0.26","1111.0","-1.0","-1.0","-1.0","0.0","0.0","0.0","-1.0","-1.0","-1.0","-1.0","-1.0","-1.0","0.66","0.92","1394.0","-1.0","-1.0","-1.0","-1.0","-1.0","-1.0","-1.0","-1.0","-1.0","-1.0","-1.0","-1.0","-1.0","-1.0","-1.0","-1.0","-1.0","-1.0","-1.0","-1.0","-1.0","-1.0","-1.0","-1.0","0.0","3.48","3.48","1.57","-1.0","0.0"
"940","2017","15","Jharkhand","Devghar Deogarh","51.08","139.61","2733.0","-1.0","-1.0","-1.0","-1.0","-1.0","-1.0","-1.0","0.0","0.0","-1.0","-1.0","-1.0","-1.0","-1.0","-1.0","14.71","26.47","1800.0","-1.0","-1.0","-1.0","-1.0","-1.0","-1.0","6.45","9.35","1450.0","6.17","4.63","750.0","-1.0","-1.0","-1.0","0.12","0.09","752.0","0.03","0.01","345.0","11.19","8.95","800.0","0.01","0.01","556.0","0.02","0.01","400.0","0.3","0.2","651.0","0.09","0.05","558.0","0.0","0.0","1000.0","-1.0","-1.0","-1.0","-1.0","-1.0","-1.0","-1.0","-1.0","-1.0","-1.0","-1.0","-1.0","-1.0","-1.0","-1.0"
"941","2016","15","Jharkhand","Lohardagga","29.28","89.03","3040.0","1.74","3.95","2267.0","-1.0","-1.0","-1.0","-1.0","0.0","0.0","-1.0","-1.0","-1.0","-1.0","-1.0","-1.0","2.65","8.76","3308.0","1.14","1.41","1242.0","-1.0","-1.0","-1.0","0.33","0.27","821.0","0.34","0.5","1452.0","0.79","0.83","1046.0","-1.0","-1.0","-1.0","-1.0","-1.0","-1.0","0.29","0.36","1239.0","-1.0","-1.0","-1.0","-1.0","-1.0","-1.0","-1.0","-1.0","-1.0","-1.0","-1.0","-1.0","-1.0","-1.0","-1.0","-1.0","-1.0","-1.0","-1.0","-1.0","-1.0","-1.0","-1.0","-1.0","0.72","8.59","9.31","1.92","0.37","0.0"
"941","2017","15","Jharkhand","Lohardagga","45.23","98.36","2175.0","-1.0","-1.0","-1.0","0.02","0.01","600.0","-1.0","0.0","0.0","0.02","0.01","600.0","-1.0","-1.0","-1.0","6.46","19.66","3042.0","1.45","0.94","650.0","-1.0","-1.0","-1.0","7.29","7.22","990.0","6.95","7.3","1050.0","-1.0","-1.0","-1.0","2.4","2.87","1200.0","-1.0","-1.0","-1.0","11.98","10.45","873.0","-1.0","-1.0","-1.0","-1.0","-1.0","-1.0","0.2","0.07","325.0","-1.0","-1.0","-1.0","-1.0","-1.0","-1.0","-1.0","-1.0","-1.0","-1.0","-1.0","-1.0","-1.0","-1.0","-1.0","-1.0","-1.0","-1.0","-1.0","-1.0","-1.0"
"942","2016","15","Jharkhand","Gumla","213.0","410.44","1927.0","8.17","14.9","1824.0","-1.0","-1.0","-1.0","-1.0","0.0","0.0","-1.0","-1.0","-1.0","-1.0","-1.0","-1.0","1.77","4.95","2805.0","5.74","8.95","1558.0","-1.0","-1.0","-1.0","8.3","11.69","1409.0","0.18","0.19","1033.0","6.4","9.04","1414.0","-1.0","-1.0","-1.0","-1.0","-1.0","-1.0","12.04","15.05","1250.0","-1.0","-1.0","-1.0","-1.0","-1.0","-1.0","-1.0","-1.0","-1.0","-1.0","-1.0","-1.0","-1.0","-1.0","-1.0","-1.0","-1.0","-1.0","-1.0","-1.0","-1.0","-1.0","-1.0","-1.0","1.91","17.1","19.01","9.16","0.37","0.0"
"942","2017","15","Jharkhand","Gumla","181.78","340.78","1875.0","-1.0","-1.0","-1.0","0.07","0.04","600.0","-1.0","0.0","0.0","0.07","0.04","600.0","-1.0","-1.0","-1.0","7.32","18.89","2582.0","1.5","2.07","1380.0","-1.0","-1.0","-1.0","7.54","11.4","1512.0","11.57","18.33","1584.0","-1.0","-1.0","-1.0","7.51","13.93","1855.0","-1.0","-1.0","-1.0","11.48","10.7","932.0","-1.0","-1.0","-1.0","-1.0","-1.0","-1.0","0.9","0.71","786.0","-1.0","-1.0","-1.0","-1.0","-1.0","-1.0","-1.0","-1.0","-1.0","-1.0","-1.0","-1.0","-1.0","-1.0","-1.0","-1.0","-1.0","-1.0","-1.0","-1.0","-1.0"
"943","2016","15","Jharkhand","Singhbhum East","57.13","82.04","1436.0","0.15","0.22","1461.0","-1.0","-1.0","-1.0","-1.0","0.0","0.0","-1.0","-1.0","-1.0","-1.0","-1.0","-1.0","0.41","0.75","1844.0","-1.0","-1.0","-1.0","-1.0","-1.0","-1.0","0.02","0.03","1688.0","0.08","0.12","1500.0","0.02","0.02","875.0","-1.0","-1.0","-1.0","-1.0","-1.0","-1.0","0.04","0.04","884.0","-1.0","-1.0","-1.0","-1.0","-1.0","-1.0","-1.0","-1.0","-1.0","-1.0","-1.0","-1.0","-1.0","-1.0","-1.0","-1.0","-1.0","-1.0","-1.0","-1.0","-1.0","-1.0","-1.0","-1.0","0.03","2.67","2.7","0.03","0.0","0.0"
"943","2017","15","Jharkhand","Singhbhum East","107.8","220.56","2046.0","-1.0","-1.0","-1.0","0.33","0.18","541.0","-1.0","0.0","0.0","0.33","0.18","541.0","0.33","0.18","541.0","11.86","18.01","1519.0","-1.0","-1.0","-1.0","-1.0","-1.0","-1.0","7.0","6.08","868.0","9.9","10.39","1050.0","-1.0","-1.0","-1.0","1.0","0.92","922.0","0.37","0.18","480.0","11.0","8.25","750.0","0.03","0.02","500.0","0.01","0.0","500.0","2.0","1.3","650.0","0.19","0.11","603.0","0.28","0.18","645.0","-1.0","-1.0","-1.0","-1.0","-1.0","-1.0","-1.0","-1.0","-1.0","-1.0","-1.0","-1.0","-1.0","-1.0","-1.0"
"944","2016","15","Jharkhand","Singhbhum West","111.19","136.45","1227.0","0.04","0.07","1683.0","-1.0","-1.0","-1.0","-1.0","0.0","0.0","-1.0","-1.0","-1.0","-1.0","-1.0","-1.0","-1.0","-1.0","-1.0","0.31","0.36","1161.0","-1.0","-1.0","-1.0","0.1","0.1","1000.0","0.01","0.01","1571.0","0.17","0.17","988.0","-1.0","-1.0","-1.0","-1.0","-1.0","-1.0","0.05","0.05","938.0","-1.0","-1.0","-1.0","-1.0","-1.0","-1.0","-1.0","-1.0","-1.0","-1.0","-1.0","-1.0","-1.0","-1.0","-1.0","-1.0","-1.0","-1.0","-1.0","-1.0","-1.0","-1.0","-1.0","-1.0","0.0","2.07","2.07","0.0","-1.0","0.0"
"944","2017","15","Jharkhand","Singhbhum West","181.3","240.76","1328.0","-1.0","-1.0","-1.0","0.29","0.13","467.0","-1.0","0.0","0.0","0.29","0.13","467.0","0.04","0.02","417.0","7.93","7.65","965.0","2.47","1.44","586.0","-1.0","-1.0","-1.0","11.0","12.31","1120.0","8.82","8.74","990.0","-1.0","-1.0","-1.0","0.1","0.08","853.0","1.14","0.56","490.0","12.54","7.4","590.0","-1.0","-1.0","-1.0","-1.0","-1.0","-1.0","14.6","8.32","570.0","-1.0","-1.0","-1.0","-1.0","-1.0","-1.0","-1.0","-1.0","-1.0","-1.0","-1.0","-1.0","-1.0","-1.0","-1.0","-1.0","-1.0","-1.0","-1.0","-1.0","-1.0"
"945","2016","2","Bihar","Araria","115.83","227.56","1965.0","36.22","88.81","2452.0","-1.0","-1.0","-1.0","-1.0","0.0","0.0","-1.0","-1.0","-1.0","-1.0","-1.0","-1.0","42.25","274.13","6489.0","0.15","0.11","724.0","-1.0","-1.0","-1.0","0.2","0.22","1122.0","0.1","0.15","1579.0","9.3","9.53","1025.0","-1.0","-1.0","-1.0","0.02","0.02","882.0","0.63","0.53","841.0","-1.0","-1.0","-1.0","-1.0","-1.0","-1.0","0.05","0.04","826.0","0.51","0.7","1364.0","-1.0","-1.0","-1.0","-1.0","-1.0","-1.0","-1.0","-1.0","-1.0","-1.0","-1.0","-1.0","4.06","9.4","13.46","10.24","0.29","0.0"
"945","2017","2","Bihar","Araria","157.36","275.84","1753.0","25.36","58.14","2293.0","-1.0","-1.0","-1.0","-1.0","0.0","0.0","-1.0","-1.0","-1.0","-1.0","-1.0","-1.0","48.9","212.19","4339.0","-1.0","-1.0","-1.0","-1.0","-1.0","-1.0","0.04","0.05","1146.0","-1.0","-1.0","-1.0","5.11","4.44","869.0","-1.0","-1.0","-1.0","-1.0","-1.0","-1.0","0.09","0.09","966.0","-1.0","-1.0","-1.0","-1.0","-1.0","-1.0","-1.0","-1.0","-1.0","0.24","0.33","1411.0","-1.0","-1.0","-1.0","-1.0","-1.0","-1.0","-1.0","-1.0","-1.0","-1.0","-1.0","-1.0","2.76","9.14","11.89","6.06","0.26","0.0"
"946","2016","2","Bihar","Kishanganj","78.41","167.19","2132.0","17.73","39.25","2214.0","-1.0","-1.0","-1.0","-1.0","0.0","0.0","-1.0","-1.0","-1.0","-1.0","-1.0","-1.0","3.51","23.0","6561.0","0.11","0.08","725.0","-1.0","-1.0","-1.0","0.18","0.2","1120.0","0.04","0.07","1571.0","9.23","9.45","1024.0","-1.0","-1.0","-1.0","0.23","0.2","866.0","1.44","1.49","1033.0","-1.0","-1.0","-1.0","-1.0","-1.0","-1.0","1.83","1.52","833.0","-1.0","-1.0","-1.0","-1.0","-1.0","-1.0","-1.0","-1.0","-1.0","0.09","0.49","5756.0","-1.0","-1.0","-1.0","2.15","9.06","11.21","3.28","0.33","0.0"
"946","2017","2","Bihar","Kishanganj","78.54","140.19","1785.0","17.77","33.09","1862.0","-1.0","-1.0","-1.0","-1.0","0.0","0.0","-1.0","-1.0","-1.0","-1.0","-1.0","-1.0","3.56","23.3","6541.0","0.11","0.11","991.0","-1.0","-1.0","-1.0","0.18","0.21","1156.0","0.04","0.07","1558.0","9.27","5.95","642.0","-1.0","-1.0","-1.0","0.24","0.21","872.0","1.45","2.05","1413.0","-1.0","-1.0","-1.0","-1.0","-1.0","-1.0","1.83","1.56","851.0","-1.0","-1.0","-1.0","-1.0","-1.0","-1.0","-1.0","-1.0","-1.0","0.09","0.51","5952.0","-1.0","-1.0","-1.0","2.18","9.35","11.53","3.31","0.33","0.0"
"947","2016","2","Bihar","Buxar","87.78","284.34","3239.0","82.73","278.86","3371.0","0.94","1.01","1065.0","-1.0","0.0","0.0","0.94","1.01","1065.0","2.55","2.89","1135.0","1.28","3.01","2357.0","-1.0","-1.0","-1.0","1.57","3.27","2084.0","1.88","2.25","1199.0","0.32","0.57","1744.0","4.94","6.46","1307.0","-1.0","-1.0","-1.0","-1.0","-1.0","-1.0","1.81","2.02","1114.0","-1.0","-1.0","-1.0","-1.0","-1.0","-1.0","0.29","0.24","832.0","0.0","0.0","1500.0","-1.0","-1.0","-1.0","-1.0","-1.0","-1.0","0.16","0.87","5367.0","-1.0","-1.0","-1.0","1.08","12.8","13.89","3.65","0.57","2.0"
"947","2017","2","Bihar","Buxar","87.48","306.03","3498.0","78.76","272.23","3456.0","0.64","0.68","1065.0","-1.0","0.0","0.0","0.64","0.68","1065.0","3.3","3.74","1134.0","1.35","3.6","2665.0","-1.0","-1.0","-1.0","1.64","3.06","1861.0","2.18","2.6","1193.0","0.19","0.39","2097.0","5.35","6.6","1233.0","-1.0","-1.0","-1.0","-1.0","-1.0","-1.0","1.81","2.04","1131.0","-1.0","-1.0","-1.0","-1.0","-1.0","-1.0","0.16","0.14","859.0","-1.0","-1.0","-1.0","-1.0","-1.0","-1.0","-1.0","-1.0","-1.0","0.12","0.75","6444.0","-1.0","-1.0","-1.0","0.93","11.28","12.2","3.21","0.51","2.0"
"948","2016","2","Bihar","Bhabhua Kaimur","118.1","316.28","2678.0","81.29","176.69","2174.0","-1.0","-1.0","-1.0","-1.0","0.0","0.0","-1.0","-1.0","-1.0","-1.0","-1.0","-1.0","0.35","0.73","2098.0","-1.0","-1.0","-1.0","1.46","1.94","1329.0","4.47","3.92","878.0","1.77","1.17","660.0","6.23","6.37","1022.0","-1.0","-1.0","-1.0","-1.0","-1.0","-1.0","1.7","1.27","749.0","-1.0","-1.0","-1.0","-1.0","-1.0","-1.0","1.5","1.25","833.0","0.0","0.0","1000.0","-1.0","-1.0","-1.0","-1.0","-1.0","-1.0","0.12","0.64","5368.0","-1.0","-1.0","-1.0","0.01","2.51","2.51","1.35","0.23","0.0"
"948","2017","2","Bihar","Bhabhua Kaimur","117.43","400.63","3412.0","68.51","161.44","2356.0","-1.0","-1.0","-1.0","-1.0","0.0","0.0","-1.0","-1.0","-1.0","-1.0","-1.0","-1.0","0.12","0.43","3613.0","-1.0","-1.0","-1.0","1.56","1.83","1169.0","4.2","4.26","1015.0","1.63","1.49","910.0","5.63","5.07","900.0","-1.0","-1.0","-1.0","-1.0","-1.0","-1.0","1.59","2.02","1274.0","-1.0","-1.0","-1.0","-1.0","-1.0","-1.0","1.25","1.07","860.0","-1.0","-1.0","-1.0","-1.0","-1.0","-1.0","-1.0","-1.0","-1.0","0.07","0.48","6445.0","-1.0","-1.0","-1.0","0.01","0.9","0.91","0.33","-1.0","0.0"
"949","2016","2","Bihar","Banka","95.54","323.63","3387.0","32.96","88.2","2676.0","-1.0","-1.0","-1.0","-1.0","0.0","0.0","-1.0","-1.0","-1.0","-1.0","-1.0","-1.0","10.37","33.89","3267.0","-1.0","-1.0","-1.0","0.19","0.46","2421.0","3.25","4.44","1367.0","0.86","0.83","965.0","5.25","4.86","926.0","-1.0","-1.0","-1.0","-1.0","-1.0","-1.0","0.75","1.36","1828.0","-1.0","-1.0","-1.0","-1.0","-1.0","-1.0","0.16","0.13","830.0","-1.0","-1.0","-1.0","-1.0","-1.0","-1.0","-1.0","-1.0","-1.0","2.71","18.86","6950.0","-1.0","-1.0","-1.0","1.67","5.57","7.23","2.91","0.08","0.0"
"949","2017","2","Bihar","Banka","91.76","325.73","3550.0","33.13","90.88","2743.0","-1.0","-1.0","-1.0","-1.0","0.0","0.0","-1.0","-1.0","-1.0","-1.0","-1.0","-1.0","10.13","39.09","3859.0","-1.0","-1.0","-1.0","0.2","0.2","1020.0","2.87","2.35","820.0","0.82","1.08","1311.0","5.5","3.99","725.0","-1.0","-1.0","-1.0","0.02","0.02","850.0","0.69","0.85","1247.0","-1.0","-1.0","-1.0","-1.0","-1.0","-1.0","0.16","0.14","851.0","-1.0","-1.0","-1.0","-1.0","-1.0","-1.0","-1.0","-1.0","-1.0","0.86","5.07","5878.0","-1.0","-1.0","-1.0","1.5","6.21","7.7","3.83","0.09","0.0"
"950","2016","2","Bihar","Jamui","71.39","220.01","3082.0","46.11","102.98","2233.0","-1.0","-1.0","-1.0","-1.0","0.0","0.0","-1.0","-1.0","-1.0","-1.0","-1.0","-1.0","4.43","11.99","2704.0","-1.0","-1.0","-1.0","0.21","0.31","1505.0","2.94","2.6","884.0","4.34","7.52","1732.0","4.82","3.62","751.0","-1.0","-1.0","-1.0","-1.0","-1.0","-1.0","3.64","3.19","876.0","-1.0","-1.0","-1.0","-1.0","-1.0","-1.0","-1.0","-1.0","-1.0","-1.0","-1.0","-1.0","-1.0","-1.0","-1.0","-1.0","-1.0","-1.0","0.9","5.12","5666.0","-1.0","-1.0","-1.0","0.0","3.16","3.16","2.08","0.41","0.0"
"950","2017","2","Bihar","Jamui","65.8","165.66","2518.0","42.92","105.71","2463.0","-1.0","-1.0","-1.0","-1.0","0.0","0.0","-1.0","-1.0","-1.0","-1.0","-1.0","-1.0","3.42","9.75","2852.0","-1.0","-1.0","-1.0","0.19","0.3","1586.0","2.75","3.29","1196.0","2.56","2.63","1025.0","3.3","2.32","704.0","-1.0","-1.0","-1.0","-1.0","-1.0","-1.0","2.14","1.48","691.0","-1.0","-1.0","-1.0","-1.0","-1.0","-1.0","-1.0","-1.0","-1.0","-1.0","-1.0","-1.0","-1.0","-1.0","-1.0","-1.0","-1.0","-1.0","0.32","1.69","5307.0","-1.0","-1.0","-1.0","0.02","2.76","2.78","1.78","0.45","0.0"
"951","2016","2","Bihar","Supaul","104.63","203.08","1941.0","51.18","100.6","1965.0","0.01","0.01","1000.0","-1.0","0.0","0.0","0.01","0.01","1000.0","-1.0","-1.0","-1.0","15.26","83.79","5491.0","1.67","0.74","443.0","-1.0","-1.0","-1.0","-1.0","-1.0","-1.0","0.03","0.05","1581.0","26.28","19.43","739.0","0.01","0.01","1000.0","0.7","0.61","869.0","1.28","1.13","883.0","-1.0","-1.0","-1.0","-1.0","-1.0","-1.0","0.66","0.55","833.0","3.22","4.47","1386.0","-1.0","-1.0","-1.0","-1.0","-1.0","-1.0","0.01","0.07","6209.0","-1.0","-1.0","-1.0","3.21","16.65","19.87","3.37","0.72","0.0"
"951","2017","2","Bihar","Supaul","101.31","159.45","1574.0","52.62","126.33","2401.0","-1.0","-1.0","-1.0","-1.0","0.0","0.0","-1.0","-1.0","-1.0","-1.0","-1.0","-1.0","17.91","101.0","5641.0","1.53","1.02","666.0","-1.0","-1.0","-1.0","-1.0","-1.0","-1.0","0.03","0.05","1533.0","32.11","16.05","500.0","-1.0","-1.0","-1.0","0.2","0.17","878.0","1.18","0.96","813.0","-1.0","-1.0","-1.0","-1.0","-1.0","-1.0","0.44","0.37","852.0","4.46","6.34","1421.0","-1.0","-1.0","-1.0","-1.0","-1.0","-1.0","-1.0","-1.0","-1.0","-1.0","-1.0","-1.0","2.32","13.28","15.59","5.47","0.67","0.0"
"952","2016","15","Jharkhand","Chatra","20.49","51.27","2502.0","4.37","11.4","2608.0","-1.0","-1.0","-1.0","-1.0","0.0","0.0","-1.0","-1.0","-1.0","-1.0","-1.0","-1.0","4.93","12.99","2635.0","0.13","0.08","608.0","-1.0","-1.0","-1.0","1.06","1.46","1379.0","0.71","0.91","1275.0","0.5","0.54","1084.0","-1.0","-1.0","-1.0","-1.0","-1.0","-1.0","0.32","0.27","842.0","-1.0","-1.0","-1.0","-1.0","-1.0","-1.0","-1.0","-1.0","-1.0","-1.0","-1.0","-1.0","-1.0","-1.0","-1.0","-1.0","-1.0","-1.0","-1.0","-1.0","-1.0","-1.0","-1.0","-1.0","0.0","3.85","3.85","1.64","0.14","0.0"
"952","2017","15","Jharkhand","Chatra","36.17","96.45","2667.0","-1.0","-1.0","-1.0","0.13","0.06","477.0","-1.0","0.0","0.0","0.13","0.06","477.0","-1.0","-1.0","-1.0","9.89","22.2","2245.0","0.08","0.11","1427.0","-1.0","-1.0","-1.0","15.84","18.37","1160.0","8.68","10.85","1250.0","-1.0","-1.0","-1.0","0.37","0.35","941.0","0.33","0.12","359.0","13.71","7.95","580.0","-1.0","-1.0","-1.0","-1.0","-1.0","-1.0","2.14","1.67","780.0","0.03","0.02","741.0","0.04","0.03","825.0","-1.0","-1.0","-1.0","-1.0","-1.0","-1.0","-1.0","-1.0","-1.0","-1.0","-1.0","-1.0","-1.0","-1.0","-1.0"
"953","2016","15","Jharkhand","Bokaro","33.19","47.39","1428.0","0.18","0.4","2227.0","-1.0","-1.0","-1.0","-1.0","0.0","0.0","-1.0","-1.0","-1.0","-1.0","-1.0","-1.0","1.71","2.57","1499.0","0.12","0.07","612.0","-1.0","-1.0","-1.0","0.03","0.04","1226.0","0.03","0.11","3828.0","0.01","0.01","1000.0","-1.0","-1.0","-1.0","-1.0","-1.0","-1.0","0.04","0.04","925.0","-1.0","-1.0","-1.0","-1.0","-1.0","-1.0","-1.0","-1.0","-1.0","-1.0","-1.0","-1.0","-1.0","-1.0","-1.0","-1.0","-1.0","-1.0","-1.0","-1.0","-1.0","-1.0","-1.0","-1.0","0.0","4.26","4.26","1.09","0.11","0.0"
"953","2017","15","Jharkhand","Bokaro","33.96","90.55","2667.0","-1.0","-1.0","-1.0","0.15","0.11","720.0","-1.0","0.0","0.0","0.15","0.11","720.0","0.04","0.01","325.0","7.48","16.06","2147.0","-1.0","-1.0","-1.0","-1.0","-1.0","-1.0","6.75","9.23","1369.0","8.96","7.08","791.0","-1.0","-1.0","-1.0","0.4","0.26","640.0","0.1","0.04","420.0","9.92","5.77","581.0","-1.0","-1.0","-1.0","0.02","0.0","100.0","0.06","0.03","548.0","0.12","0.07","583.0","0.2","0.16","820.0","-1.0","-1.0","-1.0","-1.0","-1.0","-1.0","-1.0","-1.0","-1.0","-1.0","-1.0","-1.0","-1.0","-1.0","-1.0"
"954","2016","15","Jharkhand","Gadva Garhwa","28.65","64.17","2240.0","17.12","29.96","1750.0","-1.0","-1.0","-1.0","-1.0","0.0","0.0","-1.0","-1.0","-1.0","-1.0","-1.0","-1.0","18.81","33.29","1770.0","0.16","0.19","1165.0","-1.0","-1.0","-1.0","4.82","8.73","1811.0","2.64","5.89","2229.0","0.65","0.49","752.0","-1.0","-1.0","-1.0","-1.0","-1.0","-1.0","5.47","7.1","1298.0","-1.0","-1.0","-1.0","-1.0","-1.0","-1.0","-1.0","-1.0","-1.0","-1.0","-1.0","-1.0","-1.0","-1.0","-1.0","-1.0","-1.0","-1.0","-1.0","-1.0","-1.0","-1.0","-1.0","-1.0","0.0","4.19","4.19","2.02","0.21","0.0"
"954","2017","15","Jharkhand","Gadva Garhwa","50.97","103.63","2033.0","-1.0","-1.0","-1.0","0.65","0.33","501.0","-1.0","0.0","0.0","0.65","0.33","501.0","-1.0","-1.0","-1.0","18.75","21.57","1150.0","-1.0","-1.0","-1.0","-1.0","-1.0","-1.0","13.27","10.88","820.0","20.96","11.71","559.0","-1.0","-1.0","-1.0","4.08","2.95","725.0","2.78","0.57","205.0","17.53","9.82","560.0","-1.0","-1.0","-1.0","-1.0","-1.0","-1.0","0.1","0.05","530.0","-1.0","-1.0","-1.0","-1.0","-1.0","-1.0","-1.0","-1.0","-1.0","-1.0","-1.0","-1.0","-1.0","-1.0","-1.0","-1.0","-1.0","-1.0","-1.0","-1.0","-1.0"
"955","2016","15","Jharkhand","Khodrama Koderma","9.14","17.6","1926.0","1.26","2.47","1963.0","-1.0","-1.0","-1.0","-1.0","0.0","0.0","-1.0","-1.0","-1.0","-1.0","-1.0","-1.0","0.79","1.0","1266.0","0.36","0.22","609.0","-1.0","-1.0","-1.0","0.1","0.14","1384.0","0.25","0.24","971.0","0.18","0.18","1011.0","-1.0","-1.0","-1.0","-1.0","-1.0","-1.0","0.14","0.13","936.0","-1.0","-1.0","-1.0","-1.0","-1.0","-1.0","-1.0","-1.0","-1.0","-1.0","-1.0","-1.0","-1.0","-1.0","-1.0","-1.0","-1.0","-1.0","-1.0","-1.0","-1.0","-1.0","-1.0","-1.0","0.0","1.22","1.22","0.78","0.03","0.0"
"955","2017","15","Jharkhand","Khodrama Koderma","15.74","26.24","1667.0","-1.0","-1.0","-1.0","0.04","0.02","500.0","-1.0","0.0","0.0","0.04","0.02","500.0","-1.0","-1.0","-1.0","8.59","17.16","1998.0","0.64","0.39","600.0","-1.0","-1.0","-1.0","9.64","14.47","1500.0","6.6","5.28","800.0","-1.0","-1.0","-1.0","1.04","0.83","800.0","0.27","0.11","400.0","10.26","9.23","900.0","0.11","0.08","696.0","-1.0","-1.0","-1.0","1.87","1.31","700.0","0.02","0.02","800.0","0.19","0.15","800.0","-1.0","-1.0","-1.0","-1.0","-1.0","-1.0","-1.0","-1.0","-1.0","-1.0","-1.0","-1.0","-1.0","-1.0","-1.0"
"956","2016","2","Bihar","Lakhisarai","24.45","91.74","3752.0","29.4","89.22","3035.0","-1.0","-1.0","-1.0","-1.0","0.0","0.0","-1.0","-1.0","-1.0","-1.0","-1.0","-1.0","4.44","1.86","420.0","-1.0","-1.0","-1.0","-1.0","-1.0","-1.0","3.47","4.53","1304.0","-1.0","-1.0","-1.0","6.59","8.7","1320.0","-1.0","-1.0","-1.0","-1.0","-1.0","-1.0","2.67","4.25","1592.0","-1.0","-1.0","-1.0","-1.0","-1.0","-1.0","0.22","0.17","777.0","-1.0","-1.0","-1.0","-1.0","-1.0","-1.0","-1.0","-1.0","-1.0","-1.0","-1.0","-1.0","-1.0","-1.0","-1.0","0.0","0.11","0.11","0.1","-1.0","0.0"
"956","2017","2","Bihar","Lakhisarai","31.68","107.29","3387.0","29.69","88.05","2966.0","-1.0","-1.0","-1.0","-1.0","0.0","0.0","-1.0","-1.0","-1.0","-1.0","-1.0","-1.0","2.47","5.03","2032.0","-1.0","-1.0","-1.0","-1.0","-1.0","-1.0","3.63","4.65","1282.0","-1.0","-1.0","-1.0","6.79","7.95","1170.0","-1.0","-1.0","-1.0","-1.0","-1.0","-1.0","2.68","3.5","1306.0","-1.0","-1.0","-1.0","-1.0","-1.0","-1.0","0.22","0.19","849.0","-1.0","-1.0","-1.0","-1.0","-1.0","-1.0","-1.0","-1.0","-1.0","-1.0","-1.0","-1.0","-1.0","-1.0","-1.0","0.01","0.12","0.13","0.1","-1.0","0.0"
"957","2016","15","Jharkhand","Pakund Pakur","41.53","115.7","2786.0","3.94","8.98","2282.0","-1.0","-1.0","-1.0","-1.0","0.0","0.0","-1.0","-1.0","-1.0","-1.0","-1.0","-1.0","1.52","3.47","2288.0","-1.0","-1.0","-1.0","-1.0","-1.0","-1.0","2.42","2.35","973.0","0.53","0.99","1865.0","0.01","0.02","2333.0","-1.0","-1.0","-1.0","-1.0","-1.0","-1.0","2.12","3.01","1418.0","-1.0","-1.0","-1.0","-1.0","-1.0","-1.0","-1.0","-1.0","-1.0","-1.0","-1.0","-1.0","-1.0","-1.0","-1.0","-1.0","-1.0","-1.0","-1.0","-1.0","-1.0","-1.0","-1.0","-1.0","0.0","1.38","1.38","0.8","0.26","0.0"
"957","2017","15","Jharkhand","Pakund Pakur","50.08","93.47","1867.0","-1.0","-1.0","-1.0","0.17","0.13","749.0","-1.0","0.0","0.0","0.17","0.13","749.0","-1.0","-1.0","-1.0","11.47","23.12","2016.0","-1.0","-1.0","-1.0","-1.0","-1.0","-1.0","9.2","8.83","960.0","8.08","6.27","775.0","-1.0","-1.0","-1.0","0.1","0.07","705.0","0.57","0.18","311.0","11.56","10.98","950.0","0.0","0.0","500.0","-1.0","-1.0","-1.0","2.07","1.76","850.0","0.01","0.0","600.0","-1.0","-1.0","-1.0","-1.0","-1.0","-1.0","-1.0","-1.0","-1.0","-1.0","-1.0","-1.0","-1.0","-1.0","-1.0","-1.0","-1.0","-1.0"
"958","2016","2","Bihar","Sheikapura","22.08","63.27","2865.0","22.19","52.05","2345.0","-1.0","-1.0","-1.0","-1.0","0.0","0.0","-1.0","-1.0","-1.0","-1.0","-1.0","-1.0","0.68","1.19","1758.0","-1.0","-1.0","-1.0","-1.0","-1.0","-1.0","1.06","0.92","869.0","0.18","0.3","1659.0","5.53","6.68","1210.0","-1.0","-1.0","-1.0","0.0","0.0","1000.0","0.45","0.37","821.0","-1.0","-1.0","-1.0","-1.0","-1.0","-1.0","0.24","0.18","774.0","0.0","0.0","1500.0","-1.0","-1.0","-1.0","-1.0","-1.0","-1.0","0.16","0.9","5563.0","-1.0","-1.0","-1.0","0.01","1.62","1.63","0.35","0.82","0.0"
"958","2017","2","Bihar","Sheikapura","30.7","71.27","2322.0","21.93","60.66","2766.0","-1.0","-1.0","-1.0","-1.0","0.0","0.0","-1.0","-1.0","-1.0","-1.0","-1.0","-1.0","0.61","0.91","1497.0","0.0","0.0","1000.0","0.0","0.01","1667.0","0.76","0.9","1193.0","0.27","0.28","1049.0","3.99","5.02","1256.0","-1.0","-1.0","-1.0","-1.0","-1.0","-1.0","0.55","0.57","1034.0","-1.0","-1.0","-1.0","-1.0","-1.0","-1.0","0.02","0.02","857.0","-1.0","-1.0","-1.0","-1.0","-1.0","-1.0","-1.0","-1.0","-1.0","0.0","0.01","5600.0","-1.0","-1.0","-1.0","0.0","1.48","1.48","0.57","0.83","0.0"
"960","2016","2","Bihar","Sheohar","22.12","35.78","1617.0","14.31","34.72","2425.0","-1.0","-1.0","-1.0","-1.0","0.0","0.0","-1.0","-1.0","-1.0","-1.0","-1.0","-1.0","1.5","6.68","4439.0","0.01","0.0","800.0","-1.0","-1.0","-1.0","-1.0","-1.0","-1.0","0.05","0.12","2408.0","1.98","1.11","561.0","-1.0","-1.0","-1.0","0.06","0.06","902.0","0.35","0.3","860.0","-1.0","-1.0","-1.0","-1.0","-1.0","-1.0","0.13","0.11","873.0","0.09","0.13","1461.0","-1.0","-1.0","-1.0","-1.0","-1.0","-1.0","1.94","10.52","5417.0","-1.0","-1.0","-1.0","1.0","1.5","2.5","0.52","0.06","0.0"
"960","2017","2","Bihar","Sheohar","22.02","36.87","1675.0","14.45","44.55","3083.0","-1.0","-1.0","-1.0","-1.0","0.0","0.0","-1.0","-1.0","-1.0","-1.0","-1.0","-1.0","1.63","5.72","3503.0","0.0","0.0","1000.0","0.0","0.0","1500.0","-1.0","-1.0","-1.0","0.05","0.11","2078.0","2.06","1.11","539.0","-1.0","-1.0","-1.0","0.06","0.05","881.0","0.42","0.33","783.0","-1.0","-1.0","-1.0","-1.0","-1.0","-1.0","0.12","0.1","852.0","0.11","0.15","1417.0","-1.0","-1.0","-1.0","-1.0","-1.0","-1.0","1.97","20.11","10228.0","-1.0","-1.0","-1.0","0.81","1.63","2.44","0.57","-1.0","0.0"
"961","2016","2","Bihar","Arwal","41.71","145.71","3493.0","14.28","37.75","2643.0","-1.0","-1.0","-1.0","-1.0","0.0","0.0","-1.0","-1.0","-1.0","-1.0","-1.0","-1.0","0.52","2.93","5684.0","0.04","0.03","711.0","0.09","0.12","1344.0","0.94","1.19","1262.0","0.06","0.06","967.0","5.06","4.14","818.0","-1.0","-1.0","-1.0","0.02","0.01","875.0","0.29","0.3","1014.0","-1.0","-1.0","-1.0","-1.0","-1.0","-1.0","0.37","0.31","833.0","-1.0","-1.0","-1.0","-1.0","-1.0","-1.0","-1.0","-1.0","-1.0","0.02","0.22","12250.0","-1.0","-1.0","-1.0","0.03","2.23","2.25","1.27","0.24","0.0"
"961","2017","2","Bihar","Arwal","42.52","159.9","3761.0","13.56","31.55","2327.0","-1.0","-1.0","-1.0","-1.0","0.0","0.0","-1.0","-1.0","-1.0","-1.0","-1.0","-1.0","0.45","2.09","4634.0","0.04","0.04","1000.0","0.08","0.14","1744.0","0.9","1.01","1129.0","-1.0","-1.0","-1.0","4.76","3.65","768.0","-1.0","-1.0","-1.0","0.01","0.01","857.0","0.28","0.27","933.0","-1.0","-1.0","-1.0","-1.0","-1.0","-1.0","0.33","0.28","847.0","-1.0","-1.0","-1.0","-1.0","-1.0","-1.0","-1.0","-1.0","-1.0","0.02","0.07","4071.0","-1.0","-1.0","-1.0","0.04","1.92","1.96","1.24","0.09","0.0"
"962","2016","15","Jharkhand","Jamtara","54.83","132.8","2422.0","2.19","4.32","1973.0","-1.0","-1.0","-1.0","-1.0","0.0","0.0","-1.0","-1.0","-1.0","-1.0","-1.0","-1.0","1.57","2.7","1725.0","-1.0","-1.0","-1.0","-1.0","-1.0","-1.0","0.04","0.01","205.0","0.03","0.02","760.0","0.0","0.0","0.0","-1.0","-1.0","-1.0","-1.0","-1.0","-1.0","0.22","0.19","845.0","-1.0","-1.0","-1.0","-1.0","-1.0","-1.0","-1.0","-1.0","-1.0","-1.0","-1.0","-1.0","-1.0","-1.0","-1.0","-1.0","-1.0","-1.0","-1.0","-1.0","-1.0","-1.0","-1.0","-1.0","0.0","2.55","2.55","0.94","0.06","0.0"
"962","2017","15","Jharkhand","Jamtara","49.32","82.2","1667.0","-1.0","-1.0","-1.0","0.01","0.02","1667.0","-1.0","0.0","0.0","0.01","0.02","1667.0","-1.0","-1.0","-1.0","13.42","33.52","2497.0","-1.0","-1.0","-1.0","-1.0","-1.0","-1.0","1.23","0.98","800.0","0.37","0.48","1310.0","-1.0","-1.0","-1.0","0.5","0.3","599.0","-1.0","-1.0","-1.0","10.5","9.45","900.0","-1.0","-1.0","-1.0","-1.0","-1.0","-1.0","-1.0","-1.0","-1.0","-1.0","-1.0","-1.0","0.0","0.0","1333.0","-1.0","-1.0","-1.0","-1.0","-1.0","-1.0","-1.0","-1.0","-1.0","-1.0","-1.0","-1.0","-1.0","-1.0","-1.0"
"963","2016","15","Jharkhand","Latehar","21.52","42.97","1997.0","4.99","12.59","2522.0","-1.0","-1.0","-1.0","-1.0","0.0","0.0","-1.0","-1.0","-1.0","-1.0","-1.0","-1.0","10.61","30.64","2888.0","0.26","0.3","1161.0","-1.0","-1.0","-1.0","0.91","0.86","949.0","1.87","3.15","1681.0","1.64","0.88","536.0","-1.0","-1.0","-1.0","-1.0","-1.0","-1.0","0.99","0.87","874.0","-1.0","-1.0","-1.0","-1.0","-1.0","-1.0","-1.0","-1.0","-1.0","-1.0","-1.0","-1.0","-1.0","-1.0","-1.0","-1.0","-1.0","-1.0","-1.0","-1.0","-1.0","-1.0","-1.0","-1.0","0.07","6.81","6.88","2.51","0.24","0.0"
"963","2017","15","Jharkhand","Latehar","24.47","58.73","2400.0","-1.0","-1.0","-1.0","0.11","0.04","340.0","-1.0","0.0","0.0","0.11","0.04","340.0","-1.0","-1.0","-1.0","19.02","12.25","644.0","0.28","0.31","1131.0","-1.0","-1.0","-1.0","10.92","6.86","628.0","22.92","35.11","1532.0","-1.0","-1.0","-1.0","1.63","1.4","860.0","0.6","0.13","223.0","14.88","13.08","879.0","-1.0","-1.0","-1.0","-1.0","-1.0","-1.0","2.61","1.38","527.0","0.04","0.02","600.0","0.34","0.38","1109.0","-1.0","-1.0","-1.0","-1.0","-1.0","-1.0","-1.0","-1.0","-1.0","-1.0","-1.0","-1.0","-1.0","-1.0","-1.0"
"964","2016","15","Jharkhand","Sariakela Kharsawan","55.74","100.52","1803.0","0.19","0.54","2846.0","-1.0","-1.0","-1.0","-1.0","0.0","0.0","-1.0","-1.0","-1.0","-1.0","-1.0","-1.0","0.34","0.65","1900.0","-1.0","-1.0","-1.0","-1.0","-1.0","-1.0","0.03","0.04","1467.0","0.01","0.02","1545.0","0.14","0.13","971.0","-1.0","-1.0","-1.0","-1.0","-1.0","-1.0","0.02","0.02","957.0","-1.0","-1.0","-1.0","-1.0","-1.0","-1.0","-1.0","-1.0","-1.0","-1.0","-1.0","-1.0","-1.0","-1.0","-1.0","-1.0","-1.0","-1.0","-1.0","-1.0","-1.0","-1.0","-1.0","-1.0","0.0","1.67","1.67","0.01","0.01","0.0"
"964","2017","15","Jharkhand","Sariakela Kharsawan","97.81","208.65","2133.0","-1.0","-1.0","-1.0","0.59","0.47","800.0","-1.0","0.0","0.0","0.59","0.47","800.0","0.11","0.08","696.0","7.29","15.16","2080.0","0.44","0.33","750.0","-1.0","-1.0","-1.0","12.0","20.4","1700.0","9.65","15.45","1600.0","-1.0","-1.0","-1.0","0.38","0.27","699.0","0.46","0.23","500.0","13.6","17.68","1300.0","-1.0","-1.0","-1.0","-1.0","-1.0","-1.0","3.5","3.85","1100.0","0.76","0.46","600.0","-1.0","-1.0","-1.0","-1.0","-1.0","-1.0","-1.0","-1.0","-1.0","-1.0","-1.0","-1.0","-1.0","-1.0","-1.0","-1.0","-1.0","-1.0"
"965","2016","15","Jharkhand","Simdega","61.72","121.18","1963.0","0.21","0.76","3635.0","-1.0","-1.0","-1.0","-1.0","0.0","0.0","-1.0","-1.0","-1.0","-1.0","-1.0","-1.0","0.28","0.77","2770.0","3.34","4.29","1284.0","-1.0","-1.0","-1.0","0.1","0.13","1225.0","0.17","0.51","2965.0","4.77","3.74","783.0","-1.0","-1.0","-1.0","-1.0","-1.0","-1.0","0.06","0.05","911.0","-1.0","-1.0","-1.0","-1.0","-1.0","-1.0","-1.0","-1.0","-1.0","-1.0","-1.0","-1.0","-1.0","-1.0","-1.0","-1.0","-1.0","-1.0","-1.0","-1.0","-1.0","-1.0","-1.0","-1.0","0.85","5.15","6.0","1.14","0.12","0.0"
"965","2017","15","Jharkhand","Simdega","85.13","170.27","2000.0","-1.0","-1.0","-1.0","0.03","0.02","600.0","-1.0","0.0","0.0","0.03","0.02","600.0","0.02","0.02","750.0","9.01","23.12","2567.0","2.0","1.6","800.0","-1.0","-1.0","-1.0","11.53","18.74","1625.0","15.0","22.5","1500.0","-1.0","-1.0","-1.0","4.8","3.84","800.0","0.6","0.42","700.0","13.12","8.2","625.0","0.23","0.26","1151.0","0.1","0.04","400.0","3.36","2.06","615.0","0.41","0.24","594.0","0.3","0.24","800.0","-1.0","-1.0","-1.0","-1.0","-1.0","-1.0","-1.0","-1.0","-1.0","-1.0","-1.0","-1.0","-1.0","-1.0","-1.0"
"999","2016","11","Tamil Nadu","Chennai","-1.0","-1.0","-1.0","-1.0","-1.0","-1.0","-1.0","-1.0","-1.0","-1.0","-1.0","-1.0","-1.0","-1.0","-1.0","-1.0","-1.0","-1.0","-1.0","-1.0","-1.0","-1.0","-1.0","-1.0","-1.0","-1.0","-1.0","-1.0","-1.0","-1.0","-1.0","-1.0","-1.0","-1.0","-1.0","-1.0","-1.0","-1.0","-1.0","-1.0","-1.0","-1.0","-1.0","-1.0","-1.0","-1.0","-1.0","-1.0","-1.0","-1.0","-1.0","-1.0","-1.0","-1.0","-1.0","-1.0","-1.0","-1.0","-1.0","-1.0","-1.0","-1.0","-1.0","-1.0","-1.0","-1.0","-1.0","-1.0","-1.0","-1.0","-1.0","-1.0","-1.0","-1.0","-1.0"
"999","2017","11","Tamil Nadu","Chennai","-1.0","-1.0","-1.0","-1.0","-1.0","-1.0","-1.0","-1.0","-1.0","-1.0","-1.0","-1.0","-1.0","-1.0","-1.0","-1.0","-1.0","-1.0","-1.0","-1.0","-1.0","-1.0","-1.0","-1.0","-1.0","-1.0","-1.0","-1.0","-1.0","-1.0","-1.0","-1.0","-1.0","-1.0","-1.0","-1.0","-1.0","-1.0","-1.0","-1.0","-1.0","-1.0","-1.0","-1.0","-1.0","-1.0","-1.0","-1.0","-1.0","-1.0","-1.0","-1.0","-1.0","-1.0","-1.0","-1.0","-1.0","-1.0","-1.0","-1.0","-1.0","-1.0","-1.0","-1.0","-1.0","-1.0","-1.0","-1.0","-1.0","-1.0","-1.0","-1.0","-1.0","-1.0","-1.0"
"1001","2016","3","Gujarat","Anand","102.65","282.18","2749.0","57.85","184.43","3188.0","-1.0","-1.0","-1.0","-1.0","0.0","0.0","-1.0","-1.0","-1.0","44.48","110.7","2489.0","0.17","0.28","1680.0","-1.0","-1.0","-1.0","-1.0","-1.0","-1.0","4.18","3.84","918.0","0.08","0.09","1133.0","0.89","0.45","512.0","0.04","0.08","1786.0","0.24","0.13","531.0","1.21","1.86","1544.0","-1.0","-1.0","-1.0","0.64","0.99","1539.0","-1.0","-1.0","-1.0","-1.0","-1.0","-1.0","0.01","0.01","700.0","-1.0","-1.0","-1.0","0.05","0.36","7188.0","2.0","2.0","694.0","-1.0","-1.0","-1.0","2.58","-1.0","-1.0"
"1001","2017","3","Gujarat","Anand","111.36","301.38","2706.0","59.05","178.25","3019.0","-1.0","-1.0","-1.0","-1.0","0.0","0.0","-1.0","-1.0","-1.0","39.6","104.28","2633.0","0.12","0.19","1553.0","-1.0","-1.0","-1.0","-1.0","-1.0","-1.0","3.81","3.75","986.0","0.07","0.09","1243.0","0.8","0.41","509.0","-1.0","-1.0","-1.0","0.1","0.06","604.0","1.24","2.24","1808.0","-1.0","-1.0","-1.0","0.46","1.01","2193.0","-1.0","-1.0","-1.0","-1.0","-1.0","-1.0","0.03","0.02","706.0","-1.0","-1.0","-1.0","-1.0","-1.0","-1.0","2.0","1.0","667.0","-1.0","-1.0","-1.0","1.56","0.23","-1.0"
"1002","2016","3","Gujarat","Dahod","40.67","47.91","1178.0","51.81","89.78","1733.0","0.07","0.1","1537.0","-1.0","0.0","0.0","0.07","0.1","1537.0","0.02","0.04","2467.0","138.32","211.7","1530.0","-1.0","-1.0","-1.0","-1.0","-1.0","-1.0","28.04","37.1","1323.0","12.81","17.02","1329.0","9.54","6.25","656.0","1.17","2.02","1719.0","0.14","0.08","536.0","0.29","0.52","1772.0","-1.0","-1.0","-1.0","-1.0","-1.0","-1.0","-1.0","-1.0","-1.0","-1.0","-1.0","-1.0","41.05","31.2","760.0","-1.0","-1.0","-1.0","-1.0","-1.0","-1.0","0.0","0.0","304.0","-1.0","-1.0","-1.0","-1.0","1.18","-1.0"
"1002","2017","3","Gujarat","Dahod","49.88","59.03","1183.0","43.24","105.83","2447.0","-1.0","-1.0","-1.0","-1.0","0.0","0.0","-1.0","-1.0","-1.0","0.01","0.02","3000.0","135.32","213.55","1578.0","-1.0","-1.0","-1.0","-1.0","-1.0","-1.0","36.47","55.15","1512.0","13.01","15.76","1211.0","9.63","2.55","265.0","1.95","3.95","2027.0","0.2","0.12","604.0","0.17","0.31","1807.0","-1.0","-1.0","-1.0","0.16","0.4","2541.0","-1.0","-1.0","-1.0","-1.0","-1.0","-1.0","56.89","43.81","770.0","-1.0","-1.0","-1.0","-1.0","-1.0","-1.0","0.0","0.0","384.0","-1.0","-1.0","-1.0","-1.0","0.85","-1.0"
"1003","2016","3","Gujarat","Narmada","13.37","7.16","536.0","1.3","2.45","1883.0","6.35","7.22","1136.0","1.47","1.82","1242.0","7.82","9.04","1156.0","0.33","0.57","1705.0","8.29","12.88","1554.0","-1.0","-1.0","-1.0","-1.0","-1.0","-1.0","1.16","1.03","885.0","23.72","19.9","839.0","2.94","1.67","568.0","0.16","0.22","1397.0","0.05","0.02","383.0","0.08","0.15","1774.0","-1.0","-1.0","-1.0","0.24","0.5","2074.0","-1.0","-1.0","-1.0","-1.0","-1.0","-1.0","3.27","2.76","846.0","-1.0","-1.0","-1.0","5.65","39.52","7000.0","35.0","16.0","459.0","-1.0","-1.0","-1.0","-1.0","0.09","-1.0"
"1003","2017","3","Gujarat","Narmada","10.74","8.45","787.0","1.24","3.51","2824.0","1.22","1.61","1312.0","0.79","0.35","445.0","2.01","1.96","972.0","0.11","0.28","2676.0","7.5","12.09","1612.0","-1.0","-1.0","-1.0","-1.0","-1.0","-1.0","1.28","1.36","1067.0","18.57","16.81","905.0","1.12","0.65","576.0","0.24","0.44","1864.0","0.02","0.01","381.0","0.01","0.01","1750.0","-1.0","-1.0","-1.0","0.2","0.5","2541.0","-1.0","-1.0","-1.0","-1.0","-1.0","-1.0","3.41","3.01","882.0","-1.0","-1.0","-1.0","5.38","36.04","6700.0","52.0","26.0","501.0","-1.0","-1.0","-1.0","-1.0","-1.0","-1.0"
"1004","2016","3","Gujarat","Navsari","60.24","159.66","2650.0","0.16","0.42","2729.0","0.01","0.02","1500.0","0.62","1.72","2763.0","0.63","1.73","2743.0","-1.0","-1.0","-1.0","0.25","0.54","2151.0","0.03","0.04","1265.0","-1.0","-1.0","-1.0","0.84","0.53","629.0","1.16","0.66","571.0","2.35","1.83","780.0","0.04","0.07","1718.0","0.0","0.0","500.0","0.01","0.02","1800.0","-1.0","-1.0","-1.0","-1.0","-1.0","-1.0","-1.0","-1.0","-1.0","-1.0","-1.0","-1.0","-1.0","-1.0","-1.0","-1.0","-1.0","-1.0","12.88","86.48","6715.0","-1.0","-1.0","-1.0","-1.0","-1.0","-1.0","-1.0","0.2","-1.0"
"1004","2017","3","Gujarat","Navsari","50.0","123.74","2475.0","0.19","0.58","3079.0","0.02","0.03","1409.0","0.57","0.74","1312.0","0.59","0.78","1316.0","-1.0","-1.0","-1.0","0.38","0.8","2136.0","0.03","0.03","909.0","-1.0","-1.0","-1.0","0.86","0.75","880.0","1.18","1.1","931.0","2.47","2.01","815.0","0.03","0.07","1970.0","-1.0","-1.0","-1.0","-1.0","-1.0","-1.0","-1.0","-1.0","-1.0","-1.0","-1.0","-1.0","-1.0","-1.0","-1.0","-1.0","-1.0","-1.0","-1.0","-1.0","-1.0","-1.0","-1.0","-1.0","16.56","113.62","6860.0","-1.0","-1.0","-1.0","-1.0","-1.0","-1.0","-1.0","0.32","-1.0"
"1005","2016","3","Gujarat","Patan","-1.0","-1.0","-1.0","35.76","96.05","2686.0","1.01","1.56","1541.0","-1.0","0.0","0.0","1.01","1.56","1541.0","8.08","18.51","2292.0","-1.0","-1.0","-1.0","-1.0","-1.0","-1.0","-1.0","-1.0","-1.0","12.86","10.7","832.0","0.05","0.06","1137.0","46.63","24.82","532.0","0.79","1.3","1650.0","0.88","0.53","596.0","27.52","44.79","1628.0","-1.0","-1.0","-1.0","82.38","155.94","1893.0","-1.0","-1.0","-1.0","-1.0","-1.0","-1.0","0.02","0.02","905.0","-1.0","-1.0","-1.0","-1.0","-1.0","-1.0","39.0","23.0","580.0","-1.0","-1.0","-1.0","1.06","0.01","-1.0"
"1005","2017","3","Gujarat","Patan","0.52","1.39","2665.0","37.21","100.3","2695.0","1.36","1.9","1393.0","-1.0","0.0","0.0","1.36","1.9","1393.0","15.35","14.38","937.0","0.13","0.26","1940.0","-1.0","-1.0","-1.0","-1.0","-1.0","-1.0","24.06","16.49","686.0","0.58","0.72","1243.0","45.13","23.48","520.0","0.48","1.14","2367.0","2.3","1.39","606.0","30.6","45.35","1482.0","-1.0","-1.0","-1.0","69.86","153.73","2201.0","-1.0","-1.0","-1.0","-1.0","-1.0","-1.0","-1.0","-1.0","-1.0","-1.0","-1.0","-1.0","-1.0","-1.0","-1.0","40.0","24.0","604.0","-1.0","-1.0","-1.0","0.63","0.01","-1.0"
"1006","2016","3","Gujarat","Porbandar","-1.0","-1.0","-1.0","7.68","21.62","2815.0","0.17","0.26","1541.0","14.86","26.22","1764.0","15.03","26.48","1762.0","0.1","0.19","1989.0","-1.0","-1.0","-1.0","-1.0","-1.0","-1.0","-1.0","-1.0","-1.0","18.54","36.32","1959.0","0.03","0.03","1120.0","2.63","2.2","838.0","73.92","199.02","2692.0","1.48","0.95","643.0","-1.0","-1.0","-1.0","-1.0","-1.0","-1.0","0.75","1.77","2369.0","-1.0","-1.0","-1.0","-1.0","-1.0","-1.0","-1.0","-1.0","-1.0","-1.0","-1.0","-1.0","-1.0","-1.0","-1.0","11.0","10.0","909.0","-1.0","-1.0","-1.0","-1.0","0.27","-1.0"
"1006","2017","3","Gujarat","Porbandar","-1.0","-1.0","-1.0","7.03","24.02","3419.0","-1.0","-1.0","-1.0","10.54","16.76","1590.0","10.54","16.76","1590.0","0.09","0.26","2920.0","-1.0","-1.0","-1.0","-1.0","-1.0","-1.0","-1.0","-1.0","-1.0","19.84","32.37","1632.0","-1.0","-1.0","-1.0","1.0","0.86","863.0","77.35","239.78","3100.0","0.5","0.36","724.0","-1.0","-1.0","-1.0","-1.0","-1.0","-1.0","0.78","1.87","2410.0","-1.0","-1.0","-1.0","-1.0","-1.0","-1.0","-1.0","-1.0","-1.0","-1.0","-1.0","-1.0","-1.0","-1.0","-1.0","10.0","7.0","747.0","-1.0","-1.0","-1.0","-1.0","0.13","-1.0"
"1007","2016","4","Haryana","Fatehabad","116.5","486.0","4172.0","188.8","995.0","5270.0","-1.0","-1.0","-1.0","-1.0","-1.0","-1.0","0.0","0.0","0.0","3.5","9.0","2571.0","-1.0","0.0","-1.0","-1.0","-1.0","-1.0","1.1","4.0","3636.0","0.5","1.5","3000.0","-1.0","-1.0","-1.0","0.4","3.4","8500.0","1.2","1.6","1333.0","-1.0","-1.0","-1.0","14.1","19.0","1348.0","-1.0","-1.0","-1.0","-1.0","-1.0","-1.0","-1.0","-1.0","-1.0","-1.0","-1.0","-1.0","-1.0","-1.0","-1.0","15.4","3.1","201.0","0.5","0.0","0.0","67.0","49.0","722.0","-1.0","-1.0","-1.0","0.2","-1.0","-1.0"
"1007","2017","4","Haryana","Fatehabad","117.8","514.0","4363.0","188.3","1012.0","5374.0","-1.0","-1.0","-1.0","-1.0","-1.0","-1.0","0.0","0.0","0.0","2.4","6.0","2500.0","0.0","0.0","0.0","-1.0","-1.0","-1.0","0.9","4.0","4444.0","1.2","2.0","1667.0","-1.0","-1.0","-1.0","0.4","0.4","1000.0","1.2","1.3","1083.0","-1.0","-1.0","-1.0","14.7","29.0","1973.0","-1.0","-1.0","-1.0","-1.0","-1.0","-1.0","-1.0","-1.0","-1.0","-1.0","-1.0","-1.0","-1.0","-1.0","-1.0","15.9","31.8","2000.0","-1.0","-1.0","-1.0","71.0","34.0","480.0","-1.0","-1.0","-1.0","-1.0","-1.0","-1.0"
"1008","2016","4","Haryana","Jhajjar","36.7","80.0","2180.0","93.0","545.0","5860.0","-1.0","-1.0","-1.0","-1.0","-1.0","-1.0","9.9","5.0","505.0","24.2","88.0","3636.0","0.2","0.0","0.0","-1.0","-1.0","-1.0","1.7","8.0","4706.0","0.2","0.0","0.0","-1.0","-1.0","-1.0","0.1","0.0","0.0","0.1","0.1","1000.0","0.1","-1.0","-1.0","22.2","58.0","2613.0","-1.0","-1.0","-1.0","-1.0","-1.0","-1.0","-1.0","-1.0","-1.0","-1.0","-1.0","-1.0","-1.0","-1.0","-1.0","22.4","58.1","2594.0","2.9","23.0","7931.0","6.0","3.0","482.0","-1.0","-1.0","-1.0","0.0","-1.0","-1.0"
"1008","2017","4","Haryana","Jhajjar","40.3","98.0","2432.0","106.2","493.0","4642.0","-1.0","-1.0","-1.0","-1.0","-1.0","-1.0","9.0","5.0","556.0","43.1","67.0","1555.0","0.1","-1.0","-1.0","-1.0","-1.0","-1.0","2.5","7.0","2800.0","0.3","0.3","1000.0","-1.0","-1.0","-1.0","0.9","1.4","1556.0","-1.0","-1.0","-1.0","0.1","-1.0","-1.0","29.3","62.0","2116.0","-1.0","-1.0","-1.0","-1.0","-1.0","-1.0","-1.0","-1.0","-1.0","-1.0","-1.0","-1.0","-1.0","-1.0","-1.0","29.4","62.0","2109.0","-1.0","-1.0","-1.0","7.0","4.0","511.0","-1.0","-1.0","-1.0","-1.0","-1.0","-1.0"
"1009","2016","4","Haryana","Panchkula","9.2","31.0","3370.0","17.5","69.0","3943.0","-1.0","-1.0","-1.0","-1.0","-1.0","-1.0","0.0","0.0","0.0","0.0","3.0","0.0","2.4","9.0","3750.0","-1.0","-1.0","-1.0","-1.0","0.0","0.0","-1.0","0.0","0.0","-1.0","-1.0","-1.0","0.6","2.1","3500.0","-1.0","-1.0","-1.0","-1.0","-1.0","-1.0","1.5","1.0","667.0","-1.0","-1.0","-1.0","-1.0","-1.0","-1.0","-1.0","-1.0","-1.0","-1.0","-1.0","-1.0","-1.0","-1.0","-1.0","1.7","2.2","1294.0","0.5","9.0","18000.0","0.0","0.0","0.0","-1.0","-1.0","-1.0","0.0","-1.0","-1.0"
"1009","2017","4","Haryana","Panchkula","10.4","37.0","3558.0","18.1","67.0","3702.0","-1.0","-1.0","-1.0","-1.0","-1.0","-1.0","0.0","0.0","0.0","0.9","2.0","2222.0","4.4","14.0","3182.0","-1.0","-1.0","-1.0","0.1","0.0","0.0","0.1","0.1","1000.0","-1.0","-1.0","-1.0","0.7","8.5","12143.0","-1.0","-1.0","-1.0","-1.0","-1.0","-1.0","1.2","0.2","167.0","-1.0","-1.0","-1.0","-1.0","-1.0","-1.0","-1.0","-1.0","-1.0","-1.0","-1.0","-1.0","-1.0","-1.0","-1.0","1.3","0.9","692.0","-1.0","-1.0","-1.0","0.0","0.0","0.0","-1.0","-1.0","-1.0","-1.0","-1.0","-1.0"
"1010","2016","5","Karnataka","Bagalkote","0.02","0.05","2765.0","22.1","28.3","1281.0","0.97","1.66","1715.0","97.62","46.83","480.0","98.58","48.49","492.0","29.34","32.81","1118.0","65.85","255.66","3883.0","-1.0","-1.0","-1.0","-1.0","-1.0","-1.0","101.08","32.55","322.0","37.26","29.24","785.0","43.2","9.44","219.0","25.98","34.47","1327.0","0.24","0.11","442.0","-1.0","-1.0","-1.0","1.13","0.08","73.0","-1.0","-1.0","-1.0","1.75","0.08","46.0","34.83","15.67","450.0","3.96","3.95","998.0","-1.0","-1.0","-1.0","88.27","637.28","7220.0","1.0","0.0","310.0","6.24","26.04","32.28","-1.0","23.37","0.0"
"1010","2017","5","Karnataka","Bagalkote","-1.0","-1.0","-1.0","22.68","33.8","1491.0","0.35","1.08","3045.0","110.58","128.27","1160.0","110.94","129.35","1166.0","21.83","34.15","1565.0","62.92","281.75","4478.0","-1.0","-1.0","-1.0","-1.0","-1.0","-1.0","105.26","73.6","699.0","23.0","15.97","694.0","42.31","5.8","137.0","28.33","42.06","1484.0","0.28","0.29","1011.0","-1.0","-1.0","-1.0","1.31","0.71","539.0","-1.0","-1.0","-1.0","1.02","0.32","315.0","34.01","35.8","1053.0","0.95","1.11","1171.0","-1.0","-1.0","-1.0","83.34","672.96","8075.0","2.0","1.0","584.0","7.44","28.58","36.02","-1.0","25.87","0.0"
"1011","2016","5","Karnataka","Chamaraja Nagar","6.82","15.11","2215.0","-1.0","-1.0","-1.0","15.86","11.42","720.0","-1.0","0.0","0.0","15.86","11.42","720.0","0.05","0.04","679.0","17.6","31.7","1801.0","5.89","4.66","791.0","-1.0","-1.0","-1.0","0.53","0.01","9.0","0.82","0.07","83.0","35.15","24.04","684.0","9.3","1.96","211.0","0.19","0.04","230.0","-1.0","-1.0","-1.0","-1.0","-1.0","-1.0","0.36","0.04","122.0","-1.0","-1.0","-1.0","9.99","3.27","328.0","-1.0","-1.0","-1.0","-1.0","-1.0","-1.0","1.88","13.0","6935.0","9.0","0.0","46.0","7.67","10.84","18.52","0.37","4.44","0.0"
"1011","2017","5","Karnataka","Chamaraja Nagar","3.01","11.23","3728.0","-1.0","-1.0","-1.0","24.26","19.45","802.0","0.04","0.05","1125.0","24.3","19.5","802.0","1.7","2.99","1752.0","29.29","147.75","5044.0","20.57","49.7","2417.0","-1.0","-1.0","-1.0","2.13","1.53","718.0","0.79","0.76","961.0","41.82","24.04","575.0","6.23","7.61","1222.0","1.21","0.62","507.0","-1.0","-1.0","-1.0","-1.0","-1.0","-1.0","0.37","0.23","617.0","-1.0","-1.0","-1.0","8.28","6.1","736.0","-1.0","-1.0","-1.0","-1.0","-1.0","-1.0","6.79","74.8","11020.0","10.0","4.0","399.0","8.74","11.08","19.83","0.37","4.89","0.0"
"1012","2016","5","Karnataka","Davanagere","77.88","250.63","3218.0","0.08","0.08","1024.0","5.11","9.15","1789.0","2.35","3.86","1643.0","7.46","13.01","1743.0","0.56","0.38","668.0","185.28","360.49","1946.0","11.14","13.44","1207.0","-1.0","-1.0","-1.0","0.56","0.07","116.0","12.61","7.73","613.0","3.65","2.65","726.0","13.77","10.95","795.0","0.05","0.03","472.0","0.03","0.01","200.0","-1.0","-1.0","-1.0","0.21","0.1","495.0","-1.0","-1.0","-1.0","1.14","0.75","659.0","-1.0","-1.0","-1.0","-1.0","-1.0","-1.0","3.84","41.25","10735.0","9.0","2.0","209.0","10.0","14.11","24.11","0.03","9.82","0.0"
"1012","2017","5","Karnataka","Davanagere","64.4","244.36","3794.0","0.2","0.22","1133.0","5.34","10.05","1881.0","4.78","6.37","1330.0","10.13","16.42","1621.0","1.56","2.33","1490.0","189.44","815.69","4306.0","23.3","42.04","1805.0","-1.0","-1.0","-1.0","4.47","2.51","561.0","8.14","8.44","1036.0","3.63","2.07","571.0","16.39","24.93","1521.0","0.01","0.01","889.0","0.06","0.01","167.0","-1.0","-1.0","-1.0","0.08","0.05","646.0","-1.0","-1.0","-1.0","2.51","2.12","847.0","0.06","0.09","1526.0","-1.0","-1.0","-1.0","3.8","41.1","10830.0","5.0","1.0","255.0","8.4","14.39","22.78","0.02","8.01","0.0"
"1013","2016","5","Karnataka","Gadag","1.91","4.51","2361.0","17.25","4.8","278.0","2.83","3.35","1182.0","76.96","20.33","264.0","79.8","23.68","297.0","1.28","0.86","676.0","50.12","99.55","1986.0","0.05","0.04","808.0","-1.0","-1.0","-1.0","115.51","13.94","121.0","3.48","1.68","484.0","99.71","17.94","180.0","44.08","26.53","602.0","0.22","0.16","739.0","0.04","0.01","182.0","2.57","0.33","127.0","0.01","0.01","500.0","0.13","0.0","16.0","34.41","6.48","188.0","0.0","0.0","667.0","-1.0","-1.0","-1.0","2.86","16.0","5605.0","53.0","13.0","244.0","1.13","45.11","46.24","-1.0","44.24","0.0"
"1013","2017","5","Karnataka","Gadag","2.44","7.64","3134.0","18.04","9.7","538.0","2.77","5.0","1807.0","74.08","49.48","668.0","76.85","54.47","709.0","2.17","2.88","1327.0","38.47","135.65","3526.0","-1.0","-1.0","-1.0","-1.0","-1.0","-1.0","132.54","58.55","442.0","3.37","2.15","637.0","79.36","7.07","89.0","36.28","32.34","892.0","0.18","0.2","1071.0","0.03","0.01","167.0","2.56","1.24","486.0","0.03","0.02","643.0","0.08","0.03","416.0","31.37","18.15","579.0","0.0","0.0","1500.0","-1.0","-1.0","-1.0","0.81","5.56","6840.0","35.0","18.0","509.0","1.87","25.41","27.29","-1.0","23.67","0.0"
"1014","2016","5","Karnataka","Haveri","36.01","41.08","1141.0","0.11","0.11","1018.0","2.13","1.78","835.0","22.94","6.51","284.0","25.07","8.29","331.0","0.01","0.01","1000.0","189.49","452.83","2390.0","0.13","0.08","632.0","-1.0","-1.0","-1.0","1.39","0.2","144.0","3.33","2.15","644.0","6.46","1.19","184.0","20.94","15.57","743.0","0.16","0.02","116.0","0.0","0.0","333.0","0.23","0.11","500.0","0.01","0.0","444.0","0.01","0.0","77.0","2.37","1.71","720.0","9.52","7.76","815.0","-1.0","-1.0","-1.0","7.63","70.33","9215.0","75.0","17.0","229.0","6.25","13.52","19.77","0.03","6.91","0.0"
"1014","2017","5","Karnataka","Haveri","27.73","53.96","1946.0","0.66","0.19","290.0","0.4","0.56","1385.0","31.37","22.71","724.0","31.77","23.27","732.0","-1.0","-1.0","-1.0","185.15","767.9","4147.0","0.19","0.23","1253.0","-1.0","-1.0","-1.0","1.94","0.89","460.0","1.22","1.23","1008.0","6.1","2.02","331.0","23.18","29.82","1287.0","0.01","0.01","857.0","0.01","0.0","222.0","0.39","0.22","578.0","0.0","0.0","500.0","0.02","0.01","353.0","1.69","2.1","1241.0","6.82","6.64","974.0","-1.0","-1.0","-1.0","13.35","115.39","8645.0","70.0","38.0","537.0","6.48","13.48","19.96","0.01","6.12","0.0"
"1015","2016","5","Karnataka","Koppal","42.61","142.08","3334.0","2.52","0.66","261.0","1.87","1.78","950.0","27.82","7.15","257.0","29.69","8.93","301.0","56.14","37.6","670.0","60.34","78.82","1306.0","-1.0","-1.0","-1.0","-1.0","-1.0","-1.0","43.73","22.23","508.0","25.5","12.43","487.0","42.81","7.48","175.0","33.63","17.99","535.0","9.28","4.55","490.0","-1.0","-1.0","-1.0","0.81","0.05","66.0","1.41","0.7","496.0","0.14","0.01","44.0","34.23","7.36","215.0","-1.0","-1.0","-1.0","-1.0","-1.0","-1.0","0.31","2.15","6935.0","3.0","0.0","160.0","6.4","14.01","20.41","-1.0","7.92","0.0"
"1015","2017","5","Karnataka","Koppal","53.94","230.7","4277.0","6.54","3.51","537.0","1.5","3.47","2311.0","45.76","27.79","607.0","47.26","31.25","661.0","79.21","144.47","1824.0","63.74","230.26","3612.0","-1.0","-1.0","-1.0","-1.0","-1.0","-1.0","70.67","31.29","443.0","17.26","9.82","569.0","39.3","11.04","281.0","34.19","40.7","1190.0","4.74","5.6","1182.0","0.49","0.08","166.0","1.33","0.73","551.0","0.31","0.17","562.0","0.36","0.13","367.0","28.32","23.05","814.0","-1.0","-1.0","-1.0","-1.0","-1.0","-1.0","1.29","12.14","9405.0","7.0","2.0","347.0","7.2","12.17","19.37","-1.0","3.72","0.0"
"1016","2016","5","Karnataka","Udupi","47.83","129.44","2706.0","-1.0","-1.0","-1.0","-1.0","-1.0","-1.0","-1.0","0.0","0.0","-1.0","-1.0","-1.0","-1.0","-1.0","-1.0","0.0","0.01","3000.0","-1.0","-1.0","-1.0","-1.0","-1.0","-1.0","-1.0","-1.0","-1.0","-1.0","-1.0","-1.0","3.36","1.51","450.0","1.67","4.02","2402.0","0.01","0.01","625.0","-1.0","-1.0","-1.0","-1.0","-1.0","-1.0","-1.0","-1.0","-1.0","-1.0","-1.0","-1.0","-1.0","-1.0","-1.0","-1.0","-1.0","-1.0","-1.0","-1.0","-1.0","0.01","0.1","6936.0","-1.0","-1.0","-1.0","22.44","1.45","23.89","-1.0","-1.0","0.0"
"1016","2017","5","Karnataka","Udupi","47.1","142.48","3025.0","-1.0","-1.0","-1.0","-1.0","-1.0","-1.0","-1.0","0.0","0.0","-1.0","-1.0","-1.0","-1.0","-1.0","-1.0","0.01","0.02","3833.0","-1.0","-1.0","-1.0","-1.0","-1.0","-1.0","-1.0","-1.0","-1.0","-1.0","-1.0","-1.0","3.2","1.36","426.0","1.77","4.13","2329.0","0.03","0.03","875.0","-1.0","-1.0","-1.0","-1.0","-1.0","-1.0","-1.0","-1.0","-1.0","-1.0","-1.0","-1.0","-1.0","-1.0","-1.0","-1.0","-1.0","-1.0","-1.0","-1.0","-1.0","0.01","0.1","9409.0","-1.0","-1.0","-1.0","22.63","1.43","24.06","-1.0","-1.0","0.0"
"1017","2016","9","Punjab","S.B.S Nagar","60.0","260.0","4333.0","76.0","374.0","4921.0","-1.0","-1.0","-1.0","-1.0","0.0","0.0","-1.0","-1.0","-1.0","-1.0","-1.0","-1.0","9.0","40.0","4444.0","-1.0","-1.0","-1.0","-1.0","-1.0","-1.0","-1.0","-1.0","-1.0","-1.0","-1.0","-1.0","0.0","0.0","0.0","-1.0","-1.0","-1.0","-1.0","-1.0","-1.0","1.8","2.4","1333.0","-1.0","-1.0","-1.0","-1.0","-1.0","-1.0","-1.0","-1.0","-1.0","0.4","0.5","1250.0","-1.0","-1.0","-1.0","-1.0","-1.0","-1.0","6.0","47.0","7833.0","-1.0","-1.0","-1.0","0.38","4.68","5.06","-1.0","-1.0","19.0"
"1017","2017","9","Punjab","S.B.S Nagar","60.0","282.0","4700.0","77.0","385.0","5000.0","-1.0","-1.0","-1.0","-1.0","0.0","0.0","-1.0","-1.0","-1.0","-1.0","-1.0","-1.0","8.0","33.0","4125.0","-1.0","-1.0","-1.0","-1.0","-1.0","-1.0","-1.0","-1.0","-1.0","-1.0","-1.0","-1.0","0.2","0.2","1000.0","-1.0","-1.0","-1.0","-1.0","-1.0","-1.0","1.7","2.5","1471.0","-1.0","-1.0","-1.0","-1.0","-1.0","-1.0","-1.0","-1.0","-1.0","0.1","0.2","2000.0","-1.0","-1.0","-1.0","-1.0","-1.0","-1.0","6.0","48.3","8050.0","-1.0","-1.0","-1.0","0.36","2.72","3.08","-1.0","-1.0","15.0"
"1018","2016","9","Punjab","Shri Mukatsar Sahib","173.0","699.0","4040.0","213.0","1093.0","5131.0","-1.0","-1.0","-1.0","-1.0","0.0","0.0","-1.0","-1.0","-1.0","-1.0","-1.0","-1.0","-1.0","-1.0","-1.0","-1.0","-1.0","-1.0","0.5","1.6","3200.0","0.1","0.2","2000.0","0.5","0.4","800.0","0.2","0.2","1000.0","-1.0","-1.0","-1.0","0.1","-1.0","-1.0","0.7","0.9","1286.0","-1.0","-1.0","-1.0","-1.0","-1.0","-1.0","-1.0","-1.0","-1.0","-1.0","-1.0","-1.0","-1.0","-1.0","-1.0","-1.0","-1.0","-1.0","-1.0","-1.0","-1.0","32.0","24.0","765.0","5.66","2.67","8.33","-1.0","-1.0","19.0"
"1018","2017","9","Punjab","Shri Mukatsar Sahib","173.0","687.0","3971.0","211.0","1108.0","5251.0","-1.0","-1.0","-1.0","-1.0","0.0","0.0","-1.0","-1.0","-1.0","-1.0","-1.0","-1.0","-1.0","-1.0","-1.0","-1.0","-1.0","-1.0","0.3","1.0","3333.0","0.1","0.1","1000.0","0.2","0.2","1000.0","0.2","0.2","1000.0","-1.0","-1.0","-1.0","0.1","0.1","1000.0","0.7","1.0","1429.0","-1.0","-1.0","-1.0","-1.0","-1.0","-1.0","-1.0","-1.0","-1.0","-1.0","-1.0","-1.0","-1.0","-1.0","-1.0","-1.0","-1.0","-1.0","-1.0","-1.0","-1.0","36.0","30.0","820.0","5.6","1.36","6.96","-1.0","-1.0","20.0"
"1019","2016","9","Punjab","Moga","178.0","816.0","4584.0","174.0","918.0","5276.0","-1.0","-1.0","-1.0","-1.0","0.0","0.0","-1.0","-1.0","-1.0","-1.0","-1.0","-1.0","-1.0","-1.0","-1.0","-1.0","-1.0","-1.0","0.3","1.1","3667.0","-1.0","-1.0","-1.0","0.2","0.2","1000.0","0.1","0.1","1000.0","-1.0","-1.0","-1.0","-1.0","-1.0","-1.0","0.5","0.9","1800.0","-1.0","-1.0","-1.0","-1.0","-1.0","-1.0","-1.0","-1.0","-1.0","-1.0","-1.0","-1.0","-1.0","-1.0","-1.0","-1.0","-1.0","-1.0","-1.0","-1.0","-1.0","-1.0","-1.0","-1.0","0.14","7.57","7.71","-1.0","-1.0","21.0"
"1019","2017","9","Punjab","Moga","181.0","869.0","4801.0","175.0","908.0","5189.0","-1.0","-1.0","-1.0","-1.0","0.0","0.0","-1.0","-1.0","-1.0","-1.0","-1.0","-1.0","-1.0","-1.0","-1.0","-1.0","-1.0","-1.0","0.3","1.0","3333.0","-1.0","-1.0","-1.0","0.2","0.2","1000.0","1.1","1.0","909.0","-1.0","-1.0","-1.0","-1.0","-1.0","-1.0","0.5","0.8","1600.0","-1.0","-1.0","-1.0","-1.0","-1.0","-1.0","-1.0","-1.0","-1.0","-1.0","-1.0","-1.0","-1.0","-1.0","-1.0","-1.0","-1.0","-1.0","-1.0","-1.0","-1.0","-1.0","-1.0","-1.0","0.15","8.04","8.19","-1.0","-1.0","21.0"
"1020","2016","10","Rajasthan","Karoli","1.87","2.89","1546.0","89.19","360.71","4044.0","0.44","0.27","603.0","-1.0","0.0","0.0","0.44","0.27","603.0","127.4","247.18","1940.0","0.03","0.05","1500.0","-1.0","-1.0","-1.0","0.21","0.69","3298.0","8.83","13.71","1553.0","0.18","0.18","995.0","0.18","0.13","718.0","0.51","0.69","1351.0","14.19","7.83","552.0","81.09","146.51","1807.0","-1.0","-1.0","-1.0","-1.0","-1.0","-1.0","-1.0","-1.0","-1.0","-1.0","-1.0","-1.0","0.0","0.0","1000.0","-1.0","-1.0","-1.0","0.02","0.11","6729.0","-1.0","-1.0","-1.0","0.21","0.98","1.2","0.08","0.03","6.0"
"1020","2017","10","Rajasthan","Karoli","1.49","1.94","1304.0","75.42","319.58","4237.0","0.49","0.28","583.0","-1.0","0.0","0.0","0.49","0.28","583.0","130.93","272.56","2082.0","0.03","0.05","2040.0","-1.0","-1.0","-1.0","0.2","0.65","3323.0","2.7","3.3","1223.0","0.18","0.19","1084.0","0.22","0.16","732.0","0.33","0.65","1952.0","14.52","6.95","479.0","70.87","132.13","1864.0","-1.0","-1.0","-1.0","-1.0","-1.0","-1.0","-1.0","-1.0","-1.0","-1.0","-1.0","-1.0","0.01","0.01","1200.0","-1.0","-1.0","-1.0","0.01","0.03","3644.0","0.0","0.0","108.0","0.16","1.07","1.23","0.04","0.05","4.0"
"1022","2016","11","Tamil Nadu","Karur","13.28","52.89","3983.0","-1.0","-1.0","-1.0","5.09","2.09","411.0","2.11","1.42","675.0","7.19","3.51","488.0","0.23","0.63","2691.0","0.41","1.74","4249.0","-1.0","-1.0","-1.0","-1.0","-1.0","-1.0","-1.0","-1.0","-1.0","3.24","0.41","127.0","2.68","1.09","407.0","1.57","3.63","2309.0","1.77","0.2","112.0","-1.0","-1.0","-1.0","-1.0","-1.0","-1.0","0.01","0.0","444.0","-1.0","-1.0","-1.0","0.44","0.38","867.0","-1.0","-1.0","-1.0","-1.0","-1.0","-1.0","2.35","18.84","8036.0","0.0","0.0","238.0","4.83","4.2","9.03","-1.0","0.31","4.0"
"1022","2017","11","Tamil Nadu","Karur","11.19","42.36","3784.0","-1.0","-1.0","-1.0","10.5","1.75","167.0","8.56","2.8","327.0","19.05","4.55","239.0","0.45","1.0","2216.0","2.03","14.45","7134.0","0.01","0.06","4308.0","-1.0","-1.0","-1.0","-1.0","-1.0","-1.0","5.45","1.47","269.0","6.84","4.89","714.0","3.08","7.96","2585.0","4.86","2.21","455.0","-1.0","-1.0","-1.0","-1.0","-1.0","-1.0","0.03","0.01","448.0","-1.0","-1.0","-1.0","0.44","0.74","1703.0","-1.0","-1.0","-1.0","-1.0","-1.0","-1.0","0.92","7.78","8500.0","0.0","0.0","0.0","-1.0","-1.0","-1.0","-1.0","0.24","-1.0"
"1023","2016","11","Tamil Nadu","Namakkal","11.98","60.39","5041.0","-1.0","-1.0","-1.0","32.07","19.59","611.0","15.43","1.86","120.0","47.51","21.44","451.0","0.05","0.16","2907.0","5.9","39.53","6702.0","0.51","0.87","1686.0","-1.0","-1.0","-1.0","-1.0","-1.0","-1.0","1.18","0.23","196.0","8.79","5.89","670.0","27.41","17.36","634.0","0.29","0.12","391.0","-1.0","-1.0","-1.0","-1.0","-1.0","-1.0","1.71","0.5","293.0","-1.0","-1.0","-1.0","0.06","0.05","855.0","-1.0","-1.0","-1.0","-1.0","-1.0","-1.0","11.82","126.94","10742.0","3.0","1.0","241.0","5.66","21.27","26.92","-1.0","2.8","3.0"
"1023","2017","11","Tamil Nadu","Namakkal","7.31","40.44","5532.0","-1.0","-1.0","-1.0","55.11","25.85","469.0","25.2","14.74","585.0","80.31","40.59","505.0","0.23","0.54","2357.0","7.49","63.31","8453.0","0.54","1.98","3675.0","-1.0","-1.0","-1.0","0.24","0.22","925.0","0.58","0.41","700.0","13.69","6.35","464.0","27.45","65.56","2388.0","1.15","1.35","1173.0","-1.0","-1.0","-1.0","-1.0","-1.0","-1.0","1.25","0.37","297.0","-1.0","-1.0","-1.0","-1.0","-1.0","-1.0","-1.0","-1.0","-1.0","-1.0","-1.0","-1.0","10.15","102.54","10100.0","2.0","0.0","0.0","-1.0","-1.0","-1.0","-1.0","2.63","-1.0"
"1024","2016","11","Tamil Nadu","Perambular","3.32","9.44","2844.0","-1.0","-1.0","-1.0","0.92","0.76","830.0","0.01","0.0","333.0","0.93","0.77","824.0","0.21","0.32","1529.0","48.54","118.94","2450.0","0.0","0.01","1667.0","-1.0","-1.0","-1.0","0.01","0.01","818.0","0.65","0.5","760.0","0.54","0.35","653.0","1.21","2.65","2196.0","0.11","0.04","381.0","-1.0","-1.0","-1.0","-1.0","-1.0","-1.0","0.11","0.04","307.0","-1.0","-1.0","-1.0","0.04","0.03","625.0","-1.0","-1.0","-1.0","-1.0","-1.0","-1.0","5.25","43.31","8246.0","21.0","3.0","162.0","0.75","10.82","11.58","-1.0","8.63","1.0"
"1024","2017","11","Tamil Nadu","Perambular","9.23","45.02","4876.0","-1.0","-1.0","-1.0","0.48","0.9","1871.0","0.05","0.05","1082.0","0.53","0.96","1798.0","0.09","0.2","2247.0","39.73","443.85","11173.0","0.0","0.01","3500.0","-1.0","-1.0","-1.0","0.0","0.0","1000.0","0.57","0.84","1481.0","0.41","0.32","793.0","2.18","4.58","2106.0","0.38","0.22","568.0","0.0","-1.0","-1.0","-1.0","-1.0","-1.0","0.2","0.06","300.0","-1.0","-1.0","-1.0","0.03","0.04","1207.0","-1.0","-1.0","-1.0","-1.0","-1.0","-1.0","4.45","34.73","7800.0","33.0","0.0","0.0","-1.0","-1.0","-1.0","-1.0","6.74","-1.0"
"1025","2016","11","Tamil Nadu","Theni","6.21","37.44","6029.0","-1.0","-1.0","-1.0","0.81","0.93","1140.0","5.09","10.61","2083.0","5.9","11.53","1954.0","2.94","1.83","622.0","7.8","17.69","2266.0","0.04","0.12","2884.0","-1.0","-1.0","-1.0","-1.0","-1.0","-1.0","2.26","0.84","372.0","5.73","2.26","395.0","1.43","3.92","2746.0","1.18","0.42","354.0","-1.0","-1.0","-1.0","-1.0","-1.0","-1.0","0.1","0.03","330.0","-1.0","-1.0","-1.0","0.03","0.02","621.0","-1.0","-1.0","-1.0","-1.0","-1.0","-1.0","4.82","39.46","8183.0","2.0","0.0","78.0","22.6","9.17","31.77","-1.0","0.78","1.0"
"1025","2017","11","Tamil Nadu","Theni","7.06","37.26","5281.0","-1.0","-1.0","-1.0","4.77","16.92","3551.0","5.3","22.85","4315.0","10.06","39.77","3953.0","1.49","2.94","1980.0","6.97","62.8","9007.0","0.02","0.08","3762.0","-1.0","-1.0","-1.0","-1.0","-1.0","-1.0","2.05","2.03","992.0","12.9","8.94","693.0","1.72","4.16","2415.0","1.18","0.33","278.0","0.01","0.0","286.0","-1.0","-1.0","-1.0","0.07","0.02","338.0","-1.0","-1.0","-1.0","0.01","0.01","2000.0","-1.0","-1.0","-1.0","-1.0","-1.0","-1.0","2.94","31.15","10600.0","2.0","0.0","0.0","-1.0","-1.0","-1.0","0.0","0.92","-1.0"
"1026","2016","11","Tamil Nadu","Tiruvarur","186.96","332.91","1781.0","-1.0","-1.0","-1.0","-1.0","-1.0","-1.0","-1.0","0.0","0.0","-1.0","-1.0","-1.0","-1.0","-1.0","-1.0","-1.0","-1.0","-1.0","-1.0","-1.0","-1.0","-1.0","-1.0","-1.0","-1.0","-1.0","-1.0","0.32","0.21","655.0","75.53","25.39","336.0","2.55","9.35","3672.0","0.56","0.21","377.0","-1.0","-1.0","-1.0","-1.0","-1.0","-1.0","-1.0","-1.0","-1.0","-1.0","-1.0","-1.0","-1.0","-1.0","-1.0","-1.0","-1.0","-1.0","-1.0","-1.0","-1.0","0.36","3.11","8699.0","7.0","4.0","535.0","0.76","0.46","1.22","-1.0","-1.0","0.0"
"1026","2017","11","Tamil Nadu","Tiruvarur","181.0","699.92","3867.0","-1.0","-1.0","-1.0","-1.0","-1.0","-1.0","-1.0","0.0","0.0","-1.0","-1.0","-1.0","-1.0","-1.0","-1.0","-1.0","-1.0","-1.0","-1.0","-1.0","-1.0","-1.0","-1.0","-1.0","-1.0","-1.0","-1.0","0.01","0.01","1125.0","98.65","31.32","317.0","2.98","13.19","4433.0","0.56","0.34","606.0","-1.0","-1.0","-1.0","-1.0","-1.0","-1.0","-1.0","-1.0","-1.0","-1.0","-1.0","-1.0","-1.0","-1.0","-1.0","-1.0","-1.0","-1.0","-1.0","-1.0","-1.0","0.17","1.68","10000.0","4.0","0.0","1.0","-1.0","-1.0","-1.0","-1.0","-1.0","-1.0"
"1027","2016","11","Tamil Nadu","Thiruvallur","96.97","297.13","3064.0","-1.0","-1.0","-1.0","0.01","0.0","800.0","0.0","0.0","500.0","0.01","0.01","714.0","0.93","2.56","2761.0","0.01","0.02","1900.0","0.25","0.72","2884.0","-1.0","-1.0","-1.0","-1.0","-1.0","-1.0","0.21","0.14","657.0","12.49","8.09","647.0","6.54","29.05","4441.0","0.65","0.25","381.0","-1.0","-1.0","-1.0","-1.0","-1.0","-1.0","0.0","-1.0","-1.0","-1.0","-1.0","-1.0","-1.0","-1.0","-1.0","-1.0","-1.0","-1.0","-1.0","-1.0","-1.0","5.38","51.27","9525.0","-1.0","-1.0","-1.0","12.83","2.08","14.91","-1.0","0.0","0.0"
"1027","2017","11","Tamil Nadu","Thiruvallur","102.61","412.85","4024.0","-1.0","-1.0","-1.0","0.02","0.02","1133.0","0.02","0.02","1091.0","0.04","0.04","1108.0","0.71","1.67","2348.0","0.01","0.04","6667.0","0.32","1.38","4316.0","-1.0","-1.0","-1.0","-1.0","-1.0","-1.0","0.18","0.2","1093.0","10.0","6.99","700.0","7.79","33.99","4364.0","0.91","0.54","595.0","-1.0","-1.0","-1.0","-1.0","-1.0","-1.0","0.03","0.01","279.0","-1.0","-1.0","-1.0","-1.0","-1.0","-1.0","-1.0","-1.0","-1.0","-1.0","-1.0","-1.0","5.73","55.05","9600.0","-1.0","-1.0","-1.0","-1.0","-1.0","-1.0","-1.0","-1.0","-1.0"
"1028","2016","12","Uttar Pradesh","Ambedkar Nagar","116.36","296.02","2544.0","119.77","425.05","3549.0","0.79","0.97","1231.0","-1.0","0.0","0.0","0.79","0.97","1231.0","0.01","0.01","875.0","0.72","0.8","1109.0","-1.0","-1.0","-1.0","0.8","2.21","2772.0","1.43","2.56","1792.0","2.5","2.09","839.0","5.68","3.87","680.0","-1.0","-1.0","-1.0","0.01","0.0","222.0","3.65","2.62","716.0","-1.0","-1.0","-1.0","-1.0","-1.0","-1.0","-1.0","-1.0","-1.0","-1.0","-1.0","-1.0","-1.0","-1.0","-1.0","-1.0","-1.0","-1.0","11.72","80.44","6863.0","-1.0","-1.0","-1.0","4.35","6.76","11.11","3.33","0.25","5.0"
"1028","2017","12","Uttar Pradesh","Ambedkar Nagar","118.33","379.59","3208.0","117.81","484.3","4111.0","0.86","0.62","724.0","-1.0","0.0","0.0","0.86","0.62","724.0","0.01","0.02","2000.0","0.81","1.6","1971.0","-1.0","-1.0","-1.0","0.75","2.15","2846.0","1.35","1.02","754.0","2.53","1.92","759.0","7.1","7.44","1048.0","-1.0","-1.0","-1.0","0.01","0.0","300.0","3.76","3.08","819.0","-1.0","-1.0","-1.0","-1.0","-1.0","-1.0","-1.0","-1.0","-1.0","-1.0","-1.0","-1.0","-1.0","-1.0","-1.0","-1.0","-1.0","-1.0","11.99","89.02","7426.0","-1.0","-1.0","-1.0","-1.0","-1.0","-1.0","3.45","0.23","-1.0"
"1029","2016","12","Uttar Pradesh","Kushi Nagar Padrauna","126.71","254.43","2008.0","117.71","351.01","2982.0","-1.0","-1.0","-1.0","-1.0","0.0","0.0","-1.0","-1.0","-1.0","0.23","0.43","1833.0","7.86","20.83","2651.0","-1.0","-1.0","-1.0","0.1","0.36","3452.0","0.0","0.0","1000.0","1.07","0.99","931.0","3.18","2.61","820.0","0.45","0.46","1034.0","0.12","0.03","211.0","9.87","7.33","742.0","-1.0","-1.0","-1.0","-1.0","-1.0","-1.0","-1.0","-1.0","-1.0","0.0","0.0","1000.0","-1.0","-1.0","-1.0","-1.0","-1.0","-1.0","70.1","469.0","6690.0","-1.0","-1.0","-1.0","5.99","4.09","10.08","1.41","0.08","0.0"
"1029","2017","12","Uttar Pradesh","Kushi Nagar Padrauna","119.26","327.95","2750.0","117.73","412.42","3503.0","-1.0","-1.0","-1.0","-1.0","0.0","0.0","-1.0","-1.0","-1.0","0.1","0.2","1932.0","8.36","25.43","3041.0","-1.0","-1.0","-1.0","-1.0","-1.0","-1.0","-1.0","-1.0","-1.0","0.77","0.42","541.0","4.63","4.14","894.0","0.45","0.49","1086.0","0.08","0.02","291.0","10.25","8.91","870.0","-1.0","-1.0","-1.0","-1.0","-1.0","-1.0","-1.0","-1.0","-1.0","-1.0","-1.0","-1.0","-1.0","-1.0","-1.0","-1.0","-1.0","-1.0","70.23","516.45","7354.0","-1.0","-1.0","-1.0","-1.0","-1.0","-1.0","1.64","0.07","-1.0"
"1030","2016","16","Uttarakhand","Udham Singh Nagar","119.35","398.43","3338.0","101.12","431.01","4262.0","-1.0","-1.0","-1.0","-1.0","0.0","0.0","-1.0","-1.0","-1.0","-1.0","-1.0","-1.0","0.1","0.13","1337.0","-1.0","-1.0","-1.0","0.01","0.01","1333.0","0.01","0.0","800.0","0.01","0.0","500.0","3.75","3.86","1030.0","0.02","0.02","1313.0","-1.0","-1.0","-1.0","5.16","5.16","999.0","-1.0","-1.0","-1.0","-1.0","-1.0","-1.0","-1.0","-1.0","-1.0","-1.0","-1.0","-1.0","0.5","0.69","1365.0","-1.0","-1.0","-1.0","16.47","107.38","6520.0","-1.0","-1.0","-1.0","1.49","2.11","3.6","0.65","-1.0","7.0"
"1030","2017","16","Uttarakhand","Udham Singh Nagar","121.31","424.96","3503.0","105.11","454.35","4323.0","-1.0","-1.0","-1.0","-1.0","0.0","0.0","-1.0","-1.0","-1.0","-1.0","-1.0","-1.0","0.08","0.1","1338.0","-1.0","-1.0","-1.0","0.01","0.01","1571.0","0.01","0.01","909.0","0.0","0.0","1000.0","3.34","3.5","1048.0","0.02","0.03","1400.0","-1.0","-1.0","-1.0","3.96","4.3","1086.0","-1.0","-1.0","-1.0","-1.0","-1.0","-1.0","-1.0","-1.0","-1.0","-1.0","-1.0","-1.0","0.34","0.47","1395.0","-1.0","-1.0","-1.0","14.66","101.18","6900.0","-1.0","-1.0","-1.0","1.41","1.82","3.23","0.7","0.0","8.0"
"1031","2016","12","Uttar Pradesh","Auraiya","52.25","159.67","3056.0","99.68","400.41","4017.0","0.94","1.05","1117.0","-1.0","0.0","0.0","0.94","1.05","1117.0","31.77","73.74","2321.0","9.07","23.56","2597.0","-1.0","-1.0","-1.0","1.88","5.25","2786.0","4.76","6.77","1423.0","3.4","4.83","1424.0","4.64","3.55","766.0","0.05","0.05","904.0","0.8","0.15","188.0","13.89","21.91","1577.0","-1.0","-1.0","-1.0","-1.0","-1.0","-1.0","-1.0","-1.0","-1.0","-1.0","-1.0","-1.0","-1.0","-1.0","-1.0","-1.0","-1.0","-1.0","0.6","3.6","6037.0","-1.0","-1.0","-1.0","0.28","9.17","9.45","4.95","0.06","3.0"
"1031","2017","12","Uttar Pradesh","Auraiya","49.9","148.09","2968.0","102.13","396.08","3878.0","0.66","1.02","1532.0","-1.0","0.0","0.0","0.66","1.02","1532.0","31.17","71.52","2295.0","9.17","24.42","2664.0","-1.0","-1.0","-1.0","2.39","7.94","3322.0","5.29","8.92","1685.0","2.93","3.82","1302.0","4.56","3.76","824.0","0.08","0.08","1013.0","0.79","0.16","207.0","14.64","23.38","1597.0","-1.0","-1.0","-1.0","-1.0","-1.0","-1.0","0.01","0.0","667.0","0.0","0.0","2000.0","-1.0","-1.0","-1.0","-1.0","-1.0","-1.0","0.67","4.33","6470.0","-1.0","-1.0","-1.0","-1.0","-1.0","-1.0","5.03","0.05","-1.0"
"1032","2016","16","Uttarakhand","Bageshwar","13.99","20.71","1480.0","14.58","21.27","1459.0","-1.0","-1.0","-1.0","-1.0","0.0","0.0","-1.0","-1.0","-1.0","-1.0","-1.0","-1.0","0.37","0.5","1335.0","5.51","8.89","1612.0","0.93","1.35","1460.0","-1.0","-1.0","-1.0","-1.0","-1.0","-1.0","2.39","1.88","787.0","-1.0","-1.0","-1.0","0.01","0.0","200.0","0.09","0.02","237.0","-1.0","-1.0","-1.0","-1.0","-1.0","-1.0","-1.0","-1.0","-1.0","-1.0","-1.0","-1.0","0.08","0.08","1013.0","-1.0","-1.0","-1.0","-1.0","-1.0","-1.0","-1.0","-1.0","-1.0","0.0","0.59","0.59","0.27","0.14","0.0"
"1032","2017","16","Uttarakhand","Bageshwar","14.4","19.11","1327.0","17.03","27.87","1637.0","-1.0","-1.0","-1.0","-1.0","0.0","0.0","-1.0","-1.0","-1.0","-1.0","-1.0","-1.0","0.29","0.38","1309.0","5.4","5.77","1068.0","0.77","0.92","1205.0","-1.0","-1.0","-1.0","-1.0","-1.0","-1.0","2.74","1.82","663.0","-1.0","-1.0","-1.0","0.01","0.0","222.0","0.04","0.02","590.0","-1.0","-1.0","-1.0","-1.0","-1.0","-1.0","-1.0","-1.0","-1.0","-1.0","-1.0","-1.0","0.1","0.1","1010.0","-1.0","-1.0","-1.0","-1.0","-1.0","-1.0","-1.0","-1.0","-1.0","0.0","0.56","0.56","0.18","0.15","0.0"
"1033","2016","12","Uttar Pradesh","Bagpat","5.38","13.93","2591.0","53.85","255.08","4737.0","0.01","0.01","727.0","-1.0","0.0","0.0","0.01","0.01","727.0","0.45","0.52","1171.0","0.01","0.02","2375.0","-1.0","-1.0","-1.0","0.05","0.17","3479.0","-1.0","-1.0","-1.0","0.94","1.15","1220.0","1.05","0.69","650.0","0.0","0.0","1000.0","-1.0","-1.0","-1.0","2.11","2.96","1400.0","-1.0","-1.0","-1.0","-1.0","-1.0","-1.0","-1.0","-1.0","-1.0","-1.0","-1.0","-1.0","-1.0","-1.0","-1.0","-1.0","-1.0","-1.0","74.14","571.89","7713.0","0.0","0.0","62.0","1.38","3.44","4.83","0.38","0.04","29.0"
"1033","2017","12","Uttar Pradesh","Bagpat","4.22","11.77","2787.0","56.72","251.31","4431.0","-1.0","-1.0","-1.0","-1.0","0.0","0.0","-1.0","-1.0","-1.0","1.78","3.47","1954.0","0.01","0.02","2556.0","-1.0","-1.0","-1.0","0.03","0.12","3968.0","-1.0","-1.0","-1.0","0.61","1.01","1662.0","0.66","0.61","919.0","-1.0","-1.0","-1.0","-1.0","-1.0","-1.0","1.86","2.34","1258.0","-1.0","-1.0","-1.0","-1.0","-1.0","-1.0","0.02","0.01","600.0","-1.0","-1.0","-1.0","-1.0","-1.0","-1.0","-1.0","-1.0","-1.0","75.04","636.97","8489.0","0.0","0.0","68.0","-1.0","-1.0","-1.0","0.24","0.18","-1.0"
"1034","2016","12","Uttar Pradesh","Balrampur","117.53","253.16","2154.0","87.65","251.29","2867.0","0.0","0.0","1000.0","-1.0","0.0","0.0","0.0","0.0","1000.0","-1.0","-1.0","-1.0","5.32","6.99","1314.0","-1.0","-1.0","-1.0","0.13","0.36","2795.0","0.45","0.49","1086.0","9.0","5.58","620.0","30.73","25.8","839.0","0.01","0.01","833.0","0.02","0.0","235.0","19.2","14.84","773.0","-1.0","-1.0","-1.0","-1.0","-1.0","-1.0","-1.0","-1.0","-1.0","0.03","0.04","1161.0","-1.0","-1.0","-1.0","-1.0","-1.0","-1.0","43.93","237.98","5417.0","-1.0","-1.0","-1.0","1.39","5.39","6.78","1.79","0.17","2.0"
"1034","2017","12","Uttar Pradesh","Balrampur","107.13","262.46","2450.0","82.71","301.56","3646.0","0.0","0.0","1000.0","-1.0","0.0","0.0","0.0","0.0","1000.0","-1.0","-1.0","-1.0","2.6","4.05","1560.0","-1.0","-1.0","-1.0","0.17","0.47","2848.0","0.47","0.49","1047.0","9.02","6.64","736.0","28.69","25.19","878.0","0.01","0.01","1000.0","0.02","0.0","267.0","18.15","16.44","906.0","-1.0","-1.0","-1.0","-1.0","-1.0","-1.0","0.02","0.01","588.0","-1.0","-1.0","-1.0","-1.0","-1.0","-1.0","-1.0","-1.0","-1.0","44.07","290.29","6586.0","-1.0","-1.0","-1.0","-1.0","-1.0","-1.0","1.7","0.19","-1.0"
"1035","2016","16","Uttarakhand","Champavat","6.21","8.96","1444.0","6.78","12.01","1771.0","-1.0","-1.0","-1.0","-1.0","0.0","0.0","-1.0","-1.0","-1.0","-1.0","-1.0","-1.0","0.6","0.72","1199.0","4.86","7.66","1575.0","0.8","1.08","1356.0","0.01","0.01","636.0","0.02","0.01","529.0","2.23","2.15","962.0","0.01","0.01","1273.0","0.04","0.01","211.0","0.64","0.66","1030.0","-1.0","-1.0","-1.0","-1.0","-1.0","-1.0","-1.0","-1.0","-1.0","-1.0","-1.0","-1.0","0.92","0.92","1000.0","-1.0","-1.0","-1.0","0.01","0.04","6617.0","-1.0","-1.0","-1.0","0.13","1.18","1.31","0.1","0.33","0.0"
"1035","2017","16","Uttarakhand","Champavat","5.19","9.11","1755.0","6.24","12.77","2047.0","-1.0","-1.0","-1.0","-1.0","0.0","0.0","-1.0","-1.0","-1.0","-1.0","-1.0","-1.0","0.49","1.02","2096.0","5.22","9.4","1799.0","0.79","1.36","1728.0","0.01","0.01","667.0","0.03","0.01","500.0","2.86","3.12","1093.0","0.02","0.03","1391.0","0.01","0.0","214.0","0.62","0.65","1047.0","-1.0","-1.0","-1.0","-1.0","-1.0","-1.0","-1.0","-1.0","-1.0","-1.0","-1.0","-1.0","1.0","0.99","989.0","-1.0","-1.0","-1.0","0.01","0.03","6900.0","-1.0","-1.0","-1.0","0.03","1.06","1.1","0.25","0.26","0.0"
"1036","2016","12","Uttar Pradesh","Chandauli","116.01","319.14","2751.0","98.19","282.31","2875.0","0.58","0.46","792.0","-1.0","0.0","0.0","0.58","0.46","792.0","6.18","4.77","771.0","0.08","0.15","1762.0","-1.0","-1.0","-1.0","0.93","2.14","2293.0","1.65","1.78","1078.0","3.09","2.33","753.0","11.55","8.18","708.0","0.0","0.0","667.0","0.02","0.01","391.0","0.28","0.55","1940.0","-1.0","-1.0","-1.0","-1.0","-1.0","-1.0","0.58","0.19","321.0","-1.0","-1.0","-1.0","-1.0","-1.0","-1.0","-1.0","-1.0","-1.0","0.58","3.54","6145.0","-1.0","-1.0","-1.0","0.08","1.27","1.34","0.85","0.19","2.0"
"1036","2017","12","Uttar Pradesh","Chandauli","114.64","352.16","3072.0","111.87","376.68","3367.0","0.77","1.05","1372.0","-1.0","0.0","0.0","0.77","1.05","1372.0","4.15","4.77","1149.0","0.06","0.12","1902.0","-1.0","-1.0","-1.0","0.37","0.82","2222.0","0.97","1.32","1353.0","2.27","2.84","1250.0","12.27","10.84","883.0","0.0","0.0","1000.0","0.03","0.01","303.0","0.43","0.5","1157.0","-1.0","-1.0","-1.0","-1.0","-1.0","-1.0","0.45","0.39","859.0","-1.0","-1.0","-1.0","-1.0","-1.0","-1.0","-1.0","-1.0","-1.0","0.68","4.41","6452.0","-1.0","-1.0","-1.0","-1.0","-1.0","-1.0","0.62","0.19","-1.0"
"1037","2016","12","Uttar Pradesh","Chitrakoot","12.55","25.97","2070.0","49.78","154.14","3096.0","18.97","21.44","1130.0","-1.0","0.0","0.0","18.97","21.44","1130.0","11.83","12.23","1034.0","0.0","0.01","2000.0","-1.0","-1.0","-1.0","4.91","12.91","2632.0","46.22","42.45","918.0","18.53","20.62","1113.0","24.1","18.4","764.0","0.01","0.0","500.0","0.86","0.04","48.0","2.36","1.79","758.0","-1.0","-1.0","-1.0","-1.0","-1.0","-1.0","1.98","1.18","596.0","-1.0","-1.0","-1.0","0.06","0.04","672.0","-1.0","-1.0","-1.0","0.24","1.03","4295.0","-1.0","-1.0","-1.0","0.01","1.47","1.48","0.33","0.11","1.0"
"1037","2017","12","Uttar Pradesh","Chitrakoot","8.96","16.84","1880.0","49.78","131.41","2640.0","16.81","13.36","795.0","-1.0","0.0","0.0","16.81","13.36","795.0","10.19","8.72","856.0","0.01","0.02","2222.0","-1.0","-1.0","-1.0","4.91","16.17","3294.0","46.22","49.63","1074.0","16.11","22.06","1370.0","23.01","13.04","567.0","0.01","0.01","889.0","1.23","0.19","154.0","2.37","1.46","616.0","-1.0","-1.0","-1.0","-1.0","-1.0","-1.0","0.45","0.26","571.0","-1.0","-1.0","-1.0","0.06","0.05","781.0","-1.0","-1.0","-1.0","0.26","0.98","3833.0","-1.0","-1.0","-1.0","-1.0","-1.0","-1.0","0.21","0.07","-1.0"
"1038","2016","12","Uttar Pradesh","G.B.Nagar","15.37","37.5","2440.0","44.07","179.85","4081.0","-1.0","-1.0","-1.0","-1.0","0.0","0.0","-1.0","-1.0","-1.0","8.3","9.72","1170.0","0.44","0.24","536.0","-1.0","-1.0","-1.0","1.35","4.69","3479.0","-1.0","-1.0","-1.0","3.5","4.27","1220.0","1.76","1.09","618.0","-1.0","-1.0","-1.0","-1.0","-1.0","-1.0","0.54","0.76","1400.0","-1.0","-1.0","-1.0","-1.0","-1.0","-1.0","-1.0","-1.0","-1.0","-1.0","-1.0","-1.0","-1.0","-1.0","-1.0","-1.0","-1.0","-1.0","1.88","15.04","7993.0","-1.0","-1.0","-1.0","0.01","0.29","0.3","0.59","0.01","16.0"
"1038","2017","12","Uttar Pradesh","G.B.Nagar","14.04","35.91","2558.0","41.23","160.88","3902.0","-1.0","-1.0","-1.0","-1.0","0.0","0.0","-1.0","-1.0","-1.0","8.3","8.34","1004.0","0.56","0.91","1626.0","-1.0","-1.0","-1.0","1.97","7.79","3960.0","-1.0","-1.0","-1.0","3.5","5.81","1661.0","0.44","0.39","887.0","-1.0","-1.0","-1.0","-1.0","-1.0","-1.0","0.61","0.71","1172.0","-1.0","-1.0","-1.0","-1.0","-1.0","-1.0","-1.0","-1.0","-1.0","-1.0","-1.0","-1.0","-1.0","-1.0","-1.0","-1.0","-1.0","-1.0","1.81","16.14","8910.0","-1.0","-1.0","-1.0","-1.0","-1.0","-1.0","0.26","0.02","-1.0"
"1039","2016","12","Uttar Pradesh","Hathras","21.88","47.61","2176.0","78.66","319.82","4066.0","0.01","0.01","1000.0","-1.0","0.0","0.0","0.01","0.01","1000.0","39.93","73.91","1851.0","3.39","6.25","1845.0","-1.0","-1.0","-1.0","2.02","7.0","3469.0","0.02","0.02","1118.0","6.08","5.83","959.0","2.09","1.31","625.0","0.0","0.0","1000.0","0.06","0.01","210.0","10.9","16.67","1530.0","-1.0","-1.0","-1.0","-1.0","-1.0","-1.0","-1.0","-1.0","-1.0","0.01","0.01","1222.0","-1.0","-1.0","-1.0","-1.0","-1.0","-1.0","0.12","0.8","6516.0","1.0","0.0","60.0","3.9","54.04","57.94","41.64","0.02","12.0"
"1039","2017","12","Uttar Pradesh","Hathras","24.11","55.19","2289.0","82.64","312.23","3778.0","0.01","0.01","1000.0","-1.0","0.0","0.0","0.01","0.01","1000.0","48.17","112.72","2340.0","3.64","7.44","2043.0","-1.0","-1.0","-1.0","2.28","7.69","3375.0","0.04","0.04","1057.0","3.33","2.6","782.0","1.78","1.33","746.0","0.0","0.0","1000.0","0.07","0.02","292.0","10.84","17.01","1569.0","-1.0","-1.0","-1.0","-1.0","-1.0","-1.0","0.01","0.01","625.0","-1.0","-1.0","-1.0","-1.0","-1.0","-1.0","-1.0","-1.0","-1.0","0.57","4.2","7427.0","1.0","0.0","105.0","-1.0","-1.0","-1.0","46.33","0.01","-1.0"
"1040","2016","12","Uttar Pradesh","Amroha J.B.Fulenagar","26.69","54.9","2057.0","92.7","325.48","3511.0","-1.0","-1.0","-1.0","-1.0","0.0","0.0","-1.0","-1.0","-1.0","3.22","3.2","993.0","2.62","4.75","1810.0","-1.0","-1.0","-1.0","0.13","0.37","2795.0","-1.0","-1.0","-1.0","0.61","0.66","1080.0","3.3","2.74","830.0","-1.0","-1.0","-1.0","-1.0","-1.0","-1.0","3.14","3.12","995.0","-1.0","-1.0","-1.0","-1.0","-1.0","-1.0","-1.0","-1.0","-1.0","-1.0","-1.0","-1.0","-1.0","-1.0","-1.0","-1.0","-1.0","-1.0","77.65","574.8","7402.0","-1.0","-1.0","-1.0","8.59","7.39","15.98","3.63","0.02","38.0"
"1040","2017","12","Uttar Pradesh","Amroha J.B.Fulenagar","22.2","47.42","2136.0","90.06","333.76","3706.0","-1.0","-1.0","-1.0","-1.0","0.0","0.0","-1.0","-1.0","-1.0","3.04","2.94","970.0","2.13","4.06","1905.0","-1.0","-1.0","-1.0","0.08","0.22","2842.0","-1.0","-1.0","-1.0","0.45","0.33","740.0","2.7","2.0","740.0","-1.0","-1.0","-1.0","-1.0","-1.0","-1.0","3.29","4.4","1338.0","-1.0","-1.0","-1.0","-1.0","-1.0","-1.0","0.01","0.01","636.0","-1.0","-1.0","-1.0","-1.0","-1.0","-1.0","-1.0","-1.0","-1.0","78.92","672.91","8526.0","-1.0","-1.0","-1.0","-1.0","-1.0","-1.0","3.01","0.02","-1.0"
"1041","2016","12","Uttar Pradesh","Kannauj","21.15","56.47","2670.0","80.79","332.77","4119.0","0.54","0.61","1116.0","-1.0","0.0","0.0","0.54","0.61","1116.0","1.25","1.74","1395.0","57.41","110.94","1932.0","-1.0","-1.0","-1.0","1.03","2.86","2785.0","0.9","1.17","1303.0","1.24","1.77","1423.0","3.61","3.79","1050.0","1.94","1.75","904.0","2.96","0.49","167.0","6.9","11.24","1628.0","-1.0","-1.0","-1.0","-1.0","-1.0","-1.0","-1.0","-1.0","-1.0","1.1","1.3","1177.0","-1.0","-1.0","-1.0","-1.0","-1.0","-1.0","0.21","1.26","6037.0","-1.0","-1.0","-1.0","2.29","54.69","56.98","47.67","1.12","5.0"
"1041","2017","12","Uttar Pradesh","Kannauj","20.36","65.01","3193.0","75.55","342.45","4533.0","1.77","2.71","1531.0","-1.0","0.0","0.0","1.77","2.71","1531.0","1.18","2.06","1757.0","52.93","157.19","2970.0","-1.0","-1.0","-1.0","0.95","2.8","2961.0","0.96","1.61","1680.0","1.37","1.78","1301.0","2.73","2.44","896.0","1.66","1.68","1013.0","1.85","0.34","182.0","9.87","21.2","2147.0","-1.0","-1.0","-1.0","-1.0","-1.0","-1.0","-1.0","-1.0","-1.0","0.76","1.09","1442.0","-1.0","-1.0","-1.0","-1.0","-1.0","-1.0","0.19","1.26","6470.0","-1.0","-1.0","-1.0","-1.0","-1.0","-1.0","50.09","1.47","-1.0"
"1042","2016","12","Uttar Pradesh","Kushambi","45.28","105.59","2332.0","75.0","246.38","3285.0","7.14","4.93","690.0","-1.0","0.0","0.0","7.14","4.93","690.0","9.78","9.72","994.0","0.21","0.4","1937.0","-1.0","-1.0","-1.0","1.58","3.99","2529.0","11.37","12.93","1137.0","8.01","14.08","1757.0","3.29","2.72","827.0","0.02","0.02","909.0","1.04","0.18","175.0","1.57","1.76","1118.0","-1.0","-1.0","-1.0","-1.0","-1.0","-1.0","-1.0","-1.0","-1.0","0.01","0.01","1200.0","-1.0","-1.0","-1.0","-1.0","-1.0","-1.0","1.42","10.35","7267.0","-1.0","-1.0","-1.0","3.68","11.07","14.75","4.58","0.31","3.0"
"1042","2017","12","Uttar Pradesh","Kushambi","48.76","117.36","2407.0","72.91","231.19","3171.0","5.43","4.81","886.0","-1.0","0.0","0.0","5.43","4.81","886.0","11.47","13.54","1181.0","0.27","0.58","2192.0","-1.0","-1.0","-1.0","1.33","3.91","2949.0","5.55","7.93","1429.0","8.78","13.8","1571.0","3.37","3.42","1013.0","0.02","0.02","1000.0","1.4","0.21","151.0","1.63","2.38","1457.0","-1.0","-1.0","-1.0","-1.0","-1.0","-1.0","-1.0","-1.0","-1.0","-1.0","-1.0","-1.0","-1.0","-1.0","-1.0","-1.0","-1.0","-1.0","1.74","6.38","3673.0","-1.0","-1.0","-1.0","-1.0","-1.0","-1.0","4.18","0.36","-1.0"
"1043","2016","16","Uttarakhand","Rudraprayag","9.25","12.74","1378.0","9.96","12.25","1230.0","-1.0","-1.0","-1.0","-1.0","0.0","0.0","-1.0","-1.0","-1.0","-1.0","-1.0","-1.0","0.16","0.29","1810.0","6.4","10.18","1591.0","1.26","1.52","1205.0","-1.0","-1.0","-1.0","0.07","0.08","1070.0","0.45","0.45","991.0","-1.0","-1.0","-1.0","0.0","0.0","500.0","0.33","0.19","573.0","-1.0","-1.0","-1.0","-1.0","-1.0","-1.0","-1.0","-1.0","-1.0","-1.0","-1.0","-1.0","0.06","0.03","516.0","-1.0","-1.0","-1.0","-1.0","-1.0","-1.0","-1.0","-1.0","-1.0","0.0","0.15","0.15","0.11","0.02","0.0"
"1043","2017","16","Uttarakhand","Rudraprayag","8.56","11.17","1304.0","9.91","13.18","1330.0","-1.0","-1.0","-1.0","-1.0","0.0","0.0","-1.0","-1.0","-1.0","-1.0","-1.0","-1.0","0.15","0.26","1788.0","6.57","9.08","1383.0","1.35","1.68","1244.0","-1.0","-1.0","-1.0","0.17","0.18","1053.0","0.49","0.49","1008.0","-1.0","-1.0","-1.0","0.01","0.0","200.0","0.39","0.14","358.0","-1.0","-1.0","-1.0","-1.0","-1.0","-1.0","-1.0","-1.0","-1.0","-1.0","-1.0","-1.0","0.13","0.07","522.0","-1.0","-1.0","-1.0","-1.0","-1.0","-1.0","-1.0","-1.0","-1.0","0.0","0.12","0.12","0.09","0.01","0.0"
"1044","2016","12","Uttar Pradesh","Santh Ravi Das Nagar Bhadoi","30.1","83.96","2789.0","47.04","156.09","3318.0","1.27","1.5","1188.0","-1.0","0.0","0.0","1.27","1.5","1188.0","8.75","9.89","1130.0","0.66","0.58","880.0","-1.0","-1.0","-1.0","0.39","0.62","1604.0","0.69","0.75","1082.0","3.92","7.11","1812.0","1.74","1.57","902.0","-1.0","-1.0","-1.0","0.23","0.03","116.0","0.35","0.24","664.0","-1.0","-1.0","-1.0","-1.0","-1.0","-1.0","-1.0","-1.0","-1.0","0.01","0.01","1167.0","-1.0","-1.0","-1.0","-1.0","-1.0","-1.0","0.94","6.79","7267.0","-1.0","-1.0","-1.0","2.02","1.83","3.84","1.42","0.09","1.0"
"1044","2017","12","Uttar Pradesh","Santh Ravi Das Nagar Bhadoi","28.11","89.43","3182.0","49.04","186.64","3806.0","1.09","1.21","1114.0","-1.0","0.0","0.0","1.09","1.21","1114.0","8.61","11.65","1353.0","0.4","0.5","1246.0","-1.0","-1.0","-1.0","0.27","0.31","1158.0","0.69","0.73","1063.0","4.07","5.39","1324.0","1.67","1.48","886.0","-1.0","-1.0","-1.0","0.19","0.03","170.0","0.13","0.09","656.0","-1.0","-1.0","-1.0","-1.0","-1.0","-1.0","0.0","0.0","1000.0","-1.0","-1.0","-1.0","-1.0","-1.0","-1.0","-1.0","-1.0","-1.0","1.15","9.09","7924.0","-1.0","-1.0","-1.0","-1.0","-1.0","-1.0","1.39","0.09","-1.0"
"1045","2016","12","Uttar Pradesh","Santh Kabir Nagar","97.85","202.54","2070.0","91.78","309.94","3377.0","-1.0","-1.0","-1.0","-1.0","0.0","0.0","-1.0","-1.0","-1.0","0.01","0.02","1692.0","1.51","1.4","926.0","-1.0","-1.0","-1.0","0.45","1.24","2796.0","0.43","0.47","1104.0","2.79","2.08","747.0","5.19","5.44","1049.0","1.25","1.13","904.0","0.19","0.04","213.0","4.11","4.49","1092.0","-1.0","-1.0","-1.0","-1.0","-1.0","-1.0","-1.0","-1.0","-1.0","-1.0","-1.0","-1.0","-1.0","-1.0","-1.0","-1.0","-1.0","-1.0","3.88","25.33","6535.0","-1.0","-1.0","-1.0","3.4","2.34","5.74","1.85","0.15","2.0"
"1045","2017","12","Uttar Pradesh","Santh Kabir Nagar","91.98","193.71","2106.0","90.57","290.27","3205.0","-1.0","-1.0","-1.0","-1.0","0.0","0.0","-1.0","-1.0","-1.0","0.0","0.0","2000.0","1.7","1.57","923.0","-1.0","-1.0","-1.0","0.47","1.32","2845.0","0.41","0.44","1072.0","3.09","2.2","710.0","5.08","5.51","1086.0","1.36","1.38","1013.0","0.11","0.03","296.0","2.52","2.77","1099.0","-1.0","-1.0","-1.0","-1.0","-1.0","-1.0","0.01","0.0","571.0","-1.0","-1.0","-1.0","-1.0","-1.0","-1.0","-1.0","-1.0","-1.0","3.71","24.49","6607.0","-1.0","-1.0","-1.0","-1.0","-1.0","-1.0","2.2","0.22","-1.0"
"1046","2016","12","Uttar Pradesh","Shravasti","72.25","188.85","2614.0","70.87","212.69","3001.0","0.02","0.03","1083.0","-1.0","0.0","0.0","0.02","0.03","1083.0","0.0","0.0","2000.0","13.7","12.4","905.0","-1.0","-1.0","-1.0","0.06","0.17","2790.0","0.04","0.04","1077.0","1.95","1.21","620.0","15.07","11.51","764.0","0.14","0.12","904.0","0.36","0.08","213.0","2.88","2.09","728.0","-1.0","-1.0","-1.0","-1.0","-1.0","-1.0","-1.0","-1.0","-1.0","-1.0","-1.0","-1.0","-1.0","-1.0","-1.0","-1.0","-1.0","-1.0","7.84","46.51","5931.0","-1.0","-1.0","-1.0","0.58","0.73","1.31","0.54","0.13","1.0"
"1046","2017","12","Uttar Pradesh","Shravasti","75.18","193.6","2575.0","68.57","220.95","3222.0","-1.0","-1.0","-1.0","-1.0","0.0","0.0","-1.0","-1.0","-1.0","0.01","0.02","1900.0","12.08","13.84","1146.0","-1.0","-1.0","-1.0","0.05","0.15","2852.0","0.04","0.04","1056.0","1.42","1.04","736.0","18.47","14.55","788.0","0.17","0.18","1012.0","0.31","0.09","295.0","3.51","2.36","674.0","-1.0","-1.0","-1.0","-1.0","-1.0","-1.0","0.06","0.04","603.0","-1.0","-1.0","-1.0","-1.0","-1.0","-1.0","-1.0","-1.0","-1.0","8.2","56.56","6896.0","-1.0","-1.0","-1.0","-1.0","-1.0","-1.0","0.58","0.13","-1.0"
"1047","2016","17","Assam","Bongaigaon","57.18","119.8","2095.0","0.47","0.46","987.0","-1.0","-1.0","-1.0","-1.0","0.0","0.0","-1.0","-1.0","-1.0","-1.0","-1.0","-1.0","1.81","5.72","3164.0","-1.0","-1.0","-1.0","-1.0","-1.0","-1.0","0.26","0.16","620.0","0.17","0.19","1120.0","5.72","4.29","750.0","-1.0","-1.0","-1.0","0.35","0.21","595.0","7.31","3.77","516.0","-1.0","-1.0","-1.0","0.01","0.0","571.0","0.24","0.15","627.0","-1.0","-1.0","-1.0","-1.0","-1.0","-1.0","-1.0","-1.0","-1.0","0.22","0.84","3847.0","-1.0","-1.0","-1.0","2.96","6.16","9.12","2.99","0.37","0.0"
"1047","2017","17","Assam","Bongaigaon","53.11","107.44","2023.0","0.63","0.89","1424.0","-1.0","-1.0","-1.0","-1.0","0.0","0.0","-1.0","-1.0","-1.0","-1.0","-1.0","-1.0","1.81","6.01","3328.0","-1.0","-1.0","-1.0","-1.0","-1.0","-1.0","0.24","0.14","595.0","0.16","0.13","820.0","5.38","3.83","711.0","-1.0","-1.0","-1.0","0.29","0.13","469.0","7.15","3.69","516.0","-1.0","-1.0","-1.0","0.01","0.0","571.0","0.24","0.09","360.0","-1.0","-1.0","-1.0","-1.0","-1.0","-1.0","-1.0","-1.0","-1.0","0.21","0.77","3740.0","-1.0","-1.0","-1.0","2.87","6.08","8.95","3.0","0.32","0.0"
"1048","2016","17","Assam","Dhemaji","72.33","102.04","1411.0","0.03","0.01","400.0","-1.0","-1.0","-1.0","-1.0","0.0","0.0","-1.0","-1.0","-1.0","-1.0","-1.0","-1.0","0.36","1.42","4008.0","-1.0","-1.0","-1.0","-1.0","-1.0","-1.0","0.01","0.0","800.0","0.03","0.03","967.0","2.32","1.7","735.0","-1.0","-1.0","-1.0","0.07","0.04","621.0","17.3","12.34","714.0","-1.0","-1.0","-1.0","0.02","0.01","458.0","0.01","0.01","778.0","-1.0","-1.0","-1.0","-1.0","-1.0","-1.0","-1.0","-1.0","-1.0","0.33","1.27","3847.0","0.0","0.0","90.0","2.87","12.95","15.82","5.51","0.15","0.0"
"1048","2017","17","Assam","Dhemaji","69.49","112.16","1614.0","0.0","0.0","1000.0","-1.0","-1.0","-1.0","-1.0","0.0","0.0","-1.0","-1.0","-1.0","-1.0","-1.0","-1.0","0.35","1.41","3986.0","-1.0","-1.0","-1.0","-1.0","-1.0","-1.0","0.0","0.0","750.0","0.04","0.04","947.0","2.34","1.68","721.0","-1.0","-1.0","-1.0","0.06","0.04","625.0","16.32","9.84","603.0","-1.0","-1.0","-1.0","0.02","0.01","455.0","0.01","0.01","727.0","-1.0","-1.0","-1.0","-1.0","-1.0","-1.0","-1.0","-1.0","-1.0","0.17","0.65","3740.0","0.0","0.0","90.0","2.96","11.6","14.55","5.01","0.15","0.0"
"1049","2016","17","Assam","Hailakandi","45.1","100.92","2237.86","-1.0","-1.0","-1.0","-1.0","-1.0","-1.0","-1.0","0.0","0.0","-1.0","-1.0","-1.0","-1.0","-1.0","-1.0","0.02","0.03","1750.0","-1.0","-1.0","-1.0","-1.0","-1.0","-1.0","0.0","0.0","500.0","0.07","0.04","545.45","4.29","3.45","805.13","-1.0","-1.0","-1.0","0.04","0.02","536.59","0.34","0.12","340.18","-1.0","-1.0","-1.0","-1.0","-1.0","-1.0","0.0","0.0","600.0","-1.0","-1.0","-1.0","-1.0","-1.0","-1.0","-1.0","-1.0","-1.0","0.16","0.6","3846.5","0.0","0.0","72.0","3.67","6.66","10.34","1.17","0.01","0.0"
"1049","2017","17","Assam","Hailakandi","44.87","96.89","2159.46","-1.0","-1.0","-1.0","-1.0","-1.0","-1.0","-1.0","0.0","0.0","-1.0","-1.0","-1.0","-1.0","-1.0","-1.0","0.02","0.04","2750.0","-1.0","-1.0","-1.0","-1.0","-1.0","-1.0","0.0","0.0","500.0","0.06","0.03","550.0","1.9","2.12","1115.67","-1.0","-1.0","-1.0","0.01","0.0","416.67","0.2","0.06","312.2","-1.0","-1.0","-1.0","0.0","0.0","200.0","0.0","0.0","500.0","-1.0","-1.0","-1.0","-1.0","-1.0","-1.0","-1.0","-1.0","-1.0","0.14","0.52","3740.0","0.0","0.0","77.0","3.58","6.59","10.16","1.1","0.01","0.0"
"1050","2016","17","Assam","Marigaon","90.49","214.34","2368.7","1.7","2.18","1281.1","-1.0","-1.0","-1.0","-1.0","0.0","0.0","-1.0","-1.0","-1.0","-1.0","-1.0","-1.0","0.46","0.76","1648.47","-1.0","-1.0","-1.0","-1.0","-1.0","-1.0","0.1","0.06","636.36","0.09","0.05","595.51","2.7","2.24","827.97","-1.0","-1.0","-1.0","0.23","0.14","579.4","10.94","6.12","558.96","-1.0","-1.0","-1.0","0.0","0.0","500.0","0.16","0.08","475.61","-1.0","-1.0","-1.0","-1.0","-1.0","-1.0","-1.0","-1.0","-1.0","0.76","2.85","3763.59","0.0","0.0","60.0","2.77","5.34","8.11","2.8","0.26","0.0"
"1050","2017","17","Assam","Marigaon","89.87","219.1","2437.95","1.93","2.62","1355.26","-1.0","-1.0","-1.0","-1.0","0.0","0.0","-1.0","-1.0","-1.0","-1.0","-1.0","-1.0","0.47","0.79","1680.85","-1.0","-1.0","-1.0","-1.0","-1.0","-1.0","0.1","0.06","646.46","0.08","0.05","605.26","2.84","2.45","864.25","-1.0","-1.0","-1.0","0.25","0.15","589.64","9.98","7.79","779.98","-1.0","-1.0","-1.0","0.0","0.0","400.0","0.19","0.09","481.28","-1.0","-1.0","-1.0","-1.0","-1.0","-1.0","-1.0","-1.0","-1.0","0.79","2.49","3151.2","0.0","0.0","90.0","2.74","5.38","8.12","2.79","0.3","0.0"
"1051","2016","17","Assam","Tinsukia","62.88","101.81","1619.12","0.01","0.01","1333.33","-1.0","-1.0","-1.0","-1.0","0.0","0.0","-1.0","-1.0","-1.0","-1.0","-1.0","-1.0","1.21","0.68","560.69","-1.0","-1.0","-1.0","-1.0","-1.0","-1.0","0.0","0.0","666.67","0.08","0.04","576.92","3.84","3.87","1006.51","-1.0","-1.0","-1.0","0.08","0.04","506.33","9.69","5.03","519.09","-1.0","-1.0","-1.0","-1.0","-1.0","-1.0","-1.0","-1.0","-1.0","-1.0","-1.0","-1.0","-1.0","-1.0","-1.0","-1.0","-1.0","-1.0","0.25","0.97","3846.61","0.0","0.0","180.0","5.16","7.91","13.07","3.25","0.06","0.0"
"1051","2017","17","Assam","Tinsukia","62.86","102.35","1628.35","0.01","0.02","1416.67","-1.0","-1.0","-1.0","-1.0","0.0","0.0","-1.0","-1.0","-1.0","-1.0","-1.0","-1.0","1.21","0.68","562.91","-1.0","-1.0","-1.0","-1.0","-1.0","-1.0","0.0","0.0","666.67","0.08","0.05","578.31","3.96","3.68","929.31","-1.0","-1.0","-1.0","0.09","0.05","528.74","8.21","4.32","525.87","-1.0","-1.0","-1.0","0.0","0.0","333.33","0.0","0.0","500.0","-1.0","-1.0","-1.0","-1.0","-1.0","-1.0","-1.0","-1.0","-1.0","0.23","0.88","3739.74","-1.0","-1.0","-1.0","4.94","3.62","8.56","3.2","0.06","0.0"
"1055","2016","14","Chhattisgarh","Dantewara","70.86","118.69","1675.0","0.0","0.01","2000.0","-1.0","-1.0","-1.0","-1.0","0.0","0.0","0.11","0.2","1849.0","-1.0","-1.0","-1.0","3.11","9.0","2896.0","0.32","0.07","204.0","-1.0","-1.0","-1.0","0.03","0.03","788.0","0.32","0.35","1101.0","1.93","0.78","404.0","0.0","0.0","1000.0","0.04","0.02","405.0","0.91","0.45","492.0","-1.0","-1.0","-1.0","-1.0","-1.0","-1.0","-1.0","-1.0","-1.0","-1.0","-1.0","-1.0","0.01","0.01","1000.0","-1.0","-1.0","-1.0","-1.0","-1.0","-1.0","-1.0","-1.0","-1.0","0.31","1.8","2.11","0.01","-1.0","0.0"
"1055","2017","14","Chhattisgarh","Dantewara","70.69","52.22","739.0","0.01","0.01","1100.0","-1.0","-1.0","-1.0","-1.0","0.0","0.0","0.07","0.07","971.0","-1.0","-1.0","-1.0","2.76","5.07","1836.0","0.24","0.02","79.0","-1.0","-1.0","-1.0","0.03","0.01","320.0","0.28","0.07","236.0","1.97","0.47","238.0","-1.0","-1.0","-1.0","0.03","0.01","194.0","0.72","0.19","261.0","-1.0","-1.0","-1.0","-1.0","-1.0","-1.0","0.0","-1.0","-1.0","-1.0","-1.0","-1.0","-1.0","-1.0","-1.0","-1.0","-1.0","-1.0","-1.0","-1.0","-1.0","-1.0","-1.0","-1.0","-1.0","-1.0","-1.0","0.01","-1.0","-1.0"
"1056","2016","14","Chhattisgarh","Dhamtari","183.5","603.48","3289.0","0.86","1.27","1482.0","-1.0","-1.0","-1.0","-1.0","0.0","0.0","-1.0","-1.0","-1.0","-1.0","-1.0","-1.0","2.76","8.87","3214.0","0.13","0.04","284.0","-1.0","-1.0","-1.0","10.19","12.97","1273.0","0.18","0.08","426.0","19.9","20.94","1052.0","0.01","0.01","1400.0","0.13","0.06","477.0","1.12","0.51","456.0","0.01","0.0","286.0","-1.0","-1.0","-1.0","-1.0","-1.0","-1.0","0.01","-1.0","-1.0","-1.0","-1.0","-1.0","-1.0","-1.0","-1.0","0.03","0.01","245.0","-1.0","-1.0","-1.0","0.22","3.18","3.4","0.13","0.23","0.0"
"1056","2017","14","Chhattisgarh","Dhamtari","144.87","311.18","2148.0","4.55","7.02","1543.0","-1.0","-1.0","-1.0","-1.0","0.0","0.0","-1.0","-1.0","-1.0","-1.0","-1.0","-1.0","1.73","5.78","3345.0","0.18","0.04","233.0","-1.0","-1.0","-1.0","25.15","27.58","1097.0","0.22","0.06","286.0","28.02","17.57","627.0","0.01","0.01","1222.0","0.11","0.04","366.0","2.12","0.96","452.0","0.01","0.0","308.0","-1.0","-1.0","-1.0","0.17","0.04","253.0","0.02","-1.0","-1.0","-1.0","-1.0","-1.0","-1.0","-1.0","-1.0","0.03","0.01","226.0","-1.0","-1.0","-1.0","-1.0","-1.0","-1.0","0.0","0.03","-1.0"
"1057","2016","6","Madhya Pradesh","Dindori","84.0","122.66","1460.0","49.0","108.0","2204.0","0.0","0.0","0.0","-1.0","-1.0","-1.0","0.0","0.0","0.0","0.0","0.0","0.0","29.0","66.0","2276.0","-1.0","-1.0","-1.0","0.08","0.21","2625.0","25.0","26.0","1040.0","5.0","5.0","1000.0","81.0","81.0","1000.0","0.0","0.0","0.0","0.0","0.0","0.0","17.0","13.0","765.0","1.63","0.17","104.0","0.0","0.0","0.0","6.0","3.0","500.0","0.0","0.0","0.0","10.0","13.0","1300.0","-1.0","-1.0","-1.0","0.0","0.0","0.0","0.0","0.0","0.0","0.01","0.77","0.79","0.0","0.38","0.0"
"1057","2017","6","Madhya Pradesh","Dindori","78.8","123.45","1567.0","44.0","106.7","2425.0","0.1","0.19","1900.0","-1.0","-1.0","-1.0","0.1","0.19","1900.0","0.0","0.0","0.0","28.0","72.74","2598.0","-1.0","-1.0","-1.0","0.0","0.0","0.0","16.3","16.46","1010.0","11.4","9.69","850.0","60.71","54.58","899.0","0.0","0.0","0.0","0.0","0.0","0.0","17.0","10.27","604.0","0.0","0.0","0.0","0.0","0.0","0.0","6.5","3.12","480.0","0.0","0.0","0.0","9.5","10.93","1151.0","-1.0","-1.0","-1.0","0.0","0.0","0.0","0.0","0.0","0.0","0.01","0.4","0.42","0.0","0.37","0.0"
"1058","2016","6","Madhya Pradesh","Harda","-1.0","-1.0","-1.0","141.0","607.0","4305.0","0.0","0.0","0.0","-1.0","-1.0","-1.0","0.0","0.0","0.0","0.0","0.0","0.0","0.0","0.0","0.0","-1.0","-1.0","-1.0","0.09","0.35","3889.0","45.0","66.0","1467.0","0.0","0.0","0.0","0.0","0.0","0.0","0.0","0.0","0.0","0.0","0.0","0.0","0.0","0.0","0.0","0.01","0.0","300.0","0.0","0.0","0.0","0.0","0.0","0.0","0.05","0.05","1000.0","141.0","214.0","1518.0","-1.0","-1.0","-1.0","0.0","0.0","0.0","0.0","0.0","0.0","0.04","1.22","1.25","0.2","0.47","2.0"
"1058","2017","6","Madhya Pradesh","Harda","2.8","2.49","889.0","118.0","469.88","3982.0","0.7","1.38","1971.0","-1.0","-1.0","-1.0","0.7","1.38","1971.0","0.0","0.0","0.0","14.2","40.37","2843.0","-1.0","-1.0","-1.0","0.9","2.53","2811.0","57.0","139.65","2450.0","5.8","8.8","1517.0","87.0","106.21","1221.0","0.0","0.0","0.0","0.0","0.0","0.0","2.5","1.68","672.0","0.0","0.0","0.0","0.0","0.0","0.0","0.0","0.0","0.0","0.0","0.0","0.0","96.41","72.5","752.0","-1.0","-1.0","-1.0","0.0","0.0","0.0","0.0","0.0","288.0","0.06","0.45","0.51","0.22","0.49","0.0"
"1059","2016","14","Chhattisgarh","Janjgir","254.37","834.22","3280.0","1.77","3.33","1889.0","-1.0","-1.0","-1.0","-1.0","0.0","0.0","-1.0","-1.0","-1.0","-1.0","-1.0","-1.0","0.3","0.82","2760.0","-1.0","-1.0","-1.0","-1.0","-1.0","-1.0","0.11","0.14","1336.0","0.78","0.51","650.0","6.93","6.2","895.0","0.69","1.44","2092.0","0.54","0.26","484.0","0.91","0.4","442.0","0.02","0.01","333.0","0.01","0.0","286.0","-1.0","-1.0","-1.0","0.32","-1.0","-1.0","0.01","0.02","1071.0","-1.0","-1.0","-1.0","0.04","0.01","330.0","-1.0","-1.0","-1.0","0.28","6.92","7.2","0.19","0.45","0.0"
"1059","2017","14","Chhattisgarh","Janjgir","254.65","680.57","2673.0","1.48","2.68","1807.0","-1.0","-1.0","-1.0","-1.0","0.0","0.0","-1.0","-1.0","-1.0","-1.0","-1.0","-1.0","0.28","0.81","2875.0","-1.0","-1.0","-1.0","-1.0","-1.0","-1.0","0.15","0.17","1158.0","0.7","0.3","426.0","2.69","1.11","414.0","0.53","0.91","1704.0","0.41","0.14","343.0","0.55","0.22","405.0","0.01","0.0","286.0","0.0","0.0","333.0","0.39","0.11","271.0","0.27","-1.0","-1.0","0.01","0.01","429.0","-1.0","-1.0","-1.0","0.02","0.01","278.0","-1.0","-1.0","-1.0","-1.0","-1.0","-1.0","0.14","0.4","-1.0"
"1060","2016","6","Madhya Pradesh","Barwani","1.0","0.66","660.0","43.0","154.0","3581.0","34.0","101.0","2971.0","-1.0","-1.0","-1.0","34.0","101.0","2971.0","9.0","11.0","1222.0","53.0","242.0","4566.0","-1.0","-1.0","-1.0","5.0","16.0","3200.0","6.0","12.0","2000.0","8.0","8.0","1000.0","22.0","16.0","727.0","12.0","9.0","750.0","0.0","0.0","0.0","0.0","0.0","0.0","0.06","0.25","4167.0","0.0","0.0","0.0","0.0","0.0","0.0","0.0","0.0","0.0","36.0","51.0","1417.0","-1.0","-1.0","-1.0","6.0","10.8","1800.0","62.0","24.0","392.0","2.01","8.1","10.11","0.06","2.35","1.0"
"1060","2017","6","Madhya Pradesh","Barwani","1.36","1.8","1321.0","48.0","170.4","3550.0","33.9","96.38","2843.0","-1.0","-1.0","-1.0","33.9","96.38","2843.0","8.5","14.16","1666.0","61.09","259.61","4250.0","-1.0","-1.0","-1.0","2.8","4.37","1561.0","11.7","18.95","1620.0","5.05","5.3","1050.0","17.4","13.53","778.0","7.97","7.49","940.0","0.3","0.08","267.0","0.0","0.0","0.0","0.62","0.24","387.0","0.68","0.58","853.0","0.37","0.26","703.0","0.0","0.0","0.0","35.6","49.84","1400.0","-1.0","-1.0","-1.0","1.73","1.01","582.0","64.0","24.0","372.0","1.76","8.76","10.51","0.04","3.26","1.0"
"1061","2016","6","Madhya Pradesh","Katni","110.0","330.0","3000.0","106.0","338.0","3189.0","0.0","0.0","0.0","-1.0","-1.0","-1.0","0.0","0.0","0.0","0.0","0.0","0.0","4.0","8.0","2000.0","-1.0","-1.0","-1.0","0.85","3.0","3529.0","52.0","84.0","1615.0","13.0","17.0","1308.0","50.0","36.0","720.0","0.0","0.0","0.0","9.0","7.0","778.0","6.0","5.0","833.0","1.6","0.56","350.0","0.0","0.0","0.0","3.0","2.0","667.0","0.05","0.05","1000.0","0.0","0.0","0.0","-1.0","-1.0","-1.0","0.0","0.0","0.0","0.0","0.0","0.0","1.13","6.5","7.63","3.58","1.63","0.0"
"1061","2017","6","Madhya Pradesh","Katni","101.2","254.55","2515.0","129.14","389.49","3016.0","4.6","11.13","2420.0","-1.0","-1.0","-1.0","4.6","11.13","2420.0","0.0","0.0","0.0","6.9","17.85","2587.0","-1.0","-1.0","-1.0","0.3","0.48","1600.0","48.4","74.39","1537.0","9.2","12.83","1395.0","27.6","27.67","1003.0","0.02","0.01","500.0","8.0","4.36","545.0","6.2","3.99","644.0","0.0","0.0","0.0","0.0","0.0","0.0","3.2","2.07","647.0","0.0","0.0","0.0","1.7","2.44","1435.0","-1.0","-1.0","-1.0","0.0","0.0","0.0","0.0","0.0","0.0","1.05","4.16","5.2","3.58","1.63","0.0"
"1062","2016","6","Madhya Pradesh","Neemuch","0.0","0.0","0.0","50.0","164.0","3280.0","0.0","0.0","0.0","-1.0","-1.0","-1.0","0.0","0.0","0.0","0.0","0.0","0.0","24.0","94.0","3917.0","-1.0","-1.0","-1.0","0.41","1.0","2439.0","35.0","47.0","1343.0","0.0","0.0","0.0","9.0","10.0","1111.0","5.0","8.0","1600.0","0.0","0.0","0.0","21.0","31.0","1476.0","0.09","0.06","667.0","0.0","0.0","0.0","0.0","0.0","0.0","0.0","0.0","0.0","141.0","215.0","1525.0","-1.0","-1.0","-1.0","0.0","0.0","0.0","0.0","0.0","0.0","0.9","2.03","2.92","0.19","3.2","14.0"
"1062","2017","6","Madhya Pradesh","Neemuch","0.28","0.64","2286.0","39.4","154.21","3914.0","1.5","3.32","2213.0","-1.0","-1.0","-1.0","1.5","3.32","2213.0","0.0","0.0","0.0","28.0","99.66","3559.0","-1.0","-1.0","-1.0","0.0","0.0","0.0","38.1","47.74","1253.0","0.7","0.53","757.0","18.99","13.86","730.0","6.93","17.88","2580.0","1.0","0.6","600.0","20.4","27.03","1325.0","0.0","0.0","0.0","0.0","0.0","0.0","2.4","1.63","679.0","0.0","0.0","0.0","134.0","179.02","1336.0","-1.0","-1.0","-1.0","0.0","0.0","0.0","0.0","0.0","321.0","1.12","1.42","2.54","0.05","3.33","12.0"
"1063","2016","6","Madhya Pradesh","Sheopur Kalan","19.0","46.66","2456.0","85.0","349.0","4106.0","0.0","0.0","0.0","-1.0","-1.0","-1.0","0.0","0.0","0.0","20.0","45.0","2250.0","2.0","5.0","2500.0","-1.0","-1.0","-1.0","0.9","3.0","3333.0","20.0","36.0","1800.0","2.0","2.0","1000.0","0.0","0.0","0.0","0.0","0.0","0.0","18.0","13.0","722.0","39.0","56.0","1436.0","0.01","0.0","300.0","0.0","0.0","0.0","0.0","0.0","0.0","0.0","0.0","0.0","40.0","46.0","1150.0","-1.0","-1.0","-1.0","0.0","0.0","0.0","0.0","0.0","0.0","0.02","0.77","0.78","0.34","0.83","5.0"
"1063","2017","6","Madhya Pradesh","Sheopur Kalan","20.0","56.7","2835.0","86.0","339.18","3944.0","3.0","6.72","2240.0","-1.0","-1.0","-1.0","3.0","6.72","2240.0","27.0","35.37","1310.0","2.7","5.81","2152.0","-1.0","-1.0","-1.0","0.46","1.59","3457.0","25.53","47.28","1852.0","2.01","1.83","910.0","27.92","27.08","970.0","0.0","0.0","0.0","13.0","4.9","377.0","17.21","23.94","1391.0","0.0","0.0","0.0","0.0","0.0","0.0","3.33","3.83","1150.0","0.0","0.0","0.0","38.5","30.34","788.0","-1.0","-1.0","-1.0","0.07","0.01","114.0","0.0","0.0","0.0","0.02","0.65","0.66","0.15","0.43","1.0"
"1064","2016","6","Madhya Pradesh","Umaria","51.0","92.66","1817.0","26.0","60.0","2308.0","0.0","0.0","0.0","-1.0","-1.0","-1.0","0.0","0.0","0.0","0.0","0.0","0.0","11.0","23.0","2091.0","-1.0","-1.0","-1.0","0.03","0.07","2333.0","18.0","25.0","1389.0","19.0","22.0","1158.0","18.0","15.0","833.0","0.0","0.0","0.0","4.0","2.0","500.0","7.0","6.0","857.0","0.31","0.35","1129.0","0.0","0.0","0.0","7.0","4.0","571.0","0.0","0.0","0.0","4.0","4.0","1000.0","-1.0","-1.0","-1.0","0.0","0.0","0.0","0.0","0.0","0.0","0.01","1.85","1.86","0.31","0.24","0.0"
"1064","2017","6","Madhya Pradesh","Umaria","35.02","81.69","2333.0","41.77","99.2","2375.0","0.6","1.26","2100.0","-1.0","-1.0","-1.0","0.6","1.26","2100.0","0.01","0.01","1000.0","10.5","23.94","2280.0","-1.0","-1.0","-1.0","0.08","0.06","750.0","16.5","20.41","1237.0","10.35","13.14","1270.0","14.81","9.66","652.0","0.01","0.01","1000.0","4.6","1.66","361.0","6.22","4.43","712.0","0.0","0.0","0.0","0.0","0.0","0.0","2.9","1.78","614.0","0.0","0.0","0.0","2.1","1.53","729.0","-1.0","-1.0","-1.0","0.0","0.0","0.0","0.0","0.0","0.0","0.01","1.28","1.3","0.7","0.42","0.0"
"1065","2016","14","Chhattisgarh","Koriya","67.75","118.76","1753.0","3.65","4.87","1335.0","-1.0","-1.0","-1.0","-1.0","0.0","0.0","0.41","0.48","1169.0","-1.0","-1.0","-1.0","7.7","15.39","1999.0","0.0","-1.0","-1.0","0.14","0.09","664.0","0.48","0.36","757.0","3.62","2.0","553.0","7.3","2.67","366.0","0.23","0.29","1240.0","1.21","0.44","364.0","3.42","1.39","406.0","-1.0","-1.0","-1.0","-1.0","-1.0","-1.0","-1.0","-1.0","-1.0","-1.0","-1.0","-1.0","0.0","0.0","750.0","-1.0","-1.0","-1.0","-1.0","-1.0","-1.0","-1.0","-1.0","-1.0","0.14","2.74","2.89","0.64","0.15","0.0"
"1065","2017","14","Chhattisgarh","Koriya","67.75","71.85","1060.0","3.42","4.23","1236.0","-1.0","-1.0","-1.0","-1.0","0.0","0.0","0.38","0.46","1213.0","-1.0","-1.0","-1.0","7.55","18.25","2416.0","0.01","0.0","200.0","0.1","0.08","760.0","0.4","0.27","664.0","3.58","1.37","383.0","7.35","2.36","320.0","0.22","0.24","1063.0","1.22","0.34","279.0","3.12","1.23","394.0","-1.0","-1.0","-1.0","-1.0","-1.0","-1.0","1.17","0.23","196.0","-1.0","-1.0","-1.0","0.0","0.0","333.0","-1.0","-1.0","-1.0","-1.0","-1.0","-1.0","-1.0","-1.0","-1.0","-1.0","-1.0","-1.0","0.64","0.15","-1.0"
"1066","2016","14","Chhattisgarh","Jashpur","181.15","203.39","1123.0","1.08","1.77","1631.0","-1.0","-1.0","-1.0","-1.0","0.0","0.0","0.1","0.13","1354.0","0.04","0.02","409.0","5.57","13.25","2377.0","0.31","0.06","181.0","-1.0","-1.0","-1.0","1.12","1.31","1178.0","4.93","2.62","532.0","18.0","5.96","331.0","4.46","9.28","2082.0","0.22","0.08","371.0","4.13","1.8","435.0","-1.0","-1.0","-1.0","-1.0","-1.0","-1.0","-1.0","-1.0","-1.0","-1.0","-1.0","-1.0","0.01","0.01","800.0","-1.0","-1.0","-1.0","0.1","0.03","261.0","-1.0","-1.0","-1.0","0.85","7.82","8.68","1.99","0.52","0.0"
"1066","2017","14","Chhattisgarh","Jashpur","183.91","215.54","1172.0","0.91","1.47","1621.0","-1.0","-1.0","-1.0","-1.0","0.0","0.0","0.09","0.15","1591.0","0.02","0.01","435.0","5.44","13.68","2517.0","0.24","0.04","173.0","-1.0","-1.0","-1.0","0.75","0.74","997.0","4.51","1.92","425.0","17.3","6.14","355.0","4.33","6.72","1552.0","0.23","0.08","348.0","3.66","1.55","423.0","-1.0","-1.0","-1.0","-1.0","-1.0","-1.0","0.7","0.17","238.0","-1.0","-1.0","-1.0","-1.0","-1.0","-1.0","-1.0","-1.0","-1.0","0.1","0.03","244.0","-1.0","-1.0","-1.0","-1.0","-1.0","-1.0","1.98","0.43","-1.0"
"1067","2016","14","Chhattisgarh","Korba","109.31","178.99","1637.0","0.55","0.65","1178.0","-1.0","-1.0","-1.0","-1.0","0.0","0.0","0.37","0.5","1361.0","0.0","0.0","1000.0","4.18","8.59","2055.0","-1.0","-1.0","-1.0","0.16","0.15","920.0","0.27","0.25","947.0","1.28","0.83","649.0","11.19","4.81","430.0","0.31","0.4","1278.0","1.55","0.54","351.0","2.02","0.77","379.0","-1.0","-1.0","-1.0","-1.0","-1.0","-1.0","-1.0","-1.0","-1.0","0.01","-1.0","-1.0","-1.0","-1.0","-1.0","-1.0","-1.0","-1.0","-1.0","-1.0","-1.0","-1.0","-1.0","-1.0","0.12","2.9","3.03","0.26","0.15","0.0"
"1067","2017","14","Chhattisgarh","Korba","108.94","144.44","1326.0","0.41","0.47","1148.0","-1.0","-1.0","-1.0","-1.0","0.0","0.0","0.36","0.47","1329.0","-1.0","-1.0","-1.0","4.08","8.74","2140.0","-1.0","-1.0","-1.0","0.16","0.17","1031.0","0.24","0.2","814.0","1.27","0.53","419.0","10.75","4.07","379.0","0.3","0.35","1162.0","1.51","0.41","270.0","1.97","0.74","375.0","-1.0","-1.0","-1.0","-1.0","-1.0","-1.0","0.29","0.06","216.0","0.0","-1.0","-1.0","-1.0","-1.0","-1.0","-1.0","-1.0","-1.0","-1.0","-1.0","-1.0","-1.0","-1.0","-1.0","-1.0","-1.0","-1.0","0.2","0.11","-1.0"
"1068","2016","14","Chhattisgarh","Kawardha","105.36","134.79","1279.0","7.93","9.33","1177.0","-1.0","-1.0","-1.0","-1.0","0.0","0.0","0.01","0.01","1200.0","0.0","0.0","1000.0","1.9","3.27","1725.0","-1.0","-1.0","-1.0","-1.0","-1.0","-1.0","79.25","74.66","942.0","6.44","3.43","532.0","6.36","5.85","919.0","0.3","0.66","2181.0","0.48","0.13","263.0","1.32","0.56","421.0","-1.0","-1.0","-1.0","-1.0","-1.0","-1.0","-1.0","-1.0","-1.0","-1.0","-1.0","-1.0","29.09","25.09","863.0","-1.0","-1.0","-1.0","20.68","9.3","450.0","-1.0","-1.0","-1.0","0.41","4.64","5.05","0.03","0.1","0.0"
"1068","2017","14","Chhattisgarh","Kawardha","106.66","115.2","1080.0","7.05","6.89","978.0","-1.0","-1.0","-1.0","-1.0","0.0","0.0","0.07","0.07","1104.0","-1.0","-1.0","-1.0","2.22","3.98","1795.0","-1.0","-1.0","-1.0","-1.0","-1.0","-1.0","72.57","56.02","772.0","6.91","2.68","387.0","7.54","2.6","345.0","0.52","0.95","1820.0","0.29","0.07","246.0","1.96","0.72","369.0","-1.0","-1.0","-1.0","-1.0","-1.0","-1.0","0.13","0.03","224.0","-1.0","-1.0","-1.0","27.69","8.93","323.0","-1.0","-1.0","-1.0","22.25","2.51","113.0","-1.0","-1.0","-1.0","-1.0","-1.0","-1.0","0.05","0.05","-1.0"
"1069","2016","14","Chhattisgarh","Mahasmund","282.32","505.56","1791.0","1.01","1.76","1741.0","-1.0","-1.0","-1.0","-1.0","0.0","0.0","0.01","0.02","1333.0","0.02","0.02","947.0","0.09","0.18","1947.0","-1.0","-1.0","-1.0","-1.0","-1.0","-1.0","0.11","0.13","1179.0","0.54","0.22","401.0","12.5","5.82","466.0","3.88","6.8","1751.0","0.37","0.16","434.0","0.09","0.04","467.0","-1.0","-1.0","-1.0","-1.0","-1.0","-1.0","-1.0","-1.0","-1.0","0.28","-1.0","-1.0","0.0","0.0","1000.0","-1.0","-1.0","-1.0","0.02","0.0","55.0","-1.0","-1.0","-1.0","0.12","2.92","3.04","0.18","0.15","0.0"
"1069","2017","14","Chhattisgarh","Mahasmund","281.14","406.97","1448.0","1.57","2.7","1722.0","-1.0","-1.0","-1.0","-1.0","0.0","0.0","0.01","0.01","1000.0","0.0","-1.0","-1.0","0.16","0.27","1702.0","-1.0","-1.0","-1.0","-1.0","-1.0","-1.0","0.15","0.15","1020.0","0.51","0.14","267.0","11.24","3.2","285.0","3.85","4.25","1105.0","0.33","0.11","333.0","0.08","0.03","382.0","-1.0","-1.0","-1.0","-1.0","-1.0","-1.0","0.0","-1.0","-1.0","0.08","-1.0","-1.0","-1.0","-1.0","-1.0","-1.0","-1.0","-1.0","0.01","0.0","120.0","-1.0","-1.0","-1.0","-1.0","-1.0","-1.0","0.12","0.17","-1.0"
"1070","2016","14","Chhattisgarh","Kanker","181.72","424.05","2334.0","0.31","0.68","2170.0","-1.0","-1.0","-1.0","-1.0","0.0","0.0","0.1","0.18","1848.0","-1.0","-1.0","-1.0","10.06","28.53","2837.0","1.47","0.26","178.0","-1.0","-1.0","-1.0","0.15","0.18","1196.0","0.44","0.27","598.0","14.84","5.07","342.0","-1.0","-1.0","-1.0","0.7","0.46","660.0","0.86","0.33","380.0","-1.0","-1.0","-1.0","-1.0","-1.0","-1.0","-1.0","-1.0","-1.0","0.01","0.0","71.0","-1.0","-1.0","-1.0","-1.0","-1.0","-1.0","0.01","-1.0","-1.0","-1.0","-1.0","-1.0","0.18","4.51","4.68","0.01","0.13","0.0"
"1070","2017","14","Chhattisgarh","Kanker","181.65","231.44","1274.0","0.52","0.82","1573.0","-1.0","-1.0","-1.0","-1.0","0.0","0.0","0.07","0.09","1306.0","-1.0","-1.0","-1.0","9.89","26.78","2708.0","1.39","0.2","146.0","-1.0","-1.0","-1.0","0.73","0.65","891.0","0.36","0.13","376.0","13.74","4.63","337.0","-1.0","-1.0","-1.0","0.23","0.11","465.0","0.77","0.29","376.0","-1.0","-1.0","-1.0","-1.0","-1.0","-1.0","0.31","0.08","247.0","0.01","0.0","91.0","0.02","0.01","381.0","-1.0","-1.0","-1.0","0.01","0.0","100.0","-1.0","-1.0","-1.0","-1.0","-1.0","-1.0","0.02","0.1","-1.0"
"1071","2016","6","Madhya Pradesh","Anuppur","109.0","206.66","1896.0","27.0","53.0","1963.0","0.0","0.0","0.0","-1.0","-1.0","-1.0","0.0","0.0","0.0","0.0","0.0","0.0","16.0","32.0","2000.0","-1.0","-1.0","-1.0","0.01","0.02","2000.0","15.0","12.0","800.0","14.0","14.0","1000.0","27.0","15.0","556.0","1.0","1.0","1000.0","2.0","1.0","500.0","9.0","5.0","556.0","1.7","1.02","600.0","0.0","0.0","0.0","5.0","1.0","200.0","0.0","0.0","0.0","6.0","8.0","1333.0","-1.0","-1.0","-1.0","0.0","0.0","0.0","0.0","0.0","0.0","0.12","2.05","2.17","0.75","0.83","0.0"
"1071","2017","6","Madhya Pradesh","Anuppur","107.2","171.44","1599.0","16.68","60.78","3644.0","0.3","0.63","2100.0","-1.0","-1.0","-1.0","0.3","0.63","2100.0","0.0","0.0","0.0","14.05","28.17","2005.0","-1.0","-1.0","-1.0","0.1","0.08","800.0","9.7","10.19","1051.0","10.5","8.58","817.0","24.11","16.77","696.0","0.65","0.44","677.0","1.6","0.46","288.0","7.94","3.45","435.0","0.0","0.0","0.0","0.0","0.0","0.0","4.48","1.62","362.0","0.0","0.0","0.0","5.7","4.41","774.0","-1.0","-1.0","-1.0","0.01","0.0","300.0","0.0","0.0","0.0","0.13","1.86","1.99","0.86","0.88","0.0"
"1072","2016","7","Maharashtra","Gondia","209.3","510.3","2438.0","2.0","2.1","1050.0","-1.0","-1.0","-1.0","-1.0","0.0","0.0","-1.0","-1.0","-1.0","-1.0","-1.0","-1.0","0.62","0.95","1544.0","-1.0","-1.0","-1.0","-1.0","-1.0","-1.0","5.1","2.6","510.0","6.56","12.75","1944.0","12.97","6.17","476.0","-1.0","-1.0","-1.0","1.28","0.35","273.0","0.1","0.02","200.0","-1.0","-1.0","-1.0","-1.0","-1.0","-1.0","2.6","0.5","192.0","-1.0","-1.0","-1.0","-1.0","-1.0","-1.0","-1.0","-1.0","-1.0","0.67","2.83","4243.0","-1.0","-1.0","-1.0","-1.0","-1.0","-1.0","-1.0","-1.0","-1.0"
"1072","2017","7","Maharashtra","Gondia","143.01","229.5","1605.0","3.02","2.4","796.0","-1.0","-1.0","-1.0","-1.0","0.0","0.0","-1.0","-1.0","-1.0","-1.0","-1.0","-1.0","0.17","0.13","774.0","-1.0","-1.0","-1.0","-1.0","-1.0","-1.0","4.0","2.7","675.0","6.35","6.78","1066.0","8.84","4.43","501.0","-1.0","-1.0","-1.0","1.27","0.24","191.0","0.1","0.03","270.0","-1.0","-1.0","-1.0","-1.0","-1.0","-1.0","1.9","0.7","368.0","-1.0","-1.0","-1.0","-1.0","-1.0","-1.0","-1.0","-1.0","-1.0","1.13","4.52","4004.0","-1.0","-1.0","-1.0","-1.0","-1.0","-1.0","-1.0","-1.0","-1.0"
"1073","2016","7","Maharashtra","Hingoli","0.0","0.0","0.0","31.8","49.9","1569.0","54.8","25.5","465.0","8.1","5.5","679.0","62.9","31.0","493.0","0.3","0.09","287.0","5.1","5.7","1118.0","-1.0","-1.0","-1.0","-1.0","-1.0","-1.0","69.9","78.7","1126.0","76.38","82.74","1083.0","44.99","21.79","484.0","2.1","2.2","1048.0","2.53","0.43","171.0","0.1","0.04","400.0","9.7","7.0","722.0","0.6","0.1","167.0","-1.0","-1.0","-1.0","0.09","0.09","1033.0","171.6","184.0","1072.0","-1.0","-1.0","-1.0","5.0","31.27","6254.0","75.0","28.0","378.0","-1.0","-1.0","-1.0","-1.0","-1.0","-1.0"
"1073","2017","7","Maharashtra","Hingoli","0.0","0.0","0.0","29.7","34.5","1162.0","57.0","33.8","593.0","11.67","10.8","926.0","68.67","44.6","650.0","0.3","0.1","333.0","1.55","1.2","774.0","-1.0","-1.0","-1.0","-1.0","-1.0","-1.0","75.2","84.0","1117.0","77.0","61.9","804.0","59.34","23.94","403.0","1.09","1.5","1379.0","0.67","0.1","142.0","-1.0","-1.0","-1.0","5.5","2.4","436.0","0.8","0.2","250.0","-1.0","-1.0","-1.0","-1.0","-1.0","-1.0","175.8","199.4","1134.0","-1.0","-1.0","-1.0","9.5","6.65","700.0","87.0","24.0","278.0","-1.0","-1.0","-1.0","-1.0","-1.0","-1.0"
"1074","2016","7","Maharashtra","Nandurbar","25.3","29.4","1162.0","18.4","37.7","2049.0","34.5","52.3","1516.0","9.3","13.2","1419.0","43.8","65.5","1495.0","4.6","4.8","1043.0","46.2","120.5","2608.0","0.02","0.02","1000.0","-1.0","-1.0","-1.0","21.2","22.7","1071.0","17.93","9.59","535.0","24.42","12.14","497.0","4.3","3.6","837.0","0.22","0.05","233.0","1.9","0.8","421.0","0.16","0.07","438.0","1.0","0.3","300.0","-1.0","-1.0","-1.0","0.33","0.17","520.0","28.0","45.9","1639.0","-1.0","-1.0","-1.0","10.95","87.23","7965.0","86.0","27.0","320.0","-1.0","-1.0","-1.0","-1.0","-1.0","-1.0"
"1074","2017","7","Maharashtra","Nandurbar","26.6","30.1","1132.0","22.77","42.8","1880.0","39.5","59.5","1506.0","9.2","14.1","1533.0","48.7","73.6","1511.0","4.96","3.6","726.0","54.08","151.9","2809.0","0.02","0.01","588.0","-1.0","-1.0","-1.0","26.5","32.1","1211.0","21.0","11.6","552.0","23.38","13.25","567.0","3.86","4.1","1062.0","0.15","0.05","313.0","1.5","0.6","400.0","0.0","0.0","500.0","0.2","0.1","500.0","-1.0","-1.0","-1.0","0.3","0.17","584.0","27.17","39.1","1439.0","-1.0","-1.0","-1.0","14.89","126.69","8510.0","97.0","35.0","358.0","-1.0","-1.0","-1.0","-1.0","-1.0","-1.0"
"1075","2016","7","Maharashtra","Washim","0.0","0.0","0.0","33.7","54.2","1608.0","7.6","5.7","750.0","2.2","2.5","1136.0","9.8","8.2","837.0","0.3","0.1","333.0","0.4","1.0","2500.0","-1.0","-1.0","-1.0","-1.0","-1.0","-1.0","55.1","49.7","902.0","55.59","35.57","640.0","18.49","13.02","704.0","9.1","7.8","857.0","0.4","0.1","239.0","0.1","0.04","400.0","0.1","0.1","1000.0","-1.0","-1.0","-1.0","-1.0","-1.0","-1.0","0.05","0.04","860.0","300.8","446.1","1483.0","-1.0","-1.0","-1.0","0.26","1.35","5273.0","18.0","7.0","367.0","-1.0","-1.0","-1.0","-1.0","-1.0","-1.0"
"1075","2017","7","Maharashtra","Washim","0.0","0.0","0.0","9.9","12.5","1263.0","8.55","4.1","479.0","0.39","0.3","765.0","8.95","4.4","492.0","0.2","0.1","500.0","0.6","1.4","2333.0","-1.0","-1.0","-1.0","-1.0","-1.0","-1.0","49.6","35.1","708.0","55.03","19.04","346.0","20.11","9.64","480.0","0.41","0.7","1711.0","0.24","0.04","187.0","-1.0","-1.0","-1.0","0.7","0.3","429.0","0.1","0.02","150.0","-1.0","-1.0","-1.0","-1.0","-1.0","-1.0","299.8","227.1","758.0","-1.0","-1.0","-1.0","0.15","0.69","4481.0","19.0","3.0","165.0","-1.0","-1.0","-1.0","-1.0","-1.0","-1.0"
"1076","2016","7","Maharashtra","Mumbai sub","0.0","0.0","0.0","-1.0","-1.0","-1.0","-1.0","-1.0","-1.0","-1.0","0.0","0.0","-1.0","-1.0","-1.0","-1.0","-1.0","-1.0","0.1","0.1","1000.0","-1.0","-1.0","-1.0","-1.0","-1.0","-1.0","-1.0","-1.0","-1.0","-1.0","-1.0","-1.0","0.0","0.0","0.0","-1.0","-1.0","-1.0","-1.0","-1.0","-1.0","-1.0","-1.0","-1.0","-1.0","-1.0","-1.0","-1.0","-1.0","-1.0","-1.0","-1.0","-1.0","-1.0","-1.0","-1.0","-1.0","-1.0","-1.0","-1.0","-1.0","-1.0","-1.0","-1.0","-1.0","-1.0","-1.0","-1.0","-1.0","-1.0","-1.0","-1.0","-1.0","-1.0"
"1076","2017","7","Maharashtra","Mumbai sub","-1.0","-1.0","-1.0","-1.0","-1.0","-1.0","-1.0","-1.0","-1.0","-1.0","-1.0","-1.0","-1.0","-1.0","-1.0","-1.0","-1.0","-1.0","-1.0","-1.0","-1.0","-1.0","-1.0","-1.0","-1.0","-1.0","-1.0","-1.0","-1.0","-1.0","-1.0","-1.0","-1.0","-1.0","-1.0","-1.0","-1.0","-1.0","-1.0","-1.0","-1.0","-1.0","-1.0","-1.0","-1.0","-1.0","-1.0","-1.0","-1.0","-1.0","-1.0","-1.0","-1.0","-1.0","-1.0","-1.0","-1.0","-1.0","-1.0","-1.0","-1.0","-1.0","-1.0","-1.0","-1.0","-1.0","-1.0","-1.0","-1.0","-1.0","-1.0","-1.0","-1.0","-1.0","-1.0"
"1077","2016","11","Tamil Nadu","Ariyalur","24.41","121.18","4964.0","-1.0","-1.0","-1.0","0.72","0.6","830.0","0.01","0.0","333.0","0.73","0.6","826.0","1.01","4.3","4269.0","15.34","60.12","3918.0","0.04","0.06","1684.0","-1.0","-1.0","-1.0","-1.0","-1.0","-1.0","0.2","0.13","655.0","6.97","3.07","440.0","8.62","33.68","3907.0","1.41","0.55","389.0","-1.0","-1.0","-1.0","-1.0","-1.0","-1.0","0.04","0.01","326.0","-1.0","-1.0","-1.0","0.43","0.36","830.0","-1.0","-1.0","-1.0","-1.0","-1.0","-1.0","5.82","53.49","9185.0","10.0","2.0","252.0","31.45","2.09","33.54","-1.0","0.07","0.0"
"1077","2017","11","Tamil Nadu","Ariyalur","22.66","99.22","4378.0","-1.0","-1.0","-1.0","0.24","0.27","1137.0","0.01","0.01","1083.0","0.25","0.29","1134.0","1.49","3.5","2353.0","15.0","127.9","8529.0","0.02","0.09","4000.0","-1.0","-1.0","-1.0","-1.0","-1.0","-1.0","0.16","0.17","1090.0","6.42","4.41","686.0","9.85","38.23","3881.0","0.69","0.39","566.0","-1.0","-1.0","-1.0","-1.0","-1.0","-1.0","0.05","0.02","332.0","-1.0","-1.0","-1.0","0.22","0.42","1945.0","-1.0","-1.0","-1.0","-1.0","-1.0","-1.0","5.11","42.91","8400.0","11.0","0.0","1.0","-1.0","-1.0","-1.0","-1.0","0.03","-1.0"
"1080","2016","11","Tamil Nadu","Krishnagiri","15.99","69.58","4352.0","-1.0","-1.0","-1.0","2.48","3.13","1265.0","0.14","0.05","340.0","2.62","3.18","1215.0","0.53","1.54","2897.0","2.85","11.71","4116.0","34.16","59.51","1742.0","-1.0","-1.0","-1.0","-1.0","-1.0","-1.0","12.06","8.15","676.0","11.3","4.44","393.0","13.33","24.65","1849.0","0.51","0.22","428.0","0.18","0.04","234.0","-1.0","-1.0","-1.0","0.77","0.25","319.0","-1.0","-1.0","-1.0","-1.0","-1.0","-1.0","-1.0","-1.0","-1.0","-1.0","-1.0","-1.0","0.86","7.5","8699.0","3.0","1.0","273.0","32.13","10.18","42.3","0.18","0.01","2.0"
"1080","2017","11","Tamil Nadu","Krishnagiri","24.89","118.04","4743.0","-1.0","-1.0","-1.0","3.73","6.86","1839.0","0.23","0.25","1078.0","3.96","7.11","1794.0","0.62","1.46","2352.0","3.11","26.78","8606.0","41.27","160.45","3888.0","-1.0","-1.0","-1.0","-1.0","-1.0","-1.0","8.16","8.51","1043.0","32.74","23.26","710.0","10.49","32.62","3110.0","0.48","0.16","335.0","0.26","0.06","241.0","-1.0","-1.0","-1.0","0.87","0.29","329.0","-1.0","-1.0","-1.0","0.0","0.0","2000.0","-1.0","-1.0","-1.0","-1.0","-1.0","-1.0","0.54","5.4","10000.0","3.0","0.0","0.0","-1.0","-1.0","-1.0","0.08","0.01","-1.0"
"1081","2016","6","Madhya Pradesh","Ashoknagar","0.0","0.0","0.0","159.0","393.0","2472.0","0.0","0.0","0.0","-1.0","-1.0","-1.0","0.0","0.0","0.0","0.0","0.0","0.0","8.0","12.0","1500.0","-1.0","-1.0","-1.0","0.6","2.0","3333.0","112.0","140.0","1250.0","0.0","0.0","0.0","96.0","66.0","688.0","0.0","0.0","0.0","0.0","0.0","0.0","5.0","6.0","1200.0","0.08","0.05","625.0","0.0","0.0","0.0","0.0","0.0","0.0","0.02","0.02","1000.0","137.0","89.0","650.0","-1.0","-1.0","-1.0","0.0","0.0","0.0","0.0","0.0","0.0","0.03","1.52","1.55","0.61","1.35","5.0"
"1081","2017","6","Madhya Pradesh","Ashoknagar","3.72","5.79","1556.0","143.41","469.24","3272.0","0.1","0.18","1800.0","-1.0","-1.0","-1.0","0.1","0.18","1800.0","7.6","6.56","863.0","6.32","12.42","1965.0","-1.0","-1.0","-1.0","0.5","1.11","2220.0","100.9","102.41","1015.0","0.0","0.0","0.0","107.9","76.36","708.0","0.6","0.67","1117.0","0.9","0.52","578.0","6.5","6.96","1071.0","0.0","0.0","0.0","0.0","0.0","0.0","0.05","0.02","400.0","0.0","0.0","0.0","140.8","145.02","1030.0","-1.0","-1.0","-1.0","0.0","0.0","0.0","0.0","0.0","0.0","0.01","0.62","0.63","0.61","1.35","5.0"
"1082","2016","6","Madhya Pradesh","Burhanpur","0.0","0.0","0.0","10.0","30.0","3000.0","11.0","41.0","3727.0","-1.0","-1.0","-1.0","11.0","41.0","3727.0","0.0","0.0","0.0","14.0","52.0","3714.0","-1.0","-1.0","-1.0","6.0","18.0","3000.0","7.0","11.0","1571.0","12.0","17.0","1417.0","4.0","4.0","1000.0","0.0","0.0","0.0","0.0","0.0","0.0","0.0","0.0","0.0","0.0","0.0","0.0","0.0","0.0","0.0","0.0","0.0","0.0","0.0","0.0","0.0","14.0","21.0","1500.0","-1.0","-1.0","-1.0","0.0","0.0","0.0","45.0","18.0","392.0","19.57","1.5","21.06","0.1","0.71","0.0"
"1082","2017","6","Madhya Pradesh","Burhanpur","0.4","0.33","825.0","21.0","73.5","3500.0","9.6","33.69","3509.0","-1.0","-1.0","-1.0","9.6","33.69","3509.0","0.1","0.1","1000.0","14.94","57.86","3873.0","-1.0","-1.0","-1.0","1.4","2.04","1457.0","14.81","24.06","1625.0","8.75","13.7","1566.0","7.2","6.76","939.0","0.76","1.37","1803.0","0.0","0.0","0.0","0.0","0.0","0.0","0.09","0.09","1000.0","0.0","0.0","0.0","0.0","0.0","0.0","2.1","2.1","1000.0","15.0","25.08","1672.0","-1.0","-1.0","-1.0","5.3","3.42","645.0","47.0","17.0","363.0","21.82","0.88","22.7","0.11","0.71","0.0"
"2001","2016","3","Gujarat","Tapi","57.06","151.86","2661.0","3.7","9.56","2587.0","10.54","24.05","2281.0","2.17","2.46","1137.0","12.71","26.51","2086.0","-1.0","-1.0","-1.0","2.63","6.77","2573.0","-1.0","-1.0","-1.0","-1.0","-1.0","-1.0","1.87","1.72","920.0","19.65","17.07","868.0","7.25","4.76","656.0","5.07","9.27","1826.0","0.01","0.01","500.0","-1.0","-1.0","-1.0","-1.0","-1.0","-1.0","0.15","0.32","2072.0","-1.0","-1.0","-1.0","-1.0","-1.0","-1.0","12.16","12.77","1050.0","-1.0","-1.0","-1.0","23.67","130.19","5500.0","2.0","1.0","614.0","-1.0","-1.0","-1.0","-1.0","-1.0","-1.0"
"2001","2017","3","Gujarat","Tapi","55.34","140.8","2544.0","3.51","8.3","2364.0","10.1","23.12","2289.0","1.85","1.33","717.0","11.95","24.45","2046.0","-1.0","-1.0","-1.0","1.73","5.26","3043.0","-1.0","-1.0","-1.0","-1.0","-1.0","-1.0","3.53","3.77","1068.0","19.94","11.55","579.0","5.65","4.27","755.0","4.3","7.81","1818.0","0.01","0.0","600.0","-1.0","-1.0","-1.0","-1.0","-1.0","-1.0","0.16","0.4","2541.0","-1.0","-1.0","-1.0","-1.0","-1.0","-1.0","14.48","16.65","1150.0","-1.0","-1.0","-1.0","24.66","128.21","5200.0","8.0","6.0","740.0","-1.0","-1.0","-1.0","-1.0","0.0","-1.0"
"2002","2016","4","Haryana","Mewat","9.6","23.0","2396.0","80.4","338.0","4204.0","-1.0","-1.0","-1.0","-1.0","-1.0","-1.0","9.7","9.0","928.0","24.7","49.0","1984.0","0.0","0.0","0.0","-1.0","-1.0","-1.0","0.4","0.0","0.0","0.4","0.3","750.0","-1.0","-1.0","-1.0","1.3","10.6","8154.0","0.0","0.0","0.0","0.3","0.2","667.0","21.2","40.0","1887.0","-1.0","-1.0","-1.0","-1.0","-1.0","-1.0","-1.0","-1.0","-1.0","-1.0","-1.0","-1.0","-1.0","-1.0","-1.0","21.5","40.3","1874.0","0.2","0.0","0.0","3.0","1.0","434.0","-1.0","-1.0","-1.0","-1.0","-1.0","-1.0"
"2002","2017","4","Haryana","Mewat","11.2","32.0","2857.0","77.2","332.0","4301.0","-1.0","-1.0","-1.0","-1.0","-1.0","-1.0","8.6","5.0","581.0","25.4","59.0","2323.0","0.0","0.0","0.0","-1.0","-1.0","-1.0","0.6","3.0","5000.0","0.4","1.0","2500.0","-1.0","-1.0","-1.0","1.0","8.5","8500.0","0.0","0.0","0.0","0.2","0.1","500.0","24.4","52.0","2131.0","-1.0","-1.0","-1.0","-1.0","-1.0","-1.0","-1.0","-1.0","-1.0","-1.0","-1.0","-1.0","-1.0","-1.0","-1.0","24.6","52.2","2122.0","-1.0","-1.0","-1.0","5.0","3.0","565.0","-1.0","-1.0","-1.0","-1.0","-1.0","-1.0"
"2003","2016","4","Haryana","Palwal","35.0","95.0","2714.0","97.2","424.0","4362.0","-1.0","-1.0","-1.0","-1.0","-1.0","-1.0","8.7","4.0","460.0","11.1","11.0","991.0","-1.0","0.0","-1.0","-1.0","-1.0","-1.0","0.7","3.0","4286.0","0.0","0.0","0.0","-1.0","-1.0","-1.0","0.4","3.1","7750.0","0.0","0.0","0.0","0.1","0.1","1000.0","1.7","3.0","1765.0","-1.0","-1.0","-1.0","-1.0","-1.0","-1.0","-1.0","-1.0","-1.0","-1.0","-1.0","-1.0","-1.0","-1.0","-1.0","1.8","3.1","1722.0","2.1","10.0","4762.0","10.0","6.0","575.0","-1.0","-1.0","-1.0","0.0","-1.0","-1.0"
"2003","2017","4","Haryana","Palwal","35.8","97.0","2709.0","93.5","428.0","4578.0","-1.0","-1.0","-1.0","-1.0","-1.0","-1.0","7.7","4.0","519.0","5.4","13.0","2407.0","0.0","0.0","0.0","-1.0","-1.0","-1.0","0.7","3.0","4286.0","0.0","0.0","0.0","-1.0","-1.0","-1.0","0.2","8.5","42500.0","0.0","0.0","0.0","0.1","0.1","1000.0","1.7","4.0","2353.0","-1.0","-1.0","-1.0","-1.0","-1.0","-1.0","-1.0","-1.0","-1.0","-1.0","-1.0","-1.0","-1.0","-1.0","-1.0","1.8","4.1","2278.0","-1.0","-1.0","-1.0","17.0","6.0","380.0","-1.0","-1.0","-1.0","-1.0","-1.0","-1.0"
"2004","2016","5","Karnataka","Ramanagaram","4.03","6.61","1640.0","-1.0","-1.0","-1.0","-1.0","-1.0","-1.0","-1.0","0.0","0.0","-1.0","-1.0","-1.0","0.01","0.01","1000.0","1.92","4.95","2582.0","66.59","46.87","704.0","-1.0","-1.0","-1.0","-1.0","-1.0","-1.0","3.28","1.06","322.0","18.96","10.09","532.0","2.53","2.71","1074.0","0.49","0.4","831.0","0.38","0.07","180.0","-1.0","-1.0","-1.0","1.25","0.89","709.0","-1.0","-1.0","-1.0","0.01","0.0","667.0","-1.0","-1.0","-1.0","-1.0","-1.0","-1.0","0.1","1.02","10450.0","0.0","0.0","360.0","24.89","0.86","25.75","0.01","0.02","4.0"
"2004","2017","5","Karnataka","Ramanagaram","4.29","12.64","2944.0","-1.0","-1.0","-1.0","-1.0","-1.0","-1.0","-1.0","0.0","0.0","-1.0","-1.0","-1.0","0.09","0.1","1080.0","2.16","8.48","3924.0","73.85","182.49","2471.0","-1.0","-1.0","-1.0","-1.0","-1.0","-1.0","3.38","2.42","715.0","14.99","11.23","749.0","1.51","1.82","1205.0","2.33","1.14","489.0","0.34","0.04","110.0","-1.0","-1.0","-1.0","2.11","1.66","787.0","-1.0","-1.0","-1.0","0.01","0.01","1000.0","-1.0","-1.0","-1.0","-1.0","-1.0","-1.0","0.22","1.72","7790.0","-1.0","-1.0","-1.0","25.35","1.3","26.65","-1.0","0.02","4.0"
"2005","2016","5","Karnataka","Chikkaballapur","1.41","3.5","2487.0","-1.0","-1.0","-1.0","1.27","1.48","1164.0","-1.0","0.0","0.0","1.27","1.48","1164.0","0.04","0.04","1050.0","53.0","87.06","1643.0","43.12","40.37","936.0","-1.0","-1.0","-1.0","0.08","0.04","587.0","13.17","4.98","378.0","7.23","3.06","423.0","25.57","8.64","338.0","-1.0","-1.0","-1.0","0.19","0.04","229.0","-1.0","-1.0","-1.0","0.07","0.04","500.0","-1.0","-1.0","-1.0","0.01","0.0","333.0","-1.0","-1.0","-1.0","-1.0","-1.0","-1.0","-1.0","-1.0","-1.0","0.0","0.0","377.0","26.82","12.8","39.63","2.65","1.25","0.0"
"2005","2017","5","Karnataka","Chikkaballapur","0.43","1.58","3659.0","-1.0","-1.0","-1.0","-1.0","-1.0","-1.0","-1.0","0.0","0.0","-1.0","-1.0","-1.0","0.11","0.17","1594.0","59.5","264.71","4449.0","48.7","111.15","2283.0","-1.0","-1.0","-1.0","0.09","0.07","767.0","10.72","11.17","1042.0","11.23","9.62","857.0","17.44","22.56","1294.0","0.04","0.04","881.0","0.27","0.06","225.0","-1.0","-1.0","-1.0","0.3","0.2","644.0","-1.0","-1.0","-1.0","0.11","0.12","1065.0","-1.0","-1.0","-1.0","-1.0","-1.0","-1.0","-1.0","-1.0","-1.0","0.0","0.0","630.0","26.1","14.76","40.86","2.61","1.2","1.0"
"2006","2016","6","Madhya Pradesh","Alirajpur","5.0","5.33","1066.0","22.0","60.0","2727.0","12.0","17.0","1417.0","-1.0","-1.0","-1.0","12.0","17.0","1417.0","17.0","18.0","1059.0","41.0","135.0","3293.0","-1.0","-1.0","-1.0","6.0","18.0","3000.0","12.0","14.0","1167.0","0.0","0.0","0.0","68.0","54.0","794.0","15.0","18.0","1200.0","0.0","0.0","0.0","0.0","0.0","0.0","0.0","0.0","0.0","0.0","0.0","0.0","0.0","0.0","0.0","0.0","0.0","0.0","20.0","26.0","1300.0","-1.0","-1.0","-1.0","0.0","0.0","0.0","7.0","1.0","180.0","0.01","1.52","1.53","0.02","0.06","0.0"
"2006","2017","6","Madhya Pradesh","Alirajpur","5.26","5.01","952.0","26.0","61.28","2357.0","8.6","20.31","2362.0","-1.0","-1.0","-1.0","8.6","20.31","2362.0","17.0","38.85","2285.0","48.3","124.56","2579.0","-1.0","-1.0","-1.0","1.5","2.4","1600.0","13.6","13.86","1019.0","4.0","3.91","978.0","67.87","22.43","330.0","9.84","13.17","1338.0","0.7","0.24","343.0","0.0","0.0","0.0","0.0","0.0","0.0","3.29","1.81","550.0","0.0","0.0","0.0","0.0","0.0","0.0","16.5","20.31","1231.0","-1.0","-1.0","-1.0","0.0","0.0","0.0","9.0","2.0","185.0","0.0","1.13","1.13","0.01","0.11","0.0"
"2007","2016","6","Madhya Pradesh","Singrauli","48.0","160.0","3333.0","48.0","126.0","2625.0","8.0","11.0","1375.0","-1.0","-1.0","-1.0","8.0","11.0","1375.0","0.0","0.0","0.0","30.0","74.0","2467.0","-1.0","-1.0","-1.0","13.0","50.0","3846.0","30.0","35.0","1167.0","23.0","22.0","957.0","14.0","9.0","643.0","0.0","0.0","0.0","15.0","6.0","400.0","10.0","6.0","600.0","0.1","0.09","900.0","0.0","0.0","0.0","7.0","3.0","429.0","0.0","0.0","0.0","0.0","0.0","0.0","-1.0","-1.0","-1.0","0.0","0.0","0.0","0.0","0.0","0.0","0.06","3.53","3.59","2.75","1.43","0.0"
"2007","2017","6","Madhya Pradesh","Singrauli","45.45","111.62","2456.0","39.1","103.58","2649.0","12.01","26.42","2200.0","-1.0","-1.0","-1.0","12.01","26.42","2200.0","23.6","63.46","2689.0","28.6","79.01","2763.0","-1.0","-1.0","-1.0","14.5","51.43","3547.0","28.0","26.6","950.0","24.7","26.92","1090.0","14.9","9.63","646.0","0.0","0.0","0.0","18.0","6.95","386.0","10.25","6.15","600.0","0.0","0.0","0.0","0.0","0.0","0.0","6.68","3.16","473.0","0.0","0.0","0.0","0.0","0.0","0.0","-1.0","-1.0","-1.0","0.0","0.0","0.0","0.0","0.0","0.0","0.06","3.35","3.4","3.03","1.58","0.0"
"2009","2016","9","Punjab","Taran Taran","186.0","614.0","3301.0","185.0","886.0","4789.0","-1.0","-1.0","-1.0","-1.0","0.0","0.0","-1.0","-1.0","-1.0","-1.0","-1.0","-1.0","-1.0","-1.0","-1.0","-1.0","-1.0","-1.0","-1.0","-1.0","-1.0","-1.0","-1.0","-1.0","0.2","0.1","500.0","0.6","0.5","833.0","-1.0","-1.0","-1.0","0.6","0.2","333.0","0.5","0.9","1800.0","-1.0","-1.0","-1.0","-1.0","-1.0","-1.0","-1.0","-1.0","-1.0","-1.0","-1.0","-1.0","-1.0","-1.0","-1.0","-1.0","-1.0","-1.0","-1.0","-1.0","-1.0","-1.0","-1.0","-1.0","0.31","0.69","1.01","-1.0","-1.0","19.0"
"2009","2017","9","Punjab","Taran Taran","182.0","759.0","4170.0","186.0","871.0","4683.0","-1.0","-1.0","-1.0","-1.0","0.0","0.0","-1.0","-1.0","-1.0","-1.0","-1.0","-1.0","-1.0","-1.0","-1.0","-1.0","-1.0","-1.0","-1.0","-1.0","-1.0","-1.0","-1.0","-1.0","0.1","0.1","1000.0","1.7","1.2","706.0","-1.0","-1.0","-1.0","0.5","0.1","200.0","0.5","0.8","1600.0","-1.0","-1.0","-1.0","-1.0","-1.0","-1.0","-1.0","-1.0","-1.0","-1.0","-1.0","-1.0","-1.0","-1.0","-1.0","-1.0","-1.0","-1.0","1.0","9.5","9500.0","-1.0","-1.0","-1.0","0.05","2.27","2.32","-1.0","-1.0","20.0"
"2010","2016","9","Punjab","Barnala","112.0","516.0","4607.0","114.0","626.0","5491.0","-1.0","-1.0","-1.0","-1.0","0.0","0.0","-1.0","-1.0","-1.0","-1.0","-1.0","-1.0","-1.0","-1.0","-1.0","-1.0","-1.0","-1.0","0.4","1.5","3750.0","-1.0","-1.0","-1.0","0.1","0.1","1000.0","0.2","0.1","500.0","-1.0","-1.0","-1.0","-1.0","-1.0","-1.0","0.6","0.8","1333.0","-1.0","-1.0","-1.0","-1.0","-1.0","-1.0","-1.0","-1.0","-1.0","-1.0","-1.0","-1.0","-1.0","-1.0","-1.0","-1.0","-1.0","-1.0","1.0","10.3","10300.0","3.0","3.0","840.0","0.05","2.27","2.32","-1.0","-1.0","11.0"
"2010","2017","9","Punjab","Barnala","113.0","565.0","5000.0","114.0","609.0","5342.0","-1.0","-1.0","-1.0","-1.0","0.0","0.0","-1.0","-1.0","-1.0","-1.0","-1.0","-1.0","-1.0","-1.0","-1.0","-1.0","-1.0","-1.0","0.3","1.1","3667.0","-1.0","-1.0","-1.0","0.1","0.1","1000.0","1.2","0.9","750.0","-1.0","-1.0","-1.0","-1.0","-1.0","-1.0","0.5","0.6","1200.0","-1.0","-1.0","-1.0","-1.0","-1.0","-1.0","-1.0","-1.0","-1.0","-1.0","-1.0","-1.0","-1.0","-1.0","-1.0","-1.0","-1.0","-1.0","1.0","8.5","8500.0","3.0","2.0","720.0","0.0","2.23","2.23","-1.0","-1.0","10.0"
"2011","2016","9","Punjab","S.A.S Nagar","31.0","112.0","3613.0","50.0","235.0","4700.0","-1.0","-1.0","-1.0","-1.0","0.0","0.0","-1.0","-1.0","-1.0","-1.0","-1.0","-1.0","6.0","24.0","4000.0","-1.0","-1.0","-1.0","0.1","0.4","4000.0","-1.0","-1.0","-1.0","0.2","0.2","1000.0","0.5","0.4","800.0","-1.0","-1.0","-1.0","-1.0","-1.0","-1.0","0.8","0.9","1125.0","-1.0","-1.0","-1.0","-1.0","-1.0","-1.0","-1.0","-1.0","-1.0","0.8","1.4","1750.0","-1.0","-1.0","-1.0","-1.0","-1.0","-1.0","1.0","6.8","6800.0","-1.0","-1.0","-1.0","0.0","4.56","4.56","-1.0","-1.0","11.0"
"2011","2017","9","Punjab","S.A.S Nagar","31.0","108.0","3484.0","50.0","248.0","4960.0","-1.0","-1.0","-1.0","-1.0","0.0","0.0","-1.0","-1.0","-1.0","-1.0","-1.0","-1.0","6.0","25.0","4167.0","-1.0","-1.0","-1.0","0.1","0.4","4000.0","0.1","0.1","1000.0","0.2","0.2","1000.0","1.1","0.6","545.0","-1.0","-1.0","-1.0","-1.0","-1.0","-1.0","0.9","0.9","1000.0","-1.0","-1.0","-1.0","-1.0","-1.0","-1.0","-1.0","-1.0","-1.0","0.6","1.1","1833.0","-1.0","-1.0","-1.0","-1.0","-1.0","-1.0","1.0","7.8","7800.0","-1.0","-1.0","-1.0","0.0","4.55","4.55","-1.0","-1.0","5.0"
"2012","2016","10","Rajasthan","Pratapgarh","0.82","1.88","2289.0","63.63","241.54","3796.0","0.01","0.01","583.0","-1.0","0.0","0.0","0.01","0.01","583.0","0.01","0.01","1000.0","43.92","66.41","1512.0","-1.0","-1.0","-1.0","1.31","4.65","3548.0","14.22","20.95","1474.0","0.31","0.47","1500.0","14.22","17.11","1203.0","0.44","0.89","2046.0","0.45","0.16","347.0","11.17","15.22","1363.0","-1.0","-1.0","-1.0","-1.0","-1.0","-1.0","1.32","1.32","995.0","-1.0","-1.0","-1.0","130.28","173.56","1332.0","-1.0","-1.0","-1.0","0.0","0.01","7100.0","1.0","0.0","596.0","0.03","0.58","0.61","0.0","0.4","1.0"
"2012","2017","10","Rajasthan","Pratapgarh","0.83","1.96","2366.0","64.52","220.25","3414.0","0.01","0.0","667.0","-1.0","0.0","0.0","0.01","0.0","667.0","0.01","0.01","857.0","42.21","80.24","1901.0","-1.0","-1.0","-1.0","1.38","5.27","3807.0","17.57","22.13","1260.0","0.29","0.43","1500.0","14.2","13.44","947.0","0.74","1.45","1953.0","0.41","0.11","268.0","10.71","16.1","1503.0","-1.0","-1.0","-1.0","0.0","-1.0","-1.0","2.05","2.46","1197.0","-1.0","-1.0","-1.0","129.55","154.69","1194.0","-1.0","-1.0","-1.0","-1.0","-1.0","-1.0","1.0","0.0","99.0","0.06","0.74","0.8","0.04","0.4","1.0"
"2013","2016","12","Uttar Pradesh","Kasganj Khansi Ram Nagar","14.7","37.69","2564.0","96.24","357.34","3713.0","0.0","0.0","1000.0","-1.0","0.0","0.0","0.0","0.0","1000.0","43.17","96.52","2236.0","37.84","96.36","2546.0","-1.0","-1.0","-1.0","2.43","6.65","2742.0","0.05","0.05","1083.0","1.68","1.51","897.0","4.15","2.81","676.0","0.78","0.71","904.0","0.73","0.16","214.0","10.28","18.39","1788.0","-1.0","-1.0","-1.0","-1.0","-1.0","-1.0","-1.0","-1.0","-1.0","-1.0","-1.0","-1.0","-1.0","-1.0","-1.0","-1.0","-1.0","-1.0","7.01","44.89","6401.0","-1.0","-1.0","-1.0","7.34","15.44","22.78","4.93","0.14","6.0"
"2013","2017","12","Uttar Pradesh","Kasganj Khansi Ram Nagar","14.55","34.55","2375.0","94.43","375.27","3974.0","0.05","0.05","1000.0","-1.0","0.0","0.0","0.05","0.05","1000.0","39.79","90.28","2269.0","31.37","83.53","2663.0","-1.0","-1.0","-1.0","2.72","9.23","3398.0","0.01","0.01","1000.0","1.32","1.0","759.0","3.86","2.96","765.0","0.16","0.16","1012.0","0.54","0.16","295.0","11.74","24.78","2111.0","-1.0","-1.0","-1.0","-1.0","-1.0","-1.0","-1.0","-1.0","-1.0","0.01","0.01","1429.0","-1.0","-1.0","-1.0","-1.0","-1.0","-1.0","6.95","51.58","7426.0","-1.0","-1.0","-1.0","-1.0","-1.0","-1.0","3.96","0.48","-1.0"
"2014","2016","14","Chhattisgarh","Bijapur","61.3","108.62","1772.0","-1.0","-1.0","-1.0","-1.0","-1.0","-1.0","-1.0","0.0","0.0","0.26","0.34","1290.0","-1.0","-1.0","-1.0","0.62","1.43","2313.0","0.06","0.01","127.0","-1.0","-1.0","-1.0","-1.0","-1.0","-1.0","0.01","0.0","600.0","1.26","0.53","422.0","0.02","0.02","1313.0","0.04","0.01","233.0","0.01","0.0","500.0","-1.0","-1.0","-1.0","-1.0","-1.0","-1.0","-1.0","-1.0","-1.0","-1.0","-1.0","-1.0","-1.0","-1.0","-1.0","-1.0","-1.0","-1.0","-1.0","-1.0","-1.0","-1.0","-1.0","-1.0","0.2","0.62","0.82","-1.0","0.0","0.0"
"2014","2017","14","Chhattisgarh","Bijapur","62.16","81.58","1313.0","-1.0","-1.0","-1.0","-1.0","-1.0","-1.0","-1.0","0.0","0.0","0.24","0.06","250.0","0.0","-1.0","-1.0","0.6","1.4","2324.0","0.04","0.0","83.0","-1.0","-1.0","-1.0","-1.0","-1.0","-1.0","0.0","0.0","333.0","1.27","0.42","334.0","0.01","0.01","1000.0","0.02","0.0","174.0","0.01","0.0","429.0","-1.0","-1.0","-1.0","-1.0","-1.0","-1.0","-1.0","-1.0","-1.0","-1.0","-1.0","-1.0","-1.0","-1.0","-1.0","-1.0","-1.0","-1.0","-1.0","-1.0","-1.0","-1.0","-1.0","-1.0","-1.0","-1.0","-1.0","-1.0","-1.0","-1.0"
"2015","2016","14","Chhattisgarh","Narayanpur","24.09","39.77","1651.0","0.01","0.01","1400.0","-1.0","-1.0","-1.0","-1.0","0.0","0.0","0.0","0.01","1750.0","-1.0","-1.0","-1.0","1.05","3.48","3312.0","0.37","0.07","190.0","-1.0","-1.0","-1.0","0.03","0.03","1115.0","0.06","0.04","597.0","3.07","1.08","353.0","-1.0","-1.0","-1.0","0.02","0.01","417.0","0.08","0.05","625.0","-1.0","-1.0","-1.0","-1.0","-1.0","-1.0","-1.0","-1.0","-1.0","-1.0","-1.0","-1.0","-1.0","-1.0","-1.0","-1.0","-1.0","-1.0","0.0","0.0","150.0","-1.0","-1.0","-1.0","0.02","0.32","0.34","0.0","-1.0","0.0"
"2015","2017","14","Chhattisgarh","Narayanpur","24.26","21.32","879.0","0.02","0.06","2333.0","-1.0","-1.0","-1.0","-1.0","0.0","0.0","0.0","0.0","1000.0","-1.0","-1.0","-1.0","1.18","3.35","2849.0","0.37","0.08","209.0","-1.0","-1.0","-1.0","0.08","0.06","738.0","0.05","0.02","415.0","3.08","1.24","404.0","-1.0","-1.0","-1.0","0.02","0.01","474.0","0.06","0.03","564.0","-1.0","-1.0","-1.0","-1.0","-1.0","-1.0","-1.0","-1.0","-1.0","-1.0","-1.0","-1.0","-1.0","-1.0","-1.0","-1.0","-1.0","-1.0","0.0","0.0","133.0","-1.0","-1.0","-1.0","-1.0","-1.0","-1.0","0.03","0.0","-1.0"
"2017","2016","17","Assam","Udalguri","90.39","172.03","1903.19","0.56","0.65","1153.02","-1.0","-1.0","-1.0","-1.0","0.0","0.0","-1.0","-1.0","-1.0","-1.0","-1.0","-1.0","0.59","1.31","2220.34","-1.0","-1.0","-1.0","-1.0","-1.0","-1.0","0.02","0.01","700.0","0.26","0.22","830.77","3.56","2.9","814.48","-1.0","-1.0","-1.0","0.27","0.17","640.74","6.5","4.73","728.2","-1.0","-1.0","-1.0","-1.0","-1.0","-1.0","0.45","0.28","611.11","-1.0","-1.0","-1.0","-1.0","-1.0","-1.0","-1.0","-1.0","-1.0","0.74","3.0","4028.19","-1.0","-1.0","-1.0","2.89","18.29","21.18","7.47","0.31","0.0"
"2017","2017","17","Assam","Udalguri","87.22","184.07","2110.44","0.56","0.55","980.43","-1.0","-1.0","-1.0","-1.0","0.0","0.0","-1.0","-1.0","-1.0","-1.0","-1.0","-1.0","0.46","1.03","2251.09","-1.0","-1.0","-1.0","-1.0","-1.0","-1.0","0.02","0.01","650.0","0.26","0.21","816.79","3.96","3.17","800.05","-1.0","-1.0","-1.0","0.21","0.13","637.68","6.66","4.55","683.83","-1.0","-1.0","-1.0","0.05","0.03","620.0","0.33","0.21","650.46","-1.0","-1.0","-1.0","-1.0","-1.0","-1.0","-1.0","-1.0","-1.0","0.75","2.98","3989.96","-1.0","-1.0","-1.0","3.18","20.33","23.51","7.4","0.29","0.0"
"2018","2016","17","Assam","Baksa","98.92","186.52","1885.43","0.28","0.49","1760.71","-1.0","-1.0","-1.0","-1.0","0.0","0.0","-1.0","-1.0","-1.0","-1.0","-1.0","-1.0","0.36","1.35","3747.22","-1.0","-1.0","-1.0","-1.0","-1.0","-1.0","0.3","0.19","622.52","0.21","0.23","1095.24","6.61","5.1","771.1","-1.0","-1.0","-1.0","0.29","0.21","727.59","10.57","6.02","569.55","-1.0","-1.0","-1.0","0.02","0.01","700.0","0.37","0.24","651.35","-1.0","-1.0","-1.0","-1.0","-1.0","-1.0","-1.0","-1.0","-1.0","0.34","1.0","2977.31","0.0","0.0","72.0","3.66","9.13","12.79","5.48","0.25","0.0"
"2018","2017","17","Assam","Baksa","99.17","221.97","2238.39","0.28","0.51","1814.29","-1.0","-1.0","-1.0","-1.0","0.0","0.0","-1.0","-1.0","-1.0","-1.0","-1.0","-1.0","0.41","1.28","3121.95","-1.0","-1.0","-1.0","-1.0","-1.0","-1.0","0.28","0.23","815.6","0.22","0.31","1418.18","7.62","6.33","831.19","-1.0","-1.0","-1.0","0.28","0.21","741.13","10.58","6.37","602.17","-1.0","-1.0","-1.0","0.02","0.01","647.06","0.36","0.27","755.62","-1.0","-1.0","-1.0","-1.0","-1.0","-1.0","-1.0","-1.0","-1.0","0.36","1.03","2889.64","0.0","0.0","72.0","3.39","8.54","11.94","4.92","0.24","0.0"
"2019","2016","17","Assam","Chirang","42.87","71.55","1668.94","0.48","0.65","1357.74","-1.0","-1.0","-1.0","-1.0","0.0","0.0","-1.0","-1.0","-1.0","-1.0","-1.0","-1.0","0.58","1.32","2256.41","-1.0","-1.0","-1.0","-1.0","-1.0","-1.0","0.13","0.06","469.23","0.23","0.21","909.09","4.11","2.73","663.67","-1.0","-1.0","-1.0","0.51","0.36","709.55","12.89","8.05","624.43","-1.0","-1.0","-1.0","0.01","0.01","615.38","0.23","0.15","666.67","-1.0","-1.0","-1.0","-1.0","-1.0","-1.0","-1.0","-1.0","-1.0","0.18","0.68","3846.63","0.0","0.0","79.0","3.48","10.36","13.84","3.28","0.24","0.0"
"2019","2017","17","Assam","Chirang","41.3","70.82","1714.65","0.5","0.68","1349.21","-1.0","-1.0","-1.0","-1.0","0.0","0.0","-1.0","-1.0","-1.0","-1.0","-1.0","-1.0","0.36","1.2","3305.79","-1.0","-1.0","-1.0","-1.0","-1.0","-1.0","0.13","0.09","738.1","0.18","0.15","819.67","3.8","2.1","553.21","-1.0","-1.0","-1.0","0.61","0.35","578.43","14.22","8.37","588.69","-1.0","-1.0","-1.0","0.0","0.0","666.67","0.17","0.12","668.6","-1.0","-1.0","-1.0","-1.0","-1.0","-1.0","-1.0","-1.0","-1.0","0.1","0.39","3739.81","0.0","0.0","72.0","7.82","3.92","11.74","3.33","0.29","0.0"
"2020","2016","11","Tamil Nadu","Thiruppur","1.7","6.42","3771.0","0.0","-1.0","-1.0","4.7","1.5","320.0","29.73","0.87","29.0","34.44","2.37","69.0","0.15","0.1","698.0","18.3","59.96","3277.0","-1.0","-1.0","-1.0","-1.0","-1.0","-1.0","2.41","1.67","693.0","0.09","0.06","660.0","11.91","1.77","149.0","5.42","4.73","873.0","0.02","0.01","353.0","-1.0","-1.0","-1.0","-1.0","-1.0","-1.0","0.03","0.01","290.0","-1.0","-1.0","-1.0","0.01","0.01","667.0","-1.0","-1.0","-1.0","-1.0","-1.0","-1.0","4.89","25.84","5287.0","1.0","0.0","255.0","4.55","5.95","10.5","0.0","1.74","6.0"
"2020","2017","11","Tamil Nadu","Thiruppur","7.62","42.75","5613.0","-1.0","-1.0","-1.0","16.89","6.62","392.0","22.65","3.9","172.0","39.53","10.52","266.0","0.39","0.86","2202.0","21.45","206.6","9631.0","-1.0","-1.0","-1.0","-1.0","-1.0","-1.0","2.31","2.14","926.0","0.11","0.12","1093.0","14.73","9.7","658.0","8.18","20.63","2523.0","1.02","0.63","623.0","-1.0","-1.0","-1.0","-1.0","-1.0","-1.0","0.04","0.01","293.0","-1.0","-1.0","-1.0","0.06","0.05","800.0","-1.0","-1.0","-1.0","-1.0","-1.0","-1.0","1.39","15.57","11200.0","1.0","0.0","0.0","-1.0","-1.0","-1.0","0.0","1.73","-1.0"
"2023","2016","15","Jharkhand","Khunti","55.41","110.01","1986.0","0.82","2.05","2519.0","-1.0","-1.0","-1.0","-1.0","0.0","0.0","-1.0","-1.0","-1.0","-1.0","-1.0","-1.0","0.76","1.07","1411.0","2.78","2.33","839.0","-1.0","-1.0","-1.0","0.94","1.15","1223.0","0.37","0.49","1311.0","1.67","1.24","746.0","-1.0","-1.0","-1.0","-1.0","-1.0","-1.0","0.63","0.58","915.0","-1.0","-1.0","-1.0","-1.0","-1.0","-1.0","-1.0","-1.0","-1.0","-1.0","-1.0","-1.0","-1.0","-1.0","-1.0","-1.0","-1.0","-1.0","-1.0","-1.0","-1.0","-1.0","-1.0","-1.0","0.08","7.28","7.36","1.78","0.15","0.0"
"2023","2017","15","Jharkhand","Khunti","76.0","111.46","1467.0","-1.0","-1.0","-1.0","0.02","0.02","1167.0","-1.0","0.0","0.0","0.02","0.02","1167.0","-1.0","-1.0","-1.0","3.73","8.93","2392.0","3.34","6.34","1900.0","-1.0","-1.0","-1.0","5.91","8.87","1500.0","7.12","7.16","1005.0","-1.0","-1.0","-1.0","1.03","0.97","940.0","0.07","0.02","301.0","12.96","7.78","600.0","0.37","0.18","500.0","-1.0","-1.0","-1.0","1.1","0.44","400.0","-1.0","-1.0","-1.0","0.04","0.03","914.0","-1.0","-1.0","-1.0","-1.0","-1.0","-1.0","-1.0","-1.0","-1.0","-1.0","-1.0","-1.0","-1.0","-1.0","-1.0"
"2024","2016","15","Jharkhand","Ramgadh","18.39","58.45","3178.0","0.35","0.63","1785.0","-1.0","-1.0","-1.0","-1.0","0.0","0.0","-1.0","-1.0","-1.0","-1.0","-1.0","-1.0","0.8","1.51","1899.0","-1.0","-1.0","-1.0","-1.0","-1.0","-1.0","0.06","0.05","860.0","0.02","0.03","1261.0","0.0","0.0","0.0","-1.0","-1.0","-1.0","-1.0","-1.0","-1.0","0.05","0.06","1356.0","-1.0","-1.0","-1.0","-1.0","-1.0","-1.0","-1.0","-1.0","-1.0","-1.0","-1.0","-1.0","-1.0","-1.0","-1.0","-1.0","-1.0","-1.0","-1.0","-1.0","-1.0","-1.0","-1.0","-1.0","0.0","1.69","1.69","0.96","-1.0","0.0"
"2024","2017","15","Jharkhand","Ramgadh","32.36","54.58","1687.0","-1.0","-1.0","-1.0","0.03","0.02","692.0","-1.0","0.0","0.0","0.03","0.02","692.0","-1.0","-1.0","-1.0","10.03","25.08","2500.0","0.62","0.43","690.0","-1.0","-1.0","-1.0","9.78","14.67","1500.0","6.02","7.22","1200.0","-1.0","-1.0","-1.0","0.88","1.09","1239.0","0.08","0.03","436.0","9.37","8.44","900.0","0.04","0.02","463.0","-1.0","-1.0","-1.0","1.33","0.94","710.0","-1.0","-1.0","-1.0","-1.0","-1.0","-1.0","-1.0","-1.0","-1.0","-1.0","-1.0","-1.0","-1.0","-1.0","-1.0","-1.0","-1.0","-1.0","-1.0","-1.0","-1.0"
"2025","2016","5","Karnataka","Yadagiri","90.01","297.31","3303.0","0.18","0.19","1045.0","0.37","0.36","986.0","35.77","43.9","1227.0","36.13","44.26","1225.0","17.86","14.19","795.0","0.36","0.73","2008.0","-1.0","-1.0","-1.0","-1.0","-1.0","-1.0","15.21","13.08","860.0","91.97","76.89","836.0","43.1","10.72","249.0","53.29","47.83","898.0","0.28","0.06","213.0","-1.0","-1.0","-1.0","0.08","0.05","614.0","0.02","0.01","478.0","0.0","-1.0","-1.0","5.84","2.04","349.0","-1.0","-1.0","-1.0","-1.0","-1.0","-1.0","0.95","6.55","6935.0","43.0","19.0","434.0","1.3","0.74","2.04","-1.0","0.22","0.0"
"2025","2017","5","Karnataka","Yadagiri","105.44","339.76","3222.0","0.1","0.08","800.0","0.15","0.35","2325.0","44.67","69.66","1559.0","44.82","70.01","1562.0","13.68","22.56","1650.0","0.06","0.25","4117.0","-1.0","-1.0","-1.0","-1.0","-1.0","-1.0","20.35","15.14","744.0","58.04","59.21","1020.0","29.48","15.87","538.0","49.17","52.93","1077.0","0.02","0.04","2688.0","-1.0","-1.0","-1.0","0.07","0.05","691.0","0.02","0.01","667.0","-1.0","-1.0","-1.0","0.35","0.38","1083.0","-1.0","-1.0","-1.0","-1.0","-1.0","-1.0","1.22","11.44","9405.0","61.0","72.0","1.0","1.49","0.92","2.41","-1.0","0.14","0.0"
"2026","2016","12","Uttar Pradesh","Amethi C.S.M.Nagar","116.46","271.11","2328.0","126.98","388.7","3061.0","3.77","4.64","1230.0","-1.0","0.0","0.0","3.77","4.64","1230.0","0.42","0.34","801.0","0.56","0.47","846.0","-1.0","-1.0","-1.0","1.4","3.88","2771.0","2.89","5.18","1792.0","3.95","3.31","838.0","15.87","9.72","613.0","0.01","0.01","1000.0","0.61","0.13","213.0","3.77","2.7","716.0","-1.0","-1.0","-1.0","-1.0","-1.0","-1.0","0.07","0.04","543.0","0.21","0.24","1176.0","-1.0","-1.0","-1.0","-1.0","-1.0","-1.0","1.74","11.97","6863.0","-1.0","-1.0","-1.0","4.13","6.2","10.33","4.31","0.54","5.0"
"2026","2017","12","Uttar Pradesh","Amethi C.S.M.Nagar","113.98","277.08","2431.0","128.8","499.23","3876.0","3.79","2.75","724.0","-1.0","0.0","0.0","3.79","2.75","724.0","0.46","0.9","1974.0","1.05","1.82","1732.0","-1.0","-1.0","-1.0","1.46","4.14","2846.0","2.41","1.82","754.0","3.98","3.02","759.0","17.59","14.34","815.0","0.01","0.01","1000.0","0.71","0.21","295.0","2.72","2.23","819.0","-1.0","-1.0","-1.0","-1.0","-1.0","-1.0","0.07","0.05","608.0","0.15","0.22","1443.0","-1.0","-1.0","-1.0","-1.0","-1.0","-1.0","1.67","12.37","7426.0","-1.0","-1.0","-1.0","-1.0","-1.0","-1.0","4.33","0.59","-1.0"
"2027","2016","7","Maharashtra","Mumbai City","-1.0","-1.0","-1.0","-1.0","-1.0","-1.0","-1.0","-1.0","-1.0","-1.0","-1.0","-1.0","-1.0","-1.0","-1.0","-1.0","-1.0","-1.0","-1.0","-1.0","-1.0","-1.0","-1.0","-1.0","-1.0","-1.0","-1.0","-1.0","-1.0","-1.0","-1.0","-1.0","-1.0","-1.0","-1.0","-1.0","-1.0","-1.0","-1.0","-1.0","-1.0","-1.0","-1.0","-1.0","-1.0","-1.0","-1.0","-1.0","-1.0","-1.0","-1.0","-1.0","-1.0","-1.0","-1.0","-1.0","-1.0","-1.0","-1.0","-1.0","-1.0","-1.0","-1.0","-1.0","-1.0","-1.0","-1.0","-1.0","-1.0","-1.0","-1.0","-1.0","-1.0","-1.0","-1.0"
"2027","2017","7","Maharashtra","Mumbai City","-1.0","-1.0","-1.0","-1.0","-1.0","-1.0","-1.0","-1.0","-1.0","-1.0","-1.0","-1.0","-1.0","-1.0","-1.0","-1.0","-1.0","-1.0","-1.0","-1.0","-1.0","-1.0","-1.0","-1.0","-1.0","-1.0","-1.0","-1.0","-1.0","-1.0","-1.0","-1.0","-1.0","-1.0","-1.0","-1.0","-1.0","-1.0","-1.0","-1.0","-1.0","-1.0","-1.0","-1.0","-1.0","-1.0","-1.0","-1.0","-1.0","-1.0","-1.0","-1.0","-1.0","-1.0","-1.0","-1.0","-1.0","-1.0","-1.0","-1.0","-1.0","-1.0","-1.0","-1.0","-1.0","-1.0","-1.0","-1.0","-1.0","-1.0","-1.0","-1.0","-1.0","-1.0","-1.0"
"2028","2016","17","Assam","Kamrup(Metro)","24.32","63.25","2600.78","0.0","0.0","1250.0","-1.0","-1.0","-1.0","-1.0","0.0","0.0","-1.0","-1.0","-1.0","-1.0","-1.0","-1.0","0.07","0.21","3227.27","-1.0","-1.0","-1.0","-1.0","-1.0","-1.0","0.0","0.0","333.33","0.02","0.02","909.09","0.46","0.31","666.67","-1.0","-1.0","-1.0","0.09","0.06","606.38","1.75","0.94","539.78","-1.0","-1.0","-1.0","-1.0","-1.0","-1.0","0.0","0.0","500.0","-1.0","-1.0","-1.0","-1.0","-1.0","-1.0","-1.0","-1.0","-1.0","0.12","0.46","3846.22","0.0","0.0","90.0","3.48","6.42","9.9","0.59","0.07","0.0"
"2028","2017","17","Assam","Kamrup(Metro)","20.49","55.83","2725.23","0.0","0.01","1400.0","-1.0","-1.0","-1.0","-1.0","0.0","0.0","-1.0","-1.0","-1.0","-1.0","-1.0","-1.0","0.07","0.25","3577.46","-1.0","-1.0","-1.0","-1.0","-1.0","-1.0","0.02","0.01","333.33","0.03","0.03","931.03","0.56","0.39","686.83","-1.0","-1.0","-1.0","0.08","0.05","604.94","1.37","0.87","638.89","-1.0","-1.0","-1.0","-1.0","-1.0","-1.0","0.0","0.0","500.0","-1.0","-1.0","-1.0","-1.0","-1.0","-1.0","-1.0","-1.0","-1.0","0.1","0.38","3740.59","-1.0","-1.0","-1.0","3.33","6.62","9.95","0.57","0.06","0.0"
"2030","2016","9","Punjab","Pathankot","28.0","77.0","2750.0","41.0","168.0","4098.0","-1.0","-1.0","-1.0","-1.0","0.0","0.0","-1.0","-1.0","-1.0","-1.0","-1.0","-1.0","8.0","22.0","2750.0","-1.0","-1.0","-1.0","-1.0","-1.0","-1.0","0.1","0.1","1000.0","-1.0","-1.0","-1.0","1.2","0.5","417.0","-1.0","-1.0","-1.0","0.4","0.1","250.0","1.0","1.4","1400.0","-1.0","-1.0","-1.0","-1.0","-1.0","-1.0","-1.0","-1.0","-1.0","-1.0","-1.0","-1.0","-1.0","-1.0","-1.0","-1.0","-1.0","-1.0","4.0","30.7","7675.0","-1.0","-1.0","-1.0","1.48","0.29","1.77","-1.0","-1.0","6.0"
"2030","2017","9","Punjab","Pathankot","28.0","86.0","3071.0","41.0","165.0","4024.0","-1.0","-1.0","-1.0","-1.0","0.0","0.0","-1.0","-1.0","-1.0","-1.0","-1.0","-1.0","8.0","19.0","2375.0","-1.0","-1.0","-1.0","-1.0","-1.0","-1.0","0.1","0.1","1000.0","-1.0","-1.0","-1.0","0.5","0.5","1000.0","-1.0","-1.0","-1.0","0.4","0.2","500.0","0.9","1.0","1111.0","-1.0","-1.0","-1.0","-1.0","-1.0","-1.0","-1.0","-1.0","-1.0","-1.0","-1.0","-1.0","-1.0","-1.0","-1.0","-1.0","-1.0","-1.0","4.0","29.2","7300.0","-1.0","-1.0","-1.0","1.43","0.23","1.66","-1.0","-1.0","6.0"
"2031","2016","12","Uttar Pradesh","Sambhal","37.13","83.28","2243.0","136.44","476.57","3493.0","0.17","0.17","994.0","-1.0","0.0","0.0","0.17","0.17","994.0","66.84","102.19","1529.0","5.77","12.68","2197.0","-1.0","-1.0","-1.0","0.82","2.3","2795.0","-1.0","-1.0","-1.0","0.33","0.35","1083.0","15.95","15.12","948.0","0.0","0.0","1000.0","0.75","0.16","213.0","11.84","16.29","1376.0","-1.0","-1.0","-1.0","-1.0","-1.0","-1.0","-1.0","-1.0","-1.0","0.01","0.02","1385.0","-1.0","-1.0","-1.0","-1.0","-1.0","-1.0","28.16","200.87","7134.0","-1.0","-1.0","-1.0","1.72","19.41","21.13","11.71","0.38","9.0"
"2031","2017","12","Uttar Pradesh","Sambhal","37.7","97.46","2585.0","140.57","502.1","3572.0","0.09","0.09","1011.0","-1.0","0.0","0.0","0.09","0.09","1011.0","72.91","101.57","1393.0","5.54","12.7","2291.0","-1.0","-1.0","-1.0","0.48","1.37","2846.0","-1.0","-1.0","-1.0","0.54","0.4","740.0","12.26","10.33","842.0","0.01","0.01","1000.0","0.85","0.25","295.0","10.91","16.44","1506.0","-1.0","-1.0","-1.0","-1.0","-1.0","-1.0","0.0","0.0","1000.0","-1.0","-1.0","-1.0","-1.0","-1.0","-1.0","-1.0","-1.0","-1.0","32.2","252.38","7838.0","-1.0","-1.0","-1.0","-1.0","-1.0","-1.0","9.52","0.34","-1.0"
"2032","2016","12","Uttar Pradesh","Shamli","20.6","58.06","2819.0","49.14","208.61","4245.0","-1.0","-1.0","-1.0","-1.0","0.0","0.0","-1.0","-1.0","-1.0","-1.0","-1.0","-1.0","0.09","0.14","1580.0","-1.0","-1.0","-1.0","0.11","0.29","2790.0","0.01","0.01","1167.0","-1.0","-1.0","-1.0","1.3","0.92","709.0","-1.0","-1.0","-1.0","0.02","0.01","217.0","0.95","0.94","986.0","-1.0","-1.0","-1.0","-1.0","-1.0","-1.0","-1.0","-1.0","-1.0","-1.0","-1.0","-1.0","-1.0","-1.0","-1.0","-1.0","-1.0","-1.0","63.44","535.05","8434.0","-1.0","-1.0","-1.0","4.1","1.98","6.08","0.54","0.06","19.0"
"2032","2017","12","Uttar Pradesh","Shamli","20.16","60.47","2999.0","49.63","228.01","4594.0","-1.0","-1.0","-1.0","-1.0","0.0","0.0","-1.0","-1.0","-1.0","-1.0","-1.0","-1.0","0.08","0.14","1651.0","-1.0","-1.0","-1.0","0.06","0.17","2847.0","0.12","0.13","1049.0","-1.0","-1.0","-1.0","0.97","0.71","732.0","-1.0","-1.0","-1.0","0.02","0.01","304.0","1.3","2.1","1615.0","-1.0","-1.0","-1.0","-1.0","-1.0","-1.0","-1.0","-1.0","-1.0","-1.0","-1.0","-1.0","-1.0","-1.0","-1.0","-1.0","-1.0","-1.0","65.75","610.96","9292.0","-1.0","-1.0","-1.0","-1.0","-1.0","-1.0","0.39","0.04","-1.0"
"2033","2016","12","Uttar Pradesh","Hapur","20.73","53.92","2601.0","42.28","187.0","4423.0","-1.0","-1.0","-1.0","-1.0","0.0","0.0","-1.0","-1.0","-1.0","0.0","0.0","1000.0","0.97","2.2","2254.0","-1.0","-1.0","-1.0","0.64","2.21","3479.0","-1.0","-1.0","-1.0","1.19","1.45","1220.0","1.84","1.22","664.0","-1.0","-1.0","-1.0","-1.0","-1.0","-1.0","2.4","2.9","1207.0","-1.0","-1.0","-1.0","-1.0","-1.0","-1.0","-1.0","-1.0","-1.0","-1.0","-1.0","-1.0","-1.0","-1.0","-1.0","-1.0","-1.0","-1.0","36.37","285.7","7856.0","-1.0","-1.0","-1.0","3.59","11.23","14.82","3.42","0.0","22.0"
"2033","2017","12","Uttar Pradesh","Hapur","20.3","57.78","2846.0","42.67","177.25","4154.0","-1.0","-1.0","-1.0","-1.0","0.0","0.0","-1.0","-1.0","-1.0","-1.0","-1.0","-1.0","0.86","2.22","2573.0","-1.0","-1.0","-1.0","0.36","1.43","3961.0","0.0","0.0","1000.0","0.85","1.4","1660.0","1.12","0.99","878.0","-1.0","-1.0","-1.0","-1.0","-1.0","-1.0","2.32","2.72","1172.0","-1.0","-1.0","-1.0","-1.0","-1.0","-1.0","-1.0","-1.0","-1.0","-1.0","-1.0","-1.0","-1.0","-1.0","-1.0","-1.0","-1.0","-1.0","39.77","331.37","8331.0","-1.0","-1.0","-1.0","-1.0","-1.0","-1.0","3.7","0.01","-1.0"
"2034","2016","14","Chhattisgarh","Balod","191.04","448.46","2347.0","2.43","2.52","1038.0","-1.0","-1.0","-1.0","-1.0","0.0","0.0","0.01","0.01","778.0","-1.0","-1.0","-1.0","0.17","0.34","1983.0","0.01","0.0","167.0","-1.0","-1.0","-1.0","6.91","9.16","1327.0","0.46","0.27","582.0","25.1","36.55","1456.0","0.0","0.0","1000.0","0.2","0.08","393.0","0.58","0.26","450.0","0.02","0.01","318.0","-1.0","-1.0","-1.0","-1.0","-1.0","-1.0","-1.0","-1.0","-1.0","-1.0","-1.0","-1.0","-1.0","-1.0","-1.0","1.0","0.07","71.0","-1.0","-1.0","-1.0","0.07","3.34","3.41","-1.0","0.0","0.0"
"2034","2017","14","Chhattisgarh","Balod","174.96","241.67","1381.0","3.64","4.06","1114.0","-1.0","-1.0","-1.0","-1.0","0.0","0.0","-1.0","-1.0","-1.0","-1.0","-1.0","-1.0","0.31","0.46","1471.0","0.01","0.0","286.0","-1.0","-1.0","-1.0","16.28","21.62","1328.0","0.46","0.17","361.0","40.45","16.82","416.0","-1.0","-1.0","-1.0","0.14","0.04","300.0","0.83","0.38","452.0","0.04","0.0","108.0","-1.0","-1.0","-1.0","1.19","0.3","248.0","0.0","-1.0","-1.0","-1.0","-1.0","-1.0","-1.0","-1.0","-1.0","1.4","0.18","130.0","-1.0","-1.0","-1.0","-1.0","-1.0","-1.0","-1.0","-1.0","-1.0"
"2035","2016","14","Chhattisgarh","Baloda Bazar","225.53","412.52","1829.0","3.8","8.37","2203.0","-1.0","-1.0","-1.0","-1.0","0.0","0.0","0.0","0.0","500.0","-1.0","-1.0","-1.0","0.08","0.15","1960.0","-1.0","-1.0","-1.0","-1.0","-1.0","-1.0","2.04","2.92","1428.0","0.95","0.32","330.0","14.63","26.65","1822.0","0.19","0.37","1938.0","0.69","0.26","377.0","0.29","0.12","421.0","0.05","0.02","321.0","-1.0","-1.0","-1.0","-1.0","-1.0","-1.0","0.04","-1.0","-1.0","0.26","0.26","1000.0","-1.0","-1.0","-1.0","0.04","0.01","270.0","0.0","0.0","420.0","0.51","5.92","6.42","0.02","0.19","0.0"
"2035","2017","14","Chhattisgarh","Baloda Bazar","225.58","279.97","1241.0","3.79","5.94","1565.0","-1.0","-1.0","-1.0","-1.0","0.0","0.0","-1.0","-1.0","-1.0","-1.0","-1.0","-1.0","0.09","0.15","1693.0","-1.0","-1.0","-1.0","-1.0","-1.0","-1.0","1.27","1.2","946.0","0.78","0.18","231.0","14.84","5.67","382.0","0.53","0.58","1112.0","0.66","0.16","241.0","0.27","0.1","361.0","0.01","0.0","182.0","0.0","0.0","333.0","0.07","-1.0","-1.0","0.04","-1.0","-1.0","0.0","0.0","500.0","-1.0","-1.0","-1.0","0.03","0.0","62.0","-1.0","-1.0","-1.0","-1.0","-1.0","-1.0","0.33","0.25","-1.0"
"2036","2016","14","Chhattisgarh","Balrampur","82.6","151.62","1836.0","8.93","16.17","1811.0","-1.0","-1.0","-1.0","-1.0","0.0","0.0","0.59","0.78","1321.0","-1.0","-1.0","-1.0","21.58","62.67","2905.0","0.08","0.02","227.0","1.11","1.0","905.0","1.02","1.08","1058.0","8.48","5.95","702.0","9.02","3.98","441.0","1.44","2.26","1568.0","3.16","1.18","374.0","8.6","3.11","362.0","-1.0","-1.0","-1.0","-1.0","-1.0","-1.0","-1.0","-1.0","-1.0","0.0","0.0","500.0","0.1","0.05","500.0","-1.0","-1.0","-1.0","0.32","0.03","91.0","-1.0","-1.0","-1.0","0.27","4.5","4.77","1.54","0.51","0.0"
"2036","2017","14","Chhattisgarh","Balrampur","83.7","127.53","1524.0","9.02","16.68","1849.0","-1.0","-1.0","-1.0","-1.0","0.0","0.0","0.5","0.63","1267.0","-1.0","-1.0","-1.0","21.59","61.55","2851.0","0.31","0.06","196.0","1.14","1.2","1055.0","0.98","0.97","991.0","7.92","3.26","411.0","8.98","3.46","385.0","1.42","0.26","184.0","3.01","0.86","287.0","8.03","3.74","466.0","-1.0","-1.0","-1.0","-1.0","-1.0","-1.0","4.01","1.1","275.0","0.0","-1.0","-1.0","0.03","0.01","308.0","-1.0","-1.0","-1.0","0.46","0.06","120.0","-1.0","-1.0","-1.0","-1.0","-1.0","-1.0","1.67","0.53","-1.0"
"2037","2016","14","Chhattisgarh","Bemetra","168.62","310.32","1840.0","14.66","17.94","1223.0","-1.0","-1.0","-1.0","-1.0","0.0","0.0","-1.0","-1.0","-1.0","-1.0","-1.0","-1.0","0.03","0.06","2000.0","-1.0","-1.0","-1.0","-1.0","-1.0","-1.0","81.6","104.77","1284.0","3.82","2.4","629.0","16.71","6.51","390.0","0.13","0.22","1744.0","0.03","0.01","367.0","0.09","0.04","449.0","0.04","0.01","351.0","-1.0","-1.0","-1.0","-1.0","-1.0","-1.0","-1.0","-1.0","-1.0","29.93","18.48","617.0","-1.0","-1.0","-1.0","2.29","0.45","197.0","0.0","0.0","242.0","0.92","9.75","10.67","0.0","0.09","0.0"
"2037","2017","14","Chhattisgarh","Bemetra","169.28","178.63","1055.0","15.28","16.68","1092.0","-1.0","-1.0","-1.0","-1.0","0.0","0.0","0.0","0.0","1333.0","-1.0","-1.0","-1.0","0.02","0.02","792.0","-1.0","-1.0","-1.0","-1.0","-1.0","-1.0","96.22","106.46","1106.0","4.18","1.75","419.0","17.32","5.73","331.0","0.08","0.1","1250.0","0.03","0.01","313.0","0.04","0.02","477.0","0.06","0.02","339.0","-1.0","-1.0","-1.0","0.02","0.01","208.0","-1.0","-1.0","-1.0","29.39","6.39","218.0","-1.0","-1.0","-1.0","2.18","1.59","729.0","0.0","0.0","267.0","-1.0","-1.0","-1.0","-1.0","0.1","-1.0"
"2038","2016","14","Chhattisgarh","Gariaband","138.45","329.94","2383.0","0.19","0.36","1919.0","-1.0","-1.0","-1.0","-1.0","0.0","0.0","0.0","0.0","1000.0","-1.0","-1.0","-1.0","3.79","8.25","2178.0","0.03","0.01","147.0","-1.0","-1.0","-1.0","0.29","0.37","1304.0","0.94","0.47","502.0","5.73","4.07","711.0","0.56","0.85","1517.0","0.18","0.06","337.0","0.05","0.02","429.0","-1.0","-1.0","-1.0","-1.0","-1.0","-1.0","-1.0","-1.0","-1.0","0.0","-1.0","-1.0","-1.0","-1.0","-1.0","-1.0","-1.0","-1.0","0.07","0.02","254.0","-1.0","-1.0","-1.0","0.17","1.52","1.7","0.01","0.12","0.0"
"2038","2017","14","Chhattisgarh","Gariaband","145.0","193.06","1331.0","0.33","0.57","1708.0","-1.0","-1.0","-1.0","-1.0","0.0","0.0","0.01","0.01","1000.0","-1.0","-1.0","-1.0","3.75","6.69","1782.0","0.01","0.0","167.0","-1.0","-1.0","-1.0","0.62","0.56","901.0","0.41","0.09","226.0","5.26","1.86","353.0","0.42","0.41","976.0","0.14","0.03","239.0","0.04","0.01","350.0","-1.0","-1.0","-1.0","-1.0","-1.0","-1.0","0.1","0.02","231.0","-1.0","-1.0","-1.0","-1.0","-1.0","-1.0","-1.0","-1.0","-1.0","0.03","-1.0","-1.0","-1.0","-1.0","-1.0","-1.0","-1.0","-1.0","0.01","0.08","-1.0"
"2039","2016","14","Chhattisgarh","Kondagaon","104.77","183.99","1756.0","0.11","0.23","2112.0","-1.0","-1.0","-1.0","-1.0","0.0","0.0","0.08","0.12","1476.0","-1.0","-1.0","-1.0","15.07","44.51","2953.0","2.39","0.81","340.0","-1.0","-1.0","-1.0","0.32","0.41","1276.0","0.14","0.08","604.0","12.32","6.61","536.0","0.05","0.1","2065.0","0.2","0.12","603.0","0.11","0.06","549.0","-1.0","-1.0","-1.0","0.0","-1.0","-1.0","-1.0","-1.0","-1.0","0.01","0.0","83.0","-1.0","-1.0","-1.0","-1.0","-1.0","-1.0","0.02","0.0","125.0","-1.0","-1.0","-1.0","0.31","4.1","4.41","0.15","0.05","0.0"
"2039","2017","14","Chhattisgarh","Kondagaon","105.48","119.67","1135.0","0.25","0.48","1916.0","-1.0","-1.0","-1.0","-1.0","0.0","0.0","0.08","0.11","1377.0","-1.0","-1.0","-1.0","15.48","45.21","2921.0","2.4","0.78","323.0","-1.0","-1.0","-1.0","0.29","0.3","1042.0","0.15","0.06","411.0","12.66","5.16","408.0","0.04","0.06","1476.0","0.21","0.08","371.0","0.07","0.04","556.0","-1.0","-1.0","-1.0","-1.0","-1.0","-1.0","0.08","0.02","300.0","0.04","0.0","81.0","-1.0","-1.0","-1.0","-1.0","-1.0","-1.0","0.02","0.0","167.0","-1.0","-1.0","-1.0","-1.0","-1.0","-1.0","0.12","0.0","-1.0"
"2040","2016","14","Chhattisgarh","Mungli","114.17","290.23","2542.0","5.4","8.47","1570.0","-1.0","-1.0","-1.0","-1.0","0.0","0.0","0.0","0.0","1000.0","-1.0","-1.0","-1.0","0.2","0.21","1066.0","-1.0","-1.0","-1.0","-1.0","-1.0","-1.0","14.97","20.65","1379.0","2.18","1.49","682.0","89.85","63.87","711.0","0.75","1.37","1828.0","0.05","0.02","415.0","0.06","0.03","460.0","0.02","0.01","412.0","0.01","0.0","200.0","-1.0","-1.0","-1.0","-1.0","-1.0","-1.0","5.56","6.9","1240.0","-1.0","-1.0","-1.0","0.42","0.05","122.0","-1.0","-1.0","-1.0","0.41","2.41","2.82","0.14","0.21","0.0"
"2040","2017","14","Chhattisgarh","Mungli","115.84","192.24","1660.0","5.61","7.41","1321.0","-1.0","-1.0","-1.0","-1.0","0.0","0.0","0.0","0.0","1000.0","-1.0","-1.0","-1.0","0.09","0.18","2023.0","-1.0","-1.0","-1.0","-1.0","-1.0","-1.0","15.7","13.77","877.0","1.63","0.59","363.0","64.52","54.78","849.0","0.46","0.69","1500.0","0.02","0.01","261.0","0.01","0.0","200.0","0.09","0.03","297.0","-1.0","-1.0","-1.0","0.14","0.03","222.0","-1.0","-1.0","-1.0","5.84","2.55","437.0","-1.0","-1.0","-1.0","1.04","0.09","87.0","-1.0","-1.0","-1.0","-1.0","-1.0","-1.0","0.07","0.14","-1.0"
"2041","2016","14","Chhattisgarh","Sukma","81.53","143.03","1754.0","0.0","0.0","1500.0","-1.0","-1.0","-1.0","-1.0","0.0","0.0","0.94","1.16","1232.0","-1.0","-1.0","-1.0","2.89","8.17","2832.0","0.33","0.07","205.0","-1.0","-1.0","-1.0","-1.0","-1.0","-1.0","0.44","0.25","566.0","2.67","1.0","376.0","0.0","0.0","2000.0","1.8","0.68","376.0","0.27","0.08","288.0","-1.0","-1.0","-1.0","-1.0","-1.0","-1.0","-1.0","-1.0","-1.0","-1.0","-1.0","-1.0","-1.0","-1.0","-1.0","-1.0","-1.0","-1.0","0.0","0.0","333.0","-1.0","-1.0","-1.0","0.25","1.62","1.87","-1.0","-1.0","0.0"
"2041","2017","14","Chhattisgarh","Sukma","84.36","121.65","1442.0","0.0","0.0","1000.0","-1.0","-1.0","-1.0","-1.0","0.0","0.0","0.87","1.13","1297.0","-1.0","-1.0","-1.0","2.73","8.06","2949.0","0.33","0.03","79.0","-1.0","-1.0","-1.0","-1.0","-1.0","-1.0","0.42","0.18","427.0","2.99","1.03","345.0","0.0","0.0","1000.0","2.06","0.5","245.0","0.19","0.08","422.0","-1.0","-1.0","-1.0","-1.0","-1.0","-1.0","-1.0","-1.0","-1.0","-1.0","-1.0","-1.0","-1.0","-1.0","-1.0","-1.0","-1.0","-1.0","-1.0","-1.0","-1.0","-1.0","-1.0","-1.0","-1.0","-1.0","-1.0","0.0","-1.0","-1.0"
"2042","2016","14","Chhattisgarh","Surajpur","108.0","185.99","1722.0","5.85","9.15","1563.0","-1.0","-1.0","-1.0","-1.0","0.0","0.0","0.35","0.39","1100.0","-1.0","-1.0","-1.0","10.7","20.26","1894.0","0.04","0.01","293.0","0.56","0.54","961.0","0.91","0.94","1039.0","4.08","2.17","532.0","10.66","4.04","379.0","3.5","4.93","1406.0","1.53","0.48","313.0","4.52","1.92","425.0","-1.0","-1.0","-1.0","-1.0","-1.0","-1.0","-1.0","-1.0","-1.0","0.01","0.0","200.0","0.01","0.01","727.0","-1.0","-1.0","-1.0","2.24","0.36","160.0","-1.0","-1.0","-1.0","0.46","9.86","10.32","3.1","0.8","0.0"
"2042","2017","14","Chhattisgarh","Surajpur","108.91","151.4","1390.0","5.32","7.97","1497.0","-1.0","-1.0","-1.0","-1.0","0.0","0.0","0.34","0.44","1286.0","-1.0","-1.0","-1.0","10.23","24.2","2366.0","0.21","0.06","269.0","0.38","0.43","1124.0","0.77","0.69","896.0","3.95","1.93","489.0","10.12","4.25","420.0","3.2","4.09","1278.0","1.5","0.43","289.0","3.95","1.96","496.0","-1.0","-1.0","-1.0","-1.0","-1.0","-1.0","1.8","0.58","324.0","0.0","0.0","500.0","0.01","0.0","286.0","-1.0","-1.0","-1.0","3.57","1.2","337.0","-1.0","-1.0","-1.0","-1.0","-1.0","-1.0","2.37","0.66","-1.0"
"2043","2016","9","Punjab","Fazilka","111.0","391.0","3523.0","207.0","1023.0","4942.0","-1.0","-1.0","-1.0","-1.0","0.0","0.0","-1.0","-1.0","-1.0","-1.0","-1.0","-1.0","2.0","8.0","4000.0","-1.0","-1.0","-1.0","1.5","5.6","3733.0","0.9","1.2","1333.0","2.4","2.1","875.0","1.6","1.4","875.0","0.2","0.4","2000.0","0.1","-1.0","-1.0","5.7","8.4","1474.0","-1.0","-1.0","-1.0","-1.0","-1.0","-1.0","-1.0","-1.0","-1.0","-1.0","-1.0","-1.0","-1.0","-1.0","-1.0","-1.0","-1.0","-1.0","2.0","18.0","9000.0","80.0","61.0","758.0","24.32","2.92","27.23","-1.0","-1.0","21.0"
"2043","2017","9","Punjab","Fazilka","109.0","355.0","3257.0","210.0","1007.0","4795.0","-1.0","-1.0","-1.0","-1.0","0.0","0.0","-1.0","-1.0","-1.0","0.2","0.1","500.0","1.0","4.0","4000.0","-1.0","-1.0","-1.0","1.3","4.7","3615.0","1.1","1.2","1091.0","0.2","0.3","1500.0","1.9","1.8","947.0","-1.0","-1.0","-1.0","-1.0","-1.0","-1.0","5.5","9.5","1727.0","-1.0","-1.0","-1.0","-1.0","-1.0","-1.0","-1.0","-1.0","-1.0","-1.0","-1.0","-1.0","-1.0","-1.0","-1.0","-1.0","-1.0","-1.0","2.0","14.7","7350.0","84.0","64.0","756.0","22.22","1.84","24.06","-1.0","-1.0","25.0"
"2044","2016","17","Assam","Biswanath","-1.0","-1.0","-1.0","-1.0","-1.0","-1.0","-1.0","-1.0","-1.0","-1.0","-1.0","-1.0","-1.0","-1.0","-1.0","-1.0","-1.0","-1.0","-1.0","-1.0","-1.0","-1.0","-1.0","-1.0","-1.0","-1.0","-1.0","-1.0","-1.0","-1.0","-1.0","-1.0","-1.0","-1.0","-1.0","-1.0","-1.0","-1.0","-1.0","-1.0","-1.0","-1.0","-1.0","-1.0","-1.0","-1.0","-1.0","-1.0","-1.0","-1.0","-1.0","-1.0","-1.0","-1.0","-1.0","-1.0","-1.0","-1.0","-1.0","-1.0","-1.0","-1.0","-1.0","-1.0","-1.0","-1.0","-1.0","-1.0","-1.0","-1.0","-1.0","-1.0","-1.0","-1.0","-1.0"
"2044","2017","17","Assam","Biswanath","-1.0","-1.0","-1.0","-1.0","-1.0","-1.0","-1.0","-1.0","-1.0","-1.0","-1.0","-1.0","-1.0","-1.0","-1.0","-1.0","-1.0","-1.0","-1.0","-1.0","-1.0","-1.0","-1.0","-1.0","-1.0","-1.0","-1.0","-1.0","-1.0","-1.0","-1.0","-1.0","-1.0","-1.0","-1.0","-1.0","-1.0","-1.0","-1.0","-1.0","-1.0","-1.0","-1.0","-1.0","-1.0","-1.0","-1.0","-1.0","-1.0","-1.0","-1.0","-1.0","-1.0","-1.0","-1.0","-1.0","-1.0","-1.0","-1.0","-1.0","-1.0","-1.0","-1.0","-1.0","-1.0","-1.0","-1.0","-1.0","-1.0","-1.0","-1.0","-1.0","-1.0","-1.0","-1.0"
"2045","2016","17","Assam","Charaideo","-1.0","-1.0","-1.0","-1.0","-1.0","-1.0","-1.0","-1.0","-1.0","-1.0","-1.0","-1.0","-1.0","-1.0","-1.0","-1.0","-1.0","-1.0","-1.0","-1.0","-1.0","-1.0","-1.0","-1.0","-1.0","-1.0","-1.0","-1.0","-1.0","-1.0","-1.0","-1.0","-1.0","-1.0","-1.0","-1.0","-1.0","-1.0","-1.0","-1.0","-1.0","-1.0","-1.0","-1.0","-1.0","-1.0","-1.0","-1.0","-1.0","-1.0","-1.0","-1.0","-1.0","-1.0","-1.0","-1.0","-1.0","-1.0","-1.0","-1.0","-1.0","-1.0","-1.0","-1.0","-1.0","-1.0","-1.0","-1.0","-1.0","-1.0","-1.0","-1.0","-1.0","-1.0","-1.0"
"2045","2017","17","Assam","Charaideo","-1.0","-1.0","-1.0","-1.0","-1.0","-1.0","-1.0","-1.0","-1.0","-1.0","-1.0","-1.0","-1.0","-1.0","-1.0","-1.0","-1.0","-1.0","-1.0","-1.0","-1.0","-1.0","-1.0","-1.0","-1.0","-1.0","-1.0","-1.0","-1.0","-1.0","-1.0","-1.0","-1.0","-1.0","-1.0","-1.0","-1.0","-1.0","-1.0","-1.0","-1.0","-1.0","-1.0","-1.0","-1.0","-1.0","-1.0","-1.0","-1.0","-1.0","-1.0","-1.0","-1.0","-1.0","-1.0","-1.0","-1.0","-1.0","-1.0","-1.0","-1.0","-1.0","-1.0","-1.0","-1.0","-1.0","-1.0","-1.0","-1.0","-1.0","-1.0","-1.0","-1.0","-1.0","-1.0"
"2046","2016","17","Assam","Hojai","-1.0","-1.0","-1.0","-1.0","-1.0","-1.0","-1.0","-1.0","-1.0","-1.0","-1.0","-1.0","-1.0","-1.0","-1.0","-1.0","-1.0","-1.0","-1.0","-1.0","-1.0","-1.0","-1.0","-1.0","-1.0","-1.0","-1.0","-1.0","-1.0","-1.0","-1.0","-1.0","-1.0","-1.0","-1.0","-1.0","-1.0","-1.0","-1.0","-1.0","-1.0","-1.0","-1.0","-1.0","-1.0","-1.0","-1.0","-1.0","-1.0","-1.0","-1.0","-1.0","-1.0","-1.0","-1.0","-1.0","-1.0","-1.0","-1.0","-1.0","-1.0","-1.0","-1.0","-1.0","-1.0","-1.0","-1.0","-1.0","-1.0","-1.0","-1.0","-1.0","-1.0","-1.0","-1.0"
"2046","2017","17","Assam","Hojai","-1.0","-1.0","-1.0","-1.0","-1.0","-1.0","-1.0","-1.0","-1.0","-1.0","-1.0","-1.0","-1.0","-1.0","-1.0","-1.0","-1.0","-1.0","-1.0","-1.0","-1.0","-1.0","-1.0","-1.0","-1.0","-1.0","-1.0","-1.0","-1.0","-1.0","-1.0","-1.0","-1.0","-1.0","-1.0","-1.0","-1.0","-1.0","-1.0","-1.0","-1.0","-1.0","-1.0","-1.0","-1.0","-1.0","-1.0","-1.0","-1.0","-1.0","-1.0","-1.0","-1.0","-1.0","-1.0","-1.0","-1.0","-1.0","-1.0","-1.0","-1.0","-1.0","-1.0","-1.0","-1.0","-1.0","-1.0","-1.0","-1.0","-1.0","-1.0","-1.0","-1.0","-1.0","-1.0"
"2047","2016","17","Assam","Majuli","-1.0","-1.0","-1.0","-1.0","-1.0","-1.0","-1.0","-1.0","-1.0","-1.0","-1.0","-1.0","-1.0","-1.0","-1.0","-1.0","-1.0","-1.0","-1.0","-1.0","-1.0","-1.0","-1.0","-1.0","-1.0","-1.0","-1.0","-1.0","-1.0","-1.0","-1.0","-1.0","-1.0","-1.0","-1.0","-1.0","-1.0","-1.0","-1.0","-1.0","-1.0","-1.0","-1.0","-1.0","-1.0","-1.0","-1.0","-1.0","-1.0","-1.0","-1.0","-1.0","-1.0","-1.0","-1.0","-1.0","-1.0","-1.0","-1.0","-1.0","-1.0","-1.0","-1.0","-1.0","-1.0","-1.0","-1.0","-1.0","-1.0","-1.0","-1.0","-1.0","-1.0","-1.0","-1.0"
"2047","2017","17","Assam","Majuli","-1.0","-1.0","-1.0","-1.0","-1.0","-1.0","-1.0","-1.0","-1.0","-1.0","-1.0","-1.0","-1.0","-1.0","-1.0","-1.0","-1.0","-1.0","-1.0","-1.0","-1.0","-1.0","-1.0","-1.0","-1.0","-1.0","-1.0","-1.0","-1.0","-1.0","-1.0","-1.0","-1.0","-1.0","-1.0","-1.0","-1.0","-1.0","-1.0","-1.0","-1.0","-1.0","-1.0","-1.0","-1.0","-1.0","-1.0","-1.0","-1.0","-1.0","-1.0","-1.0","-1.0","-1.0","-1.0","-1.0","-1.0","-1.0","-1.0","-1.0","-1.0","-1.0","-1.0","-1.0","-1.0","-1.0","-1.0","-1.0","-1.0","-1.0","-1.0","-1.0","-1.0","-1.0","-1.0"
"2048","2016","17","Assam","South Salmara - Mankachar","-1.0","-1.0","-1.0","-1.0","-1.0","-1.0","-1.0","-1.0","-1.0","-1.0","-1.0","-1.0","-1.0","-1.0","-1.0","-1.0","-1.0","-1.0","-1.0","-1.0","-1.0","-1.0","-1.0","-1.0","-1.0","-1.0","-1.0","-1.0","-1.0","-1.0","-1.0","-1.0","-1.0","-1.0","-1.0","-1.0","-1.0","-1.0","-1.0","-1.0","-1.0","-1.0","-1.0","-1.0","-1.0","-1.0","-1.0","-1.0","-1.0","-1.0","-1.0","-1.0","-1.0","-1.0","-1.0","-1.0","-1.0","-1.0","-1.0","-1.0","-1.0","-1.0","-1.0","-1.0","-1.0","-1.0","-1.0","-1.0","-1.0","-1.0","-1.0","-1.0","-1.0","-1.0","-1.0"
"2048","2017","17","Assam","South Salmara - Mankachar","-1.0","-1.0","-1.0","-1.0","-1.0","-1.0","-1.0","-1.0","-1.0","-1.0","-1.0","-1.0","-1.0","-1.0","-1.0","-1.0","-1.0","-1.0","-1.0","-1.0","-1.0","-1.0","-1.0","-1.0","-1.0","-1.0","-1.0","-1.0","-1.0","-1.0","-1.0","-1.0","-1.0","-1.0","-1.0","-1.0","-1.0","-1.0","-1.0","-1.0","-1.0","-1.0","-1.0","-1.0","-1.0","-1.0","-1.0","-1.0","-1.0","-1.0","-1.0","-1.0","-1.0","-1.0","-1.0","-1.0","-1.0","-1.0","-1.0","-1.0","-1.0","-1.0","-1.0","-1.0","-1.0","-1.0","-1.0","-1.0","-1.0","-1.0","-1.0","-1.0","-1.0","-1.0","-1.0"
"2049","2016","17","Assam","West Karbi Anglong","-1.0","-1.0","-1.0","-1.0","-1.0","-1.0","-1.0","-1.0","-1.0","-1.0","-1.0","-1.0","-1.0","-1.0","-1.0","-1.0","-1.0","-1.0","-1.0","-1.0","-1.0","-1.0","-1.0","-1.0","-1.0","-1.0","-1.0","-1.0","-1.0","-1.0","-1.0","-1.0","-1.0","-1.0","-1.0","-1.0","-1.0","-1.0","-1.0","-1.0","-1.0","-1.0","-1.0","-1.0","-1.0","-1.0","-1.0","-1.0","-1.0","-1.0","-1.0","-1.0","-1.0","-1.0","-1.0","-1.0","-1.0","-1.0","-1.0","-1.0","-1.0","-1.0","-1.0","-1.0","-1.0","-1.0","-1.0","-1.0","-1.0","-1.0","-1.0","-1.0","-1.0","-1.0","-1.0"
"2049","2017","17","Assam","West Karbi Anglong","-1.0","-1.0","-1.0","-1.0","-1.0","-1.0","-1.0","-1.0","-1.0","-1.0","-1.0","-1.0","-1.0","-1.0","-1.0","-1.0","-1.0","-1.0","-1.0","-1.0","-1.0","-1.0","-1.0","-1.0","-1.0","-1.0","-1.0","-1.0","-1.0","-1.0","-1.0","-1.0","-1.0","-1.0","-1.0","-1.0","-1.0","-1.0","-1.0","-1.0","-1.0","-1.0","-1.0","-1.0","-1.0","-1.0","-1.0","-1.0","-1.0","-1.0","-1.0","-1.0","-1.0","-1.0","-1.0","-1.0","-1.0","-1.0","-1.0","-1.0","-1.0","-1.0","-1.0","-1.0","-1.0","-1.0","-1.0","-1.0","-1.0","-1.0","-1.0","-1.0","-1.0","-1.0","-1.0"
"2050","2016","3","Gujarat","Aravalli","1.49","3.51","2359.0","64.45","153.55","2382.0","-1.0","-1.0","-1.0","-1.0","0.0","0.0","-1.0","-1.0","-1.0","4.12","9.18","2232.0","42.0","85.1","2026.0","-1.0","-1.0","-1.0","-1.0","-1.0","-1.0","2.73","1.97","724.0","7.87","7.66","974.0","12.34","8.26","669.0","46.14","73.13","1585.0","0.97","0.5","516.0","1.71","2.66","1555.0","-1.0","-1.0","-1.0","19.26","35.12","1823.0","-1.0","-1.0","-1.0","-1.0","-1.0","-1.0","15.65","16.9","1080.0","-1.0","-1.0","-1.0","-1.0","-1.0","-1.0","38.0","21.0","551.0","-1.0","-1.0","-1.0","21.87","0.36","-1.0"
"2050","2017","3","Gujarat","Aravalli","1.21","2.93","2425.0","65.25","158.39","2427.0","-1.0","-1.0","-1.0","0.29","0.38","1321.0","0.29","0.38","1321.0","3.54","9.17","2595.0","40.25","71.2","1769.0","-1.0","-1.0","-1.0","-1.0","-1.0","-1.0","2.97","2.04","687.0","7.21","4.79","665.0","9.57","6.09","636.0","44.45","114.34","2573.0","0.48","0.24","507.0","1.28","2.05","1605.0","-1.0","-1.0","-1.0","27.4","99.87","3645.0","-1.0","-1.0","-1.0","-1.0","-1.0","-1.0","16.73","20.74","1240.0","-1.0","-1.0","-1.0","-1.0","-1.0","-1.0","40.0","24.0","599.0","-1.0","-1.0","-1.0","20.32","0.64","-1.0"
"2051","2016","3","Gujarat","Botad","-1.0","-1.0","-1.0","6.87","17.73","2580.0","-1.0","-1.0","-1.0","-1.0","0.0","0.0","-1.0","-1.0","-1.0","0.69","1.04","1514.0","-1.0","-1.0","-1.0","-1.0","-1.0","-1.0","-1.0","-1.0","-1.0","1.01","1.14","1124.0","0.78","0.89","1131.0","1.41","0.73","518.0","3.68","3.94","1069.0","6.44","2.24","348.0","-1.0","-1.0","-1.0","-1.0","-1.0","-1.0","0.06","0.12","2068.0","-1.0","-1.0","-1.0","-1.0","-1.0","-1.0","-1.0","-1.0","-1.0","-1.0","-1.0","-1.0","-1.0","-1.0","-1.0","166.0","22.0","132.0","-1.0","-1.0","-1.0","-1.0","0.06","-1.0"
"2051","2017","3","Gujarat","Botad","-1.0","-1.0","-1.0","7.67","23.26","3032.0","-1.0","-1.0","-1.0","-1.0","0.0","0.0","-1.0","-1.0","-1.0","0.75","1.35","1802.0","-1.0","-1.0","-1.0","-1.0","-1.0","-1.0","-1.0","-1.0","-1.0","2.17","2.79","1285.0","0.52","0.65","1243.0","0.92","0.54","588.0","1.38","3.35","2429.0","5.94","4.1","690.0","0.02","0.03","1800.0","-1.0","-1.0","-1.0","0.15","0.38","2541.0","-1.0","-1.0","-1.0","-1.0","-1.0","-1.0","-1.0","-1.0","-1.0","-1.0","-1.0","-1.0","0.0","0.02","6200.0","167.0","134.0","802.0","-1.0","-1.0","-1.0","-1.0","0.11","-1.0"
"2052","2016","3","Gujarat","Chhota Udaipur","16.64","20.29","1220.0","0.57","1.87","3304.0","0.03","0.03","1320.0","0.07","0.11","1514.0","0.1","0.14","1463.0","0.01","0.03","2500.0","76.23","189.54","2486.0","-1.0","-1.0","-1.0","-1.0","-1.0","-1.0","0.08","0.09","1122.0","35.18","41.74","1187.0","10.49","6.92","659.0","0.48","0.98","2048.0","0.11","0.05","477.0","-1.0","-1.0","-1.0","-1.0","-1.0","-1.0","1.37","3.05","2237.0","-1.0","-1.0","-1.0","-1.0","-1.0","-1.0","9.72","8.07","830.0","-1.0","-1.0","-1.0","-1.0","-1.0","-1.0","74.0","60.0","811.0","-1.0","-1.0","-1.0","-1.0","0.01","-1.0"
"2052","2017","3","Gujarat","Chhota Udaipur","21.87","23.34","1067.0","0.49","1.52","3079.0","0.44","0.57","1302.0","0.4","0.53","1320.0","0.84","1.1","1311.0","0.05","0.16","2925.0","46.04","113.06","2456.0","-1.0","-1.0","-1.0","-1.0","-1.0","-1.0","0.34","0.43","1287.0","25.62","47.43","1851.0","10.47","7.43","710.0","1.77","4.15","2346.0","0.5","0.27","547.0","0.0","0.01","1667.0","-1.0","-1.0","-1.0","2.9","5.44","1876.0","-1.0","-1.0","-1.0","-1.0","-1.0","-1.0","12.11","10.23","845.0","-1.0","-1.0","-1.0","-1.0","-1.0","-1.0","75.0","63.0","842.0","-1.0","-1.0","-1.0","-1.0","0.04","-1.0"
"2053","2016","3","Gujarat","Devbhoomi Dwarka","-1.0","-1.0","-1.0","0.53","1.58","2996.0","-1.0","-1.0","-1.0","-1.0","0.0","0.0","-1.0","-1.0","-1.0","0.28","0.43","1532.0","-1.0","-1.0","-1.0","-1.0","-1.0","-1.0","-1.0","-1.0","-1.0","0.79","0.57","731.0","0.08","0.09","1132.0","2.32","1.21","524.0","176.42","115.75","656.0","8.35","5.07","607.0","-1.0","-1.0","-1.0","-1.0","-1.0","-1.0","0.65","1.18","1805.0","-1.0","-1.0","-1.0","-1.0","-1.0","-1.0","0.17","0.3","1751.0","-1.0","-1.0","-1.0","-1.0","-1.0","-1.0","28.0","13.0","476.0","-1.0","-1.0","-1.0","0.18","0.1","-1.0"
"2053","2017","3","Gujarat","Devbhoomi Dwarka","-1.0","-1.0","-1.0","3.06","10.75","3516.0","0.02","0.02","1412.0","0.32","0.42","1320.0","0.34","0.45","1324.0","0.09","0.17","1860.0","0.76","1.47","1929.0","-1.0","-1.0","-1.0","-1.0","-1.0","-1.0","3.72","7.59","2039.0","0.07","0.08","1246.0","3.9","2.79","716.0","184.74","472.41","2557.0","4.69","2.78","594.0","-1.0","-1.0","-1.0","-1.0","-1.0","-1.0","0.39","1.15","2959.0","-1.0","-1.0","-1.0","-1.0","-1.0","-1.0","-1.0","-1.0","-1.0","-1.0","-1.0","-1.0","-1.0","-1.0","-1.0","23.0","20.0","872.0","-1.0","-1.0","-1.0","0.17","0.27","-1.0"
"2054","2016","3","Gujarat","Gir Somnath","-1.0","-1.0","-1.0","58.62","221.79","3784.0","-1.0","-1.0","-1.0","-1.0","0.0","0.0","-1.0","-1.0","-1.0","8.11","17.5","2157.0","-1.0","-1.0","-1.0","-1.0","-1.0","-1.0","-1.0","-1.0","-1.0","4.9","5.5","1124.0","0.48","0.54","1133.0","10.54","11.81","1121.0","115.28","385.52","3344.0","0.85","0.87","1022.0","0.02","0.04","1750.0","-1.0","-1.0","-1.0","0.09","0.18","2165.0","-1.0","-1.0","-1.0","-1.0","-1.0","-1.0","5.15","7.73","1500.0","-1.0","-1.0","-1.0","2.38","18.71","7850.0","12.0","10.0","820.0","-1.0","-1.0","-1.0","-1.0","3.11","-1.0"
"2054","2017","3","Gujarat","Gir Somnath","-1.0","-1.0","-1.0","48.83","184.96","3788.0","-1.0","-1.0","-1.0","1.01","1.33","1321.0","1.01","1.33","1321.0","4.54","14.42","3174.0","0.43","0.63","1456.0","-1.0","-1.0","-1.0","-1.0","-1.0","-1.0","20.04","25.75","1285.0","0.75","0.93","1243.0","12.2","16.1","1320.0","115.01","353.23","3071.0","2.23","2.62","1173.0","0.01","0.01","1833.0","-1.0","-1.0","-1.0","0.14","0.35","2431.0","-1.0","-1.0","-1.0","-1.0","-1.0","-1.0","3.99","6.03","1510.0","-1.0","-1.0","-1.0","4.62","28.69","6205.0","14.0","12.0","805.0","-1.0","-1.0","-1.0","-1.0","6.11","-1.0"
"2055","2016","3","Gujarat","Mahi Sagar","40.01","65.12","1628.0","18.05","41.4","2294.0","0.05","0.08","1540.0","-1.0","0.0","0.0","0.05","0.08","1540.0","10.85","17.36","1600.0","53.93","81.98","1520.0","-1.0","-1.0","-1.0","-1.0","-1.0","-1.0","4.41","4.68","1062.0","6.03","12.97","2151.0","2.94","2.53","859.0","1.99","3.26","1637.0","0.64","0.34","534.0","0.37","0.65","1770.0","-1.0","-1.0","-1.0","0.67","0.74","1101.0","-1.0","-1.0","-1.0","-1.0","-1.0","-1.0","1.04","1.24","1190.0","-1.0","-1.0","-1.0","-1.0","-1.0","-1.0","12.0","6.0","480.0","-1.0","-1.0","-1.0","0.16","0.06","-1.0"
"2055","2017","3","Gujarat","Mahi Sagar","38.23","44.45","1163.0","22.02","50.46","2292.0","0.05","0.07","1385.0","0.09","0.12","1319.0","0.14","0.19","1343.0","7.57","9.18","1212.0","47.35","69.67","1472.0","-1.0","-1.0","-1.0","-1.0","-1.0","-1.0","6.18","6.61","1070.0","4.91","8.12","1653.0","2.97","2.55","860.0","1.97","3.22","1634.0","0.45","0.28","606.0","0.07","0.13","1814.0","-1.0","-1.0","-1.0","0.81","1.45","1788.0","-1.0","-1.0","-1.0","-1.0","-1.0","-1.0","2.14","3.24","1510.0","-1.0","-1.0","-1.0","0.5","3.12","6205.0","8.0","6.0","720.0","-1.0","-1.0","-1.0","0.03","0.21","-1.0"
"2056","2016","3","Gujarat","Morbi","-1.0","-1.0","-1.0","11.85","40.87","3448.0","0.9","1.39","1540.0","-1.0","0.0","0.0","0.9","1.39","1540.0","1.6","2.71","1688.0","0.11","0.18","1686.0","-1.0","-1.0","-1.0","-1.0","-1.0","-1.0","0.68","0.74","1084.0","0.03","0.03","1120.0","7.63","4.27","559.0","99.73","104.89","1052.0","12.67","9.17","724.0","0.37","0.65","1772.0","-1.0","-1.0","-1.0","10.27","28.45","2770.0","-1.0","-1.0","-1.0","-1.0","-1.0","-1.0","-1.0","-1.0","-1.0","-1.0","-1.0","-1.0","0.08","0.58","7188.0","178.0","77.0","436.0","-1.0","-1.0","-1.0","-1.0","1.82","-1.0"
"2056","2017","3","Gujarat","Morbi","-1.0","-1.0","-1.0","15.93","52.58","3300.0","-1.0","-1.0","-1.0","-1.0","0.0","0.0","-1.0","-1.0","-1.0","0.57","0.93","1631.0","-1.0","-1.0","-1.0","-1.0","-1.0","-1.0","-1.0","-1.0","-1.0","4.27","4.78","1120.0","0.01","0.01","1200.0","1.17","1.09","934.0","81.15","183.61","2263.0","4.76","3.33","700.0","0.27","0.43","1620.0","-1.0","-1.0","-1.0","6.07","17.72","2918.0","-1.0","-1.0","-1.0","-1.0","-1.0","-1.0","-1.0","-1.0","-1.0","-1.0","-1.0","-1.0","0.12","0.74","6205.0","210.0","156.0","741.0","-1.0","-1.0","-1.0","-1.0","1.97","-1.0"
"2057","2016","4","Haryana","Charkhi Dadri","0.0","0.0","0.0","60.0","259.0","4317.0","-1.0","-1.0","-1.0","-1.0","-1.0","-1.0","0.0","0.0","0.0","0.0","0.0","0.0","0.0","0.0","0.0","-1.0","-1.0","-1.0","2.0","5.0","2500.0","2.0","0.0","0.0","-1.0","-1.0","-1.0","0.0","0.0","0.0","0.0","0.0","0.0","0.0","0.0","0.0","47.0","80.0","1702.0","-1.0","-1.0","-1.0","-1.0","-1.0","-1.0","-1.0","-1.0","-1.0","-1.0","-1.0","-1.0","-1.0","-1.0","-1.0","47.0","80.0","1702.0","0.0","0.0","0.0","0.0","0.0","0.0","-1.0","-1.0","-1.0","0.7","-1.0","-1.0"
"2057","2017","4","Haryana","Charkhi Dadri","9.4","17.0","1809.0","54.4","227.0","4173.0","-1.0","-1.0","-1.0","-1.0","-1.0","-1.0","2.0","1.0","500.0","40.4","30.0","743.0","-1.0","0.0","-1.0","-1.0","-1.0","-1.0","2.1","7.0","3333.0","1.3","1.0","769.0","-1.0","-1.0","-1.0","0.4","0.3","750.0","-1.0","-1.0","-1.0","-1.0","-1.0","-1.0","52.8","101.0","1913.0","-1.0","-1.0","-1.0","-1.0","-1.0","-1.0","-1.0","-1.0","-1.0","-1.0","-1.0","-1.0","-1.0","-1.0","-1.0","52.8","101.0","1913.0","-1.0","-1.0","-1.0","28.0","8.0","300.0","-1.0","-1.0","-1.0","-1.0","-1.0","-1.0"
"2058","2016","6","Madhya Pradesh","Agar Malwa","0.0","0.0","0.0","50.0","181.0","3620.0","4.0","7.0","1750.0","-1.0","-1.0","-1.0","4.0","7.0","1750.0","0.0","0.0","0.0","20.0","39.0","1950.0","-1.0","-1.0","-1.0","0.0","0.0","0.0","55.0","54.0","982.0","4.0","4.0","1000.0","11.0","8.0","727.0","1.0","1.0","1000.0","1.0","0.5","500.0","7.0","10.0","1429.0","0.0","0.0","0.0","0.0","0.0","0.0","0.0","0.0","0.0","0.0","0.0","0.0","133.0","171.0","1286.0","-1.0","-1.0","-1.0","0.0","0.0","0.0","0.0","0.0","0.0","2.59","3.71","6.3","2.02","4.58","14.0"
"2058","2017","6","Madhya Pradesh","Agar Malwa","0.0","0.0","0.0","46.0","184.0","4000.0","0.8","1.49","1863.0","-1.0","-1.0","-1.0","0.8","1.49","1863.0","0.0","0.0","0.0","18.3","65.88","3600.0","-1.0","-1.0","-1.0","0.0","0.0","0.0","55.1","82.65","1500.0","1.9","1.9","1000.0","44.29","39.68","896.0","0.0","0.0","0.0","0.8","0.48","600.0","10.3","11.33","1100.0","0.0","0.0","0.0","0.0","0.0","0.0","0.24","0.19","792.0","0.0","0.0","0.0","113.39","147.41","1300.0","-1.0","-1.0","-1.0","0.0","0.0","0.0","0.0","0.0","0.0","2.53","3.04","5.57","1.56","3.5","11.0"
"2059","2016","7","Maharashtra","Palghar","77.6","225.6","2907.0","0.04","0.1","2857.0","-1.0","-1.0","-1.0","-1.0","0.0","0.0","-1.0","-1.0","-1.0","-1.0","-1.0","-1.0","0.03","0.1","3571.0","11.3","10.5","929.0","-1.0","-1.0","-1.0","1.9","1.8","947.0","2.57","2.11","819.0","7.03","5.12","728.0","0.2","0.2","1000.0","0.61","0.14","229.0","0.02","0.01","500.0","-1.0","-1.0","-1.0","-1.0","-1.0","-1.0","-1.0","-1.0","-1.0","0.14","0.09","655.0","-1.0","-1.0","-1.0","-1.0","-1.0","-1.0","-1.0","-1.0","-1.0","0.0","0.0","0.0","-1.0","-1.0","-1.0","-1.0","-1.0","-1.0"
"2059","2017","7","Maharashtra","Palghar","77.93","145.1","1862.0","0.02","0.02","1400.0","-1.0","-1.0","-1.0","-1.0","0.0","0.0","-1.0","-1.0","-1.0","-1.0","-1.0","-1.0","-1.0","-1.0","-1.0","11.3","10.5","929.0","-1.0","-1.0","-1.0","1.9","1.7","895.0","2.5","1.2","480.0","6.65","3.87","582.0","0.08","0.1","1316.0","0.55","0.3","545.0","0.01","-1.0","-1.0","-1.0","-1.0","-1.0","-1.0","-1.0","-1.0","-1.0","-1.0","-1.0","0.07","0.04","514.0","-1.0","-1.0","-1.0","-1.0","-1.0","-1.0","-1.0","-1.0","-1.0","0.0","0.0","0.0","-1.0","-1.0","-1.0","-1.0","-1.0","-1.0"
"2060","2016","13","West Bengal","Alipurduar","79.34","162.93","2054.0","6.91","15.19","2197.0","-1.0","-1.0","-1.0","-1.0","0.0","0.0","-1.0","-1.0","-1.0","-1.0","-1.0","-1.0","3.43","18.69","5447.0","0.04","0.04","927.0","-1.0","-1.0","-1.0","0.06","0.06","1016.0","-1.0","-1.0","-1.0","4.72","3.72","788.0","0.57","1.01","1772.0","0.5","0.34","672.0","4.27","3.3","772.0","-1.0","-1.0","-1.0","-1.0","-1.0","-1.0","0.49","0.2","400.0","-1.0","-1.0","-1.0","-1.0","-1.0","-1.0","-1.0","-1.0","-1.0","0.01","0.04","7367.0","-1.0","-1.0","-1.0","4.46","37.8","42.26","13.8","-1.0","0.0"
"2060","2017","13","West Bengal","Alipurduar","79.89","177.85","2226.0","3.16","6.2","1965.0","-1.0","-1.0","-1.0","-1.0","0.0","0.0","-1.0","-1.0","-1.0","-1.0","-1.0","-1.0","24.46","141.24","5775.0","0.01","0.01","1091.0","-1.0","-1.0","-1.0","0.03","0.04","1419.0","0.14","0.22","1652.0","9.91","7.39","746.0","0.41","0.87","2104.0","0.47","0.37","804.0","4.93","2.36","478.0","-1.0","-1.0","-1.0","-1.0","-1.0","-1.0","0.34","0.07","217.0","-1.0","-1.0","-1.0","-1.0","-1.0","-1.0","-1.0","-1.0","-1.0","0.01","0.05","8750.0","-1.0","-1.0","-1.0","4.61","38.43","43.04","14.26","-1.0","0.0"
"2061","2016","13","West Bengal","Jhargram","137.56","385.22","2800.0","1.37","3.17","2312.0","-1.0","-1.0","-1.0","-1.0","0.0","0.0","-1.0","-1.0","-1.0","-1.0","-1.0","-1.0","0.08","0.2","2451.0","-1.0","-1.0","-1.0","-1.0","-1.0","-1.0","-1.0","-1.0","-1.0","0.48","0.54","1126.0","0.78","0.54","697.0","4.69","9.49","2025.0","7.25","5.35","738.0","1.27","0.89","696.0","-1.0","-1.0","-1.0","-1.0","-1.0","-1.0","-1.0","-1.0","-1.0","-1.0","-1.0","-1.0","-1.0","-1.0","-1.0","-1.0","-1.0","-1.0","1.33","8.52","6399.0","-1.0","-1.0","-1.0","-1.0","-1.0","-1.0","1.84","-1.0","-1.0"
"2061","2017","13","West Bengal","Jhargram","184.28","517.86","2810.0","0.08","0.21","2452.0","-1.0","-1.0","-1.0","-1.0","0.0","0.0","-1.0","-1.0","-1.0","-1.0","-1.0","-1.0","0.07","0.12","1597.0","-1.0","-1.0","-1.0","-1.0","-1.0","-1.0","0.24","0.32","1328.0","1.09","1.31","1204.0","3.58","2.5","698.0","4.21","9.42","2239.0","6.14","6.23","1014.0","5.59","4.23","757.0","-1.0","-1.0","-1.0","-1.0","-1.0","-1.0","-1.0","-1.0","-1.0","0.24","0.35","1471.0","-1.0","-1.0","-1.0","-1.0","-1.0","-1.0","1.08","11.03","10221.0","-1.0","-1.0","-1.0","0.0","-1.0","-1.0","1.88","-1.0","0.0"
"2063","2016","13","West Bengal","Paschim Bardhaman","42.5","143.97","3388.0","0.23","0.64","2742.0","-1.0","-1.0","-1.0","-1.0","0.0","0.0","-1.0","-1.0","-1.0","-1.0","-1.0","-1.0","0.02","0.05","2722.0","-1.0","-1.0","-1.0","-1.0","-1.0","-1.0","0.0","0.0","1500.0","0.01","0.01","1222.0","0.06","0.04","673.0","-1.0","-1.0","-1.0","0.25","0.25","984.0","0.74","0.63","845.0","-1.0","-1.0","-1.0","-1.0","-1.0","-1.0","-1.0","-1.0","-1.0","-1.0","-1.0","-1.0","-1.0","-1.0","-1.0","-1.0","-1.0","-1.0","0.04","0.27","6720.0","-1.0","-1.0","-1.0","-1.0","-1.0","-1.0","0.4","-1.0","-1.0"
"2063","2017","13","West Bengal","Paschim Bardhaman","40.62","129.83","3196.0","1.05","2.74","2623.0","-1.0","-1.0","-1.0","-1.0","0.0","0.0","-1.0","-1.0","-1.0","-1.0","-1.0","-1.0","0.57","1.28","2261.0","-1.0","-1.0","-1.0","-1.0","-1.0","-1.0","0.17","0.25","1436.0","0.01","0.02","1667.0","1.71","1.73","1013.0","0.01","0.02","2125.0","0.22","0.15","716.0","0.72","0.73","1015.0","-1.0","-1.0","-1.0","-1.0","-1.0","-1.0","-1.0","-1.0","-1.0","-1.0","-1.0","-1.0","-1.0","-1.0","-1.0","-1.0","-1.0","-1.0","0.04","0.25","6112.0","-1.0","-1.0","-1.0","0.0","-1.0","-1.0","0.34","-1.0","0.0"
"2101","2016","20","Telangana","Kumurambheem Asifabad","14.82","39.92","2694.11","0.41","0.64","1570.02","2.12","2.04","965.08","3.86","3.45","895.98","5.97","5.5","920.49","-1.0","-1.0","-1.0","1.96","9.62","4917.22","-1.0","-1.0","-1.0","-1.0","-1.0","-1.0","3.09","5.81","1880.87","18.34","20.24","1104.0","5.62","4.05","721.08","0.03","0.07","2060.61","0.1","0.03","288.46","-1.0","-1.0","-1.0","-1.0","-1.0","-1.0","0.03","0.02","592.59","-1.0","-1.0","-1.0","0.05","0.08","1695.65","19.12","25.91","1354.99","-1.0","-1.0","-1.0","0.0","0.02","8150.0","71.0","35.0","490.0","0.0","-1.0","-1.0","-1.0","0.34","0.0"
"2101","2017","20","Telangana","Kumurambheem Asifabad","9.57","19.23","2008.46","0.18","0.26","1385.87","1.74","2.07","1185.89","2.84","2.38","840.08","4.58","4.45","971.63","-1.0","-1.0","-1.0","1.69","7.71","4558.25","-1.0","-1.0","-1.0","-1.0","-1.0","-1.0","1.39","1.73","1239.94","14.0","10.04","716.99","2.32","2.02","873.49","-1.0","-1.0","-1.0","0.13","0.03","244.27","-1.0","-1.0","-1.0","-1.0","-1.0","-1.0","0.03","0.03","928.57","-1.0","-1.0","-1.0","-1.0","-1.0","-1.0","3.62","4.9","1350.99","-1.0","-1.0","-1.0","-1.0","-1.0","-1.0","83.0","32.0","381.0","0.0","-1.0","-1.0","-1.0","0.11","0.0"
"2102","2016","20","Telangana","Macherial","42.22","139.94","3314.38","0.0","0.0","1500.0","-1.0","-1.0","-1.0","0.39","0.46","1189.74","0.39","0.46","1189.74","-1.0","-1.0","-1.0","2.3","12.45","5409.64","-1.0","-1.0","-1.0","-1.0","-1.0","-1.0","0.26","0.34","1297.71","5.38","5.93","1104.0","1.94","1.39","713.84","0.24","0.5","2066.39","0.18","0.06","342.54","-1.0","-1.0","-1.0","0.01","0.0","666.67","-1.0","-1.0","-1.0","-1.0","-1.0","-1.0","-1.0","-1.0","-1.0","0.61","0.82","1354.79","-1.0","-1.0","-1.0","-1.0","-1.0","-1.0","48.0","24.0","490.0","0.0","-1.0","-1.0","-1.0","0.13","0.0"
"2102","2017","20","Telangana","Macherial","47.33","121.57","2568.37","-1.0","-1.0","-1.0","0.04","0.04","950.0","0.39","0.52","1351.42","0.43","0.56","1313.82","-1.0","-1.0","-1.0","1.29","5.1","3965.01","-1.0","-1.0","-1.0","-1.0","-1.0","-1.0","0.15","0.23","1513.16","2.45","1.4","572.83","0.91","0.66","731.57","0.22","0.48","2237.21","0.07","0.03","388.89","-1.0","-1.0","-1.0","-1.0","-1.0","-1.0","-1.0","-1.0","-1.0","-1.0","-1.0","-1.0","-1.0","-1.0","-1.0","0.24","0.38","1622.88","-1.0","-1.0","-1.0","-1.0","-1.0","-1.0","56.0","35.0","618.0","0.0","-1.0","-1.0","-1.0","0.13","0.0"
"2103","2016","20","Telangana","Nirmal","37.59","115.6","3074.99","1.25","1.96","1570.86","0.04","0.04","976.19","2.48","4.24","1710.08","2.52","4.28","1697.86","-1.0","-1.0","-1.0","24.54","154.58","6300.39","0.01","0.01","1181.82","-1.0","-1.0","-1.0","7.46","8.75","1172.99","6.89","7.6","1103.96","7.51","5.31","706.59","0.62","1.28","2067.74","5.57","2.19","394.04","-1.0","-1.0","-1.0","0.31","0.21","662.42","-1.0","-1.0","-1.0","-1.0","-1.0","-1.0","0.02","0.03","1812.5","45.71","61.94","1355.01","-1.0","-1.0","-1.0","0.01","0.05","8133.33","51.0","25.0","490.0","0.0","-1.0","-1.0","-1.0","0.35","0.0"
"2103","2017","20","Telangana","Nirmal","36.19","107.69","2975.71","0.91","1.69","1855.1","0.0","0.0","1000.0","2.65","3.8","1434.93","2.65","3.81","1434.27","1.14","1.2","1057.07","25.75","199.64","7753.05","-1.0","-1.0","-1.0","-1.0","-1.0","-1.0","9.92","10.63","1071.98","8.28","7.75","936.01","6.16","4.21","682.95","0.23","0.52","2238.1","3.65","1.43","391.07","-1.0","-1.0","-1.0","0.5","0.29","567.46","-1.0","-1.0","-1.0","-1.0","-1.0","-1.0","-1.0","-1.0","-1.0","35.02","44.85","1280.99","-1.0","-1.0","-1.0","-1.0","-1.0","-1.0","59.0","36.0","601.0","0.0","-1.0","-1.0","-1.0","0.39","0.0"
"2104","2016","20","Telangana","Jagityal","98.85","371.77","3760.9","-1.0","-1.0","-1.0","-1.0","-1.0","-1.0","0.7","0.84","1190.07","0.7","0.84","1190.07","9.37","8.15","869.96","36.22","190.16","5250.54","-1.0","-1.0","-1.0","-1.0","-1.0","-1.0","0.17","0.22","1301.2","2.01","1.89","938.9","5.61","5.37","957.2","1.36","2.44","1793.69","7.54","7.38","979.03","-1.0","-1.0","-1.0","-1.0","-1.0","-1.0","-1.0","-1.0","-1.0","-1.0","-1.0","-1.0","0.02","0.04","1772.73","5.92","11.3","1906.99","-1.0","-1.0","-1.0","0.41","1.13","2725.36","13.0","8.0","576.0","0.0","-1.0","-1.0","-1.0","0.4","0.0"
"2104","2017","20","Telangana","Jagityal","92.54","289.83","3132.01","-1.0","-1.0","-1.0","-1.0","-1.0","-1.0","0.24","0.33","1351.24","0.24","0.33","1351.24","1.91","2.02","1057.01","31.47","140.81","4473.82","-1.0","-1.0","-1.0","-1.0","-1.0","-1.0","0.19","0.29","1518.32","2.18","1.39","635.99","4.33","4.29","990.08","0.94","1.36","1452.99","6.9","3.57","516.96","-1.0","-1.0","-1.0","-1.0","-1.0","-1.0","-1.0","-1.0","-1.0","-1.0","-1.0","-1.0","-1.0","-1.0","-1.0","2.57","3.58","1394.16","-1.0","-1.0","-1.0","0.27","2.12","7800.0","11.0","4.0","349.0","0.0","-1.0","-1.0","-1.0","0.47","0.0"
"2105","2016","20","Telangana","Peddapally","96.44","399.21","4139.51","-1.0","-1.0","-1.0","-1.0","-1.0","-1.0","-1.0","0.0","0.0","-1.0","-1.0","-1.0","2.62","2.28","869.13","12.55","79.18","6306.49","-1.0","-1.0","-1.0","-1.0","-1.0","-1.0","0.18","0.23","1297.75","1.83","1.72","938.8","1.51","1.18","778.95","0.22","0.46","2068.18","0.21","0.15","740.38","-1.0","-1.0","-1.0","-1.0","-1.0","-1.0","-1.0","-1.0","-1.0","-1.0","-1.0","-1.0","-1.0","-1.0","-1.0","0.06","0.11","1915.25","-1.0","-1.0","-1.0","-1.0","-1.0","-1.0","31.0","18.0","576.0","0.0","-1.0","-1.0","-1.0","0.02","0.0"
"2105","2017","20","Telangana","Peddapally","88.67","303.88","3427.29","-1.0","-1.0","-1.0","-1.0","-1.0","-1.0","-1.0","0.0","0.0","-1.0","-1.0","-1.0","-1.0","-1.0","-1.0","5.31","47.4","8923.76","-1.0","-1.0","-1.0","-1.0","-1.0","-1.0","0.11","0.17","1518.18","0.4","0.32","799.0","0.14","0.1","742.86","0.03","0.06","2241.38","0.03","0.02","575.76","-1.0","-1.0","-1.0","-1.0","-1.0","-1.0","-1.0","-1.0","-1.0","-1.0","-1.0","-1.0","-1.0","-1.0","-1.0","-1.0","-1.0","-1.0","-1.0","-1.0","-1.0","-1.0","-1.0","-1.0","39.0","23.0","579.0","0.0","-1.0","-1.0","-1.0","0.0","0.0"
"2106","2016","20","Telangana","Rajanna Siricilla","54.27","212.74","3920.32","-1.0","-1.0","-1.0","-1.0","-1.0","-1.0","-1.0","0.0","0.0","-1.0","-1.0","-1.0","-1.0","-1.0","-1.0","6.61","32.78","4962.76","-1.0","-1.0","-1.0","-1.0","-1.0","-1.0","0.36","0.46","1299.72","2.28","2.14","939.06","1.77","1.2","679.1","0.22","0.46","2068.18","0.15","0.12","801.32","-1.0","-1.0","-1.0","-1.0","-1.0","-1.0","0.03","0.02","580.65","-1.0","-1.0","-1.0","0.0","0.01","1800.0","0.55","1.04","1906.76","-1.0","-1.0","-1.0","-1.0","-1.0","-1.0","43.0","25.0","576.0","0.0","-1.0","-1.0","-1.0","0.06","0.0"
"2106","2017","20","Telangana","Rajanna Siricilla","45.62","144.57","3168.77","-1.0","-1.0","-1.0","-1.0","-1.0","-1.0","-1.0","0.0","0.0","-1.0","-1.0","-1.0","-1.0","-1.0","-1.0","2.38","7.43","3121.85","-1.0","-1.0","-1.0","-1.0","-1.0","-1.0","0.34","0.52","1516.13","0.69","0.55","797.67","0.57","0.42","728.7","0.17","0.37","2234.94","0.13","0.07","571.43","-1.0","-1.0","-1.0","-1.0","-1.0","-1.0","0.02","0.02","916.67","-1.0","-1.0","-1.0","0.0","0.01","2200.0","0.1","0.16","1620.0","-1.0","-1.0","-1.0","0.01","0.04","7433.33","51.0","31.0","605.0","0.0","-1.0","-1.0","-1.0","0.07","0.0"
"2107","2016","20","Telangana","Bhadradri","53.39","191.76","3591.54","-1.0","-1.0","-1.0","0.0","0.0","1000.0","0.05","0.06","1191.49","0.05","0.06","1183.67","0.03","0.02","857.14","9.89","60.11","6075.81","-1.0","-1.0","-1.0","-1.0","-1.0","-1.0","-1.0","-1.0","-1.0","2.45","1.09","444.94","3.18","2.93","921.99","2.44","5.33","2185.81","0.51","0.2","394.48","-1.0","-1.0","-1.0","-1.0","-1.0","-1.0","-1.0","-1.0","-1.0","-1.0","-1.0","-1.0","-1.0","-1.0","-1.0","0.02","0.02","1157.89","-1.0","-1.0","-1.0","1.0","5.75","5776.48","38.0","23.0","609.0","0.0","-1.0","-1.0","-1.0","0.0","0.0"
"2107","2017","20","Telangana","Bhadradri","54.23","172.38","3178.76","-1.0","-1.0","-1.0","-1.0","-1.0","-1.0","0.12","0.16","1350.0","0.12","0.16","1350.0","-1.0","-1.0","-1.0","10.36","56.76","5477.85","-1.0","-1.0","-1.0","-1.0","-1.0","-1.0","0.0","0.0","2000.0","1.27","1.02","798.27","1.68","1.73","1029.69","1.34","3.78","2815.2","0.11","0.05","437.5","-1.0","-1.0","-1.0","-1.0","-1.0","-1.0","-1.0","-1.0","-1.0","-1.0","-1.0","-1.0","0.01","0.02","2142.86","0.0","0.01","1500.0","-1.0","-1.0","-1.0","0.82","7.01","8506.92","46.0","32.0","700.0","0.0","-1.0","-1.0","-1.0","0.0","0.0"
"2108","2016","20","Telangana","Jogulamba","22.04","56.41","2559.64","-1.0","-1.0","-1.0","0.74","0.58","794.56","2.05","2.61","1275.12","2.79","3.2","1148.29","1.18","1.25","1061.07","8.08","15.76","1949.78","-1.0","-1.0","-1.0","-1.0","-1.0","-1.0","17.0","11.17","657.02","22.68","12.38","546.02","1.42","1.1","776.45","25.66","51.96","2024.66","-1.0","-1.0","-1.0","-1.0","-1.0","-1.0","-1.0","-1.0","-1.0","13.55","8.12","598.94","-1.0","-1.0","-1.0","0.41","0.34","821.52","0.01","0.01","1111.11","-1.0","-1.0","-1.0","1.03","4.15","4044.79","38.0","12.0","316.0","0.0","-1.0","-1.0","-1.0","4.3","0.0"
"2108","2017","20","Telangana","Jogulamba","26.05","61.54","2362.46","-1.0","-1.0","-1.0","0.09","0.09","945.65","1.58","4.78","3018.31","1.68","4.87","2904.53","0.38","0.44","1168.87","8.95","47.12","5263.49","-1.0","-1.0","-1.0","-1.0","-1.0","-1.0","15.55","20.4","1312.01","15.83","10.08","637.04","1.04","0.92","881.62","19.72","46.59","2363.0","0.0","0.0","500.0","-1.0","-1.0","-1.0","-1.0","-1.0","-1.0","5.66","5.99","1057.96","-1.0","-1.0","-1.0","0.15","0.31","2136.05","-1.0","-1.0","-1.0","-1.0","-1.0","-1.0","1.87","15.32","8203.43","59.0","23.0","395.0","0.0","-1.0","-1.0","-1.0","3.3","0.0"
"2109","2016","20","Telangana","Nagarkurnool","19.21","48.33","2515.75","-1.0","-1.0","-1.0","8.09","6.43","795.01","0.85","1.01","1190.36","8.94","7.45","832.63","0.46","0.48","1061.4","115.38","128.72","1115.61","0.15","0.18","1171.05","-1.0","-1.0","-1.0","0.46","0.6","1298.06","12.83","7.0","546.04","0.68","0.52","760.71","42.7","96.55","2261.38","0.03","0.03","794.12","-1.0","-1.0","-1.0","-1.0","-1.0","-1.0","2.78","1.66","598.92","-1.0","-1.0","-1.0","0.17","0.31","1793.1","0.04","0.04","1162.16","-1.0","-1.0","-1.0","-1.0","-1.0","-1.0","67.0","21.0","316.0","0.0","-1.0","-1.0","0.04","0.08","0.0"
"2109","2017","20","Telangana","Nagarkurnool","25.91","73.99","2856.13","-1.0","-1.0","-1.0","3.58","2.19","613.08","0.42","0.31","749.4","3.99","2.5","627.25","0.27","0.28","1055.76","65.88","135.18","2051.85","0.21","0.29","1387.56","-1.0","-1.0","-1.0","0.2","0.31","1517.07","9.08","5.78","636.95","0.29","0.22","763.7","53.75","123.61","2299.75","0.0","0.0","600.0","-1.0","-1.0","-1.0","-1.0","-1.0","-1.0","1.42","1.47","1030.96","-1.0","-1.0","-1.0","0.0","0.01","2200.0","-1.0","-1.0","-1.0","-1.0","-1.0","-1.0","0.04","0.33","8160.0","127.0","35.0","275.0","0.0","-1.0","-1.0","0.0","0.1","0.0"
"2110","2016","20","Telangana","Wanaparthy","45.64","128.76","2821.02","-1.0","-1.0","-1.0","3.21","2.55","794.9","0.18","0.21","1188.57","3.39","2.76","815.23","-1.0","-1.0","-1.0","23.58","27.4","1162.28","0.1","0.12","1166.67","-1.0","-1.0","-1.0","3.32","4.31","1299.01","14.31","7.82","546.05","3.79","2.9","763.25","23.21","54.08","2329.96","-1.0","-1.0","-1.0","-1.0","-1.0","-1.0","-1.0","-1.0","-1.0","5.64","3.38","598.94","-1.0","-1.0","-1.0","0.0","0.0","1666.67","0.01","0.01","1142.86","-1.0","-1.0","-1.0","1.45","5.87","4044.77","2.0","1.0","316.0","0.0","-1.0","-1.0","-1.0","0.75","0.0"
"2110","2017","20","Telangana","Wanaparthy","55.85","130.24","2331.83","-1.0","-1.0","-1.0","2.33","2.54","1090.17","0.06","0.08","1350.0","2.39","2.62","1096.69","0.0","0.0","1000.0","18.22","58.28","3199.26","0.09","0.11","1148.94","-1.0","-1.0","-1.0","2.97","6.34","2132.15","14.09","10.76","763.97","3.91","3.19","814.58","26.51","56.77","2141.42","-1.0","-1.0","-1.0","-1.0","-1.0","-1.0","-1.0","-1.0","-1.0","6.13","5.75","938.01","-1.0","-1.0","-1.0","-1.0","-1.0","-1.0","-1.0","-1.0","-1.0","-1.0","-1.0","-1.0","1.98","16.02","8104.81","4.0","2.0","496.0","0.0","-1.0","-1.0","-1.0","0.72","0.0"
"2111","2016","20","Telangana","Sangareddy","26.41","104.48","3956.75","0.85","0.94","1106.13","8.0","5.68","709.98","4.28","5.14","1200.0","12.28","10.81","880.82","0.24","0.21","870.83","22.51","60.02","2666.02","-1.0","-1.0","-1.0","-1.0","-1.0","-1.0","9.95","14.14","1420.99","24.6","16.56","673.01","37.84","26.62","703.5","0.12","0.25","2049.18","0.13","0.02","193.8","-1.0","-1.0","-1.0","1.77","0.72","406.9","0.02","0.01","590.91","-1.0","-1.0","-1.0","0.06","0.12","1769.23","36.78","39.06","1062.0","-1.0","-1.0","-1.0","10.83","90.89","8393.69","70.0","27.0","385.0","0.0","-1.0","-1.0","2.03","2.55","0.0"
"2111","2017","20","Telangana","Sangareddy","39.36","148.03","3761.24","0.52","0.54","1036.26","5.19","4.75","915.93","3.28","4.53","1379.99","8.46","9.28","1095.69","0.1","0.1","1060.61","15.54","56.1","3610.44","-1.0","-1.0","-1.0","-1.0","-1.0","-1.0","7.1","9.7","1366.04","22.8","19.47","854.01","25.34","19.93","786.46","0.11","0.25","2236.36","0.04","0.01","305.56","-1.0","-1.0","-1.0","1.44","0.91","631.76","0.04","0.04","951.22","-1.0","-1.0","-1.0","0.01","0.02","2125.0","15.91","23.93","1503.99","-1.0","-1.0","-1.0","15.69","108.26","6900.31","106.0","75.0","706.0","0.0","-1.0","-1.0","1.2","1.68","0.0"
"2112","2016","20","Telangana","Siddipet","71.42","258.25","3615.75","0.01","0.01","1125.0","0.15","0.1","709.46","-1.0","0.0","0.0","0.15","0.1","709.46","-1.0","-1.0","-1.0","114.72","315.51","2750.21","-1.0","-1.0","-1.0","-1.0","-1.0","-1.0","4.99","7.1","1422.93","8.93","6.01","673.05","2.25","1.84","819.03","1.41","2.92","2066.48","0.07","0.06","808.82","-1.0","-1.0","-1.0","-1.0","-1.0","-1.0","0.42","0.25","590.48","-1.0","-1.0","-1.0","3.24","6.03","1859.74","0.69","0.73","1062.23","-1.0","-1.0","-1.0","-1.0","-1.0","-1.0","52.0","20.0","385.0","0.0","-1.0","-1.0","0.46","0.54","0.0"
"2112","2017","20","Telangana","Siddipet","79.87","283.06","3544.03","0.01","0.01","1428.57","0.02","0.02","937.5","-1.0","0.0","0.0","0.02","0.02","937.5","-1.0","-1.0","-1.0","78.41","259.06","3304.14","-1.0","-1.0","-1.0","-1.0","-1.0","-1.0","3.75","4.93","1315.0","6.18","3.7","598.06","1.41","1.44","1021.95","1.11","1.96","1760.11","0.03","0.02","580.65","-1.0","-1.0","-1.0","-1.0","-1.0","-1.0","0.08","0.08","937.5","-1.0","-1.0","-1.0","2.52","5.56","2210.17","0.16","0.26","1623.46","-1.0","-1.0","-1.0","0.18","1.36","7800.0","77.0","47.0","611.0","0.0","-1.0","-1.0","0.37","0.39","0.0"
"2113","2016","20","Telangana","Suryapet","140.92","498.1","3534.56","-1.0","-1.0","-1.0","-1.0","-1.0","-1.0","0.45","0.54","1190.27","0.45","0.54","1190.27","-1.0","-1.0","-1.0","0.18","0.99","5651.43","-1.0","-1.0","-1.0","-1.0","-1.0","-1.0","0.09","0.11","1295.45","16.84","11.18","664.01","25.23","10.5","416.37","9.94","14.2","1429.3","0.12","0.01","50.42","-1.0","-1.0","-1.0","-1.0","-1.0","-1.0","0.0","0.0","500.0","-1.0","-1.0","-1.0","-1.0","-1.0","-1.0","-1.0","-1.0","-1.0","-1.0","-1.0","-1.0","1.15","8.7","7575.52","34.0","10.0","296.0","0.0","-1.0","-1.0","-1.0","-1.0","0.0"
"2113","2017","20","Telangana","Suryapet","155.58","560.51","3602.68","-1.0","-1.0","-1.0","-1.0","-1.0","-1.0","0.37","0.5","1351.21","0.37","0.5","1351.21","-1.0","-1.0","-1.0","0.18","1.16","6338.8","-1.0","-1.0","-1.0","-1.0","-1.0","-1.0","0.1","0.15","1515.15","10.4","8.03","771.99","18.38","9.55","519.84","7.38","14.22","1927.86","0.03","0.01","250.0","-1.0","-1.0","-1.0","-1.0","-1.0","-1.0","-1.0","-1.0","-1.0","-1.0","-1.0","-1.0","-1.0","-1.0","-1.0","-1.0","-1.0","-1.0","-1.0","-1.0","-1.0","1.32","10.83","8199.77","50.0","30.0","594.0","0.0","-1.0","-1.0","-1.0","-1.0","0.0"
"2114","2016","20","Telangana","Yadadri Bhuvanagiri","77.78","283.46","3644.54","0.0","0.0","1000.0","2.21","0.96","431.93","0.02","0.02","1166.67","2.23","0.98","437.86","0.03","0.02","586.21","5.22","10.06","1926.68","-1.0","-1.0","-1.0","-1.0","-1.0","-1.0","0.09","0.11","1302.33","12.79","8.49","664.01","1.18","0.52","436.44","0.28","0.49","1735.71","0.34","0.02","55.07","-1.0","-1.0","-1.0","-1.0","-1.0","-1.0","0.36","0.09","239.01","-1.0","-1.0","-1.0","-1.0","-1.0","-1.0","0.14","0.16","1165.47","-1.0","-1.0","-1.0","0.02","0.12","7575.0","47.0","14.0","296.0","0.0","-1.0","-1.0","0.0","0.0","1.0"
"2114","2017","20","Telangana","Yadadri Bhuvanagiri","98.93","342.34","3460.42","-1.0","-1.0","-1.0","1.43","0.6","417.25","-1.0","0.0","0.0","1.43","0.6","417.25","-1.0","-1.0","-1.0","1.44","4.41","3067.55","-1.0","-1.0","-1.0","-1.0","-1.0","-1.0","0.09","0.13","1511.63","7.46","3.66","491.02","1.06","0.8","760.64","0.09","0.19","2206.9","0.09","0.01","141.3","-1.0","-1.0","-1.0","-1.0","-1.0","-1.0","0.08","0.08","939.76","-1.0","-1.0","-1.0","-1.0","-1.0","-1.0","0.01","0.01","1571.43","-1.0","-1.0","-1.0","0.01","0.1","7438.46","68.0","30.0","443.0","0.0","-1.0","-1.0","-1.0","0.0","2.0"
"2115","2016","20","Telangana","Kamareddy","79.95","311.93","3901.61","0.63","0.57","906.5","0.21","0.12","583.73","3.25","5.9","1816.87","3.46","6.03","1742.34","-1.0","-1.0","-1.0","44.09","216.73","4915.78","0.0","0.0","1000.0","-1.0","-1.0","-1.0","21.07","28.23","1339.98","5.18","3.24","625.1","12.72","12.3","966.76","0.28","0.58","2067.38","0.04","0.03","794.87","-1.0","-1.0","-1.0","0.76","0.64","849.21","0.0","0.0","666.67","-1.0","-1.0","-1.0","0.1","0.17","1791.67","56.85","55.42","975.0","-1.0","-1.0","-1.0","3.72","31.23","8388.18","8.0","3.0","415.0","0.0","-1.0","-1.0","-1.0","0.45","0.0"
"2115","2017","20","Telangana","Kamareddy","93.93","315.19","3355.53","0.45","0.86","1909.29","0.15","0.14","941.18","3.37","4.92","1458.91","3.52","5.06","1436.44","-1.0","-1.0","-1.0","43.64","231.29","5300.31","-1.0","-1.0","-1.0","-1.0","-1.0","-1.0","19.69","33.21","1687.02","6.39","7.22","1131.03","12.04","11.68","970.19","0.16","0.35","2234.18","0.03","0.02","586.21","-1.0","-1.0","-1.0","0.91","0.2","216.87","0.0","0.0","1000.0","-1.0","-1.0","-1.0","0.16","0.35","2134.15","33.2","62.48","1882.01","-1.0","-1.0","-1.0","4.4","34.29","7798.29","18.0","8.0","455.0","0.0","-1.0","-1.0","-1.0","0.56","0.0"
"2116","2016","20","Telangana","Malkaigiri","6.43","22.59","3514.08","0.0","0.0","1000.0","0.04","0.05","1315.79","0.01","0.01","1166.67","0.04","0.06","1295.45","-1.0","-1.0","-1.0","1.32","4.34","3292.87","-1.0","-1.0","-1.0","-1.0","-1.0","-1.0","0.09","0.12","1303.37","0.14","0.1","675.86","0.02","0.01","700.0","-1.0","-1.0","-1.0","-1.0","-1.0","-1.0","-1.0","-1.0","-1.0","-1.0","-1.0","-1.0","0.0","0.0","500.0","-1.0","-1.0","-1.0","0.0","0.0","2000.0","-1.0","-1.0","-1.0","-1.0","-1.0","-1.0","-1.0","-1.0","-1.0","0.0","0.0","287.0","0.0","-1.0","-1.0","0.0","0.01","1.0"
"2116","2017","20","Telangana","Malkaigiri","9.4","33.9","3608.24","-1.0","-1.0","-1.0","0.06","0.06","937.5","0.01","0.01","1375.0","0.07","0.07","986.11","-1.0","-1.0","-1.0","1.2","4.57","3814.85","-1.0","-1.0","-1.0","-1.0","-1.0","-1.0","0.08","0.12","1512.82","0.14","0.11","797.2","0.0","0.0","1000.0","-1.0","-1.0","-1.0","-1.0","-1.0","-1.0","-1.0","-1.0","-1.0","-1.0","-1.0","-1.0","-1.0","-1.0","-1.0","-1.0","-1.0","-1.0","0.0","0.01","2000.0","0.0","0.0","1500.0","-1.0","-1.0","-1.0","-1.0","-1.0","-1.0","0.0","0.0","493.0","0.0","-1.0","-1.0","-1.0","0.01","1.0"
"2117","2016","20","Telangana","Vikarabad","20.48","54.01","2637.38","0.15","0.18","1251.7","4.6","6.07","1319.93","2.18","1.97","901.97","6.78","8.04","1185.44","0.01","0.01","857.14","37.59","121.45","3230.77","0.08","0.08","1075.95","-1.0","-1.0","-1.0","3.69","5.81","1575.92","61.27","41.48","676.99","16.07","12.08","751.6","5.2","9.07","1745.19","0.03","0.0","151.52","-1.0","-1.0","-1.0","0.32","0.32","1015.72","0.0","0.0","500.0","-1.0","-1.0","-1.0","0.0","0.01","1750.0","3.22","3.76","1165.94","-1.0","-1.0","-1.0","1.4","6.81","4882.29","31.0","9.0","288.0","0.0","-1.0","-1.0","0.6","1.13","0.0"
"2117","2017","20","Telangana","Vikarabad","19.49","57.04","2927.08","0.1","0.13","1385.42","3.91","3.06","781.9","1.92","1.76","916.1","5.83","4.82","826.07","0.0","0.0","1000.0","28.59","92.9","3248.82","0.08","0.09","1142.86","-1.0","-1.0","-1.0","3.24","4.67","1439.85","62.22","46.91","753.99","14.63","9.39","641.5","5.16","10.55","2044.57","0.08","0.02","230.77","-1.0","-1.0","-1.0","0.32","0.28","886.44","-1.0","-1.0","-1.0","-1.0","-1.0","-1.0","0.03","0.07","2125.0","1.16","1.89","1623.92","-1.0","-1.0","-1.0","2.08","16.21","7802.89","52.0","24.0","461.0","0.0","-1.0","-1.0","0.57","1.8","0.0"
"2118","2016","20","Telangana","Jayashankar Bhuppaly","87.27","301.66","3456.73","-1.0","-1.0","-1.0","-1.0","-1.0","-1.0","0.01","0.01","1142.86","0.01","0.01","1142.86","-1.0","-1.0","-1.0","5.68","28.99","5102.6","-1.0","-1.0","-1.0","-1.0","-1.0","-1.0","0.16","0.2","1299.36","0.89","0.49","555.81","3.55","2.87","808.85","1.21","2.61","2150.74","0.12","0.04","318.97","-1.0","-1.0","-1.0","-1.0","-1.0","-1.0","-1.0","-1.0","-1.0","-1.0","-1.0","-1.0","-1.0","-1.0","-1.0","0.06","0.08","1169.23","-1.0","-1.0","-1.0","0.0","0.01","8400.0","61.0","33.0","545.0","0.0","-1.0","-1.0","-1.0","0.01","0.0"
"2118","2017","20","Telangana","Jayashankar Bhuppaly","84.88","235.38","2773.19","-1.0","-1.0","-1.0","-1.0","-1.0","-1.0","0.0","0.0","1333.33","0.0","0.0","1333.33","0.0","0.0","1000.0","7.73","69.76","9022.63","-1.0","-1.0","-1.0","-1.0","-1.0","-1.0","0.26","0.39","1515.5","0.23","0.19","798.28","2.08","1.62","778.1","0.76","1.36","1791.83","0.08","0.04","564.1","-1.0","-1.0","-1.0","-1.0","-1.0","-1.0","-1.0","-1.0","-1.0","-1.0","-1.0","-1.0","0.0","0.0","2000.0","-1.0","-1.0","-1.0","-1.0","-1.0","-1.0","-1.0","-1.0","-1.0","66.0","30.0","454.0","0.0","-1.0","-1.0","-1.0","0.01","0.0"
"2119","2016","20","Telangana","Janagaon","54.34","192.62","3544.68","-1.0","-1.0","-1.0","0.03","0.02","851.85","0.09","0.11","1191.49","0.12","0.14","1115.7","-1.0","-1.0","-1.0","21.95","104.64","4766.16","-1.0","-1.0","-1.0","-1.0","-1.0","-1.0","0.23","0.3","1300.43","9.24","5.14","556.01","4.54","3.41","750.55","4.79","7.27","1516.17","1.33","0.17","128.77","-1.0","-1.0","-1.0","-1.0","-1.0","-1.0","0.21","0.12","593.3","-1.0","-1.0","-1.0","0.0","0.01","1800.0","0.09","0.1","1162.79","-1.0","-1.0","-1.0","-1.0","-1.0","-1.0","56.0","31.0","545.0","0.0","-1.0","-1.0","-1.0","0.04","0.0"
"2119","2017","20","Telangana","Janagaon","51.36","154.53","3008.8","-1.0","-1.0","-1.0","0.01","0.01","928.57","0.06","0.08","1357.14","0.07","0.09","1271.43","-1.0","-1.0","-1.0","14.7","74.49","5068.38","-1.0","-1.0","-1.0","-1.0","-1.0","-1.0","0.19","0.29","1518.52","4.86","5.43","1117.01","1.6","1.12","700.37","1.97","3.48","1768.57","0.18","0.04","195.53","-1.0","-1.0","-1.0","-1.0","-1.0","-1.0","0.0","0.0","1000.0","-1.0","-1.0","-1.0","-1.0","-1.0","-1.0","-1.0","-1.0","-1.0","-1.0","-1.0","-1.0","0.01","0.07","7440.0","78.0","45.0","569.0","0.0","-1.0","-1.0","-1.0","0.06","0.0"
"2120","2016","20","Telangana","Warangal Urban","37.97","137.92","3632.45","-1.0","-1.0","-1.0","-1.0","-1.0","-1.0","-1.0","0.0","0.0","-1.0","-1.0","-1.0","-1.0","-1.0","-1.0","22.02","133.28","6052.08","-1.0","-1.0","-1.0","-1.0","-1.0","-1.0","0.16","0.2","1301.28","1.43","0.8","555.79","0.52","0.39","746.64","0.57","1.38","2416.08","0.01","0.0","100.0","-1.0","-1.0","-1.0","-1.0","-1.0","-1.0","-1.0","-1.0","-1.0","-1.0","-1.0","-1.0","-1.0","-1.0","-1.0","0.08","0.09","1168.83","-1.0","-1.0","-1.0","-1.0","-1.0","-1.0","30.0","16.0","545.0","0.0","-1.0","-1.0","-1.0","0.1","0.0"
"2120","2017","20","Telangana","Warangal Urban","34.8","117.91","3388.63","-1.0","-1.0","-1.0","0.0","0.0","1000.0","-1.0","0.0","0.0","0.0","0.0","1000.0","-1.0","-1.0","-1.0","21.07","144.34","6851.29","-1.0","-1.0","-1.0","-1.0","-1.0","-1.0","0.27","0.4","1515.04","0.68","0.54","797.64","0.34","0.28","838.81","0.57","1.27","2229.82","0.01","0.01","500.0","-1.0","-1.0","-1.0","-1.0","-1.0","-1.0","-1.0","-1.0","-1.0","-1.0","-1.0","-1.0","-1.0","-1.0","-1.0","0.0","0.0","2000.0","-1.0","-1.0","-1.0","-1.0","-1.0","-1.0","35.0","14.0","407.0","0.0","-1.0","-1.0","-1.0","0.22","0.0"
"2121","2016","20","Telangana","Mahabubabad","47.78","159.52","3338.59","-1.0","-1.0","-1.0","-1.0","-1.0","-1.0","1.43","1.17","822.13","1.43","1.17","822.13","-1.0","-1.0","-1.0","17.91","88.94","4966.38","-1.0","-1.0","-1.0","-1.0","-1.0","-1.0","0.0","0.01","1200.0","3.07","1.7","555.92","19.18","15.15","789.65","8.56","11.59","1353.07","0.16","0.02","154.32","-1.0","-1.0","-1.0","-1.0","-1.0","-1.0","-1.0","-1.0","-1.0","-1.0","-1.0","-1.0","-1.0","-1.0","-1.0","0.01","0.01","1166.67","-1.0","-1.0","-1.0","0.07","0.41","5776.06","30.0","16.0","545.0","0.0","-1.0","-1.0","-1.0","0.11","0.0"
"2121","2017","20","Telangana","Mahabubabad","53.0","140.62","2653.18","-1.0","-1.0","-1.0","0.02","0.02","950.0","1.42","1.65","1160.81","1.44","1.67","1157.89","0.0","0.0","1000.0","20.53","117.36","5716.92","-1.0","-1.0","-1.0","-1.0","-1.0","-1.0","0.0","0.01","1600.0","2.32","2.36","1017.69","16.41","11.29","688.45","9.3","14.2","1525.63","0.04","0.01","295.45","-1.0","-1.0","-1.0","-1.0","-1.0","-1.0","-1.0","-1.0","-1.0","-1.0","-1.0","-1.0","-1.0","-1.0","-1.0","0.03","0.05","1633.33","-1.0","-1.0","-1.0","0.02","0.15","8711.76","42.0","19.0","448.0","0.0","-1.0","-1.0","-1.0","0.14","0.0"
"2122","2016","20","Telangana","Narayanpet","-1.0","-1.0","-1.0","-1.0","-1.0","-1.0","-1.0","-1.0","-1.0","-1.0","-1.0","-1.0","-1.0","-1.0","-1.0","-1.0","-1.0","-1.0","-1.0","-1.0","-1.0","-1.0","-1.0","-1.0","-1.0","-1.0","-1.0","-1.0","-1.0","-1.0","-1.0","-1.0","-1.0","-1.0","-1.0","-1.0","-1.0","-1.0","-1.0","-1.0","-1.0","-1.0","-1.0","-1.0","-1.0","-1.0","-1.0","-1.0","-1.0","-1.0","-1.0","-1.0","-1.0","-1.0","-1.0","-1.0","-1.0","-1.0","-1.0","-1.0","-1.0","-1.0","-1.0","-1.0","-1.0","-1.0","-1.0","-1.0","-1.0","-1.0","-1.0","-1.0","-1.0","-1.0","-1.0"
"2122","2017","20","Telangana","Narayanpet","-1.0","-1.0","-1.0","-1.0","-1.0","-1.0","-1.0","-1.0","-1.0","-1.0","-1.0","-1.0","-1.0","-1.0","-1.0","-1.0","-1.0","-1.0","-1.0","-1.0","-1.0","-1.0","-1.0","-1.0","-1.0","-1.0","-1.0","-1.0","-1.0","-1.0","-1.0","-1.0","-1.0","-1.0","-1.0","-1.0","-1.0","-1.0","-1.0","-1.0","-1.0","-1.0","-1.0","-1.0","-1.0","-1.0","-1.0","-1.0","-1.0","-1.0","-1.0","-1.0","-1.0","-1.0","-1.0","-1.0","-1.0","-1.0","-1.0","-1.0","-1.0","-1.0","-1.0","-1.0","-1.0","-1.0","-1.0","-1.0","-1.0","-1.0","-1.0","-1.0","-1.0","-1.0","-1.0"
"2123","2016","20","Telangana","Mulugu","-1.0","-1.0","-1.0","-1.0","-1.0","-1.0","-1.0","-1.0","-1.0","-1.0","-1.0","-1.0","-1.0","-1.0","-1.0","-1.0","-1.0","-1.0","-1.0","-1.0","-1.0","-1.0","-1.0","-1.0","-1.0","-1.0","-1.0","-1.0","-1.0","-1.0","-1.0","-1.0","-1.0","-1.0","-1.0","-1.0","-1.0","-1.0","-1.0","-1.0","-1.0","-1.0","-1.0","-1.0","-1.0","-1.0","-1.0","-1.0","-1.0","-1.0","-1.0","-1.0","-1.0","-1.0","-1.0","-1.0","-1.0","-1.0","-1.0","-1.0","-1.0","-1.0","-1.0","-1.0","-1.0","-1.0","-1.0","-1.0","-1.0","-1.0","-1.0","-1.0","-1.0","-1.0","-1.0"
"2123","2017","20","Telangana","Mulugu","-1.0","-1.0","-1.0","-1.0","-1.0","-1.0","-1.0","-1.0","-1.0","-1.0","-1.0","-1.0","-1.0","-1.0","-1.0","-1.0","-1.0","-1.0","-1.0","-1.0","-1.0","-1.0","-1.0","-1.0","-1.0","-1.0","-1.0","-1.0","-1.0","-1.0","-1.0","-1.0","-1.0","-1.0","-1.0","-1.0","-1.0","-1.0","-1.0","-1.0","-1.0","-1.0","-1.0","-1.0","-1.0","-1.0","-1.0","-1.0","-1.0","-1.0","-1.0","-1.0","-1.0","-1.0","-1.0","-1.0","-1.0","-1.0","-1.0","-1.0","-1.0","-1.0","-1.0","-1.0","-1.0","-1.0","-1.0","-1.0","-1.0","-1.0","-1.0","-1.0","-1.0","-1.0","-1.0"
"2124","2016","11","Tamil Nadu","Tenkasi","-1.0","-1.0","-1.0","-1.0","-1.0","-1.0","-1.0","-1.0","-1.0","-1.0","-1.0","-1.0","-1.0","-1.0","-1.0","-1.0","-1.0","-1.0","-1.0","-1.0","-1.0","-1.0","-1.0","-1.0","-1.0","-1.0","-1.0","-1.0","-1.0","-1.0","-1.0","-1.0","-1.0","-1.0","-1.0","-1.0","-1.0","-1.0","-1.0","-1.0","-1.0","-1.0","-1.0","-1.0","-1.0","-1.0","-1.0","-1.0","-1.0","-1.0","-1.0","-1.0","-1.0","-1.0","-1.0","-1.0","-1.0","-1.0","-1.0","-1.0","-1.0","-1.0","-1.0","-1.0","-1.0","-1.0","-1.0","-1.0","-1.0","-1.0","-1.0","-1.0","-1.0","-1.0","-1.0"
"2124","2017","11","Tamil Nadu","Tenkasi","-1.0","-1.0","-1.0","-1.0","-1.0","-1.0","-1.0","-1.0","-1.0","-1.0","-1.0","-1.0","-1.0","-1.0","-1.0","-1.0","-1.0","-1.0","-1.0","-1.0","-1.0","-1.0","-1.0","-1.0","-1.0","-1.0","-1.0","-1.0","-1.0","-1.0","-1.0","-1.0","-1.0","-1.0","-1.0","-1.0","-1.0","-1.0","-1.0","-1.0","-1.0","-1.0","-1.0","-1.0","-1.0","-1.0","-1.0","-1.0","-1.0","-1.0","-1.0","-1.0","-1.0","-1.0","-1.0","-1.0","-1.0","-1.0","-1.0","-1.0","-1.0","-1.0","-1.0","-1.0","-1.0","-1.0","-1.0","-1.0","-1.0","-1.0","-1.0","-1.0","-1.0","-1.0","-1.0"
"2125","2016","11","Tamil Nadu","Kallakurichi","-1.0","-1.0","-1.0","-1.0","-1.0","-1.0","-1.0","-1.0","-1.0","-1.0","-1.0","-1.0","-1.0","-1.0","-1.0","-1.0","-1.0","-1.0","-1.0","-1.0","-1.0","-1.0","-1.0","-1.0","-1.0","-1.0","-1.0","-1.0","-1.0","-1.0","-1.0","-1.0","-1.0","-1.0","-1.0","-1.0","-1.0","-1.0","-1.0","-1.0","-1.0","-1.0","-1.0","-1.0","-1.0","-1.0","-1.0","-1.0","-1.0","-1.0","-1.0","-1.0","-1.0","-1.0","-1.0","-1.0","-1.0","-1.0","-1.0","-1.0","-1.0","-1.0","-1.0","-1.0","-1.0","-1.0","-1.0","-1.0","-1.0","-1.0","-1.0","-1.0","-1.0","-1.0","-1.0"
"2125","2017","11","Tamil Nadu","Kallakurichi","-1.0","-1.0","-1.0","-1.0","-1.0","-1.0","-1.0","-1.0","-1.0","-1.0","-1.0","-1.0","-1.0","-1.0","-1.0","-1.0","-1.0","-1.0","-1.0","-1.0","-1.0","-1.0","-1.0","-1.0","-1.0","-1.0","-1.0","-1.0","-1.0","-1.0","-1.0","-1.0","-1.0","-1.0","-1.0","-1.0","-1.0","-1.0","-1.0","-1.0","-1.0","-1.0","-1.0","-1.0","-1.0","-1.0","-1.0","-1.0","-1.0","-1.0","-1.0","-1.0","-1.0","-1.0","-1.0","-1.0","-1.0","-1.0","-1.0","-1.0","-1.0","-1.0","-1.0","-1.0","-1.0","-1.0","-1.0","-1.0","-1.0","-1.0","-1.0","-1.0","-1.0","-1.0","-1.0"
"2126","2016","11","Tamil Nadu","Tirupattur","-1.0","-1.0","-1.0","-1.0","-1.0","-1.0","-1.0","-1.0","-1.0","-1.0","-1.0","-1.0","-1.0","-1.0","-1.0","-1.0","-1.0","-1.0","-1.0","-1.0","-1.0","-1.0","-1.0","-1.0","-1.0","-1.0","-1.0","-1.0","-1.0","-1.0","-1.0","-1.0","-1.0","-1.0","-1.0","-1.0","-1.0","-1.0","-1.0","-1.0","-1.0","-1.0","-1.0","-1.0","-1.0","-1.0","-1.0","-1.0","-1.0","-1.0","-1.0","-1.0","-1.0","-1.0","-1.0","-1.0","-1.0","-1.0","-1.0","-1.0","-1.0","-1.0","-1.0","-1.0","-1.0","-1.0","-1.0","-1.0","-1.0","-1.0","-1.0","-1.0","-1.0","-1.0","-1.0"
"2126","2017","11","Tamil Nadu","Tirupattur","-1.0","-1.0","-1.0","-1.0","-1.0","-1.0","-1.0","-1.0","-1.0","-1.0","-1.0","-1.0","-1.0","-1.0","-1.0","-1.0","-1.0","-1.0","-1.0","-1.0","-1.0","-1.0","-1.0","-1.0","-1.0","-1.0","-1.0","-1.0","-1.0","-1.0","-1.0","-1.0","-1.0","-1.0","-1.0","-1.0","-1.0","-1.0","-1.0","-1.0","-1.0","-1.0","-1.0","-1.0","-1.0","-1.0","-1.0","-1.0","-1.0","-1.0","-1.0","-1.0","-1.0","-1.0","-1.0","-1.0","-1.0","-1.0","-1.0","-1.0","-1.0","-1.0","-1.0","-1.0","-1.0","-1.0","-1.0","-1.0","-1.0","-1.0","-1.0","-1.0","-1.0","-1.0","-1.0"
"2127","2016","11","Tamil Nadu","Ranipet","-1.0","-1.0","-1.0","-1.0","-1.0","-1.0","-1.0","-1.0","-1.0","-1.0","-1.0","-1.0","-1.0","-1.0","-1.0","-1.0","-1.0","-1.0","-1.0","-1.0","-1.0","-1.0","-1.0","-1.0","-1.0","-1.0","-1.0","-1.0","-1.0","-1.0","-1.0","-1.0","-1.0","-1.0","-1.0","-1.0","-1.0","-1.0","-1.0","-1.0","-1.0","-1.0","-1.0","-1.0","-1.0","-1.0","-1.0","-1.0","-1.0","-1.0","-1.0","-1.0","-1.0","-1.0","-1.0","-1.0","-1.0","-1.0","-1.0","-1.0","-1.0","-1.0","-1.0","-1.0","-1.0","-1.0","-1.0","-1.0","-1.0","-1.0","-1.0","-1.0","-1.0","-1.0","-1.0"
"2127","2017","11","Tamil Nadu","Ranipet","-1.0","-1.0","-1.0","-1.0","-1.0","-1.0","-1.0","-1.0","-1.0","-1.0","-1.0","-1.0","-1.0","-1.0","-1.0","-1.0","-1.0","-1.0","-1.0","-1.0","-1.0","-1.0","-1.0","-1.0","-1.0","-1.0","-1.0","-1.0","-1.0","-1.0","-1.0","-1.0","-1.0","-1.0","-1.0","-1.0","-1.0","-1.0","-1.0","-1.0","-1.0","-1.0","-1.0","-1.0","-1.0","-1.0","-1.0","-1.0","-1.0","-1.0","-1.0","-1.0","-1.0","-1.0","-1.0","-1.0","-1.0","-1.0","-1.0","-1.0","-1.0","-1.0","-1.0","-1.0","-1.0","-1.0","-1.0","-1.0","-1.0","-1.0","-1.0","-1.0","-1.0","-1.0","-1.0"
"2128","2016","11","Tamil Nadu","Chengalpattu","-1.0","-1.0","-1.0","-1.0","-1.0","-1.0","-1.0","-1.0","-1.0","-1.0","-1.0","-1.0","-1.0","-1.0","-1.0","-1.0","-1.0","-1.0","-1.0","-1.0","-1.0","-1.0","-1.0","-1.0","-1.0","-1.0","-1.0","-1.0","-1.0","-1.0","-1.0","-1.0","-1.0","-1.0","-1.0","-1.0","-1.0","-1.0","-1.0","-1.0","-1.0","-1.0","-1.0","-1.0","-1.0","-1.0","-1.0","-1.0","-1.0","-1.0","-1.0","-1.0","-1.0","-1.0","-1.0","-1.0","-1.0","-1.0","-1.0","-1.0","-1.0","-1.0","-1.0","-1.0","-1.0","-1.0","-1.0","-1.0","-1.0","-1.0","-1.0","-1.0","-1.0","-1.0","-1.0"
"2128","2017","11","Tamil Nadu","Chengalpattu","-1.0","-1.0","-1.0","-1.0","-1.0","-1.0","-1.0","-1.0","-1.0","-1.0","-1.0","-1.0","-1.0","-1.0","-1.0","-1.0","-1.0","-1.0","-1.0","-1.0","-1.0","-1.0","-1.0","-1.0","-1.0","-1.0","-1.0","-1.0","-1.0","-1.0","-1.0","-1.0","-1.0","-1.0","-1.0","-1.0","-1.0","-1.0","-1.0","-1.0","-1.0","-1.0","-1.0","-1.0","-1.0","-1.0","-1.0","-1.0","-1.0","-1.0","-1.0","-1.0","-1.0","-1.0","-1.0","-1.0","-1.0","-1.0","-1.0","-1.0","-1.0","-1.0","-1.0","-1.0","-1.0","-1.0","-1.0","-1.0","-1.0","-1.0","-1.0","-1.0","-1.0","-1.0","-1.0"
"2129","2016","11","Tamil Nadu","Mayiladuthurai","-1.0","-1.0","-1.0","-1.0","-1.0","-1.0","-1.0","-1.0","-1.0","-1.0","-1.0","-1.0","-1.0","-1.0","-1.0","-1.0","-1.0","-1.0","-1.0","-1.0","-1.0","-1.0","-1.0","-1.0","-1.0","-1.0","-1.0","-1.0","-1.0","-1.0","-1.0","-1.0","-1.0","-1.0","-1.0","-1.0","-1.0","-1.0","-1.0","-1.0","-1.0","-1.0","-1.0","-1.0","-1.0","-1.0","-1.0","-1.0","-1.0","-1.0","-1.0","-1.0","-1.0","-1.0","-1.0","-1.0","-1.0","-1.0","-1.0","-1.0","-1.0","-1.0","-1.0","-1.0","-1.0","-1.0","-1.0","-1.0","-1.0","-1.0","-1.0","-1.0","-1.0","-1.0","-1.0"
"2129","2017","11","Tamil Nadu","Mayiladuthurai","-1.0","-1.0","-1.0","-1.0","-1.0","-1.0","-1.0","-1.0","-1.0","-1.0","-1.0","-1.0","-1.0","-1.0","-1.0","-1.0","-1.0","-1.0","-1.0","-1.0","-1.0","-1.0","-1.0","-1.0","-1.0","-1.0","-1.0","-1.0","-1.0","-1.0","-1.0","-1.0","-1.0","-1.0","-1.0","-1.0","-1.0","-1.0","-1.0","-1.0","-1.0","-1.0","-1.0","-1.0","-1.0","-1.0","-1.0","-1.0","-1.0","-1.0","-1.0","-1.0","-1.0","-1.0","-1.0","-1.0","-1.0","-1.0","-1.0","-1.0","-1.0","-1.0","-1.0","-1.0","-1.0","-1.0","-1.0","-1.0","-1.0","-1.0","-1.0","-1.0","-1.0","-1.0","-1.0"
"2130","2016","14","Chhattisgarh","Gaurela-Pendra-Marwahi?","-1.0","-1.0","-1.0","-1.0","-1.0","-1.0","-1.0","-1.0","-1.0","-1.0","-1.0","-1.0","-1.0","-1.0","-1.0","-1.0","-1.0","-1.0","-1.0","-1.0","-1.0","-1.0","-1.0","-1.0","-1.0","-1.0","-1.0","-1.0","-1.0","-1.0","-1.0","-1.0","-1.0","-1.0","-1.0","-1.0","-1.0","-1.0","-1.0","-1.0","-1.0","-1.0","-1.0","-1.0","-1.0","-1.0","-1.0","-1.0","-1.0","-1.0","-1.0","-1.0","-1.0","-1.0","-1.0","-1.0","-1.0","-1.0","-1.0","-1.0","-1.0","-1.0","-1.0","-1.0","-1.0","-1.0","-1.0","-1.0","-1.0","-1.0","-1.0","-1.0","-1.0","-1.0","-1.0"
"2130","2017","14","Chhattisgarh","Gaurela-Pendra-Marwahi?","-1.0","-1.0","-1.0","-1.0","-1.0","-1.0","-1.0","-1.0","-1.0","-1.0","-1.0","-1.0","-1.0","-1.0","-1.0","-1.0","-1.0","-1.0","-1.0","-1.0","-1.0","-1.0","-1.0","-1.0","-1.0","-1.0","-1.0","-1.0","-1.0","-1.0","-1.0","-1.0","-1.0","-1.0","-1.0","-1.0","-1.0","-1.0","-1.0","-1.0","-1.0","-1.0","-1.0","-1.0","-1.0","-1.0","-1.0","-1.0","-1.0","-1.0","-1.0","-1.0","-1.0","-1.0","-1.0","-1.0","-1.0","-1.0","-1.0","-1.0","-1.0","-1.0","-1.0","-1.0","-1.0","-1.0","-1.0","-1.0","-1.0","-1.0","-1.0","-1.0","-1.0","-1.0","-1.0"
"2131","2016","6","Madhya Pradesh","Niwari","-1.0","-1.0","-1.0","-1.0","-1.0","-1.0","-1.0","-1.0","-1.0","-1.0","-1.0","-1.0","-1.0","-1.0","-1.0","-1.0","-1.0","-1.0","-1.0","-1.0","-1.0","-1.0","-1.0","-1.0","-1.0","-1.0","-1.0","-1.0","-1.0","-1.0","-1.0","-1.0","-1.0","-1.0","-1.0","-1.0","-1.0","-1.0","-1.0","-1.0","-1.0","-1.0","-1.0","-1.0","-1.0","-1.0","-1.0","-1.0","-1.0","-1.0","-1.0","-1.0","-1.0","-1.0","-1.0","-1.0","-1.0","-1.0","-1.0","-1.0","-1.0","-1.0","-1.0","-1.0","-1.0","-1.0","-1.0","-1.0","-1.0","-1.0","-1.0","-1.0","-1.0","-1.0","-1.0"
"2131","2017","6","Madhya Pradesh","Niwari","-1.0","-1.0","-1.0","-1.0","-1.0","-1.0","-1.0","-1.0","-1.0","-1.0","-1.0","-1.0","-1.0","-1.0","-1.0","-1.0","-1.0","-1.0","-1.0","-1.0","-1.0","-1.0","-1.0","-1.0","-1.0","-1.0","-1.0","-1.0","-1.0","-1.0","-1.0","-1.0","-1.0","-1.0","-1.0","-1.0","-1.0","-1.0","-1.0","-1.0","-1.0","-1.0","-1.0","-1.0","-1.0","-1.0","-1.0","-1.0","-1.0","-1.0","-1.0","-1.0","-1.0","-1.0","-1.0","-1.0","-1.0","-1.0","-1.0","-1.0","-1.0","-1.0","-1.0","-1.0","-1.0","-1.0","-1.0","-1.0","-1.0","-1.0","-1.0","-1.0","-1.0","-1.0","-1.0"